EVENT_ID,API_NO,WELL_NAME,FIELD,EVENT_DATE,EVENT_TYPE,EVENT_DESCRIPTION,DURATION_HOURS,COST_USD
EVT-000001,42-475-91000,Jackson 10H,Monahans,2025-03-06,CHEMICAL_TREATMENT,Emulsion issues at separator requiring increased demulsifier dosage,33.8,3345.85
EVT-000002,42-475-91000,Jackson 10H,Monahans,2026-05-04,INSPECTION,"Elevated motor temperature detected, monitoring increased frequency",36.8,19498.49
EVT-000003,42-475-91000,Jackson 10H,Monahans,2025-05-26,CHEMICAL_TREATMENT,"Scale buildup detected in tubing, chemical squeeze scheduled",2.3,22506.95
EVT-000004,42-475-91000,Jackson 10H,Monahans,2026-04-12,MAINTENANCE,"Scale buildup detected in tubing, chemical squeeze scheduled",27.2,15138.03
EVT-000005,42-475-91000,Jackson 10H,Monahans,2026-06-08,FAILURE,"Sand production increasing, pump wear accelerating",110.9,92781.39
EVT-000006,42-389-50549,Wood 2H,Coyanosa,2024-09-29,INSPECTION,Routine tubing pressure test and casing inspection,42.8,5529.99
EVT-000007,42-389-50549,Wood 2H,Coyanosa,2024-09-24,MAINTENANCE,Corrosion coupon retrieval and analysis - 2 mpy average rate,27.9,17148.54
EVT-000008,42-389-50549,Wood 2H,Coyanosa,2026-06-07,INSPECTION,Routine preventive maintenance on ESP system including motor inspection and cable check,6.9,4922.29
EVT-000009,42-389-50549,Wood 2H,Coyanosa,2024-10-18,CHEMICAL_TREATMENT,Corrosion coupon retrieval and analysis - 2 mpy average rate,18.3,14688.74
EVT-000010,42-371-77600,Kelly 7H,Pecos Valley,2024-11-11,CHEMICAL_TREATMENT,"Sand production increasing, pump wear accelerating",37.5,3226.86
EVT-000011,42-371-77600,Kelly 7H,Pecos Valley,2025-05-22,MAINTENANCE,"Scale buildup detected in tubing, chemical squeeze scheduled",22.3,24317.73
EVT-000012,42-371-77600,Kelly 7H,Pecos Valley,2025-11-01,EQUIPMENT_CHANGE,Emulsion issues at separator requiring increased demulsifier dosage,104.0,133923.38
EVT-000013,42-371-77600,Kelly 7H,Pecos Valley,2025-08-22,EQUIPMENT_CHANGE,"Elevated motor temperature detected, monitoring increased frequency",151.7,160732.96
EVT-000014,42-371-77600,Kelly 7H,Pecos Valley,2026-04-22,EQUIPMENT_CHANGE,"Scale buildup detected in tubing, chemical squeeze scheduled",108.8,263021.69
EVT-000015,42-475-47203,Watson 5H,Kermit,2024-05-17,MAINTENANCE,Corrosion coupon retrieval and analysis - 2 mpy average rate,13.1,14084.62
EVT-000016,42-475-47203,Watson 5H,Kermit,2025-12-25,MAINTENANCE,Routine tubing pressure test and casing inspection,10.8,20604.85
EVT-000017,42-475-47203,Watson 5H,Kermit,2025-10-31,MAINTENANCE,Routine tubing pressure test and casing inspection,46.8,22899.86
EVT-000018,42-475-47203,Watson 5H,Kermit,2024-06-10,INSPECTION,Annual safety valve inspection and function test completed,9.5,9780.65
EVT-000019,42-475-70600,Peterson 11H,Van Horn,2023-06-11,MAINTENANCE,Scheduled wellhead maintenance and valve replacement,30.7,2423.85
EVT-000020,42-475-70600,Peterson 11H,Van Horn,2024-10-26,MAINTENANCE,Corrosion coupon retrieval and analysis - 2 mpy average rate,36.4,11509.84
EVT-000021,42-109-67143,Anderson 8H,Red Hills,2024-10-27,CHEMICAL_TREATMENT,Quarterly ESP system diagnostic and vibration analysis completed,36.3,7573.59
EVT-000022,42-475-49012,Fisher 3V,Balmorhea,2025-10-03,INSPECTION,Scheduled wellhead maintenance and valve replacement,40.6,22837.9
EVT-000023,42-109-85993,Butler 11H,Kermit,2026-05-02,MAINTENANCE,Routine tubing pressure test and casing inspection,14.5,13768.52
EVT-000024,42-495-45611,Roberts 5H,Red Hills,2025-04-24,CHEMICAL_TREATMENT,Scheduled wellhead maintenance and valve replacement,10.9,24881.33
EVT-000025,42-495-45611,Roberts 5H,Red Hills,2025-11-24,INSPECTION,Routine tubing pressure test and casing inspection,45.0,11298.22
EVT-000026,42-495-45611,Roberts 5H,Red Hills,2026-06-10,MAINTENANCE,Corrosion coupon retrieval and analysis - 2 mpy average rate,15.8,24503.34
EVT-000027,42-475-66058,State 1V,Van Horn,2023-10-03,INSPECTION,Routine tubing pressure test and casing inspection,42.3,9535.62
EVT-000028,42-475-66058,State 1V,Van Horn,2025-10-30,CHEMICAL_TREATMENT,Annual safety valve inspection and function test completed,5.4,7203.17
EVT-000029,42-475-66058,State 1V,Van Horn,2024-02-12,CHEMICAL_TREATMENT,Corrosion coupon retrieval and analysis - 2 mpy average rate,7.6,18079.96
EVT-000030,42-389-47494,Martin 8H,Toyah,2026-04-18,MAINTENANCE,Annual safety valve inspection and function test completed,47.2,18485.67
EVT-000031,42-389-47494,Martin 8H,Toyah,2025-10-31,MAINTENANCE,Routine tubing pressure test and casing inspection,39.5,20323.36
EVT-000032,42-389-47494,Martin 8H,Toyah,2026-05-22,INSPECTION,Quarterly ESP system diagnostic and vibration analysis completed,28.4,11174.17
EVT-000033,42-389-47494,Martin 8H,Toyah,2025-07-31,INSPECTION,Corrosion coupon retrieval and analysis - 2 mpy average rate,36.0,5729.99
EVT-000034,42-301-74285,Wallace 10V,Pecos Valley,2025-11-02,CHEMICAL_TREATMENT,Routine tubing pressure test and casing inspection,29.5,9107.33
EVT-000035,42-301-74285,Wallace 10V,Pecos Valley,2024-06-16,CHEMICAL_TREATMENT,Surface facility maintenance including separator cleaning and meter calibration,26.8,19808.6
EVT-000036,42-495-31233,Griffin 11H,Loving,2025-11-20,INSPECTION,Surface facility maintenance including separator cleaning and meter calibration,7.9,23712.26
EVT-000037,42-495-31233,Griffin 11H,Loving,2025-10-18,MAINTENANCE,Corrosion coupon retrieval and analysis - 2 mpy average rate,17.0,4909.11
EVT-000038,42-475-35482,Owens 1H,Buena Vista,2024-07-15,INSPECTION,Routine preventive maintenance on ESP system including motor inspection and cable check,25.5,17361.38
EVT-000039,42-389-66800,Hill 5V,Monahans,2026-04-05,INSPECTION,Surface facility maintenance including separator cleaning and meter calibration,6.8,17597.21
EVT-000040,42-389-79375,Harris 12H,Loving,2026-05-18,MAINTENANCE,Annual safety valve inspection and function test completed,2.2,9294.74
EVT-000041,42-371-35170,Graham 6H,Mentone,2024-04-27,EQUIPMENT_CHANGE,Emulsion issues at separator requiring increased demulsifier dosage,116.7,151340.73
EVT-000042,42-371-35170,Graham 6H,Mentone,2022-12-12,MAINTENANCE,"Sand production increasing, pump wear accelerating",22.7,24034.04
EVT-000043,42-371-35170,Graham 6H,Mentone,2026-05-21,EQUIPMENT_CHANGE,"Sand production increasing, pump wear accelerating",127.8,198578.2
EVT-000044,42-371-35170,Graham 6H,Mentone,2026-05-08,FAILURE,"Paraffin accumulation restricting flow, hot oil treatment performed",279.2,558067.97
EVT-000045,42-371-88414,Williams 6H,Buena Vista,2024-11-14,MAINTENANCE,Routine tubing pressure test and casing inspection,35.8,5311.75
EVT-000046,42-371-88414,Williams 6H,Buena Vista,2026-01-05,CHEMICAL_TREATMENT,Annual safety valve inspection and function test completed,9.7,9962.43
EVT-000047,42-371-88414,Williams 6H,Buena Vista,2025-05-22,INSPECTION,Surface facility maintenance including separator cleaning and meter calibration,44.3,8138.5
EVT-000048,42-109-30863,Bailey 5V,Red Hills,2026-02-12,INSPECTION,Corrosion coupon retrieval and analysis - 2 mpy average rate,6.6,2084.25
EVT-000049,42-109-30863,Bailey 5V,Red Hills,2025-11-26,CHEMICAL_TREATMENT,Routine tubing pressure test and casing inspection,13.7,14276.3
EVT-000050,42-109-30863,Bailey 5V,Red Hills,2026-03-03,INSPECTION,Routine tubing pressure test and casing inspection,31.5,22101.62
EVT-000051,42-109-30863,Bailey 5V,Red Hills,2025-09-23,INSPECTION,Routine preventive maintenance on ESP system including motor inspection and cable check,15.2,10488.17
EVT-000052,42-475-65262,Myers 11H,Culberson County,2026-05-17,CHEMICAL_TREATMENT,Scheduled wellhead maintenance and valve replacement,21.4,22512.45
EVT-000053,42-371-49079,Stewart 7H,Wink,2025-03-16,INSPECTION,Scheduled wellhead maintenance and valve replacement,34.2,3093.32
EVT-000054,42-109-44804,Jordan 4H,Culberson County,2025-06-03,MAINTENANCE,Routine preventive maintenance on ESP system including motor inspection and cable check,45.4,6380.47
EVT-000055,42-109-44804,Jordan 4H,Culberson County,2024-05-15,MAINTENANCE,Scheduled wellhead maintenance and valve replacement,24.7,13399.69
EVT-000056,42-109-44804,Jordan 4H,Culberson County,2026-06-03,CHEMICAL_TREATMENT,Annual safety valve inspection and function test completed,39.1,10928.28
EVT-000057,42-389-75587,Ellis 6H,Van Horn,2026-03-04,MAINTENANCE,Routine preventive maintenance on ESP system including motor inspection and cable check,45.4,20588.52
EVT-000058,42-495-56642,University 5H,Reeves County,2025-09-11,CHEMICAL_TREATMENT,Corrosion coupon retrieval and analysis - 2 mpy average rate,43.8,20986.62
EVT-000059,42-495-56642,University 5H,Reeves County,2025-09-07,MAINTENANCE,Surface facility maintenance including separator cleaning and meter calibration,10.2,18385.8
EVT-000060,42-495-56642,University 5H,Reeves County,2026-06-03,MAINTENANCE,Routine tubing pressure test and casing inspection,24.1,13072.69
EVT-000061,42-475-50210,Bryant 6V,Pecos Valley,2024-12-26,WORKOVER,Electrical cable failure on ESP causing complete shutdown,312.8,1671984.76
EVT-000062,42-475-50210,Bryant 6V,Pecos Valley,2024-12-18,FAILURE,"ESP motor failure due to overheating, well shut-in pending replacement",50.1,136557.79
EVT-000063,42-475-50210,Bryant 6V,Pecos Valley,2024-01-04,FAILURE,Complete ESP system failure - motor burnout and pump lockup,470.8,145027.39
EVT-000064,42-475-50210,Bryant 6V,Pecos Valley,2023-12-06,FAILURE,"Severe corrosion-induced tubing failure, well flowing up annulus",417.6,468338.35
EVT-000065,42-475-50210,Bryant 6V,Pecos Valley,2025-04-05,WORKOVER,Complete ESP system failure - motor burnout and pump lockup,660.8,1179211.24
EVT-000066,42-475-50210,Bryant 6V,Pecos Valley,2026-04-22,FAILURE,"ESP motor failure due to overheating, well shut-in pending replacement",269.0,129760.52
EVT-000067,42-475-50210,Bryant 6V,Pecos Valley,2025-05-07,EQUIPMENT_CHANGE,"Tubing leak detected at depth, production ceased for workover",39.1,157451.68
EVT-000068,42-475-50210,Bryant 6V,Pecos Valley,2025-10-29,WORKOVER,"Casing collapse detected during pressure test, integrity compromised",584.1,304213.98
EVT-000069,42-475-50210,Bryant 6V,Pecos Valley,2026-06-11,FAILURE,"Christmas tree valve failure, emergency well control initiated",256.7,772506.36
EVT-000070,42-475-50210,Bryant 6V,Pecos Valley,2026-06-03,FAILURE,"VSD drive failure causing ESP shutdown, replacement ordered",234.9,615070.76
EVT-000071,42-389-67963,Ellis 7H,Orla,2026-03-07,CHEMICAL_TREATMENT,Annual safety valve inspection and function test completed,36.2,636.0
EVT-000072,42-389-67963,Ellis 7H,Orla,2025-12-08,MAINTENANCE,Routine tubing pressure test and casing inspection,5.4,22220.89
EVT-000073,42-389-62325,Powell 12V,Monahans,2024-07-13,CHEMICAL_TREATMENT,Routine preventive maintenance on ESP system including motor inspection and cable check,21.9,17375.51
EVT-000074,42-389-97219,Wallace 6H,Grandfalls,2023-02-06,MAINTENANCE,Surface facility maintenance including separator cleaning and meter calibration,24.2,19057.15
EVT-000075,42-389-97219,Wallace 6H,Grandfalls,2023-09-24,MAINTENANCE,Routine preventive maintenance on ESP system including motor inspection and cable check,13.9,5472.8
EVT-000076,42-389-97219,Wallace 6H,Grandfalls,2023-01-08,INSPECTION,Routine preventive maintenance on ESP system including motor inspection and cable check,31.9,7675.35
EVT-000077,42-389-97219,Wallace 6H,Grandfalls,2024-10-15,MAINTENANCE,Surface facility maintenance including separator cleaning and meter calibration,12.3,5353.53
EVT-000078,42-371-76746,Clayton 2H,Toyah,2025-02-11,MAINTENANCE,Scheduled wellhead maintenance and valve replacement,44.1,5124.26
EVT-000079,42-371-76746,Clayton 2H,Toyah,2024-06-10,MAINTENANCE,Surface facility maintenance including separator cleaning and meter calibration,2.1,14323.96
EVT-000080,42-371-76746,Clayton 2H,Toyah,2025-02-07,MAINTENANCE,Quarterly ESP system diagnostic and vibration analysis completed,43.2,17488.77
EVT-000081,42-495-80589,Fisher 11V,Monahans,2024-01-03,CHEMICAL_TREATMENT,Scheduled wellhead maintenance and valve replacement,35.7,23340.07
EVT-000082,42-495-80589,Fisher 11V,Monahans,2024-04-04,CHEMICAL_TREATMENT,Annual safety valve inspection and function test completed,37.8,5447.5
EVT-000083,42-495-80589,Fisher 11V,Monahans,2024-12-24,INSPECTION,Surface facility maintenance including separator cleaning and meter calibration,15.2,13167.54
EVT-000084,42-495-61671,Wallace 11H,Balmorhea,2024-11-07,INSPECTION,Routine tubing pressure test and casing inspection,36.2,2295.3
EVT-000085,42-495-61671,Wallace 11H,Balmorhea,2025-04-03,CHEMICAL_TREATMENT,Scheduled wellhead maintenance and valve replacement,9.4,23558.52
EVT-000086,42-495-61671,Wallace 11H,Balmorhea,2026-06-11,MAINTENANCE,Annual safety valve inspection and function test completed,16.7,14031.36
EVT-000087,42-371-51724,Rogers 9H,Fort Stockton,2026-02-08,INSPECTION,Routine tubing pressure test and casing inspection,28.2,15527.3
EVT-000088,42-371-51724,Rogers 9H,Fort Stockton,2026-04-01,INSPECTION,Corrosion coupon retrieval and analysis - 2 mpy average rate,43.4,8839.91
EVT-000089,42-371-51724,Rogers 9H,Fort Stockton,2023-08-11,CHEMICAL_TREATMENT,Surface facility maintenance including separator cleaning and meter calibration,4.4,5055.08
EVT-000090,42-389-44764,Hayes 5H,Wink,2024-08-30,FAILURE,"VSD drive failure causing ESP shutdown, replacement ordered",80.9,213505.38
EVT-000091,42-389-44764,Hayes 5H,Wink,2025-03-17,FAILURE,"Downhole pump seized due to severe sand production, pulling unit dispatched",76.5,639924.51
EVT-000092,42-389-44764,Hayes 5H,Wink,2023-07-12,FAILURE,"Hole in tubing at 6500ft, severe production loss and gas migration",170.8,593502.61
EVT-000093,42-389-44764,Hayes 5H,Wink,2025-10-19,FAILURE,"Rod parting at depth, well dead, workover rig scheduled",191.3,479141.21
EVT-000094,42-389-44764,Hayes 5H,Wink,2025-10-18,EQUIPMENT_CHANGE,"VSD drive failure causing ESP shutdown, replacement ordered",95.4,41398.11
EVT-000095,42-389-44764,Hayes 5H,Wink,2025-01-10,WORKOVER,"Christmas tree valve failure, emergency well control initiated",277.3,889264.42
EVT-000096,42-389-44764,Hayes 5H,Wink,2024-09-08,EQUIPMENT_CHANGE,"VSD drive failure causing ESP shutdown, replacement ordered",68.2,282516.85
EVT-000097,42-389-44764,Hayes 5H,Wink,2024-05-10,EQUIPMENT_CHANGE,"Severe corrosion-induced tubing failure, well flowing up annulus",46.2,216194.99
EVT-000098,42-389-44764,Hayes 5H,Wink,2026-05-20,FAILURE,Complete ESP system failure - motor burnout and pump lockup,191.0,131032.09
EVT-000099,42-389-44764,Hayes 5H,Wink,2026-06-05,FAILURE,"Tubing leak detected at depth, production ceased for workover",240.9,184225.82
EVT-000100,42-475-93620,Harrison 9H,Grandfalls,2025-11-22,MAINTENANCE,Routine tubing pressure test and casing inspection,35.5,6817.1
EVT-000101,42-475-93620,Harrison 9H,Grandfalls,2025-03-23,CHEMICAL_TREATMENT,Scheduled wellhead maintenance and valve replacement,47.4,15797.71
EVT-000102,42-371-34803,Simmons 3H,Orla,2024-04-28,INSPECTION,Corrosion coupon retrieval and analysis - 2 mpy average rate,7.5,6067.53
EVT-000103,42-371-34803,Simmons 3H,Orla,2025-02-01,MAINTENANCE,Scheduled wellhead maintenance and valve replacement,47.9,8987.32
EVT-000104,42-475-93195,Cooper 3H,Mentone,2025-12-03,MAINTENANCE,Corrosion coupon retrieval and analysis - 2 mpy average rate,33.0,21224.74
EVT-000105,42-475-93195,Cooper 3H,Mentone,2025-03-18,INSPECTION,Scheduled wellhead maintenance and valve replacement,28.0,15387.33
EVT-000106,42-389-64681,King 10H,Monahans,2023-12-17,CHEMICAL_TREATMENT,Corrosion coupon retrieval and analysis - 2 mpy average rate,36.7,18316.68
EVT-000107,42-389-64681,King 10H,Monahans,2024-07-07,MAINTENANCE,Quarterly ESP system diagnostic and vibration analysis completed,39.0,15641.04
EVT-000108,42-389-64681,King 10H,Monahans,2025-09-03,CHEMICAL_TREATMENT,Routine preventive maintenance on ESP system including motor inspection and cable check,9.1,20482.51
EVT-000109,42-109-90000,Scott 8H,Ward-Estes,2023-03-13,INSPECTION,Quarterly ESP system diagnostic and vibration analysis completed,11.6,18567.13
EVT-000110,42-109-90000,Scott 8H,Ward-Estes,2023-10-31,INSPECTION,Surface facility maintenance including separator cleaning and meter calibration,40.4,7735.52
EVT-000111,42-109-90000,Scott 8H,Ward-Estes,2024-11-27,INSPECTION,Routine preventive maintenance on ESP system including motor inspection and cable check,16.5,8255.61
EVT-000112,42-109-90000,Scott 8H,Ward-Estes,2023-07-25,CHEMICAL_TREATMENT,Scheduled wellhead maintenance and valve replacement,2.7,5616.78
EVT-000113,42-495-51596,Butler 10H,Ward-Estes,2025-12-03,MAINTENANCE,Corrosion coupon retrieval and analysis - 2 mpy average rate,32.3,15984.13
EVT-000114,42-495-51596,Butler 10H,Ward-Estes,2026-06-14,INSPECTION,Scheduled wellhead maintenance and valve replacement,36.4,24587.4
EVT-000115,42-495-51596,Butler 10H,Ward-Estes,2026-01-05,MAINTENANCE,Routine preventive maintenance on ESP system including motor inspection and cable check,36.1,12582.15
EVT-000116,42-475-87630,Reed 9H,Monahans,2026-04-14,INSPECTION,Scheduled wellhead maintenance and valve replacement,25.3,9878.46
EVT-000117,42-475-87630,Reed 9H,Monahans,2026-06-07,CHEMICAL_TREATMENT,Corrosion coupon retrieval and analysis - 2 mpy average rate,37.0,13591.23
EVT-000118,42-475-87630,Reed 9H,Monahans,2026-04-15,MAINTENANCE,Scheduled wellhead maintenance and valve replacement,47.0,15226.68
EVT-000119,42-371-56442,Roberts 4H,Pecos Valley,2026-02-13,MAINTENANCE,Annual safety valve inspection and function test completed,39.0,6217.11
EVT-000120,42-109-99690,Hayes 4H,Red Hills,2024-05-20,CHEMICAL_TREATMENT,Surface facility maintenance including separator cleaning and meter calibration,26.5,9073.16
EVT-000121,42-109-99690,Hayes 4H,Red Hills,2026-02-28,CHEMICAL_TREATMENT,Surface facility maintenance including separator cleaning and meter calibration,47.8,18527.59
EVT-000122,42-109-99690,Hayes 4H,Red Hills,2025-02-04,INSPECTION,Annual safety valve inspection and function test completed,19.6,11390.54
EVT-000123,42-109-99690,Hayes 4H,Red Hills,2024-03-10,MAINTENANCE,Surface facility maintenance including separator cleaning and meter calibration,22.6,9993.52
EVT-000124,42-371-71164,Torres 7H,Grandfalls,2025-01-16,INSPECTION,Quarterly ESP system diagnostic and vibration analysis completed,9.6,20464.18
EVT-000125,42-371-71164,Torres 7H,Grandfalls,2023-08-26,INSPECTION,Corrosion coupon retrieval and analysis - 2 mpy average rate,31.4,5492.84
EVT-000126,42-371-68008,Hughes 10H,Kermit,2026-05-31,INSPECTION,Surface facility maintenance including separator cleaning and meter calibration,45.0,10434.57
EVT-000127,42-371-68008,Hughes 10H,Kermit,2026-04-19,CHEMICAL_TREATMENT,Quarterly ESP system diagnostic and vibration analysis completed,14.9,22558.1
EVT-000128,42-371-68008,Hughes 10H,Kermit,2026-04-02,MAINTENANCE,Surface facility maintenance including separator cleaning and meter calibration,17.1,15033.23
EVT-000129,42-371-68008,Hughes 10H,Kermit,2026-05-23,MAINTENANCE,Quarterly ESP system diagnostic and vibration analysis completed,26.2,20755.06
EVT-000130,42-495-84339,Rogers 2H,Mentone,2025-11-06,INSPECTION,Corrosion coupon retrieval and analysis - 2 mpy average rate,21.5,14942.34
EVT-000131,42-475-33067,Roberts 3H,Loving,2023-12-19,INSPECTION,Corrosion coupon retrieval and analysis - 2 mpy average rate,30.4,3233.87
EVT-000132,42-371-74500,Johnson 9H,Balmorhea,2026-01-24,FAILURE,"Rod parting at depth, well dead, workover rig scheduled",139.6,684217.29
EVT-000133,42-371-74500,Johnson 9H,Balmorhea,2025-03-24,WORKOVER,"Tubing leak detected at depth, production ceased for workover",127.8,1849507.48
EVT-000134,42-371-74500,Johnson 9H,Balmorhea,2025-11-18,WORKOVER,"Severe corrosion-induced tubing failure, well flowing up annulus",150.0,120847.82
EVT-000135,42-371-74500,Johnson 9H,Balmorhea,2025-08-21,FAILURE,"Casing collapse detected during pressure test, integrity compromised",43.2,512227.73
EVT-000136,42-371-74500,Johnson 9H,Balmorhea,2026-03-14,FAILURE,Electrical cable failure on ESP causing complete shutdown,179.2,501786.49
EVT-000137,42-371-74500,Johnson 9H,Balmorhea,2025-04-12,FAILURE,Complete ESP system failure - motor burnout and pump lockup,338.8,785747.04
EVT-000138,42-371-74500,Johnson 9H,Balmorhea,2025-08-22,FAILURE,"Casing collapse detected during pressure test, integrity compromised",172.7,663413.65
EVT-000139,42-371-74500,Johnson 9H,Balmorhea,2026-06-07,FAILURE,Complete ESP system failure - motor burnout and pump lockup,424.6,463172.01
EVT-000140,42-371-74500,Johnson 9H,Balmorhea,2026-06-02,FAILURE,"Casing collapse detected during pressure test, integrity compromised",371.3,137930.56
EVT-000141,42-389-98864,Taylor 10V,Imperial,2026-01-15,MAINTENANCE,"Gas lift valve partially plugged, reduced injection efficiency",24.7,5333.19
EVT-000142,42-389-98864,Taylor 10V,Imperial,2026-02-01,CHEMICAL_TREATMENT,"Increasing water cut trend noted, zone isolation evaluation in progress",3.3,17269.92
EVT-000143,42-389-98864,Taylor 10V,Imperial,2026-06-23,EQUIPMENT_CHANGE,"Sand production increasing, pump wear accelerating",131.3,282811.81
EVT-000144,42-389-84090,Moore 7H,Wink,2026-02-18,FAILURE,Electrical cable failure on ESP causing complete shutdown,132.3,689693.37
EVT-000145,42-389-84090,Moore 7H,Wink,2023-12-03,FAILURE,"Severe corrosion-induced tubing failure, well flowing up annulus",149.2,300728.66
EVT-000146,42-389-84090,Moore 7H,Wink,2026-06-21,FAILURE,"Tubing leak detected at depth, production ceased for workover",106.8,764125.42
EVT-000147,42-389-84090,Moore 7H,Wink,2026-05-18,FAILURE,"Downhole pump seized due to severe sand production, pulling unit dispatched",416.7,371849.83
EVT-000148,42-109-38954,Long 8H,Buena Vista,2026-05-16,INSPECTION,Scheduled wellhead maintenance and valve replacement,22.5,22153.29
EVT-000149,42-109-38954,Long 8H,Buena Vista,2025-01-21,CHEMICAL_TREATMENT,Annual safety valve inspection and function test completed,21.3,16592.86
EVT-000150,42-109-38954,Long 8H,Buena Vista,2026-06-02,INSPECTION,Routine preventive maintenance on ESP system including motor inspection and cable check,22.7,18743.81
EVT-000151,42-389-41233,Bailey 1V,Imperial,2025-01-11,MAINTENANCE,Scheduled wellhead maintenance and valve replacement,6.9,2059.36
EVT-000152,42-389-41233,Bailey 1V,Imperial,2022-06-09,CHEMICAL_TREATMENT,Annual safety valve inspection and function test completed,32.1,23859.99
EVT-000153,42-389-41233,Bailey 1V,Imperial,2023-04-06,MAINTENANCE,Routine tubing pressure test and casing inspection,7.5,15945.63
EVT-000154,42-389-50273,Brooks 12H,Fort Stockton,2023-07-26,INSPECTION,Scheduled wellhead maintenance and valve replacement,8.1,4388.32
EVT-000155,42-389-56439,Powell 7H,Loving,2026-05-24,INSPECTION,Annual safety valve inspection and function test completed,40.1,16268.79
EVT-000156,42-389-59732,Kelly 1H,Balmorhea,2025-10-08,MAINTENANCE,Quarterly ESP system diagnostic and vibration analysis completed,12.9,7611.09
EVT-000157,42-389-59732,Kelly 1H,Balmorhea,2025-09-26,CHEMICAL_TREATMENT,Surface facility maintenance including separator cleaning and meter calibration,46.1,16025.16
EVT-000158,42-371-99922,Bryant 8V,Van Horn,2024-08-23,CHEMICAL_TREATMENT,Annual safety valve inspection and function test completed,30.6,10488.47
EVT-000159,42-371-99922,Bryant 8V,Van Horn,2024-05-16,INSPECTION,Quarterly ESP system diagnostic and vibration analysis completed,10.3,22531.04
EVT-000160,42-371-53480,Cooper 9H,Pecos Valley,2026-03-05,INSPECTION,Corrosion coupon retrieval and analysis - 2 mpy average rate,14.8,16996.76
EVT-000161,42-371-53480,Cooper 9H,Pecos Valley,2025-07-26,MAINTENANCE,Routine preventive maintenance on ESP system including motor inspection and cable check,27.8,8224.71
EVT-000162,42-371-74173,Bailey 5V,Grandfalls,2025-11-18,CHEMICAL_TREATMENT,Scheduled wellhead maintenance and valve replacement,14.9,7238.22
EVT-000163,42-371-74173,Bailey 5V,Grandfalls,2024-02-21,MAINTENANCE,Annual safety valve inspection and function test completed,15.4,10730.94
EVT-000164,42-371-74173,Bailey 5V,Grandfalls,2024-10-07,CHEMICAL_TREATMENT,Routine preventive maintenance on ESP system including motor inspection and cable check,26.6,16122.32
EVT-000165,42-109-61217,Turner 7V,Pecos Valley,2024-10-14,CHEMICAL_TREATMENT,Quarterly ESP system diagnostic and vibration analysis completed,33.0,14183.6
EVT-000166,42-109-61217,Turner 7V,Pecos Valley,2024-01-10,CHEMICAL_TREATMENT,Quarterly ESP system diagnostic and vibration analysis completed,17.3,4419.36
EVT-000167,42-109-61217,Turner 7V,Pecos Valley,2023-03-24,CHEMICAL_TREATMENT,Routine tubing pressure test and casing inspection,42.5,21272.64
EVT-000168,42-371-79955,Martin 3H,Buena Vista,2024-12-31,CHEMICAL_TREATMENT,Routine preventive maintenance on ESP system including motor inspection and cable check,43.5,22654.38
EVT-000169,42-371-79955,Martin 3H,Buena Vista,2025-11-05,MAINTENANCE,Scheduled wellhead maintenance and valve replacement,22.1,24164.12
EVT-000170,42-371-79955,Martin 3H,Buena Vista,2026-02-10,CHEMICAL_TREATMENT,Quarterly ESP system diagnostic and vibration analysis completed,26.6,20106.3
EVT-000171,42-371-79955,Martin 3H,Buena Vista,2025-03-26,CHEMICAL_TREATMENT,Annual safety valve inspection and function test completed,33.7,9196.2
EVT-000172,42-371-34458,Gibson 6H,Ward-Estes,2025-09-13,MAINTENANCE,Scheduled wellhead maintenance and valve replacement,38.6,10994.77
EVT-000173,42-475-41835,Morgan 11H,Culberson County,2026-04-18,CHEMICAL_TREATMENT,Corrosion coupon retrieval and analysis - 2 mpy average rate,42.3,18559.31
EVT-000174,42-301-35376,Myers 4H,Grandfalls,2023-06-10,EQUIPMENT_CHANGE,"Downhole pump seized due to severe sand production, pulling unit dispatched",55.7,112182.98
EVT-000175,42-301-35376,Myers 4H,Grandfalls,2025-04-11,FAILURE,Gas lift valve failure causing complete loss of artificial lift,226.2,163215.31
EVT-000176,42-301-35376,Myers 4H,Grandfalls,2024-11-10,EQUIPMENT_CHANGE,"VSD drive failure causing ESP shutdown, replacement ordered",153.7,65218.72
EVT-000177,42-301-35376,Myers 4H,Grandfalls,2022-10-29,FAILURE,"Christmas tree valve failure, emergency well control initiated",124.6,703530.41
EVT-000178,42-301-35376,Myers 4H,Grandfalls,2023-07-24,EQUIPMENT_CHANGE,"Hole in tubing at 6500ft, severe production loss and gas migration",120.3,201793.39
EVT-000179,42-301-35376,Myers 4H,Grandfalls,2026-06-02,FAILURE,"Downhole pump seized due to severe sand production, pulling unit dispatched",133.2,529313.56
EVT-000180,42-301-35376,Myers 4H,Grandfalls,2026-05-26,FAILURE,Electrical cable failure on ESP causing complete shutdown,339.4,277140.58
EVT-000181,42-301-52787,Reed 9H,Pecos Valley,2024-08-01,MAINTENANCE,Routine preventive maintenance on ESP system including motor inspection and cable check,27.2,23781.35
EVT-000182,42-495-88949,Taylor 10H,Ward-Estes,2023-07-29,MAINTENANCE,Corrosion coupon retrieval and analysis - 2 mpy average rate,27.3,13945.05
EVT-000183,42-495-88949,Taylor 10H,Ward-Estes,2023-06-18,CHEMICAL_TREATMENT,Scheduled wellhead maintenance and valve replacement,40.6,11356.68
EVT-000184,42-475-86345,Torres 6H,Wink,2025-01-12,CHEMICAL_TREATMENT,Quarterly ESP system diagnostic and vibration analysis completed,33.6,24721.57
EVT-000185,42-475-86345,Torres 6H,Wink,2025-01-29,MAINTENANCE,Surface facility maintenance including separator cleaning and meter calibration,47.2,23713.97
EVT-000186,42-475-86345,Torres 6H,Wink,2026-03-10,MAINTENANCE,Corrosion coupon retrieval and analysis - 2 mpy average rate,13.8,8681.8
EVT-000187,42-475-87092,Stewart 4H,Van Horn,2026-04-20,INSPECTION,Corrosion coupon retrieval and analysis - 2 mpy average rate,45.8,23192.94
EVT-000188,42-371-58369,Stewart 1H,Loving,2026-01-28,EQUIPMENT_CHANGE,"Increasing water cut trend noted, zone isolation evaluation in progress",136.7,262531.55
EVT-000189,42-371-58369,Stewart 1H,Loving,2025-11-21,INSPECTION,"Sand production increasing, pump wear accelerating",11.2,24043.71
EVT-000190,42-371-58369,Stewart 1H,Loving,2024-07-10,EQUIPMENT_CHANGE,"Intermittent ESP trips due to gas slugging, VSD ramp adjusted",60.2,131173.38
EVT-000191,42-371-58369,Stewart 1H,Loving,2024-02-23,CHEMICAL_TREATMENT,"Intermittent ESP trips due to gas slugging, VSD ramp adjusted",45.0,1730.83
EVT-000192,42-371-58369,Stewart 1H,Loving,2026-06-19,EQUIPMENT_CHANGE,"Paraffin accumulation restricting flow, hot oil treatment performed",32.5,248960.63
EVT-000193,42-389-42934,Cole 8H,Toyah,2025-10-10,CHEMICAL_TREATMENT,Surface facility maintenance including separator cleaning and meter calibration,28.7,24008.55
EVT-000194,42-389-42934,Cole 8H,Toyah,2023-03-27,INSPECTION,Routine preventive maintenance on ESP system including motor inspection and cable check,9.5,14655.85
EVT-000195,42-389-42934,Cole 8H,Toyah,2024-04-02,MAINTENANCE,Surface facility maintenance including separator cleaning and meter calibration,11.0,9623.31
EVT-000196,42-389-79372,Taylor 11V,Coyanosa,2025-11-03,WORKOVER,"Hole in tubing at 6500ft, severe production loss and gas migration",182.1,512519.75
EVT-000197,42-389-79372,Taylor 11V,Coyanosa,2025-08-08,EQUIPMENT_CHANGE,"Downhole pump seized due to severe sand production, pulling unit dispatched",79.6,109452.65
EVT-000198,42-389-79372,Taylor 11V,Coyanosa,2024-06-18,WORKOVER,Electrical cable failure on ESP causing complete shutdown,660.6,1665386.49
EVT-000199,42-389-79372,Taylor 11V,Coyanosa,2026-05-16,FAILURE,"Christmas tree valve failure, emergency well control initiated",185.7,546680.22
EVT-000200,42-389-79372,Taylor 11V,Coyanosa,2026-07-05,FAILURE,"Tubing leak detected at depth, production ceased for workover",50.5,142262.95
EVT-000201,42-109-70811,Mitchell 11H,Loving,2026-04-03,INSPECTION,Annual safety valve inspection and function test completed,37.7,3401.1
EVT-000202,42-389-79525,Cole 4H,Kermit,2025-01-25,MAINTENANCE,Scheduled wellhead maintenance and valve replacement,8.6,14213.88
EVT-000203,42-389-79525,Cole 4H,Kermit,2025-07-30,MAINTENANCE,Corrosion coupon retrieval and analysis - 2 mpy average rate,35.1,7766.96
EVT-000204,42-389-79525,Cole 4H,Kermit,2025-12-03,INSPECTION,Annual safety valve inspection and function test completed,10.5,12048.81
EVT-000205,42-389-75453,Reed 4V,Reeves County,2025-05-22,INSPECTION,"Elevated motor temperature detected, monitoring increased frequency",24.1,17297.82
EVT-000206,42-389-75453,Reed 4V,Reeves County,2024-12-28,CHEMICAL_TREATMENT,"Gas lift valve partially plugged, reduced injection efficiency",43.1,10888.82
EVT-000207,42-389-75453,Reed 4V,Reeves County,2026-06-18,FAILURE,"Increasing water cut trend noted, zone isolation evaluation in progress",254.3,35666.77
EVT-000208,42-389-64632,Sullivan 3V,Buena Vista,2025-12-02,INSPECTION,Routine tubing pressure test and casing inspection,26.6,20719.71
EVT-000209,42-389-64632,Sullivan 3V,Buena Vista,2025-10-03,MAINTENANCE,Routine preventive maintenance on ESP system including motor inspection and cable check,38.4,6426.82
EVT-000210,42-475-50746,Woods 5H,Orla,2024-07-21,INSPECTION,Scheduled wellhead maintenance and valve replacement,9.2,23219.76
EVT-000211,42-475-50746,Woods 5H,Orla,2022-07-19,INSPECTION,Routine tubing pressure test and casing inspection,42.3,5731.87
EVT-000212,42-475-50746,Woods 5H,Orla,2024-09-25,MAINTENANCE,Routine tubing pressure test and casing inspection,14.9,4337.29
EVT-000213,42-389-88383,Moore 7H,Buena Vista,2023-02-10,MAINTENANCE,Annual safety valve inspection and function test completed,38.3,19204.79
EVT-000214,42-371-58183,Gray 6H,Mentone,2025-11-25,EQUIPMENT_CHANGE,"Downhole pump seized due to severe sand production, pulling unit dispatched",68.8,52444.83
EVT-000215,42-371-58183,Gray 6H,Mentone,2026-04-14,WORKOVER,"Severe corrosion-induced tubing failure, well flowing up annulus",123.1,565071.04
EVT-000216,42-371-58183,Gray 6H,Mentone,2025-08-22,WORKOVER,Complete ESP system failure - motor burnout and pump lockup,317.6,472901.44
EVT-000217,42-371-58183,Gray 6H,Mentone,2026-01-20,WORKOVER,"Christmas tree valve failure, emergency well control initiated",53.6,1075328.42
EVT-000218,42-371-58183,Gray 6H,Mentone,2025-09-23,WORKOVER,"Christmas tree valve failure, emergency well control initiated",52.0,706056.83
EVT-000219,42-371-58183,Gray 6H,Mentone,2026-03-26,WORKOVER,"Tubing leak detected at depth, production ceased for workover",228.8,1855466.34
EVT-000220,42-371-58183,Gray 6H,Mentone,2025-12-21,FAILURE,"Hole in tubing at 6500ft, severe production loss and gas migration",297.2,673277.92
EVT-000221,42-371-58183,Gray 6H,Mentone,2026-05-27,FAILURE,Complete ESP system failure - motor burnout and pump lockup,100.8,674388.66
EVT-000222,42-371-58183,Gray 6H,Mentone,2026-06-16,FAILURE,"ESP motor failure due to overheating, well shut-in pending replacement",235.6,464289.86
EVT-000223,42-301-72184,Bryant 12H,Wink,2025-03-12,CHEMICAL_TREATMENT,"Intermittent ESP trips due to gas slugging, VSD ramp adjusted",34.9,22228.47
EVT-000224,42-301-72184,Bryant 12H,Wink,2024-12-07,MAINTENANCE,"Sand production increasing, pump wear accelerating",27.3,19117.32
EVT-000225,42-301-72184,Bryant 12H,Wink,2026-05-27,EQUIPMENT_CHANGE,Emulsion issues at separator requiring increased demulsifier dosage,71.8,129045.46
EVT-000226,42-301-72184,Bryant 12H,Wink,2026-05-15,FAILURE,"Elevated motor temperature detected, monitoring increased frequency",471.0,41499.77
EVT-000227,42-389-67389,Moore 10H,Fort Stockton,2026-01-01,CHEMICAL_TREATMENT,Annual safety valve inspection and function test completed,46.8,5829.14
EVT-000228,42-389-67389,Moore 10H,Fort Stockton,2026-05-06,MAINTENANCE,Surface facility maintenance including separator cleaning and meter calibration,18.9,5081.19
EVT-000229,42-389-67389,Moore 10H,Fort Stockton,2025-05-12,INSPECTION,Scheduled wellhead maintenance and valve replacement,34.7,1325.75
EVT-000230,42-389-67389,Moore 10H,Fort Stockton,2025-01-24,INSPECTION,Routine preventive maintenance on ESP system including motor inspection and cable check,9.0,9068.52
EVT-000231,42-301-37742,Powell 2V,Reeves County,2022-08-08,MAINTENANCE,Annual safety valve inspection and function test completed,38.1,11383.8
EVT-000232,42-301-37742,Powell 2V,Reeves County,2023-08-05,MAINTENANCE,Routine preventive maintenance on ESP system including motor inspection and cable check,8.5,17268.68
EVT-000233,42-109-85170,Reed 4V,Orla,2026-03-21,MAINTENANCE,Scheduled wellhead maintenance and valve replacement,25.4,10872.81
EVT-000234,42-109-85170,Reed 4V,Orla,2024-08-05,MAINTENANCE,Routine preventive maintenance on ESP system including motor inspection and cable check,7.0,20920.19
EVT-000235,42-109-85170,Reed 4V,Orla,2025-03-06,INSPECTION,Routine preventive maintenance on ESP system including motor inspection and cable check,12.7,3206.56
EVT-000236,42-109-85170,Reed 4V,Orla,2025-11-29,MAINTENANCE,Surface facility maintenance including separator cleaning and meter calibration,31.2,20702.46
EVT-000237,42-301-95213,Scott 8H,Delaware Basin,2024-05-19,MAINTENANCE,Annual safety valve inspection and function test completed,37.8,12648.25
EVT-000238,42-301-95213,Scott 8H,Delaware Basin,2024-08-30,CHEMICAL_TREATMENT,Routine preventive maintenance on ESP system including motor inspection and cable check,15.4,19181.14
EVT-000239,42-301-95213,Scott 8H,Delaware Basin,2025-08-30,CHEMICAL_TREATMENT,Quarterly ESP system diagnostic and vibration analysis completed,31.0,14864.54
EVT-000240,42-301-56254,Taylor 3H,Balmorhea,2025-08-26,CHEMICAL_TREATMENT,Annual safety valve inspection and function test completed,30.9,864.46
EVT-000241,42-301-56254,Taylor 3H,Balmorhea,2024-12-01,MAINTENANCE,Routine tubing pressure test and casing inspection,38.4,21167.38
EVT-000242,42-301-56254,Taylor 3H,Balmorhea,2024-02-11,CHEMICAL_TREATMENT,Routine preventive maintenance on ESP system including motor inspection and cable check,45.0,11353.4
EVT-000243,42-301-56254,Taylor 3H,Balmorhea,2023-08-08,INSPECTION,Annual safety valve inspection and function test completed,19.9,1220.32
EVT-000244,42-475-83476,Wilson 8H,Orla,2025-10-08,WORKOVER,Gas lift valve failure causing complete loss of artificial lift,615.2,425211.07
EVT-000245,42-475-83476,Wilson 8H,Orla,2025-11-19,FAILURE,"Christmas tree valve failure, emergency well control initiated",35.2,517397.98
EVT-000246,42-475-83476,Wilson 8H,Orla,2025-12-01,FAILURE,Complete ESP system failure - motor burnout and pump lockup,216.8,42087.12
EVT-000247,42-475-83476,Wilson 8H,Orla,2026-07-05,FAILURE,"Christmas tree valve failure, emergency well control initiated",57.5,89635.25
EVT-000248,42-475-83476,Wilson 8H,Orla,2026-06-03,FAILURE,Gas lift valve failure causing complete loss of artificial lift,417.5,751526.07
EVT-000249,42-475-72523,Gray 7H,Buena Vista,2026-02-06,WORKOVER,"VSD drive failure causing ESP shutdown, replacement ordered",49.2,910754.24
EVT-000250,42-475-72523,Gray 7H,Buena Vista,2026-01-02,FAILURE,"Hole in tubing at 6500ft, severe production loss and gas migration",192.8,156828.42
EVT-000251,42-475-72523,Gray 7H,Buena Vista,2025-09-15,FAILURE,"Tubing leak detected at depth, production ceased for workover",220.4,227628.33
EVT-000252,42-475-72523,Gray 7H,Buena Vista,2024-08-29,WORKOVER,"VSD drive failure causing ESP shutdown, replacement ordered",184.1,323096.49
EVT-000253,42-475-72523,Gray 7H,Buena Vista,2026-06-04,FAILURE,"Severe corrosion-induced tubing failure, well flowing up annulus",57.9,51363.3
EVT-000254,42-475-72523,Gray 7H,Buena Vista,2026-05-23,FAILURE,Electrical cable failure on ESP causing complete shutdown,302.8,434490.66
EVT-000255,42-475-72523,Gray 7H,Buena Vista,2026-07-02,FAILURE,Electrical cable failure on ESP causing complete shutdown,428.1,693692.01
EVT-000256,42-371-74222,Peterson 2H,Loving,2025-02-02,MAINTENANCE,"Paraffin accumulation restricting flow, hot oil treatment performed",21.2,9210.71
EVT-000257,42-371-74222,Peterson 2H,Loving,2026-03-08,MAINTENANCE,"Scale buildup detected in tubing, chemical squeeze scheduled",20.3,10352.73
EVT-000258,42-371-74222,Peterson 2H,Loving,2025-07-22,EQUIPMENT_CHANGE,"Scale buildup detected in tubing, chemical squeeze scheduled",15.2,125007.72
EVT-000259,42-371-74222,Peterson 2H,Loving,2025-03-19,CHEMICAL_TREATMENT,"Increasing water cut trend noted, zone isolation evaluation in progress",19.5,12951.68
EVT-000260,42-371-74222,Peterson 2H,Loving,2024-11-12,EQUIPMENT_CHANGE,"Gas lift valve partially plugged, reduced injection efficiency",113.6,245926.21
EVT-000261,42-371-74222,Peterson 2H,Loving,2024-11-19,INSPECTION,"Elevated motor temperature detected, monitoring increased frequency",19.7,14803.55
EVT-000262,42-371-74222,Peterson 2H,Loving,2026-05-20,EQUIPMENT_CHANGE,Emulsion issues at separator requiring increased demulsifier dosage,93.6,245672.63
EVT-000263,42-495-31883,Reed 5V,Mentone,2026-04-17,CHEMICAL_TREATMENT,Routine preventive maintenance on ESP system including motor inspection and cable check,33.9,3405.35
EVT-000264,42-495-31883,Reed 5V,Mentone,2025-10-09,CHEMICAL_TREATMENT,Scheduled wellhead maintenance and valve replacement,29.6,13415.4
EVT-000265,42-495-31883,Reed 5V,Mentone,2026-04-19,MAINTENANCE,Corrosion coupon retrieval and analysis - 2 mpy average rate,37.9,14728.63
EVT-000266,42-495-31883,Reed 5V,Mentone,2026-03-02,INSPECTION,Routine preventive maintenance on ESP system including motor inspection and cable check,2.1,18641.55
EVT-000267,42-475-59130,Ramirez 2H,Loving,2024-10-14,CHEMICAL_TREATMENT,Routine preventive maintenance on ESP system including motor inspection and cable check,46.6,9609.0
EVT-000268,42-475-59130,Ramirez 2H,Loving,2025-05-16,MAINTENANCE,Surface facility maintenance including separator cleaning and meter calibration,7.1,7344.77
EVT-000269,42-475-59130,Ramirez 2H,Loving,2026-04-26,CHEMICAL_TREATMENT,Scheduled wellhead maintenance and valve replacement,46.1,4017.31
EVT-000270,42-475-59130,Ramirez 2H,Loving,2026-01-16,CHEMICAL_TREATMENT,Surface facility maintenance including separator cleaning and meter calibration,29.0,9812.87
EVT-000271,42-475-43508,Green 4V,Orla,2024-03-17,MAINTENANCE,Routine preventive maintenance on ESP system including motor inspection and cable check,32.5,20311.45
EVT-000272,42-389-74966,Wood 6H,Fort Stockton,2024-07-21,EQUIPMENT_CHANGE,Gas lift valve failure causing complete loss of artificial lift,120.7,244966.71
EVT-000273,42-389-74966,Wood 6H,Fort Stockton,2023-03-28,EQUIPMENT_CHANGE,"Hole in tubing at 6500ft, severe production loss and gas migration",37.4,254742.9
EVT-000274,42-389-74966,Wood 6H,Fort Stockton,2023-09-06,WORKOVER,"VSD drive failure causing ESP shutdown, replacement ordered",622.7,897798.82
EVT-000275,42-389-74966,Wood 6H,Fort Stockton,2025-05-10,FAILURE,Gas lift valve failure causing complete loss of artificial lift,395.1,693933.31
EVT-000276,42-389-74966,Wood 6H,Fort Stockton,2022-10-12,FAILURE,"ESP motor failure due to overheating, well shut-in pending replacement",154.0,410872.4
EVT-000277,42-389-74966,Wood 6H,Fort Stockton,2025-10-19,FAILURE,"Rod parting at depth, well dead, workover rig scheduled",113.7,385029.84
EVT-000278,42-389-74966,Wood 6H,Fort Stockton,2025-10-04,FAILURE,"Christmas tree valve failure, emergency well control initiated",287.3,681846.35
EVT-000279,42-389-74966,Wood 6H,Fort Stockton,2024-03-28,FAILURE,Electrical cable failure on ESP causing complete shutdown,185.3,51561.82
EVT-000280,42-389-74966,Wood 6H,Fort Stockton,2026-06-05,FAILURE,"Christmas tree valve failure, emergency well control initiated",386.7,500965.27
EVT-000281,42-389-74966,Wood 6H,Fort Stockton,2026-05-22,FAILURE,"Tubing leak detected at depth, production ceased for workover",382.2,258132.79
EVT-000282,42-109-68228,Nelson 1H,Kermit,2026-02-26,INSPECTION,Routine preventive maintenance on ESP system including motor inspection and cable check,28.3,5941.94
EVT-000283,42-109-68228,Nelson 1H,Kermit,2026-04-19,MAINTENANCE,Surface facility maintenance including separator cleaning and meter calibration,6.1,10689.49
EVT-000284,42-475-58559,Henderson 8V,Pecos Valley,2026-03-25,INSPECTION,Annual safety valve inspection and function test completed,47.3,8926.63
EVT-000285,42-475-58559,Henderson 8V,Pecos Valley,2026-02-12,MAINTENANCE,Corrosion coupon retrieval and analysis - 2 mpy average rate,22.5,11421.12
EVT-000286,42-475-88148,Moore 8V,Loving,2025-11-19,CHEMICAL_TREATMENT,Surface facility maintenance including separator cleaning and meter calibration,33.2,8426.63
EVT-000287,42-475-88148,Moore 8V,Loving,2025-12-30,MAINTENANCE,Annual safety valve inspection and function test completed,39.7,24672.83
EVT-000288,42-475-88148,Moore 8V,Loving,2025-06-05,CHEMICAL_TREATMENT,Corrosion coupon retrieval and analysis - 2 mpy average rate,21.7,1535.62
EVT-000289,42-475-88148,Moore 8V,Loving,2025-06-11,INSPECTION,Scheduled wellhead maintenance and valve replacement,37.4,15241.03
EVT-000290,42-301-34205,Bell 9H,Wink,2025-05-07,CHEMICAL_TREATMENT,Corrosion coupon retrieval and analysis - 2 mpy average rate,24.0,14236.81
EVT-000291,42-301-34205,Bell 9H,Wink,2026-01-10,CHEMICAL_TREATMENT,Surface facility maintenance including separator cleaning and meter calibration,42.7,4667.35
EVT-000292,42-301-34205,Bell 9H,Wink,2024-11-19,INSPECTION,Quarterly ESP system diagnostic and vibration analysis completed,13.9,12104.81
EVT-000293,42-475-76890,Ranch 3H,Culberson County,2025-03-09,MAINTENANCE,Corrosion coupon retrieval and analysis - 2 mpy average rate,9.7,21028.55
EVT-000294,42-301-98162,Bennett 9H,Delaware Basin,2025-03-25,INSPECTION,Quarterly ESP system diagnostic and vibration analysis completed,21.7,3784.71
EVT-000295,42-301-98162,Bennett 9H,Delaware Basin,2025-05-28,INSPECTION,Corrosion coupon retrieval and analysis - 2 mpy average rate,47.1,6877.57
EVT-000296,42-301-98162,Bennett 9H,Delaware Basin,2025-01-27,MAINTENANCE,Scheduled wellhead maintenance and valve replacement,21.5,19453.12
EVT-000297,42-301-98162,Bennett 9H,Delaware Basin,2025-04-10,INSPECTION,Annual safety valve inspection and function test completed,44.2,22339.95
EVT-000298,42-475-63260,Hamilton 12V,Toyah,2025-02-17,MAINTENANCE,Quarterly ESP system diagnostic and vibration analysis completed,19.8,19690.45
EVT-000299,42-475-63260,Hamilton 12V,Toyah,2025-04-29,INSPECTION,Surface facility maintenance including separator cleaning and meter calibration,14.7,16030.14
EVT-000300,42-475-63260,Hamilton 12V,Toyah,2024-11-20,MAINTENANCE,Surface facility maintenance including separator cleaning and meter calibration,37.9,21244.06
EVT-000301,42-475-63260,Hamilton 12V,Toyah,2025-11-18,CHEMICAL_TREATMENT,Annual safety valve inspection and function test completed,37.2,4638.13
EVT-000302,42-371-85014,Baker 3H,Coyanosa,2025-10-19,MAINTENANCE,Routine preventive maintenance on ESP system including motor inspection and cable check,22.8,12472.26
EVT-000303,42-389-37784,Owens 6H,Delaware Basin,2026-06-05,INSPECTION,Routine preventive maintenance on ESP system including motor inspection and cable check,40.6,14998.01
EVT-000304,42-301-52646,Hill 2H,Orla,2026-04-21,MAINTENANCE,Annual safety valve inspection and function test completed,32.6,11542.95
EVT-000305,42-301-52646,Hill 2H,Orla,2026-04-30,INSPECTION,Scheduled wellhead maintenance and valve replacement,32.2,13156.15
EVT-000306,42-301-52646,Hill 2H,Orla,2025-10-29,CHEMICAL_TREATMENT,Annual safety valve inspection and function test completed,18.0,11070.55
EVT-000307,42-301-52646,Hill 2H,Orla,2023-06-09,MAINTENANCE,Routine tubing pressure test and casing inspection,34.7,3591.52
EVT-000308,42-389-75745,Cox 5H,Buena Vista,2026-04-30,FAILURE,"Rod parting at depth, well dead, workover rig scheduled",478.9,529852.82
EVT-000309,42-389-75745,Cox 5H,Buena Vista,2026-02-18,EQUIPMENT_CHANGE,Complete ESP system failure - motor burnout and pump lockup,80.6,143144.41
EVT-000310,42-389-75745,Cox 5H,Buena Vista,2025-03-07,FAILURE,"ESP motor failure due to overheating, well shut-in pending replacement",395.3,432977.31
EVT-000311,42-389-75745,Cox 5H,Buena Vista,2026-02-02,WORKOVER,"Christmas tree valve failure, emergency well control initiated",192.5,888052.05
EVT-000312,42-389-75745,Cox 5H,Buena Vista,2025-06-08,EQUIPMENT_CHANGE,"Tubing leak detected at depth, production ceased for workover",79.5,268879.19
EVT-000313,42-389-75745,Cox 5H,Buena Vista,2026-06-22,FAILURE,Gas lift valve failure causing complete loss of artificial lift,445.0,95688.22
EVT-000314,42-389-75745,Cox 5H,Buena Vista,2026-05-19,FAILURE,"Hole in tubing at 6500ft, severe production loss and gas migration",464.8,215365.79
EVT-000315,42-371-41362,Martin 10H,Coyanosa,2026-01-13,EQUIPMENT_CHANGE,"ESP motor failure due to overheating, well shut-in pending replacement",79.4,226288.6
EVT-000316,42-371-41362,Martin 10H,Coyanosa,2025-05-07,FAILURE,"Christmas tree valve failure, emergency well control initiated",237.9,27572.13
EVT-000317,42-371-41362,Martin 10H,Coyanosa,2026-03-02,WORKOVER,"Tubing leak detected at depth, production ceased for workover",678.4,588470.13
EVT-000318,42-371-41362,Martin 10H,Coyanosa,2023-07-08,EQUIPMENT_CHANGE,"Christmas tree valve failure, emergency well control initiated",37.3,223777.59
EVT-000319,42-371-41362,Martin 10H,Coyanosa,2025-04-15,FAILURE,Electrical cable failure on ESP causing complete shutdown,231.1,563500.72
EVT-000320,42-371-41362,Martin 10H,Coyanosa,2025-03-01,FAILURE,"Hole in tubing at 6500ft, severe production loss and gas migration",343.3,550978.42
EVT-000321,42-371-41362,Martin 10H,Coyanosa,2026-06-28,FAILURE,"Severe corrosion-induced tubing failure, well flowing up annulus",347.1,405768.16
EVT-000322,42-371-41362,Martin 10H,Coyanosa,2026-07-08,FAILURE,Electrical cable failure on ESP causing complete shutdown,404.4,135987.42
EVT-000323,42-109-63303,Torres 1H,Culberson County,2025-03-29,MAINTENANCE,"Paraffin accumulation restricting flow, hot oil treatment performed",12.1,16929.29
EVT-000324,42-109-63303,Torres 1H,Culberson County,2024-12-08,CHEMICAL_TREATMENT,Emulsion issues at separator requiring increased demulsifier dosage,27.4,14311.5
EVT-000325,42-109-63303,Torres 1H,Culberson County,2023-05-01,INSPECTION,"Increasing water cut trend noted, zone isolation evaluation in progress",43.7,2308.02
EVT-000326,42-109-63303,Torres 1H,Culberson County,2024-08-22,INSPECTION,"Gas lift valve partially plugged, reduced injection efficiency",32.5,13054.09
EVT-000327,42-109-63303,Torres 1H,Culberson County,2026-05-07,EQUIPMENT_CHANGE,"Elevated motor temperature detected, monitoring increased frequency",21.9,57737.51
EVT-000328,42-389-74295,Morris 12H,Balmorhea,2024-01-29,INSPECTION,Quarterly ESP system diagnostic and vibration analysis completed,20.4,23875.29
EVT-000329,42-389-74295,Morris 12H,Balmorhea,2025-06-26,CHEMICAL_TREATMENT,Corrosion coupon retrieval and analysis - 2 mpy average rate,24.0,24170.75
EVT-000330,42-389-74295,Morris 12H,Balmorhea,2026-03-17,INSPECTION,Quarterly ESP system diagnostic and vibration analysis completed,25.0,11551.96
EVT-000331,42-389-53283,Price 2H,Loving,2024-05-13,MAINTENANCE,Quarterly ESP system diagnostic and vibration analysis completed,45.1,24335.71
EVT-000332,42-389-77638,Adams 9V,Ward-Estes,2025-03-13,INSPECTION,Quarterly ESP system diagnostic and vibration analysis completed,22.8,14467.74
EVT-000333,42-389-77638,Adams 9V,Ward-Estes,2024-01-19,INSPECTION,Routine tubing pressure test and casing inspection,41.6,18238.95
EVT-000334,42-389-77638,Adams 9V,Ward-Estes,2023-11-05,INSPECTION,Annual safety valve inspection and function test completed,4.8,18892.63
EVT-000335,42-389-77638,Adams 9V,Ward-Estes,2022-10-09,CHEMICAL_TREATMENT,Corrosion coupon retrieval and analysis - 2 mpy average rate,28.4,2831.58
EVT-000336,42-389-40408,Baker 8H,Imperial,2025-05-30,CHEMICAL_TREATMENT,Routine preventive maintenance on ESP system including motor inspection and cable check,28.7,15995.11
EVT-000337,42-389-40408,Baker 8H,Imperial,2025-06-01,INSPECTION,Annual safety valve inspection and function test completed,24.7,11256.98
EVT-000338,42-389-40408,Baker 8H,Imperial,2025-04-18,MAINTENANCE,Quarterly ESP system diagnostic and vibration analysis completed,2.7,12050.29
EVT-000339,42-301-78971,Ellis 1H,Orla,2024-06-06,MAINTENANCE,Routine tubing pressure test and casing inspection,38.8,18013.87
EVT-000340,42-301-78971,Ellis 1H,Orla,2025-03-14,CHEMICAL_TREATMENT,Surface facility maintenance including separator cleaning and meter calibration,31.8,2082.88
EVT-000341,42-301-78971,Ellis 1H,Orla,2026-02-23,CHEMICAL_TREATMENT,Routine tubing pressure test and casing inspection,20.4,10261.52
EVT-000342,42-495-84444,Long 10H,Van Horn,2024-02-06,CHEMICAL_TREATMENT,Surface facility maintenance including separator cleaning and meter calibration,23.8,22667.12
EVT-000343,42-495-84444,Long 10H,Van Horn,2024-06-01,CHEMICAL_TREATMENT,Routine tubing pressure test and casing inspection,33.5,9979.14
EVT-000344,42-495-84444,Long 10H,Van Horn,2025-05-13,CHEMICAL_TREATMENT,Routine preventive maintenance on ESP system including motor inspection and cable check,31.3,12893.5
EVT-000345,42-495-84444,Long 10H,Van Horn,2024-12-06,CHEMICAL_TREATMENT,Quarterly ESP system diagnostic and vibration analysis completed,2.4,8539.86
EVT-000346,42-389-49952,Parker 1H,Wink,2026-01-28,INSPECTION,Surface facility maintenance including separator cleaning and meter calibration,44.9,562.06
EVT-000347,42-389-49952,Parker 1H,Wink,2025-07-07,CHEMICAL_TREATMENT,Corrosion coupon retrieval and analysis - 2 mpy average rate,21.1,20049.83
EVT-000348,42-389-49952,Parker 1H,Wink,2025-07-19,INSPECTION,Routine tubing pressure test and casing inspection,15.9,8549.7
EVT-000349,42-389-66726,Evans 11V,Red Hills,2024-11-18,INSPECTION,Corrosion coupon retrieval and analysis - 2 mpy average rate,19.8,7327.25
EVT-000350,42-389-66726,Evans 11V,Red Hills,2024-04-17,CHEMICAL_TREATMENT,Routine preventive maintenance on ESP system including motor inspection and cable check,8.1,17894.93
EVT-000351,42-389-66726,Evans 11V,Red Hills,2024-05-25,CHEMICAL_TREATMENT,Corrosion coupon retrieval and analysis - 2 mpy average rate,28.3,14230.75
EVT-000352,42-389-66726,Evans 11V,Red Hills,2023-06-13,MAINTENANCE,Routine tubing pressure test and casing inspection,13.4,16565.13
EVT-000353,42-475-63567,Torres 6H,Imperial,2025-10-22,INSPECTION,Quarterly ESP system diagnostic and vibration analysis completed,19.9,7588.63
EVT-000354,42-475-63567,Torres 6H,Imperial,2025-08-30,INSPECTION,Routine preventive maintenance on ESP system including motor inspection and cable check,36.5,4130.07
EVT-000355,42-475-63567,Torres 6H,Imperial,2023-12-16,CHEMICAL_TREATMENT,Scheduled wellhead maintenance and valve replacement,22.1,15976.97
EVT-000356,42-389-65342,Perry 11V,Loving,2024-12-13,CHEMICAL_TREATMENT,Surface facility maintenance including separator cleaning and meter calibration,20.8,8897.33
EVT-000357,42-389-65342,Perry 11V,Loving,2025-12-26,MAINTENANCE,Routine preventive maintenance on ESP system including motor inspection and cable check,27.6,7433.61
EVT-000358,42-389-65342,Perry 11V,Loving,2026-03-24,INSPECTION,Routine tubing pressure test and casing inspection,40.1,1893.28
EVT-000359,42-389-32180,Ramirez 10H,Pecos Valley,2026-03-04,EQUIPMENT_CHANGE,Electrical cable failure on ESP causing complete shutdown,137.8,71222.83
EVT-000360,42-389-32180,Ramirez 10H,Pecos Valley,2025-12-28,EQUIPMENT_CHANGE,Gas lift valve failure causing complete loss of artificial lift,124.4,112923.44
EVT-000361,42-389-32180,Ramirez 10H,Pecos Valley,2025-11-27,FAILURE,"Severe corrosion-induced tubing failure, well flowing up annulus",85.0,525835.77
EVT-000362,42-389-32180,Ramirez 10H,Pecos Valley,2026-06-07,WORKOVER,"Tubing leak detected at depth, production ceased for workover",576.5,764277.5
EVT-000363,42-389-32180,Ramirez 10H,Pecos Valley,2026-06-04,FAILURE,"Rod parting at depth, well dead, workover rig scheduled",411.2,573689.66
EVT-000364,42-389-32180,Ramirez 10H,Pecos Valley,2026-06-23,FAILURE,"Severe corrosion-induced tubing failure, well flowing up annulus",307.3,101109.54
EVT-000365,42-371-58036,Stewart 12H,Buena Vista,2026-05-14,CHEMICAL_TREATMENT,Quarterly ESP system diagnostic and vibration analysis completed,33.4,14293.16
EVT-000366,42-371-47009,Davis 8H,Van Horn,2026-02-02,CHEMICAL_TREATMENT,"Sand production increasing, pump wear accelerating",23.3,18320.37
EVT-000367,42-371-47009,Davis 8H,Van Horn,2026-03-19,MAINTENANCE,"Scale buildup detected in tubing, chemical squeeze scheduled",16.6,18318.53
EVT-000368,42-371-47009,Davis 8H,Van Horn,2026-05-23,FAILURE,"Elevated motor temperature detected, monitoring increased frequency",133.0,796207.04
EVT-000369,42-389-70037,Stewart 7H,Fort Stockton,2025-01-25,EQUIPMENT_CHANGE,"Intermittent ESP trips due to gas slugging, VSD ramp adjusted",126.3,269695.86
EVT-000370,42-389-70037,Stewart 7H,Fort Stockton,2025-05-12,CHEMICAL_TREATMENT,"Scale buildup detected in tubing, chemical squeeze scheduled",19.3,5445.0
EVT-000371,42-389-70037,Stewart 7H,Fort Stockton,2024-08-09,MAINTENANCE,"Elevated motor temperature detected, monitoring increased frequency",38.7,23871.05
EVT-000372,42-389-70037,Stewart 7H,Fort Stockton,2025-08-19,EQUIPMENT_CHANGE,"Gas lift valve partially plugged, reduced injection efficiency",31.3,175891.07
EVT-000373,42-389-70037,Stewart 7H,Fort Stockton,2025-12-03,INSPECTION,"Gas lift valve partially plugged, reduced injection efficiency",19.4,1412.95
EVT-000374,42-389-70037,Stewart 7H,Fort Stockton,2025-09-24,MAINTENANCE,"Gas lift valve partially plugged, reduced injection efficiency",40.5,6333.13
EVT-000375,42-389-70037,Stewart 7H,Fort Stockton,2026-06-21,EQUIPMENT_CHANGE,"Increasing water cut trend noted, zone isolation evaluation in progress",99.6,168276.68
EVT-000376,42-389-74430,Butler 10V,Loving,2025-12-20,INSPECTION,Routine tubing pressure test and casing inspection,45.4,20164.19
EVT-000377,42-389-74430,Butler 10V,Loving,2025-09-25,MAINTENANCE,Quarterly ESP system diagnostic and vibration analysis completed,26.0,9460.86
EVT-000378,42-389-74430,Butler 10V,Loving,2025-05-11,MAINTENANCE,Corrosion coupon retrieval and analysis - 2 mpy average rate,7.7,19267.11
EVT-000379,42-475-91763,Wallace 9H,Loving,2025-03-15,MAINTENANCE,Quarterly ESP system diagnostic and vibration analysis completed,27.9,8300.94
EVT-000380,42-475-91763,Wallace 9H,Loving,2025-01-10,MAINTENANCE,Scheduled wellhead maintenance and valve replacement,43.9,11454.87
EVT-000381,42-475-91763,Wallace 9H,Loving,2024-05-06,CHEMICAL_TREATMENT,Corrosion coupon retrieval and analysis - 2 mpy average rate,22.2,19892.12
EVT-000382,42-475-91763,Wallace 9H,Loving,2025-01-09,MAINTENANCE,Corrosion coupon retrieval and analysis - 2 mpy average rate,20.9,4234.98
EVT-000383,42-371-66942,Peterson 7V,Pecos Valley,2024-01-15,INSPECTION,Corrosion coupon retrieval and analysis - 2 mpy average rate,27.7,6557.64
EVT-000384,42-371-66942,Peterson 7V,Pecos Valley,2026-01-15,CHEMICAL_TREATMENT,Scheduled wellhead maintenance and valve replacement,5.3,18413.04
EVT-000385,42-371-66942,Peterson 7V,Pecos Valley,2025-11-11,CHEMICAL_TREATMENT,Scheduled wellhead maintenance and valve replacement,47.5,900.36
EVT-000386,42-109-80789,Gibson 9H,Wink,2026-01-14,MAINTENANCE,"Increasing water cut trend noted, zone isolation evaluation in progress",6.6,20989.84
EVT-000387,42-109-80789,Gibson 9H,Wink,2026-05-23,EQUIPMENT_CHANGE,"Increasing water cut trend noted, zone isolation evaluation in progress",38.2,133300.7
EVT-000388,42-109-80789,Gibson 9H,Wink,2026-04-16,EQUIPMENT_CHANGE,"Paraffin accumulation restricting flow, hot oil treatment performed",155.6,188257.53
EVT-000389,42-475-64650,Phillips 5V,Ward-Estes,2025-01-06,WORKOVER,Gas lift valve failure causing complete loss of artificial lift,623.3,987320.86
EVT-000390,42-475-64650,Phillips 5V,Ward-Estes,2024-07-13,FAILURE,Electrical cable failure on ESP causing complete shutdown,279.6,33375.64
EVT-000391,42-475-64650,Phillips 5V,Ward-Estes,2024-04-10,EQUIPMENT_CHANGE,"Christmas tree valve failure, emergency well control initiated",157.9,18041.8
EVT-000392,42-475-64650,Phillips 5V,Ward-Estes,2024-08-04,FAILURE,"VSD drive failure causing ESP shutdown, replacement ordered",123.3,71234.83
EVT-000393,42-475-64650,Phillips 5V,Ward-Estes,2024-11-10,WORKOVER,"Severe corrosion-induced tubing failure, well flowing up annulus",708.2,1039686.05
EVT-000394,42-475-64650,Phillips 5V,Ward-Estes,2025-02-18,FAILURE,"Downhole pump seized due to severe sand production, pulling unit dispatched",417.7,516679.45
EVT-000395,42-475-64650,Phillips 5V,Ward-Estes,2026-07-03,FAILURE,"Hole in tubing at 6500ft, severe production loss and gas migration",95.6,208607.72
EVT-000396,42-475-64650,Phillips 5V,Ward-Estes,2026-06-08,FAILURE,Complete ESP system failure - motor burnout and pump lockup,223.7,784965.15
EVT-000397,42-371-89686,Adams 10H,Van Horn,2026-04-24,CHEMICAL_TREATMENT,Routine tubing pressure test and casing inspection,30.6,15912.35
EVT-000398,42-371-89686,Adams 10H,Van Horn,2025-05-16,MAINTENANCE,Quarterly ESP system diagnostic and vibration analysis completed,46.8,22022.34
EVT-000399,42-109-34611,Peterson 9V,Monahans,2025-10-14,CHEMICAL_TREATMENT,Surface facility maintenance including separator cleaning and meter calibration,29.4,10911.43
EVT-000400,42-109-83578,Phillips 3V,Delaware Basin,2025-12-11,INSPECTION,Corrosion coupon retrieval and analysis - 2 mpy average rate,7.7,15310.91
EVT-000401,42-109-83578,Phillips 3V,Delaware Basin,2024-04-13,CHEMICAL_TREATMENT,Quarterly ESP system diagnostic and vibration analysis completed,12.5,18109.7
EVT-000402,42-109-83578,Phillips 3V,Delaware Basin,2025-10-16,CHEMICAL_TREATMENT,Routine preventive maintenance on ESP system including motor inspection and cable check,41.1,12492.25
EVT-000403,42-389-82606,Bryant 5V,Delaware Basin,2025-04-12,INSPECTION,Surface facility maintenance including separator cleaning and meter calibration,29.4,24076.69
EVT-000404,42-389-82606,Bryant 5V,Delaware Basin,2024-11-09,CHEMICAL_TREATMENT,Scheduled wellhead maintenance and valve replacement,45.7,9224.4
EVT-000405,42-389-82606,Bryant 5V,Delaware Basin,2025-07-27,CHEMICAL_TREATMENT,Quarterly ESP system diagnostic and vibration analysis completed,26.2,7748.77
EVT-000406,42-389-82606,Bryant 5V,Delaware Basin,2023-12-18,INSPECTION,Quarterly ESP system diagnostic and vibration analysis completed,35.7,8258.3
EVT-000407,42-301-77587,Wood 7H,Culberson County,2025-11-17,CHEMICAL_TREATMENT,Routine tubing pressure test and casing inspection,6.5,10011.41
EVT-000408,42-389-37698,Johnson 11H,Coyanosa,2023-06-05,EQUIPMENT_CHANGE,Complete ESP system failure - motor burnout and pump lockup,60.1,134355.04
EVT-000409,42-389-37698,Johnson 11H,Coyanosa,2024-06-08,EQUIPMENT_CHANGE,"Rod parting at depth, well dead, workover rig scheduled",30.0,128179.57
EVT-000410,42-389-37698,Johnson 11H,Coyanosa,2024-06-27,EQUIPMENT_CHANGE,"Rod parting at depth, well dead, workover rig scheduled",33.7,57741.83
EVT-000411,42-389-37698,Johnson 11H,Coyanosa,2025-03-21,EQUIPMENT_CHANGE,Electrical cable failure on ESP causing complete shutdown,72.4,231576.62
EVT-000412,42-389-37698,Johnson 11H,Coyanosa,2024-07-01,EQUIPMENT_CHANGE,"Tubing leak detected at depth, production ceased for workover",104.6,37146.19
EVT-000413,42-389-37698,Johnson 11H,Coyanosa,2024-12-02,EQUIPMENT_CHANGE,Electrical cable failure on ESP causing complete shutdown,145.1,52242.92
EVT-000414,42-389-37698,Johnson 11H,Coyanosa,2024-09-02,WORKOVER,"Hole in tubing at 6500ft, severe production loss and gas migration",101.6,262069.68
EVT-000415,42-389-37698,Johnson 11H,Coyanosa,2026-04-02,EQUIPMENT_CHANGE,"Casing collapse detected during pressure test, integrity compromised",157.5,215207.66
EVT-000416,42-389-37698,Johnson 11H,Coyanosa,2026-06-11,FAILURE,Electrical cable failure on ESP causing complete shutdown,292.3,398216.87
EVT-000417,42-389-37698,Johnson 11H,Coyanosa,2026-06-02,FAILURE,Gas lift valve failure causing complete loss of artificial lift,31.8,344004.04
EVT-000418,42-109-89175,Cook 10H,Van Horn,2025-02-02,CHEMICAL_TREATMENT,Scheduled wellhead maintenance and valve replacement,21.6,20873.4
EVT-000419,42-109-89175,Cook 10H,Van Horn,2024-10-14,INSPECTION,Surface facility maintenance including separator cleaning and meter calibration,30.4,4735.95
EVT-000420,42-109-89175,Cook 10H,Van Horn,2024-09-06,CHEMICAL_TREATMENT,Routine preventive maintenance on ESP system including motor inspection and cable check,32.0,23910.72
EVT-000421,42-109-89175,Cook 10H,Van Horn,2025-10-28,MAINTENANCE,Annual safety valve inspection and function test completed,27.0,4323.25
EVT-000422,42-475-74291,Ross 2H,Balmorhea,2026-02-23,CHEMICAL_TREATMENT,Scheduled wellhead maintenance and valve replacement,9.5,1743.4
EVT-000423,42-495-94495,Myers 3H,Kermit,2022-10-23,CHEMICAL_TREATMENT,Routine preventive maintenance on ESP system including motor inspection and cable check,14.4,24715.54
EVT-000424,42-495-94495,Myers 3H,Kermit,2025-03-19,INSPECTION,Routine preventive maintenance on ESP system including motor inspection and cable check,34.0,7192.88
EVT-000425,42-495-94495,Myers 3H,Kermit,2022-10-13,CHEMICAL_TREATMENT,Quarterly ESP system diagnostic and vibration analysis completed,7.0,24870.5
EVT-000426,42-495-94495,Myers 3H,Kermit,2023-02-22,MAINTENANCE,Corrosion coupon retrieval and analysis - 2 mpy average rate,24.3,8334.12
EVT-000427,42-475-34018,Howard 7H,Kermit,2025-09-20,FAILURE,"VSD drive failure causing ESP shutdown, replacement ordered",369.1,402181.56
EVT-000428,42-475-34018,Howard 7H,Kermit,2025-02-26,EQUIPMENT_CHANGE,"Severe corrosion-induced tubing failure, well flowing up annulus",35.1,17421.07
EVT-000429,42-475-34018,Howard 7H,Kermit,2025-12-19,FAILURE,"ESP motor failure due to overheating, well shut-in pending replacement",433.1,153696.48
EVT-000430,42-475-34018,Howard 7H,Kermit,2026-03-04,EQUIPMENT_CHANGE,"Tubing leak detected at depth, production ceased for workover",122.7,197552.6
EVT-000431,42-475-34018,Howard 7H,Kermit,2025-08-16,WORKOVER,"Severe corrosion-induced tubing failure, well flowing up annulus",135.0,1196943.86
EVT-000432,42-475-34018,Howard 7H,Kermit,2026-06-08,FAILURE,"Rod parting at depth, well dead, workover rig scheduled",82.1,475609.23
EVT-000433,42-475-34018,Howard 7H,Kermit,2026-05-16,FAILURE,"VSD drive failure causing ESP shutdown, replacement ordered",335.8,128108.24
EVT-000434,42-371-57118,Turner 7H,Ward-Estes,2025-05-26,MAINTENANCE,Scheduled wellhead maintenance and valve replacement,11.1,16563.12
EVT-000435,42-371-51906,Sullivan 5H,Kermit,2026-01-05,CHEMICAL_TREATMENT,Surface facility maintenance including separator cleaning and meter calibration,15.0,592.58
EVT-000436,42-371-51906,Sullivan 5H,Kermit,2026-02-15,MAINTENANCE,Scheduled wellhead maintenance and valve replacement,22.6,9629.02
EVT-000437,42-371-51906,Sullivan 5H,Kermit,2025-03-05,MAINTENANCE,Scheduled wellhead maintenance and valve replacement,21.7,14429.32
EVT-000438,42-371-42878,Graham 3H,Fort Stockton,2026-04-19,MAINTENANCE,Emulsion issues at separator requiring increased demulsifier dosage,48.0,9547.66
EVT-000439,42-371-42878,Graham 3H,Fort Stockton,2026-03-21,EQUIPMENT_CHANGE,"Elevated motor temperature detected, monitoring increased frequency",28.6,231512.65
EVT-000440,42-371-42878,Graham 3H,Fort Stockton,2026-06-12,EQUIPMENT_CHANGE,"Elevated motor temperature detected, monitoring increased frequency",65.4,93648.42
EVT-000441,42-371-42878,Graham 3H,Fort Stockton,2026-04-10,EQUIPMENT_CHANGE,"Gas lift valve partially plugged, reduced injection efficiency",161.9,86045.29
EVT-000442,42-371-42878,Graham 3H,Fort Stockton,2026-05-03,EQUIPMENT_CHANGE,"Sand production increasing, pump wear accelerating",136.2,182154.32
EVT-000443,42-495-73760,Ellis 7H,Ward-Estes,2025-09-28,CHEMICAL_TREATMENT,Routine preventive maintenance on ESP system including motor inspection and cable check,37.9,5483.58
EVT-000444,42-495-73760,Ellis 7H,Ward-Estes,2025-12-31,MAINTENANCE,Routine tubing pressure test and casing inspection,8.2,2105.88
EVT-000445,42-495-73760,Ellis 7H,Ward-Estes,2024-09-12,MAINTENANCE,Quarterly ESP system diagnostic and vibration analysis completed,31.4,14606.87
EVT-000446,42-475-87445,Rogers 7H,Grandfalls,2025-12-12,MAINTENANCE,Routine preventive maintenance on ESP system including motor inspection and cable check,3.9,24194.66
EVT-000447,42-475-87445,Rogers 7H,Grandfalls,2025-07-15,CHEMICAL_TREATMENT,Corrosion coupon retrieval and analysis - 2 mpy average rate,28.2,24142.96
EVT-000448,42-475-87445,Rogers 7H,Grandfalls,2025-07-11,CHEMICAL_TREATMENT,Annual safety valve inspection and function test completed,9.8,20052.63
EVT-000449,42-109-73212,Jordan 1H,Wink,2024-10-22,CHEMICAL_TREATMENT,Routine tubing pressure test and casing inspection,11.9,20796.5
EVT-000450,42-109-73212,Jordan 1H,Wink,2024-04-10,MAINTENANCE,Corrosion coupon retrieval and analysis - 2 mpy average rate,22.2,15133.23
EVT-000451,42-495-43145,University 8H,Grandfalls,2023-06-15,MAINTENANCE,Quarterly ESP system diagnostic and vibration analysis completed,28.3,2990.37
EVT-000452,42-495-43145,University 8H,Grandfalls,2025-03-31,MAINTENANCE,Scheduled wellhead maintenance and valve replacement,13.8,4080.72
EVT-000453,42-495-43145,University 8H,Grandfalls,2025-11-24,CHEMICAL_TREATMENT,Quarterly ESP system diagnostic and vibration analysis completed,12.1,11039.52
EVT-000454,42-495-43145,University 8H,Grandfalls,2024-02-01,CHEMICAL_TREATMENT,Annual safety valve inspection and function test completed,5.9,13673.09
EVT-000455,42-389-83449,Jenkins 4V,Coyanosa,2024-03-07,INSPECTION,Annual safety valve inspection and function test completed,3.0,18360.82
EVT-000456,42-389-83449,Jenkins 4V,Coyanosa,2023-04-08,INSPECTION,Annual safety valve inspection and function test completed,19.6,5758.08
EVT-000457,42-389-83449,Jenkins 4V,Coyanosa,2026-04-05,INSPECTION,Annual safety valve inspection and function test completed,14.2,6655.67
EVT-000458,42-389-83449,Jenkins 4V,Coyanosa,2024-09-06,CHEMICAL_TREATMENT,Routine tubing pressure test and casing inspection,44.2,8824.78
EVT-000459,42-495-51627,Parker 3H,Culberson County,2026-01-24,INSPECTION,Emulsion issues at separator requiring increased demulsifier dosage,30.0,11376.51
EVT-000460,42-495-51627,Parker 3H,Culberson County,2025-10-17,EQUIPMENT_CHANGE,"Sand production increasing, pump wear accelerating",117.8,77841.47
EVT-000461,42-495-51627,Parker 3H,Culberson County,2026-06-23,EQUIPMENT_CHANGE,"Intermittent ESP trips due to gas slugging, VSD ramp adjusted",105.6,153102.68
EVT-000462,42-301-42502,Bell 4H,Loving,2025-11-01,FAILURE,"Casing collapse detected during pressure test, integrity compromised",272.1,617486.75
EVT-000463,42-301-42502,Bell 4H,Loving,2024-10-29,WORKOVER,"Tubing leak detected at depth, production ceased for workover",605.4,692590.98
EVT-000464,42-301-42502,Bell 4H,Loving,2024-09-26,FAILURE,Complete ESP system failure - motor burnout and pump lockup,375.3,259230.8
EVT-000465,42-301-42502,Bell 4H,Loving,2025-05-14,WORKOVER,"ESP motor failure due to overheating, well shut-in pending replacement",60.8,394995.44
EVT-000466,42-301-42502,Bell 4H,Loving,2026-06-20,FAILURE,Electrical cable failure on ESP causing complete shutdown,67.3,143055.35
EVT-000467,42-301-42502,Bell 4H,Loving,2026-05-25,FAILURE,"Hole in tubing at 6500ft, severe production loss and gas migration",257.2,515903.3
EVT-000468,42-389-56728,Ellis 7H,Coyanosa,2025-12-19,MAINTENANCE,Annual safety valve inspection and function test completed,2.5,21773.84
EVT-000469,42-475-86626,Bass 2H,Van Horn,2025-08-06,WORKOVER,"Casing collapse detected during pressure test, integrity compromised",146.0,1685008.24
EVT-000470,42-475-86626,Bass 2H,Van Horn,2024-12-27,FAILURE,"Tubing leak detected at depth, production ceased for workover",320.6,307942.54
EVT-000471,42-475-86626,Bass 2H,Van Horn,2023-08-30,FAILURE,"Christmas tree valve failure, emergency well control initiated",433.4,526462.99
EVT-000472,42-475-86626,Bass 2H,Van Horn,2025-04-22,EQUIPMENT_CHANGE,"Casing collapse detected during pressure test, integrity compromised",75.6,234131.95
EVT-000473,42-475-86626,Bass 2H,Van Horn,2024-04-14,FAILURE,"Casing collapse detected during pressure test, integrity compromised",266.9,472275.7
EVT-000474,42-475-86626,Bass 2H,Van Horn,2026-07-01,FAILURE,"Casing collapse detected during pressure test, integrity compromised",89.9,57034.28
EVT-000475,42-475-86626,Bass 2H,Van Horn,2026-05-17,FAILURE,"Downhole pump seized due to severe sand production, pulling unit dispatched",343.6,104731.47
EVT-000476,42-301-99193,Wilson 2V,Orla,2025-05-17,MAINTENANCE,Routine preventive maintenance on ESP system including motor inspection and cable check,5.2,891.63
EVT-000477,42-475-64362,Cox 2H,Culberson County,2025-07-26,FAILURE,Complete ESP system failure - motor burnout and pump lockup,49.5,224891.57
EVT-000478,42-475-64362,Cox 2H,Culberson County,2026-05-20,FAILURE,"Rod parting at depth, well dead, workover rig scheduled",111.3,56240.54
EVT-000479,42-475-64362,Cox 2H,Culberson County,2026-06-13,FAILURE,"Christmas tree valve failure, emergency well control initiated",465.1,719653.51
EVT-000480,42-475-64362,Cox 2H,Culberson County,2026-06-09,FAILURE,"VSD drive failure causing ESP shutdown, replacement ordered",183.3,744006.07
EVT-000481,42-371-36899,Myers 9V,Toyah,2023-09-07,CHEMICAL_TREATMENT,Routine tubing pressure test and casing inspection,5.8,9722.92
EVT-000482,42-109-63795,Owens 8H,Ward-Estes,2026-02-18,INSPECTION,Routine preventive maintenance on ESP system including motor inspection and cable check,12.0,509.53
EVT-000483,42-109-63795,Owens 8H,Ward-Estes,2025-12-01,MAINTENANCE,Routine tubing pressure test and casing inspection,12.1,7167.31
EVT-000484,42-109-63795,Owens 8H,Ward-Estes,2025-12-04,MAINTENANCE,Routine tubing pressure test and casing inspection,10.2,11838.71
EVT-000485,42-475-91201,Ramirez 9H,Van Horn,2025-07-29,CHEMICAL_TREATMENT,Corrosion coupon retrieval and analysis - 2 mpy average rate,6.5,16290.99
EVT-000486,42-475-91201,Ramirez 9H,Van Horn,2025-12-29,INSPECTION,Surface facility maintenance including separator cleaning and meter calibration,9.7,21658.12
EVT-000487,42-475-91201,Ramirez 9H,Van Horn,2026-05-25,INSPECTION,Quarterly ESP system diagnostic and vibration analysis completed,42.6,24525.38
EVT-000488,42-475-91201,Ramirez 9H,Van Horn,2025-06-07,INSPECTION,Corrosion coupon retrieval and analysis - 2 mpy average rate,19.6,5454.36
EVT-000489,42-109-84405,Resources 10H,Delaware Basin,2026-01-02,INSPECTION,Quarterly ESP system diagnostic and vibration analysis completed,31.4,23573.33
EVT-000490,42-109-84405,Resources 10H,Delaware Basin,2026-03-07,MAINTENANCE,Quarterly ESP system diagnostic and vibration analysis completed,26.9,13288.49
EVT-000491,42-389-46563,Collins 1H,Loving,2026-05-26,CHEMICAL_TREATMENT,Quarterly ESP system diagnostic and vibration analysis completed,27.9,4030.52
EVT-000492,42-389-46563,Collins 1H,Loving,2026-05-07,CHEMICAL_TREATMENT,Surface facility maintenance including separator cleaning and meter calibration,33.3,16558.34
EVT-000493,42-389-46563,Collins 1H,Loving,2026-06-14,MAINTENANCE,Quarterly ESP system diagnostic and vibration analysis completed,21.1,12239.11
EVT-000494,42-389-46563,Collins 1H,Loving,2026-03-09,INSPECTION,Surface facility maintenance including separator cleaning and meter calibration,16.4,11307.51
EVT-000495,42-495-63805,Morris 2H,Kermit,2026-03-29,CHEMICAL_TREATMENT,Scheduled wellhead maintenance and valve replacement,34.4,6512.14
EVT-000496,42-495-63805,Morris 2H,Kermit,2025-03-22,MAINTENANCE,Surface facility maintenance including separator cleaning and meter calibration,34.6,18909.7
EVT-000497,42-389-38361,Mitchell 1H,Delaware Basin,2023-06-02,EQUIPMENT_CHANGE,"Sand production increasing, pump wear accelerating",49.8,83194.15
EVT-000498,42-389-38361,Mitchell 1H,Delaware Basin,2023-03-29,EQUIPMENT_CHANGE,"Gas lift valve partially plugged, reduced injection efficiency",61.9,120604.31
EVT-000499,42-389-38361,Mitchell 1H,Delaware Basin,2026-05-22,EQUIPMENT_CHANGE,"Increasing water cut trend noted, zone isolation evaluation in progress",56.8,299540.91
EVT-000500,42-109-92831,Gray 11H,Grandfalls,2023-10-21,CHEMICAL_TREATMENT,Corrosion coupon retrieval and analysis - 2 mpy average rate,5.1,1763.34
EVT-000501,42-109-92831,Gray 11H,Grandfalls,2024-09-16,CHEMICAL_TREATMENT,Routine tubing pressure test and casing inspection,43.9,21667.99
EVT-000502,42-109-92831,Gray 11H,Grandfalls,2023-09-24,INSPECTION,Routine tubing pressure test and casing inspection,22.1,7648.45
EVT-000503,42-475-45203,Bennett 5H,Buena Vista,2025-08-08,EQUIPMENT_CHANGE,Emulsion issues at separator requiring increased demulsifier dosage,61.7,168394.43
EVT-000504,42-475-45203,Bennett 5H,Buena Vista,2025-08-28,CHEMICAL_TREATMENT,"Intermittent ESP trips due to gas slugging, VSD ramp adjusted",35.3,1093.54
EVT-000505,42-475-45203,Bennett 5H,Buena Vista,2026-05-21,EQUIPMENT_CHANGE,Emulsion issues at separator requiring increased demulsifier dosage,26.8,48414.46
EVT-000506,42-371-49356,Harris 12H,Wink,2025-09-25,INSPECTION,Routine tubing pressure test and casing inspection,4.2,2113.83
EVT-000507,42-371-49356,Harris 12H,Wink,2024-06-30,INSPECTION,Scheduled wellhead maintenance and valve replacement,26.2,4538.92
EVT-000508,42-389-75171,Turner 4H,Mentone,2024-02-17,MAINTENANCE,Routine tubing pressure test and casing inspection,19.0,4301.9
EVT-000509,42-389-75171,Turner 4H,Mentone,2022-10-17,MAINTENANCE,Surface facility maintenance including separator cleaning and meter calibration,2.5,7033.91
EVT-000510,42-389-75171,Turner 4H,Mentone,2024-05-01,CHEMICAL_TREATMENT,Annual safety valve inspection and function test completed,45.3,6123.86
EVT-000511,42-389-73525,Parker 7H,Balmorhea,2026-03-01,INSPECTION,Routine preventive maintenance on ESP system including motor inspection and cable check,37.5,1051.22
EVT-000512,42-495-99348,Adams 7V,Orla,2026-04-26,MAINTENANCE,Routine preventive maintenance on ESP system including motor inspection and cable check,13.0,6375.6
EVT-000513,42-371-36181,Edwards 8H,Imperial,2026-05-08,CHEMICAL_TREATMENT,Routine preventive maintenance on ESP system including motor inspection and cable check,26.6,24449.19
EVT-000514,42-371-36181,Edwards 8H,Imperial,2025-07-18,MAINTENANCE,Quarterly ESP system diagnostic and vibration analysis completed,9.0,6587.75
EVT-000515,42-389-85576,Morris 10H,Balmorhea,2026-04-04,MAINTENANCE,Routine tubing pressure test and casing inspection,23.8,2280.58
EVT-000516,42-389-85576,Morris 10H,Balmorhea,2025-07-19,MAINTENANCE,Routine preventive maintenance on ESP system including motor inspection and cable check,44.5,5643.92
EVT-000517,42-389-85576,Morris 10H,Balmorhea,2025-12-21,MAINTENANCE,Routine preventive maintenance on ESP system including motor inspection and cable check,4.6,4385.24
EVT-000518,42-389-47350,Watson 3H,Loving,2025-08-24,CHEMICAL_TREATMENT,Annual safety valve inspection and function test completed,33.8,16790.17
EVT-000519,42-389-47350,Watson 3H,Loving,2024-07-12,CHEMICAL_TREATMENT,Routine preventive maintenance on ESP system including motor inspection and cable check,9.3,24424.82
EVT-000520,42-389-47350,Watson 3H,Loving,2024-06-22,MAINTENANCE,Quarterly ESP system diagnostic and vibration analysis completed,24.4,9970.95
EVT-000521,42-475-85508,Turner 4H,Toyah,2026-05-24,MAINTENANCE,Surface facility maintenance including separator cleaning and meter calibration,30.2,20410.82
EVT-000522,42-475-85508,Turner 4H,Toyah,2024-10-18,INSPECTION,Routine preventive maintenance on ESP system including motor inspection and cable check,14.7,21138.67
EVT-000523,42-371-35846,Butler 7H,Imperial,2025-05-17,CHEMICAL_TREATMENT,Annual safety valve inspection and function test completed,32.7,8962.21
EVT-000524,42-371-35846,Butler 7H,Imperial,2025-12-04,INSPECTION,Routine preventive maintenance on ESP system including motor inspection and cable check,2.5,23750.77
EVT-000525,42-371-35846,Butler 7H,Imperial,2025-01-17,INSPECTION,Annual safety valve inspection and function test completed,7.1,15092.11
EVT-000526,42-371-64671,Powell 2H,Ward-Estes,2026-01-03,FAILURE,"Downhole pump seized due to severe sand production, pulling unit dispatched",474.5,422090.19
EVT-000527,42-371-64671,Powell 2H,Ward-Estes,2026-03-26,EQUIPMENT_CHANGE,"Severe corrosion-induced tubing failure, well flowing up annulus",33.6,152737.7
EVT-000528,42-371-64671,Powell 2H,Ward-Estes,2025-11-07,WORKOVER,Gas lift valve failure causing complete loss of artificial lift,521.2,660574.31
EVT-000529,42-371-64671,Powell 2H,Ward-Estes,2025-03-18,WORKOVER,"ESP motor failure due to overheating, well shut-in pending replacement",101.5,1739665.38
EVT-000530,42-371-64671,Powell 2H,Ward-Estes,2025-12-23,FAILURE,"Christmas tree valve failure, emergency well control initiated",375.0,260628.2
EVT-000531,42-371-64671,Powell 2H,Ward-Estes,2025-01-27,EQUIPMENT_CHANGE,"Christmas tree valve failure, emergency well control initiated",29.2,203212.16
EVT-000532,42-371-64671,Powell 2H,Ward-Estes,2025-05-03,FAILURE,"VSD drive failure causing ESP shutdown, replacement ordered",402.6,662567.57
EVT-000533,42-371-64671,Powell 2H,Ward-Estes,2025-01-08,FAILURE,"Rod parting at depth, well dead, workover rig scheduled",107.8,382146.24
EVT-000534,42-371-64671,Powell 2H,Ward-Estes,2026-05-25,FAILURE,"Severe corrosion-induced tubing failure, well flowing up annulus",188.9,736775.84
EVT-000535,42-371-64671,Powell 2H,Ward-Estes,2026-06-23,FAILURE,Electrical cable failure on ESP causing complete shutdown,439.0,263281.55
EVT-000536,42-495-49731,Graham 7H,Reeves County,2024-01-18,MAINTENANCE,Routine tubing pressure test and casing inspection,39.3,14319.97
EVT-000537,42-495-49731,Graham 7H,Reeves County,2024-07-04,INSPECTION,Routine preventive maintenance on ESP system including motor inspection and cable check,30.7,14561.81
EVT-000538,42-495-49731,Graham 7H,Reeves County,2024-06-27,CHEMICAL_TREATMENT,Corrosion coupon retrieval and analysis - 2 mpy average rate,6.0,4656.06
EVT-000539,42-389-88190,James 4H,Imperial,2024-10-14,MAINTENANCE,Corrosion coupon retrieval and analysis - 2 mpy average rate,46.5,8589.43
EVT-000540,42-389-88190,James 4H,Imperial,2025-07-22,MAINTENANCE,Surface facility maintenance including separator cleaning and meter calibration,16.1,16613.33
EVT-000541,42-389-88190,James 4H,Imperial,2025-09-13,CHEMICAL_TREATMENT,Routine preventive maintenance on ESP system including motor inspection and cable check,15.0,13929.42
EVT-000542,42-389-88190,James 4H,Imperial,2024-06-19,CHEMICAL_TREATMENT,Surface facility maintenance including separator cleaning and meter calibration,40.9,5822.33
EVT-000543,42-475-49523,Johnson 1H,Pecos Valley,2026-02-20,MAINTENANCE,"Scale buildup detected in tubing, chemical squeeze scheduled",47.5,17667.44
EVT-000544,42-475-49523,Johnson 1H,Pecos Valley,2026-03-19,EQUIPMENT_CHANGE,"Scale buildup detected in tubing, chemical squeeze scheduled",54.0,264362.0
EVT-000545,42-475-49523,Johnson 1H,Pecos Valley,2026-05-25,MAINTENANCE,Emulsion issues at separator requiring increased demulsifier dosage,2.5,21532.58
EVT-000546,42-475-49523,Johnson 1H,Pecos Valley,2026-05-08,FAILURE,"Gas lift valve partially plugged, reduced injection efficiency",429.1,609013.05
EVT-000547,42-495-41854,Campbell 10V,Wink,2026-06-05,INSPECTION,Routine tubing pressure test and casing inspection,34.9,4978.02
EVT-000548,42-495-41854,Campbell 10V,Wink,2026-05-10,CHEMICAL_TREATMENT,Quarterly ESP system diagnostic and vibration analysis completed,14.7,18817.35
EVT-000549,42-371-40741,Ellis 10V,Red Hills,2025-04-12,INSPECTION,Scheduled wellhead maintenance and valve replacement,2.2,11456.27
EVT-000550,42-371-40741,Ellis 10V,Red Hills,2023-10-30,CHEMICAL_TREATMENT,Quarterly ESP system diagnostic and vibration analysis completed,5.1,1860.36
EVT-000551,42-371-40741,Ellis 10V,Red Hills,2024-11-01,CHEMICAL_TREATMENT,Quarterly ESP system diagnostic and vibration analysis completed,6.0,3440.45
EVT-000552,42-371-40741,Ellis 10V,Red Hills,2024-04-17,CHEMICAL_TREATMENT,Surface facility maintenance including separator cleaning and meter calibration,10.4,2435.43
EVT-000553,42-475-69708,Washington 10H,Buena Vista,2025-11-03,INSPECTION,Routine preventive maintenance on ESP system including motor inspection and cable check,9.9,17482.41
EVT-000554,42-475-69708,Washington 10H,Buena Vista,2025-09-12,INSPECTION,Routine tubing pressure test and casing inspection,18.4,14178.03
EVT-000555,42-371-80466,Green 1H,Loving,2025-09-24,CHEMICAL_TREATMENT,Routine tubing pressure test and casing inspection,27.4,1562.27
EVT-000556,42-371-80466,Green 1H,Loving,2025-02-03,MAINTENANCE,Annual safety valve inspection and function test completed,33.3,20411.38
EVT-000557,42-371-80466,Green 1H,Loving,2025-08-07,MAINTENANCE,Scheduled wellhead maintenance and valve replacement,24.3,5202.15
EVT-000558,42-475-51534,Griffin 10H,Balmorhea,2023-08-16,CHEMICAL_TREATMENT,Corrosion coupon retrieval and analysis - 2 mpy average rate,16.1,7935.49
EVT-000559,42-389-36286,Ward 3H,Buena Vista,2026-01-19,CHEMICAL_TREATMENT,Quarterly ESP system diagnostic and vibration analysis completed,47.6,7854.48
EVT-000560,42-389-36286,Ward 3H,Buena Vista,2026-03-14,MAINTENANCE,Annual safety valve inspection and function test completed,6.2,9992.57
EVT-000561,42-389-47173,Price 9H,Kermit,2025-09-20,MAINTENANCE,Scheduled wellhead maintenance and valve replacement,5.0,15762.91
EVT-000562,42-389-47173,Price 9H,Kermit,2023-11-15,MAINTENANCE,Corrosion coupon retrieval and analysis - 2 mpy average rate,7.3,532.52
EVT-000563,42-389-47173,Price 9H,Kermit,2025-03-11,MAINTENANCE,Routine tubing pressure test and casing inspection,14.7,24203.56
EVT-000564,42-475-59132,Powell 10H,Imperial,2026-04-01,INSPECTION,Scheduled wellhead maintenance and valve replacement,39.5,10317.09
EVT-000565,42-475-59132,Powell 10H,Imperial,2025-12-24,INSPECTION,Routine preventive maintenance on ESP system including motor inspection and cable check,23.1,8952.1
EVT-000566,42-475-59132,Powell 10H,Imperial,2025-12-26,INSPECTION,Annual safety valve inspection and function test completed,40.5,7065.68
EVT-000567,42-475-33441,Wallace 5H,Ward-Estes,2024-11-02,EQUIPMENT_CHANGE,"Tubing leak detected at depth, production ceased for workover",111.1,117826.15
EVT-000568,42-475-33441,Wallace 5H,Ward-Estes,2025-07-29,EQUIPMENT_CHANGE,Complete ESP system failure - motor burnout and pump lockup,132.3,17510.16
EVT-000569,42-475-33441,Wallace 5H,Ward-Estes,2026-03-14,WORKOVER,"ESP motor failure due to overheating, well shut-in pending replacement",422.0,376570.92
EVT-000570,42-475-33441,Wallace 5H,Ward-Estes,2025-05-20,FAILURE,Electrical cable failure on ESP causing complete shutdown,264.0,616022.71
EVT-000571,42-475-33441,Wallace 5H,Ward-Estes,2024-07-10,FAILURE,"VSD drive failure causing ESP shutdown, replacement ordered",285.5,403190.97
EVT-000572,42-475-33441,Wallace 5H,Ward-Estes,2024-07-01,FAILURE,"Severe corrosion-induced tubing failure, well flowing up annulus",98.8,321538.2
EVT-000573,42-475-33441,Wallace 5H,Ward-Estes,2024-07-18,EQUIPMENT_CHANGE,"Christmas tree valve failure, emergency well control initiated",112.7,15892.53
EVT-000574,42-475-33441,Wallace 5H,Ward-Estes,2026-07-10,FAILURE,"Christmas tree valve failure, emergency well control initiated",27.4,202116.29
EVT-000575,42-475-33441,Wallace 5H,Ward-Estes,2026-06-24,FAILURE,"ESP motor failure due to overheating, well shut-in pending replacement",155.5,729266.56
EVT-000576,42-495-93404,Foster 7H,Red Hills,2026-02-27,INSPECTION,Routine tubing pressure test and casing inspection,8.4,21761.41
EVT-000577,42-495-93404,Foster 7H,Red Hills,2026-01-06,MAINTENANCE,Annual safety valve inspection and function test completed,45.6,18383.26
EVT-000578,42-495-93404,Foster 7H,Red Hills,2025-10-26,CHEMICAL_TREATMENT,Corrosion coupon retrieval and analysis - 2 mpy average rate,46.2,18810.99
EVT-000579,42-475-35488,Bennett 1H,Coyanosa,2026-01-24,MAINTENANCE,Annual safety valve inspection and function test completed,17.8,22532.78
EVT-000580,42-475-35488,Bennett 1H,Coyanosa,2026-02-04,CHEMICAL_TREATMENT,Corrosion coupon retrieval and analysis - 2 mpy average rate,14.7,15503.53
EVT-000581,42-475-62195,Flores 8V,Red Hills,2026-01-10,MAINTENANCE,Corrosion coupon retrieval and analysis - 2 mpy average rate,12.0,3176.46
EVT-000582,42-475-62195,Flores 8V,Red Hills,2025-03-21,MAINTENANCE,Annual safety valve inspection and function test completed,31.4,15459.05
EVT-000583,42-475-62195,Flores 8V,Red Hills,2024-05-10,MAINTENANCE,Routine tubing pressure test and casing inspection,28.1,6031.98
EVT-000584,42-475-79958,Ramirez 7H,Toyah,2025-07-14,EQUIPMENT_CHANGE,"Casing collapse detected during pressure test, integrity compromised",14.2,45193.63
EVT-000585,42-475-79958,Ramirez 7H,Toyah,2025-12-17,WORKOVER,"ESP motor failure due to overheating, well shut-in pending replacement",498.8,351143.0
EVT-000586,42-475-79958,Ramirez 7H,Toyah,2025-12-01,FAILURE,"Severe corrosion-induced tubing failure, well flowing up annulus",391.8,320142.04
EVT-000587,42-475-79958,Ramirez 7H,Toyah,2025-09-29,FAILURE,"Downhole pump seized due to severe sand production, pulling unit dispatched",436.1,409351.71
EVT-000588,42-475-79958,Ramirez 7H,Toyah,2025-10-30,WORKOVER,"ESP motor failure due to overheating, well shut-in pending replacement",293.0,1695395.92
EVT-000589,42-475-79958,Ramirez 7H,Toyah,2025-06-30,FAILURE,"VSD drive failure causing ESP shutdown, replacement ordered",463.7,755754.53
EVT-000590,42-475-79958,Ramirez 7H,Toyah,2026-01-04,FAILURE,"VSD drive failure causing ESP shutdown, replacement ordered",463.5,653867.95
EVT-000591,42-475-79958,Ramirez 7H,Toyah,2026-06-30,FAILURE,"Hole in tubing at 6500ft, severe production loss and gas migration",297.9,679955.66
EVT-000592,42-475-79958,Ramirez 7H,Toyah,2026-05-29,FAILURE,"Downhole pump seized due to severe sand production, pulling unit dispatched",268.5,703358.34
EVT-000593,42-371-93720,Patterson 8H,Orla,2025-03-06,INSPECTION,Routine tubing pressure test and casing inspection,20.4,20453.92
EVT-000594,42-371-93720,Patterson 8H,Orla,2026-06-10,CHEMICAL_TREATMENT,Annual safety valve inspection and function test completed,2.8,7246.89
EVT-000595,42-371-93720,Patterson 8H,Orla,2025-08-31,MAINTENANCE,Routine preventive maintenance on ESP system including motor inspection and cable check,3.3,22654.76
EVT-000596,42-389-47896,West 1H,Red Hills,2024-11-10,INSPECTION,Corrosion coupon retrieval and analysis - 2 mpy average rate,28.4,20983.61
EVT-000597,42-389-47896,West 1H,Red Hills,2025-03-04,MAINTENANCE,Routine preventive maintenance on ESP system including motor inspection and cable check,11.2,13129.87
EVT-000598,42-389-47896,West 1H,Red Hills,2024-09-15,INSPECTION,Annual safety valve inspection and function test completed,18.4,6291.24
EVT-000599,42-495-35713,Edwards 5V,Toyah,2026-05-30,CHEMICAL_TREATMENT,Corrosion coupon retrieval and analysis - 2 mpy average rate,9.1,12360.03
EVT-000600,42-495-35713,Edwards 5V,Toyah,2026-05-03,INSPECTION,Scheduled wellhead maintenance and valve replacement,3.9,4190.84
EVT-000601,42-495-35713,Edwards 5V,Toyah,2026-02-06,CHEMICAL_TREATMENT,Routine tubing pressure test and casing inspection,43.1,8496.65
EVT-000602,42-495-35713,Edwards 5V,Toyah,2026-02-23,INSPECTION,Quarterly ESP system diagnostic and vibration analysis completed,6.2,16055.65
EVT-000603,42-371-32788,Patterson 9H,Monahans,2025-05-01,MAINTENANCE,Scheduled wellhead maintenance and valve replacement,43.8,15131.45
EVT-000604,42-371-32788,Patterson 9H,Monahans,2025-09-26,INSPECTION,Routine tubing pressure test and casing inspection,35.1,16260.51
EVT-000605,42-475-67883,Rivera 6H,Coyanosa,2024-11-02,MAINTENANCE,Annual safety valve inspection and function test completed,18.4,7048.01
EVT-000606,42-389-49655,Roberts 7H,Grandfalls,2026-01-22,CHEMICAL_TREATMENT,Routine preventive maintenance on ESP system including motor inspection and cable check,44.3,19253.99
EVT-000607,42-389-49655,Roberts 7H,Grandfalls,2026-04-05,INSPECTION,Routine preventive maintenance on ESP system including motor inspection and cable check,8.8,13898.46
EVT-000608,42-389-66818,Jenkins 2H,Buena Vista,2024-03-29,INSPECTION,Corrosion coupon retrieval and analysis - 2 mpy average rate,20.2,15099.15
EVT-000609,42-389-66818,Jenkins 2H,Buena Vista,2025-10-23,INSPECTION,Quarterly ESP system diagnostic and vibration analysis completed,15.2,24999.41
EVT-000610,42-389-66818,Jenkins 2H,Buena Vista,2025-10-20,MAINTENANCE,Routine preventive maintenance on ESP system including motor inspection and cable check,11.3,23472.86
EVT-000611,42-389-90140,Howard 10H,Fort Stockton,2025-07-03,CHEMICAL_TREATMENT,Routine preventive maintenance on ESP system including motor inspection and cable check,7.8,15324.65
EVT-000612,42-389-90140,Howard 10H,Fort Stockton,2025-02-20,INSPECTION,Routine preventive maintenance on ESP system including motor inspection and cable check,7.4,2174.66
EVT-000613,42-389-90140,Howard 10H,Fort Stockton,2025-08-24,CHEMICAL_TREATMENT,Routine tubing pressure test and casing inspection,41.5,9975.93
EVT-000614,42-389-90140,Howard 10H,Fort Stockton,2025-01-15,MAINTENANCE,Scheduled wellhead maintenance and valve replacement,38.0,18244.37
EVT-000615,42-109-32116,Peterson 2H,Ward-Estes,2026-06-13,MAINTENANCE,Annual safety valve inspection and function test completed,22.2,19055.13
EVT-000616,42-109-32116,Peterson 2H,Ward-Estes,2026-02-09,MAINTENANCE,Scheduled wellhead maintenance and valve replacement,28.4,21980.9
EVT-000617,42-109-32116,Peterson 2H,Ward-Estes,2026-03-11,INSPECTION,Surface facility maintenance including separator cleaning and meter calibration,16.3,6096.45
EVT-000618,42-389-62581,Hayes 7H,Buena Vista,2023-10-20,INSPECTION,"Elevated motor temperature detected, monitoring increased frequency",44.0,14859.8
EVT-000619,42-389-62581,Hayes 7H,Buena Vista,2025-05-08,MAINTENANCE,"Sand production increasing, pump wear accelerating",22.8,21407.09
EVT-000620,42-389-62581,Hayes 7H,Buena Vista,2022-05-26,MAINTENANCE,Emulsion issues at separator requiring increased demulsifier dosage,7.2,19715.46
EVT-000621,42-389-62581,Hayes 7H,Buena Vista,2025-04-25,MAINTENANCE,Emulsion issues at separator requiring increased demulsifier dosage,42.2,7097.66
EVT-000622,42-389-62581,Hayes 7H,Buena Vista,2025-03-16,MAINTENANCE,"Scale buildup detected in tubing, chemical squeeze scheduled",34.2,17452.92
EVT-000623,42-389-62581,Hayes 7H,Buena Vista,2026-05-30,FAILURE,"Paraffin accumulation restricting flow, hot oil treatment performed",434.8,514308.37
EVT-000624,42-389-46883,Johnson 8V,Toyah,2025-12-21,INSPECTION,Corrosion coupon retrieval and analysis - 2 mpy average rate,45.1,17159.66
EVT-000625,42-371-87610,Scott 2H,Balmorhea,2024-01-27,CHEMICAL_TREATMENT,Surface facility maintenance including separator cleaning and meter calibration,46.6,2563.45
EVT-000626,42-371-87610,Scott 2H,Balmorhea,2024-12-04,INSPECTION,Routine preventive maintenance on ESP system including motor inspection and cable check,42.1,13461.76
EVT-000627,42-371-87610,Scott 2H,Balmorhea,2025-02-22,MAINTENANCE,Scheduled wellhead maintenance and valve replacement,18.0,3918.67
EVT-000628,42-389-95776,Hayes 10H,Monahans,2026-03-17,CHEMICAL_TREATMENT,Routine tubing pressure test and casing inspection,38.9,8252.83
EVT-000629,42-389-95776,Hayes 10H,Monahans,2026-02-10,INSPECTION,Routine preventive maintenance on ESP system including motor inspection and cable check,21.2,22675.39
EVT-000630,42-389-95776,Hayes 10H,Monahans,2026-02-15,INSPECTION,Corrosion coupon retrieval and analysis - 2 mpy average rate,8.2,15908.42
EVT-000631,42-389-71796,Butler 7H,Toyah,2025-03-11,INSPECTION,Annual safety valve inspection and function test completed,32.9,9618.82
EVT-000632,42-475-42326,Hayes 5H,Ward-Estes,2026-05-30,CHEMICAL_TREATMENT,Quarterly ESP system diagnostic and vibration analysis completed,39.1,8762.11
EVT-000633,42-475-42326,Hayes 5H,Ward-Estes,2025-10-09,CHEMICAL_TREATMENT,Annual safety valve inspection and function test completed,16.0,12958.9
EVT-000634,42-475-42326,Hayes 5H,Ward-Estes,2026-06-13,CHEMICAL_TREATMENT,Routine tubing pressure test and casing inspection,19.1,18614.95
EVT-000635,42-475-42326,Hayes 5H,Ward-Estes,2025-11-20,MAINTENANCE,Routine preventive maintenance on ESP system including motor inspection and cable check,36.0,1731.22
EVT-000636,42-389-76525,Griffin 8H,Imperial,2026-01-02,MAINTENANCE,Routine tubing pressure test and casing inspection,11.1,21545.88
EVT-000637,42-389-76525,Griffin 8H,Imperial,2024-11-01,CHEMICAL_TREATMENT,Corrosion coupon retrieval and analysis - 2 mpy average rate,14.0,23384.24
EVT-000638,42-389-76525,Griffin 8H,Imperial,2024-11-24,CHEMICAL_TREATMENT,Quarterly ESP system diagnostic and vibration analysis completed,14.7,12598.88
EVT-000639,42-389-76525,Griffin 8H,Imperial,2025-12-26,MAINTENANCE,Quarterly ESP system diagnostic and vibration analysis completed,42.0,4216.8
EVT-000640,42-389-49165,West 12H,Delaware Basin,2025-09-28,MAINTENANCE,Corrosion coupon retrieval and analysis - 2 mpy average rate,39.2,14600.45
EVT-000641,42-371-46553,Hayes 1H,Reeves County,2023-09-16,CHEMICAL_TREATMENT,Corrosion coupon retrieval and analysis - 2 mpy average rate,34.7,17638.13
EVT-000642,42-371-46553,Hayes 1H,Reeves County,2024-07-11,CHEMICAL_TREATMENT,Routine preventive maintenance on ESP system including motor inspection and cable check,17.8,4934.46
EVT-000643,42-371-46553,Hayes 1H,Reeves County,2025-08-15,MAINTENANCE,Routine tubing pressure test and casing inspection,40.5,7071.3
EVT-000644,42-371-46553,Hayes 1H,Reeves County,2023-06-27,INSPECTION,Quarterly ESP system diagnostic and vibration analysis completed,10.3,19533.01
EVT-000645,42-389-48830,Owens 6H,Kermit,2024-10-03,WORKOVER,"Christmas tree valve failure, emergency well control initiated",342.2,1590146.39
EVT-000646,42-389-48830,Owens 6H,Kermit,2022-10-17,WORKOVER,"ESP motor failure due to overheating, well shut-in pending replacement",49.5,734438.76
EVT-000647,42-389-48830,Owens 6H,Kermit,2024-05-21,FAILURE,"Rod parting at depth, well dead, workover rig scheduled",430.4,219301.98
EVT-000648,42-389-48830,Owens 6H,Kermit,2026-06-09,FAILURE,"Christmas tree valve failure, emergency well control initiated",188.4,634445.68
EVT-000649,42-389-48830,Owens 6H,Kermit,2026-06-27,FAILURE,"ESP motor failure due to overheating, well shut-in pending replacement",133.6,396499.51
EVT-000650,42-389-57710,Flores 8H,Delaware Basin,2025-04-24,WORKOVER,Complete ESP system failure - motor burnout and pump lockup,641.6,1087701.66
EVT-000651,42-389-57710,Flores 8H,Delaware Basin,2025-07-12,WORKOVER,Gas lift valve failure causing complete loss of artificial lift,676.1,1379975.96
EVT-000652,42-389-57710,Flores 8H,Delaware Basin,2025-10-02,WORKOVER,Electrical cable failure on ESP causing complete shutdown,97.4,821069.96
EVT-000653,42-389-57710,Flores 8H,Delaware Basin,2026-06-13,FAILURE,"Tubing leak detected at depth, production ceased for workover",182.7,373690.48
EVT-000654,42-389-57710,Flores 8H,Delaware Basin,2026-06-08,FAILURE,Gas lift valve failure causing complete loss of artificial lift,135.9,614942.08
EVT-000655,42-475-44714,Rogers 8H,Fort Stockton,2025-12-29,CHEMICAL_TREATMENT,Surface facility maintenance including separator cleaning and meter calibration,37.1,19860.48
EVT-000656,42-389-38540,Clayton 8H,Coyanosa,2024-02-22,MAINTENANCE,Routine tubing pressure test and casing inspection,16.7,11939.55
EVT-000657,42-389-38540,Clayton 8H,Coyanosa,2025-06-30,CHEMICAL_TREATMENT,Annual safety valve inspection and function test completed,6.6,5929.67
EVT-000658,42-389-38540,Clayton 8H,Coyanosa,2024-09-25,CHEMICAL_TREATMENT,Routine preventive maintenance on ESP system including motor inspection and cable check,13.6,3398.63
EVT-000659,42-389-38540,Clayton 8H,Coyanosa,2025-11-12,CHEMICAL_TREATMENT,Surface facility maintenance including separator cleaning and meter calibration,44.3,23358.09
EVT-000660,42-475-51895,Richardson 3H,Grandfalls,2023-03-11,CHEMICAL_TREATMENT,Quarterly ESP system diagnostic and vibration analysis completed,19.9,8664.55
EVT-000661,42-475-51895,Richardson 3H,Grandfalls,2024-03-31,MAINTENANCE,Annual safety valve inspection and function test completed,28.0,16603.3
EVT-000662,42-389-55576,Bass 6H,Van Horn,2026-04-30,CHEMICAL_TREATMENT,Routine tubing pressure test and casing inspection,21.1,16272.15
EVT-000663,42-389-55576,Bass 6H,Van Horn,2025-11-22,INSPECTION,Scheduled wellhead maintenance and valve replacement,10.7,6951.86
EVT-000664,42-389-55576,Bass 6H,Van Horn,2026-04-10,INSPECTION,Quarterly ESP system diagnostic and vibration analysis completed,47.5,13234.1
EVT-000665,42-495-75010,Minerals 6H,Wink,2024-02-10,MAINTENANCE,Quarterly ESP system diagnostic and vibration analysis completed,5.1,19456.47
EVT-000666,42-495-56517,Cole 9H,Orla,2024-11-22,CHEMICAL_TREATMENT,Emulsion issues at separator requiring increased demulsifier dosage,4.7,16509.6
EVT-000667,42-495-56517,Cole 9H,Orla,2025-10-13,CHEMICAL_TREATMENT,"Gas lift valve partially plugged, reduced injection efficiency",28.4,11239.26
EVT-000668,42-495-56517,Cole 9H,Orla,2026-04-30,FAILURE,"Paraffin accumulation restricting flow, hot oil treatment performed",42.1,439635.35
EVT-000669,42-301-47145,Ramirez 6H,Monahans,2025-01-22,INSPECTION,Surface facility maintenance including separator cleaning and meter calibration,9.8,3180.86
EVT-000670,42-301-47145,Ramirez 6H,Monahans,2025-12-14,INSPECTION,Scheduled wellhead maintenance and valve replacement,29.7,8053.05
EVT-000671,42-301-47145,Ramirez 6H,Monahans,2025-12-12,MAINTENANCE,Annual safety valve inspection and function test completed,11.0,8976.92
EVT-000672,42-301-47145,Ramirez 6H,Monahans,2024-11-22,MAINTENANCE,Corrosion coupon retrieval and analysis - 2 mpy average rate,34.4,22451.75
EVT-000673,42-301-46794,Hart 1H,Loving,2025-05-05,INSPECTION,Quarterly ESP system diagnostic and vibration analysis completed,24.6,1642.4
EVT-000674,42-301-46794,Hart 1H,Loving,2025-08-19,INSPECTION,Routine preventive maintenance on ESP system including motor inspection and cable check,3.6,13050.97
EVT-000675,42-301-46794,Hart 1H,Loving,2025-08-17,CHEMICAL_TREATMENT,Surface facility maintenance including separator cleaning and meter calibration,22.3,6597.59
EVT-000676,42-301-46794,Hart 1H,Loving,2025-06-15,INSPECTION,Routine preventive maintenance on ESP system including motor inspection and cable check,8.2,17795.84
EVT-000677,42-301-79412,Wood 10H,Coyanosa,2024-12-21,WORKOVER,"Tubing leak detected at depth, production ceased for workover",98.7,1980421.68
EVT-000678,42-301-79412,Wood 10H,Coyanosa,2024-02-27,EQUIPMENT_CHANGE,"Tubing leak detected at depth, production ceased for workover",167.3,287963.07
EVT-000679,42-301-79412,Wood 10H,Coyanosa,2026-04-13,FAILURE,"ESP motor failure due to overheating, well shut-in pending replacement",396.6,728719.35
EVT-000680,42-301-79412,Wood 10H,Coyanosa,2024-09-15,WORKOVER,Gas lift valve failure causing complete loss of artificial lift,352.6,1800605.62
EVT-000681,42-301-79412,Wood 10H,Coyanosa,2022-11-13,EQUIPMENT_CHANGE,"Downhole pump seized due to severe sand production, pulling unit dispatched",154.5,139822.53
EVT-000682,42-301-79412,Wood 10H,Coyanosa,2026-07-04,FAILURE,"Tubing leak detected at depth, production ceased for workover",455.6,459023.79
EVT-000683,42-301-79412,Wood 10H,Coyanosa,2026-05-28,FAILURE,"Severe corrosion-induced tubing failure, well flowing up annulus",133.4,62559.33
EVT-000684,42-389-79989,Roberts 7H,Balmorhea,2025-11-17,CHEMICAL_TREATMENT,Routine preventive maintenance on ESP system including motor inspection and cable check,17.1,1960.0
EVT-000685,42-495-84831,Flores 8H,Van Horn,2025-01-31,INSPECTION,Scheduled wellhead maintenance and valve replacement,27.0,17115.88
EVT-000686,42-495-84831,Flores 8H,Van Horn,2025-08-29,MAINTENANCE,Quarterly ESP system diagnostic and vibration analysis completed,27.3,20097.7
EVT-000687,42-495-84831,Flores 8H,Van Horn,2025-11-22,MAINTENANCE,Corrosion coupon retrieval and analysis - 2 mpy average rate,38.1,9217.62
EVT-000688,42-389-66046,West 6H,Grandfalls,2026-06-15,FAILURE,"Casing collapse detected during pressure test, integrity compromised",419.6,684299.17
EVT-000689,42-389-66046,West 6H,Grandfalls,2026-01-21,EQUIPMENT_CHANGE,"Rod parting at depth, well dead, workover rig scheduled",92.4,49270.61
EVT-000690,42-389-66046,West 6H,Grandfalls,2025-12-04,EQUIPMENT_CHANGE,Complete ESP system failure - motor burnout and pump lockup,72.3,216904.07
EVT-000691,42-389-66046,West 6H,Grandfalls,2026-05-29,FAILURE,Gas lift valve failure causing complete loss of artificial lift,223.1,244102.64
EVT-000692,42-389-66046,West 6H,Grandfalls,2026-06-25,FAILURE,Complete ESP system failure - motor burnout and pump lockup,457.0,575334.38
EVT-000693,42-475-46884,Price 2H,Delaware Basin,2026-01-12,INSPECTION,Routine preventive maintenance on ESP system including motor inspection and cable check,7.8,18277.04
EVT-000694,42-475-46884,Price 2H,Delaware Basin,2025-10-20,MAINTENANCE,Surface facility maintenance including separator cleaning and meter calibration,38.0,23187.51
EVT-000695,42-475-46884,Price 2H,Delaware Basin,2025-02-20,INSPECTION,Scheduled wellhead maintenance and valve replacement,14.0,9092.83
EVT-000696,42-475-46884,Price 2H,Delaware Basin,2026-03-18,MAINTENANCE,Annual safety valve inspection and function test completed,17.8,3872.83
EVT-000697,42-475-33988,Bryant 11H,Imperial,2023-08-25,MAINTENANCE,Quarterly ESP system diagnostic and vibration analysis completed,33.5,13288.26
EVT-000698,42-475-39604,Wheeler 4H,Van Horn,2025-06-15,MAINTENANCE,Routine preventive maintenance on ESP system including motor inspection and cable check,19.2,10482.97
EVT-000699,42-475-39604,Wheeler 4H,Van Horn,2026-04-29,INSPECTION,Corrosion coupon retrieval and analysis - 2 mpy average rate,2.3,4982.97
EVT-000700,42-371-94340,Morris 8H,Toyah,2024-10-25,EQUIPMENT_CHANGE,"Hole in tubing at 6500ft, severe production loss and gas migration",23.4,182504.13
EVT-000701,42-371-94340,Morris 8H,Toyah,2025-02-21,FAILURE,"ESP motor failure due to overheating, well shut-in pending replacement",241.0,735985.8
EVT-000702,42-371-94340,Morris 8H,Toyah,2025-10-10,FAILURE,"Hole in tubing at 6500ft, severe production loss and gas migration",209.2,106711.82
EVT-000703,42-371-94340,Morris 8H,Toyah,2025-09-05,FAILURE,"Christmas tree valve failure, emergency well control initiated",228.3,606555.22
EVT-000704,42-371-94340,Morris 8H,Toyah,2025-06-20,FAILURE,Electrical cable failure on ESP causing complete shutdown,135.1,615289.67
EVT-000705,42-371-94340,Morris 8H,Toyah,2025-09-28,FAILURE,"Severe corrosion-induced tubing failure, well flowing up annulus",444.3,173183.71
EVT-000706,42-371-94340,Morris 8H,Toyah,2025-04-26,FAILURE,"Casing collapse detected during pressure test, integrity compromised",161.5,792784.28
EVT-000707,42-371-94340,Morris 8H,Toyah,2026-06-06,FAILURE,Electrical cable failure on ESP causing complete shutdown,372.1,77706.37
EVT-000708,42-371-94340,Morris 8H,Toyah,2026-05-29,FAILURE,"Rod parting at depth, well dead, workover rig scheduled",270.8,723181.79
EVT-000709,42-475-71738,Washington 8H,Van Horn,2025-11-05,INSPECTION,Corrosion coupon retrieval and analysis - 2 mpy average rate,42.1,1504.25
EVT-000710,42-475-88314,Jackson 1H,Toyah,2023-02-10,CHEMICAL_TREATMENT,Quarterly ESP system diagnostic and vibration analysis completed,36.3,512.91
EVT-000711,42-475-88314,Jackson 1H,Toyah,2025-07-26,CHEMICAL_TREATMENT,Routine preventive maintenance on ESP system including motor inspection and cable check,18.3,20558.23
EVT-000712,42-475-88314,Jackson 1H,Toyah,2023-10-15,CHEMICAL_TREATMENT,Routine tubing pressure test and casing inspection,41.2,7369.05
EVT-000713,42-475-88314,Jackson 1H,Toyah,2024-06-09,MAINTENANCE,Routine tubing pressure test and casing inspection,42.4,12853.39
EVT-000714,42-389-94816,Watson 2V,Orla,2025-03-21,CHEMICAL_TREATMENT,Scheduled wellhead maintenance and valve replacement,13.3,15619.87
EVT-000715,42-389-94816,Watson 2V,Orla,2026-06-15,CHEMICAL_TREATMENT,Scheduled wellhead maintenance and valve replacement,4.3,10815.64
EVT-000716,42-389-94816,Watson 2V,Orla,2026-02-25,INSPECTION,Annual safety valve inspection and function test completed,16.1,2753.65
EVT-000717,42-389-94816,Watson 2V,Orla,2025-10-22,INSPECTION,Quarterly ESP system diagnostic and vibration analysis completed,31.2,12373.39
EVT-000718,42-389-73888,Bass 1H,Reeves County,2025-04-25,INSPECTION,Corrosion coupon retrieval and analysis - 2 mpy average rate,48.0,6685.27
EVT-000719,42-389-84775,Hughes 3H,Fort Stockton,2025-04-05,CHEMICAL_TREATMENT,Scheduled wellhead maintenance and valve replacement,37.1,22306.66
EVT-000720,42-389-84775,Hughes 3H,Fort Stockton,2025-01-27,INSPECTION,Annual safety valve inspection and function test completed,4.5,3592.96
EVT-000721,42-389-84775,Hughes 3H,Fort Stockton,2025-02-06,MAINTENANCE,Quarterly ESP system diagnostic and vibration analysis completed,21.0,18092.75
EVT-000722,42-109-36658,Stewart 1H,Orla,2025-03-10,WORKOVER,Complete ESP system failure - motor burnout and pump lockup,470.1,149504.88
EVT-000723,42-109-36658,Stewart 1H,Orla,2025-03-22,FAILURE,"ESP motor failure due to overheating, well shut-in pending replacement",373.7,300154.04
EVT-000724,42-109-36658,Stewart 1H,Orla,2026-01-22,FAILURE,"Tubing leak detected at depth, production ceased for workover",212.0,417219.83
EVT-000725,42-109-36658,Stewart 1H,Orla,2026-03-25,FAILURE,"Christmas tree valve failure, emergency well control initiated",364.1,35809.15
EVT-000726,42-109-36658,Stewart 1H,Orla,2024-12-06,WORKOVER,Electrical cable failure on ESP causing complete shutdown,116.8,472575.24
EVT-000727,42-109-36658,Stewart 1H,Orla,2026-06-29,FAILURE,"Casing collapse detected during pressure test, integrity compromised",326.4,206626.37
EVT-000728,42-109-36658,Stewart 1H,Orla,2026-06-08,FAILURE,Electrical cable failure on ESP causing complete shutdown,393.1,691708.17
EVT-000729,42-495-40322,Green 12H,Culberson County,2025-06-09,MAINTENANCE,Scheduled wellhead maintenance and valve replacement,41.1,17874.44
EVT-000730,42-495-40322,Green 12H,Culberson County,2024-05-05,CHEMICAL_TREATMENT,Scheduled wellhead maintenance and valve replacement,34.2,12039.54
EVT-000731,42-389-58656,Nelson 2H,Imperial,2025-10-25,MAINTENANCE,Quarterly ESP system diagnostic and vibration analysis completed,30.2,9368.85
EVT-000732,42-389-58656,Nelson 2H,Imperial,2025-01-26,CHEMICAL_TREATMENT,Routine tubing pressure test and casing inspection,2.1,18170.02
EVT-000733,42-389-62089,Bailey 9H,Pecos Valley,2026-02-21,MAINTENANCE,Emulsion issues at separator requiring increased demulsifier dosage,14.4,15419.44
EVT-000734,42-389-62089,Bailey 9H,Pecos Valley,2026-02-06,INSPECTION,Emulsion issues at separator requiring increased demulsifier dosage,46.3,2446.55
EVT-000735,42-389-62089,Bailey 9H,Pecos Valley,2026-02-14,EQUIPMENT_CHANGE,"Increasing water cut trend noted, zone isolation evaluation in progress",33.7,71527.58
EVT-000736,42-389-62089,Bailey 9H,Pecos Valley,2026-05-22,CHEMICAL_TREATMENT,"Intermittent ESP trips due to gas slugging, VSD ramp adjusted",43.0,20273.6
EVT-000737,42-389-62089,Bailey 9H,Pecos Valley,2026-05-27,FAILURE,"Intermittent ESP trips due to gas slugging, VSD ramp adjusted",214.9,55620.97
EVT-000738,42-389-92986,Thompson 8H,Orla,2025-06-04,MAINTENANCE,Annual safety valve inspection and function test completed,33.1,20127.54
EVT-000739,42-389-92986,Thompson 8H,Orla,2024-02-13,INSPECTION,Routine preventive maintenance on ESP system including motor inspection and cable check,47.4,6458.38
EVT-000740,42-475-43645,Fisher 2H,Wink,2025-06-04,INSPECTION,"Sand production increasing, pump wear accelerating",45.5,22074.36
EVT-000741,42-475-43645,Fisher 2H,Wink,2024-10-09,MAINTENANCE,"Paraffin accumulation restricting flow, hot oil treatment performed",32.1,19048.28
EVT-000742,42-475-43645,Fisher 2H,Wink,2026-04-21,FAILURE,Emulsion issues at separator requiring increased demulsifier dosage,117.8,430986.07
EVT-000743,42-301-90548,Powell 12H,Red Hills,2025-02-24,MAINTENANCE,Corrosion coupon retrieval and analysis - 2 mpy average rate,37.6,10756.68
EVT-000744,42-301-90548,Powell 12H,Red Hills,2025-07-27,INSPECTION,Surface facility maintenance including separator cleaning and meter calibration,17.5,10032.26
EVT-000745,42-301-90548,Powell 12H,Red Hills,2024-09-19,MAINTENANCE,Annual safety valve inspection and function test completed,34.6,8076.33
EVT-000746,42-371-36303,Diaz 3H,Grandfalls,2025-08-05,MAINTENANCE,Routine tubing pressure test and casing inspection,33.5,21607.2
EVT-000747,42-371-36303,Diaz 3H,Grandfalls,2025-07-11,INSPECTION,Routine tubing pressure test and casing inspection,26.0,14850.66
EVT-000748,42-371-36303,Diaz 3H,Grandfalls,2024-04-02,INSPECTION,Annual safety valve inspection and function test completed,16.6,5054.17
EVT-000749,42-389-83626,Simmons 8H,Loving,2024-11-10,CHEMICAL_TREATMENT,Annual safety valve inspection and function test completed,42.0,4761.57
EVT-000750,42-389-83626,Simmons 8H,Loving,2023-08-14,INSPECTION,Surface facility maintenance including separator cleaning and meter calibration,20.1,7230.37
EVT-000751,42-389-83626,Simmons 8H,Loving,2025-10-22,CHEMICAL_TREATMENT,Routine preventive maintenance on ESP system including motor inspection and cable check,23.0,13433.66
EVT-000752,42-389-83626,Simmons 8H,Loving,2024-11-16,CHEMICAL_TREATMENT,Scheduled wellhead maintenance and valve replacement,19.5,13933.84
EVT-000753,42-389-90475,Baker 1H,Delaware Basin,2026-02-15,INSPECTION,Surface facility maintenance including separator cleaning and meter calibration,12.5,1183.49
EVT-000754,42-389-90475,Baker 1H,Delaware Basin,2026-04-09,MAINTENANCE,Surface facility maintenance including separator cleaning and meter calibration,16.7,21026.18
EVT-000755,42-389-90475,Baker 1H,Delaware Basin,2026-01-26,MAINTENANCE,Surface facility maintenance including separator cleaning and meter calibration,27.3,1009.35
EVT-000756,42-389-90475,Baker 1H,Delaware Basin,2026-02-04,INSPECTION,Routine tubing pressure test and casing inspection,26.1,21217.11
EVT-000757,42-475-41915,Harris 11H,Coyanosa,2024-10-18,FAILURE,"Hole in tubing at 6500ft, severe production loss and gas migration",423.7,496746.29
EVT-000758,42-475-41915,Harris 11H,Coyanosa,2025-08-23,WORKOVER,"Downhole pump seized due to severe sand production, pulling unit dispatched",316.8,1319147.9
EVT-000759,42-475-41915,Harris 11H,Coyanosa,2022-10-15,FAILURE,"Tubing leak detected at depth, production ceased for workover",190.1,43295.47
EVT-000760,42-475-41915,Harris 11H,Coyanosa,2026-05-18,FAILURE,"VSD drive failure causing ESP shutdown, replacement ordered",470.9,574334.7
EVT-000761,42-475-41915,Harris 11H,Coyanosa,2026-07-09,FAILURE,"ESP motor failure due to overheating, well shut-in pending replacement",265.7,697727.02
EVT-000762,42-475-39126,Land Trust 5H,Grandfalls,2025-07-13,INSPECTION,Surface facility maintenance including separator cleaning and meter calibration,26.6,17268.57
EVT-000763,42-475-80512,West 9H,Toyah,2026-03-27,CHEMICAL_TREATMENT,Scheduled wellhead maintenance and valve replacement,21.3,6083.2
EVT-000764,42-475-80512,West 9H,Toyah,2026-02-11,INSPECTION,Routine tubing pressure test and casing inspection,7.3,20200.19
EVT-000765,42-475-80512,West 9H,Toyah,2025-04-25,MAINTENANCE,Quarterly ESP system diagnostic and vibration analysis completed,3.2,24384.6
EVT-000766,42-389-60814,Sanders 12V,Van Horn,2022-11-02,MAINTENANCE,Quarterly ESP system diagnostic and vibration analysis completed,2.5,3624.56
EVT-000767,42-389-43114,Wood 6H,Van Horn,2025-12-03,CHEMICAL_TREATMENT,Annual safety valve inspection and function test completed,10.1,18121.63
EVT-000768,42-389-43114,Wood 6H,Van Horn,2025-08-06,INSPECTION,Annual safety valve inspection and function test completed,30.8,24396.69
EVT-000769,42-389-51804,Jordan 12H,Van Horn,2023-12-23,CHEMICAL_TREATMENT,Annual safety valve inspection and function test completed,46.9,22735.04
EVT-000770,42-389-51804,Jordan 12H,Van Horn,2024-12-12,CHEMICAL_TREATMENT,Surface facility maintenance including separator cleaning and meter calibration,46.9,10904.15
EVT-000771,42-389-51804,Jordan 12H,Van Horn,2025-08-24,MAINTENANCE,Quarterly ESP system diagnostic and vibration analysis completed,43.3,5053.83
EVT-000772,42-389-51804,Jordan 12H,Van Horn,2024-10-30,INSPECTION,Surface facility maintenance including separator cleaning and meter calibration,43.7,24159.25
EVT-000773,42-301-38450,Barnes 4H,Fort Stockton,2026-02-01,MAINTENANCE,Routine preventive maintenance on ESP system including motor inspection and cable check,30.7,20527.03
EVT-000774,42-475-80790,Beal 4H,Loving,2026-05-06,MAINTENANCE,Quarterly ESP system diagnostic and vibration analysis completed,33.9,19152.19
EVT-000775,42-475-80790,Beal 4H,Loving,2025-06-24,MAINTENANCE,Scheduled wellhead maintenance and valve replacement,9.6,6651.72
EVT-000776,42-475-80790,Beal 4H,Loving,2025-09-05,MAINTENANCE,Scheduled wellhead maintenance and valve replacement,9.1,11735.38
EVT-000777,42-109-69727,Evans 8H,Loving,2024-02-28,CHEMICAL_TREATMENT,Routine preventive maintenance on ESP system including motor inspection and cable check,17.2,12707.5
EVT-000778,42-495-50446,Wilson 12H,Culberson County,2026-04-21,INSPECTION,"Scale buildup detected in tubing, chemical squeeze scheduled",8.8,7628.19
EVT-000779,42-495-50446,Wilson 12H,Culberson County,2025-11-12,MAINTENANCE,"Paraffin accumulation restricting flow, hot oil treatment performed",3.9,18904.18
EVT-000780,42-495-50446,Wilson 12H,Culberson County,2026-06-10,FAILURE,"Intermittent ESP trips due to gas slugging, VSD ramp adjusted",279.2,589365.45
EVT-000781,42-389-43705,Harrison 7H,Orla,2026-01-04,MAINTENANCE,Surface facility maintenance including separator cleaning and meter calibration,14.3,2640.43
EVT-000782,42-389-43705,Harrison 7H,Orla,2025-06-21,INSPECTION,Surface facility maintenance including separator cleaning and meter calibration,20.0,7340.95
EVT-000783,42-495-43398,Henderson 2V,Kermit,2026-04-18,INSPECTION,Surface facility maintenance including separator cleaning and meter calibration,34.4,8507.34
EVT-000784,42-109-85372,Morris 4V,Grandfalls,2026-06-05,CHEMICAL_TREATMENT,Corrosion coupon retrieval and analysis - 2 mpy average rate,12.9,24580.12
EVT-000785,42-109-85372,Morris 4V,Grandfalls,2026-03-26,CHEMICAL_TREATMENT,Surface facility maintenance including separator cleaning and meter calibration,35.3,11068.52
EVT-000786,42-109-85372,Morris 4V,Grandfalls,2026-05-23,INSPECTION,Scheduled wellhead maintenance and valve replacement,16.5,1509.47
EVT-000787,42-109-85372,Morris 4V,Grandfalls,2026-05-31,INSPECTION,Corrosion coupon retrieval and analysis - 2 mpy average rate,4.2,3420.2
EVT-000788,42-109-88741,Cole 3H,Orla,2025-04-05,MAINTENANCE,Corrosion coupon retrieval and analysis - 2 mpy average rate,32.0,9325.75
EVT-000789,42-109-88741,Cole 3H,Orla,2026-05-29,MAINTENANCE,Annual safety valve inspection and function test completed,46.7,12588.35
EVT-000790,42-389-71180,Hamilton 11H,Delaware Basin,2026-04-13,FAILURE,Complete ESP system failure - motor burnout and pump lockup,476.8,631096.35
EVT-000791,42-389-71180,Hamilton 11H,Delaware Basin,2026-02-10,EQUIPMENT_CHANGE,"Rod parting at depth, well dead, workover rig scheduled",125.1,150361.28
EVT-000792,42-389-71180,Hamilton 11H,Delaware Basin,2026-04-14,FAILURE,"Downhole pump seized due to severe sand production, pulling unit dispatched",376.8,100972.42
EVT-000793,42-389-71180,Hamilton 11H,Delaware Basin,2026-01-25,FAILURE,Complete ESP system failure - motor burnout and pump lockup,343.6,507823.26
EVT-000794,42-389-71180,Hamilton 11H,Delaware Basin,2026-05-23,EQUIPMENT_CHANGE,"Severe corrosion-induced tubing failure, well flowing up annulus",84.2,261028.06
EVT-000795,42-389-71180,Hamilton 11H,Delaware Basin,2026-06-04,FAILURE,Gas lift valve failure causing complete loss of artificial lift,353.2,539325.17
EVT-000796,42-389-71180,Hamilton 11H,Delaware Basin,2026-06-10,FAILURE,"VSD drive failure causing ESP shutdown, replacement ordered",243.4,306546.13
EVT-000797,42-371-59861,Hayes 9H,Van Horn,2026-05-12,CHEMICAL_TREATMENT,Quarterly ESP system diagnostic and vibration analysis completed,23.6,12413.57
EVT-000798,42-301-52911,Jenkins 8H,Pecos Valley,2024-06-24,MAINTENANCE,"Sand production increasing, pump wear accelerating",40.8,13553.09
EVT-000799,42-301-52911,Jenkins 8H,Pecos Valley,2025-06-13,EQUIPMENT_CHANGE,"Intermittent ESP trips due to gas slugging, VSD ramp adjusted",164.6,229184.34
EVT-000800,42-301-52911,Jenkins 8H,Pecos Valley,2023-12-22,INSPECTION,"Sand production increasing, pump wear accelerating",15.4,15585.93
EVT-000801,42-301-52911,Jenkins 8H,Pecos Valley,2024-07-30,EQUIPMENT_CHANGE,"Sand production increasing, pump wear accelerating",89.4,174675.22
EVT-000802,42-301-52911,Jenkins 8H,Pecos Valley,2026-06-05,EQUIPMENT_CHANGE,"Elevated motor temperature detected, monitoring increased frequency",70.4,165430.54
EVT-000803,42-389-85552,Bryant 11H,Loving,2026-01-27,MAINTENANCE,Quarterly ESP system diagnostic and vibration analysis completed,22.6,16700.57
EVT-000804,42-389-85552,Bryant 11H,Loving,2026-05-07,MAINTENANCE,Routine tubing pressure test and casing inspection,13.9,5544.83
EVT-000805,42-389-85552,Bryant 11H,Loving,2025-12-10,INSPECTION,Routine tubing pressure test and casing inspection,31.4,1320.76
EVT-000806,42-389-85552,Bryant 11H,Loving,2026-01-13,CHEMICAL_TREATMENT,Quarterly ESP system diagnostic and vibration analysis completed,33.9,19561.03
EVT-000807,42-389-80122,Adams 4V,Red Hills,2025-10-18,CHEMICAL_TREATMENT,Routine preventive maintenance on ESP system including motor inspection and cable check,15.0,4724.82
EVT-000808,42-389-80122,Adams 4V,Red Hills,2025-11-28,CHEMICAL_TREATMENT,Annual safety valve inspection and function test completed,5.6,5577.47
EVT-000809,42-371-65742,Bailey 10H,Coyanosa,2025-06-10,MAINTENANCE,Quarterly ESP system diagnostic and vibration analysis completed,43.1,4256.54
EVT-000810,42-371-65742,Bailey 10H,Coyanosa,2026-06-05,CHEMICAL_TREATMENT,Corrosion coupon retrieval and analysis - 2 mpy average rate,30.5,8679.41
EVT-000811,42-109-55647,Green 12H,Balmorhea,2025-10-10,CHEMICAL_TREATMENT,Quarterly ESP system diagnostic and vibration analysis completed,8.9,12852.28
EVT-000812,42-109-55647,Green 12H,Balmorhea,2023-02-05,INSPECTION,Routine tubing pressure test and casing inspection,27.8,17920.86
EVT-000813,42-109-55647,Green 12H,Balmorhea,2025-09-20,CHEMICAL_TREATMENT,Routine tubing pressure test and casing inspection,22.0,2139.66
EVT-000814,42-109-55647,Green 12H,Balmorhea,2024-04-09,INSPECTION,Routine tubing pressure test and casing inspection,37.1,2943.35
EVT-000815,42-389-43709,Henderson 4H,Grandfalls,2026-05-03,MAINTENANCE,Annual safety valve inspection and function test completed,34.6,13415.81
EVT-000816,42-389-43709,Henderson 4H,Grandfalls,2026-04-10,CHEMICAL_TREATMENT,Corrosion coupon retrieval and analysis - 2 mpy average rate,30.9,12679.47
EVT-000817,42-389-43709,Henderson 4H,Grandfalls,2025-12-21,CHEMICAL_TREATMENT,Corrosion coupon retrieval and analysis - 2 mpy average rate,41.8,22519.95
EVT-000818,42-389-43709,Henderson 4H,Grandfalls,2026-01-11,INSPECTION,Scheduled wellhead maintenance and valve replacement,10.4,18619.65
EVT-000819,42-389-48564,Washington 12H,Delaware Basin,2026-03-09,INSPECTION,Annual safety valve inspection and function test completed,40.0,1885.0
EVT-000820,42-389-63186,Watson 10H,Kermit,2025-06-24,MAINTENANCE,Quarterly ESP system diagnostic and vibration analysis completed,25.8,24698.89
EVT-000821,42-389-63186,Watson 10H,Kermit,2026-04-12,CHEMICAL_TREATMENT,Corrosion coupon retrieval and analysis - 2 mpy average rate,27.8,22300.62
EVT-000822,42-495-69577,Price 2H,Van Horn,2026-05-23,MAINTENANCE,Routine preventive maintenance on ESP system including motor inspection and cable check,28.2,16595.97
EVT-000823,42-475-39248,Diaz 12H,Van Horn,2026-01-22,INSPECTION,Routine tubing pressure test and casing inspection,3.9,17789.56
EVT-000824,42-475-39248,Diaz 12H,Van Horn,2024-12-06,INSPECTION,Routine preventive maintenance on ESP system including motor inspection and cable check,28.5,18752.8
EVT-000825,42-371-33615,Bryant 6H,Fort Stockton,2024-05-26,CHEMICAL_TREATMENT,Routine tubing pressure test and casing inspection,40.2,5145.05
EVT-000826,42-371-33615,Bryant 6H,Fort Stockton,2025-01-12,INSPECTION,Routine tubing pressure test and casing inspection,39.6,23441.67
EVT-000827,42-371-33615,Bryant 6H,Fort Stockton,2026-05-13,CHEMICAL_TREATMENT,Routine tubing pressure test and casing inspection,39.5,1270.71
EVT-000828,42-475-36928,Alexander 9V,Orla,2025-03-02,MAINTENANCE,Quarterly ESP system diagnostic and vibration analysis completed,15.7,9955.48
EVT-000829,42-475-36928,Alexander 9V,Orla,2023-09-09,INSPECTION,Corrosion coupon retrieval and analysis - 2 mpy average rate,42.1,1077.28
EVT-000830,42-475-36928,Alexander 9V,Orla,2026-05-08,MAINTENANCE,Scheduled wellhead maintenance and valve replacement,9.9,24223.78
EVT-000831,42-389-46558,Cattle Co 7H,Toyah,2025-01-08,CHEMICAL_TREATMENT,Scheduled wellhead maintenance and valve replacement,9.6,14878.59
EVT-000832,42-475-68175,Morris 12H,Loving,2025-11-04,EQUIPMENT_CHANGE,"Rod parting at depth, well dead, workover rig scheduled",166.8,297287.19
EVT-000833,42-475-68175,Morris 12H,Loving,2024-11-22,WORKOVER,Gas lift valve failure causing complete loss of artificial lift,171.2,1639787.11
EVT-000834,42-475-68175,Morris 12H,Loving,2026-06-27,FAILURE,Electrical cable failure on ESP causing complete shutdown,370.6,319238.91
EVT-000835,42-475-68175,Morris 12H,Loving,2026-07-02,FAILURE,"Tubing leak detected at depth, production ceased for workover",313.2,66675.67
EVT-000836,42-475-67947,Bell 3V,Kermit,2025-06-09,WORKOVER,Gas lift valve failure causing complete loss of artificial lift,188.6,1278733.58
EVT-000837,42-475-67947,Bell 3V,Kermit,2025-12-08,EQUIPMENT_CHANGE,Complete ESP system failure - motor burnout and pump lockup,62.8,280545.28
EVT-000838,42-475-67947,Bell 3V,Kermit,2026-06-01,FAILURE,"Christmas tree valve failure, emergency well control initiated",148.0,502447.2
EVT-000839,42-475-67947,Bell 3V,Kermit,2026-07-10,FAILURE,"Christmas tree valve failure, emergency well control initiated",192.8,71301.76
EVT-000840,42-389-54523,Mitchell 6H,Balmorhea,2025-11-08,WORKOVER,Complete ESP system failure - motor burnout and pump lockup,596.9,899289.85
EVT-000841,42-389-54523,Mitchell 6H,Balmorhea,2025-12-09,EQUIPMENT_CHANGE,Complete ESP system failure - motor burnout and pump lockup,138.2,285308.86
EVT-000842,42-389-54523,Mitchell 6H,Balmorhea,2026-01-28,WORKOVER,"VSD drive failure causing ESP shutdown, replacement ordered",599.9,1604798.95
EVT-000843,42-389-54523,Mitchell 6H,Balmorhea,2026-03-03,WORKOVER,"Rod parting at depth, well dead, workover rig scheduled",620.7,1904559.64
EVT-000844,42-389-54523,Mitchell 6H,Balmorhea,2026-03-15,FAILURE,"Severe corrosion-induced tubing failure, well flowing up annulus",239.3,159521.06
EVT-000845,42-389-54523,Mitchell 6H,Balmorhea,2026-05-13,WORKOVER,Gas lift valve failure causing complete loss of artificial lift,174.8,1590067.42
EVT-000846,42-389-54523,Mitchell 6H,Balmorhea,2026-03-31,FAILURE,Electrical cable failure on ESP causing complete shutdown,450.6,372706.94
EVT-000847,42-389-54523,Mitchell 6H,Balmorhea,2026-02-18,FAILURE,Electrical cable failure on ESP causing complete shutdown,53.6,504935.5
EVT-000848,42-389-54523,Mitchell 6H,Balmorhea,2026-06-04,FAILURE,"ESP motor failure due to overheating, well shut-in pending replacement",351.4,579160.21
EVT-000849,42-389-54523,Mitchell 6H,Balmorhea,2026-06-01,FAILURE,Gas lift valve failure causing complete loss of artificial lift,412.9,119929.71
EVT-000850,42-301-30291,Henderson 6H,Red Hills,2026-05-26,INSPECTION,Quarterly ESP system diagnostic and vibration analysis completed,5.3,16809.81
EVT-000851,42-301-30291,Henderson 6H,Red Hills,2026-04-09,CHEMICAL_TREATMENT,Scheduled wellhead maintenance and valve replacement,27.0,16225.84
EVT-000852,42-389-34187,Ramirez 11H,Pecos Valley,2026-02-28,INSPECTION,Surface facility maintenance including separator cleaning and meter calibration,16.6,12896.73
EVT-000853,42-389-34187,Ramirez 11H,Pecos Valley,2026-06-12,MAINTENANCE,Routine preventive maintenance on ESP system including motor inspection and cable check,40.3,6075.77
EVT-000854,42-389-34187,Ramirez 11H,Pecos Valley,2025-12-27,INSPECTION,Routine tubing pressure test and casing inspection,32.7,10042.34
EVT-000855,42-371-44383,Powell 1H,Ward-Estes,2024-08-18,CHEMICAL_TREATMENT,Annual safety valve inspection and function test completed,27.7,1702.27
EVT-000856,42-371-44383,Powell 1H,Ward-Estes,2022-09-17,CHEMICAL_TREATMENT,Routine tubing pressure test and casing inspection,34.9,6620.68
EVT-000857,42-109-90051,Davis 7H,Buena Vista,2023-12-04,MAINTENANCE,Routine preventive maintenance on ESP system including motor inspection and cable check,25.6,12301.92
EVT-000858,42-109-35121,Washington 9H,Coyanosa,2024-05-26,MAINTENANCE,Quarterly ESP system diagnostic and vibration analysis completed,20.1,11513.79
EVT-000859,42-109-35121,Washington 9H,Coyanosa,2024-09-11,INSPECTION,Corrosion coupon retrieval and analysis - 2 mpy average rate,43.3,3277.69
EVT-000860,42-371-42061,Cook 7V,Coyanosa,2025-11-01,MAINTENANCE,Scheduled wellhead maintenance and valve replacement,42.0,8690.08
EVT-000861,42-371-42061,Cook 7V,Coyanosa,2025-12-06,MAINTENANCE,Routine preventive maintenance on ESP system including motor inspection and cable check,45.4,8946.29
EVT-000862,42-371-78015,Clayton 10H,Kermit,2025-10-15,WORKOVER,"ESP motor failure due to overheating, well shut-in pending replacement",225.3,760559.68
EVT-000863,42-371-78015,Clayton 10H,Kermit,2026-01-21,EQUIPMENT_CHANGE,"Tubing leak detected at depth, production ceased for workover",141.8,285636.13
EVT-000864,42-371-78015,Clayton 10H,Kermit,2026-05-19,FAILURE,"Downhole pump seized due to severe sand production, pulling unit dispatched",157.5,463803.23
EVT-000865,42-371-78015,Clayton 10H,Kermit,2026-05-22,FAILURE,"ESP motor failure due to overheating, well shut-in pending replacement",479.0,566965.89
EVT-000866,42-371-38126,Reed 10H,Reeves County,2025-10-15,MAINTENANCE,Routine tubing pressure test and casing inspection,6.2,20917.19
EVT-000867,42-371-38126,Reed 10H,Reeves County,2025-06-25,CHEMICAL_TREATMENT,Routine tubing pressure test and casing inspection,17.0,23999.85
EVT-000868,42-371-38126,Reed 10H,Reeves County,2024-09-08,MAINTENANCE,Routine tubing pressure test and casing inspection,40.0,12822.61
EVT-000869,42-371-38126,Reed 10H,Reeves County,2025-08-11,INSPECTION,Surface facility maintenance including separator cleaning and meter calibration,41.7,17198.8
EVT-000870,42-389-30951,Harrison 5H,Wink,2025-01-21,MAINTENANCE,Corrosion coupon retrieval and analysis - 2 mpy average rate,18.8,24787.66
EVT-000871,42-475-30128,Foster 12V,Delaware Basin,2024-05-15,CHEMICAL_TREATMENT,Quarterly ESP system diagnostic and vibration analysis completed,18.3,11192.42
EVT-000872,42-475-30128,Foster 12V,Delaware Basin,2024-05-05,INSPECTION,Quarterly ESP system diagnostic and vibration analysis completed,10.9,23130.17
EVT-000873,42-475-30128,Foster 12V,Delaware Basin,2024-05-17,MAINTENANCE,Routine preventive maintenance on ESP system including motor inspection and cable check,28.8,17994.93
EVT-000874,42-371-94904,Barnes 3V,Pecos Valley,2026-06-13,INSPECTION,Quarterly ESP system diagnostic and vibration analysis completed,32.3,9873.0
EVT-000875,42-371-94904,Barnes 3V,Pecos Valley,2026-04-12,INSPECTION,Scheduled wellhead maintenance and valve replacement,23.0,8385.02
EVT-000876,42-371-94904,Barnes 3V,Pecos Valley,2026-05-25,INSPECTION,Routine tubing pressure test and casing inspection,25.7,5226.48
EVT-000877,42-371-94904,Barnes 3V,Pecos Valley,2026-05-05,MAINTENANCE,Surface facility maintenance including separator cleaning and meter calibration,13.7,9640.14
EVT-000878,42-389-90792,Ford 1H,Wink,2026-05-13,MAINTENANCE,Scheduled wellhead maintenance and valve replacement,17.6,10670.43
EVT-000879,42-389-90792,Ford 1H,Wink,2026-04-05,CHEMICAL_TREATMENT,Surface facility maintenance including separator cleaning and meter calibration,22.4,3449.31
EVT-000880,42-389-90792,Ford 1H,Wink,2025-12-12,INSPECTION,Routine preventive maintenance on ESP system including motor inspection and cable check,8.2,21573.9
EVT-000881,42-301-43792,Owens 11H,Fort Stockton,2024-08-22,CHEMICAL_TREATMENT,Annual safety valve inspection and function test completed,35.1,7173.83
EVT-000882,42-301-43792,Owens 11H,Fort Stockton,2024-08-01,CHEMICAL_TREATMENT,Scheduled wellhead maintenance and valve replacement,25.4,24424.86
EVT-000883,42-389-76938,Ross 5H,Balmorhea,2026-03-19,MAINTENANCE,Surface facility maintenance including separator cleaning and meter calibration,41.8,17109.47
EVT-000884,42-389-76938,Ross 5H,Balmorhea,2024-10-05,CHEMICAL_TREATMENT,Routine preventive maintenance on ESP system including motor inspection and cable check,44.6,12258.58
EVT-000885,42-389-76938,Ross 5H,Balmorhea,2025-05-08,INSPECTION,Annual safety valve inspection and function test completed,33.6,12103.93
EVT-000886,42-389-32049,Ranch 10H,Monahans,2026-06-01,MAINTENANCE,Routine preventive maintenance on ESP system including motor inspection and cable check,14.7,15864.23
EVT-000887,42-389-32049,Ranch 10H,Monahans,2025-10-24,INSPECTION,Scheduled wellhead maintenance and valve replacement,17.3,12740.72
EVT-000888,42-389-32049,Ranch 10H,Monahans,2025-09-22,INSPECTION,Scheduled wellhead maintenance and valve replacement,8.2,9004.74
EVT-000889,42-389-32049,Ranch 10H,Monahans,2025-03-27,CHEMICAL_TREATMENT,Quarterly ESP system diagnostic and vibration analysis completed,46.6,13480.58
EVT-000890,42-389-90727,Collins 9V,Culberson County,2026-03-12,MAINTENANCE,Annual safety valve inspection and function test completed,44.8,5505.47
EVT-000891,42-389-90727,Collins 9V,Culberson County,2026-02-24,INSPECTION,Routine preventive maintenance on ESP system including motor inspection and cable check,24.1,8683.18
EVT-000892,42-389-31889,Myers 5H,Ward-Estes,2024-12-01,CHEMICAL_TREATMENT,Corrosion coupon retrieval and analysis - 2 mpy average rate,16.4,544.15
EVT-000893,42-475-38782,Moore 6H,Imperial,2026-02-02,CHEMICAL_TREATMENT,Corrosion coupon retrieval and analysis - 2 mpy average rate,6.1,5834.08
EVT-000894,42-475-38782,Moore 6H,Imperial,2026-03-23,MAINTENANCE,Annual safety valve inspection and function test completed,19.4,14608.67
EVT-000895,42-475-38782,Moore 6H,Imperial,2025-09-12,CHEMICAL_TREATMENT,Routine preventive maintenance on ESP system including motor inspection and cable check,21.6,20200.26
EVT-000896,42-475-38782,Moore 6H,Imperial,2025-05-14,MAINTENANCE,Annual safety valve inspection and function test completed,45.3,15926.95
EVT-000897,42-301-81792,State 12H,Buena Vista,2025-04-10,MAINTENANCE,"Intermittent ESP trips due to gas slugging, VSD ramp adjusted",11.5,7968.43
EVT-000898,42-301-81792,State 12H,Buena Vista,2025-11-01,EQUIPMENT_CHANGE,"Scale buildup detected in tubing, chemical squeeze scheduled",156.7,135224.36
EVT-000899,42-301-81792,State 12H,Buena Vista,2025-11-21,INSPECTION,"Scale buildup detected in tubing, chemical squeeze scheduled",37.5,15225.81
EVT-000900,42-301-81792,State 12H,Buena Vista,2026-05-15,EQUIPMENT_CHANGE,"Intermittent ESP trips due to gas slugging, VSD ramp adjusted",152.1,299432.07
EVT-000901,42-495-56878,Ross 3H,Orla,2025-07-31,CHEMICAL_TREATMENT,Surface facility maintenance including separator cleaning and meter calibration,13.4,18082.03
EVT-000902,42-495-56878,Ross 3H,Orla,2025-09-09,CHEMICAL_TREATMENT,Routine preventive maintenance on ESP system including motor inspection and cable check,24.0,21620.88
EVT-000903,42-301-59804,Harris 11H,Wink,2022-09-24,CHEMICAL_TREATMENT,Annual safety valve inspection and function test completed,30.7,14791.98
EVT-000904,42-301-59804,Harris 11H,Wink,2022-11-14,MAINTENANCE,Surface facility maintenance including separator cleaning and meter calibration,7.3,16296.72
EVT-000905,42-301-59804,Harris 11H,Wink,2025-12-08,INSPECTION,Corrosion coupon retrieval and analysis - 2 mpy average rate,47.9,17183.17
EVT-000906,42-389-67887,Harrison 11H,Culberson County,2026-03-16,CHEMICAL_TREATMENT,Quarterly ESP system diagnostic and vibration analysis completed,19.5,18611.77
EVT-000907,42-389-67887,Harrison 11H,Culberson County,2026-01-02,INSPECTION,Surface facility maintenance including separator cleaning and meter calibration,37.4,14932.95
EVT-000908,42-389-67887,Harrison 11H,Culberson County,2022-08-26,MAINTENANCE,Corrosion coupon retrieval and analysis - 2 mpy average rate,5.5,4794.73
EVT-000909,42-389-67887,Harrison 11H,Culberson County,2022-05-21,CHEMICAL_TREATMENT,Quarterly ESP system diagnostic and vibration analysis completed,46.5,10685.43
EVT-000910,42-389-87011,Ford 2V,Monahans,2022-05-20,MAINTENANCE,Surface facility maintenance including separator cleaning and meter calibration,14.6,12110.75
EVT-000911,42-389-87011,Ford 2V,Monahans,2023-02-12,CHEMICAL_TREATMENT,Corrosion coupon retrieval and analysis - 2 mpy average rate,13.0,10753.86
EVT-000912,42-389-55149,Russell 4H,Orla,2026-04-15,MAINTENANCE,Surface facility maintenance including separator cleaning and meter calibration,7.1,17526.2
EVT-000913,42-389-55149,Russell 4H,Orla,2026-05-07,INSPECTION,Quarterly ESP system diagnostic and vibration analysis completed,7.8,6431.25
EVT-000914,42-389-55149,Russell 4H,Orla,2025-12-31,CHEMICAL_TREATMENT,Annual safety valve inspection and function test completed,45.5,2508.23
EVT-000915,42-389-49066,Hayes 10H,Kermit,2025-08-27,CHEMICAL_TREATMENT,Quarterly ESP system diagnostic and vibration analysis completed,24.6,19280.59
EVT-000916,42-389-49066,Hayes 10H,Kermit,2026-01-01,CHEMICAL_TREATMENT,Scheduled wellhead maintenance and valve replacement,18.0,22447.97
EVT-000917,42-389-49066,Hayes 10H,Kermit,2025-11-18,CHEMICAL_TREATMENT,Corrosion coupon retrieval and analysis - 2 mpy average rate,13.1,4936.78
EVT-000918,42-475-98123,Wood 2H,Kermit,2026-05-08,MAINTENANCE,Routine preventive maintenance on ESP system including motor inspection and cable check,16.3,6488.5
EVT-000919,42-475-98123,Wood 2H,Kermit,2025-10-24,INSPECTION,Routine preventive maintenance on ESP system including motor inspection and cable check,15.8,24418.67
EVT-000920,42-475-98123,Wood 2H,Kermit,2023-09-30,MAINTENANCE,Surface facility maintenance including separator cleaning and meter calibration,18.4,12425.81
EVT-000921,42-475-98123,Wood 2H,Kermit,2026-02-28,MAINTENANCE,Corrosion coupon retrieval and analysis - 2 mpy average rate,37.3,9086.37
EVT-000922,42-495-36428,Morris 4V,Loving,2024-08-05,WORKOVER,Complete ESP system failure - motor burnout and pump lockup,241.7,372596.59
EVT-000923,42-495-36428,Morris 4V,Loving,2024-04-27,FAILURE,"Severe corrosion-induced tubing failure, well flowing up annulus",118.0,254523.63
EVT-000924,42-495-36428,Morris 4V,Loving,2024-09-22,EQUIPMENT_CHANGE,Complete ESP system failure - motor burnout and pump lockup,42.5,130934.41
EVT-000925,42-495-36428,Morris 4V,Loving,2024-12-14,EQUIPMENT_CHANGE,"Rod parting at depth, well dead, workover rig scheduled",153.3,40879.23
EVT-000926,42-495-36428,Morris 4V,Loving,2024-07-26,FAILURE,"Downhole pump seized due to severe sand production, pulling unit dispatched",83.4,623144.88
EVT-000927,42-495-36428,Morris 4V,Loving,2025-06-24,FAILURE,"Severe corrosion-induced tubing failure, well flowing up annulus",167.9,505716.02
EVT-000928,42-495-36428,Morris 4V,Loving,2026-06-18,FAILURE,"Rod parting at depth, well dead, workover rig scheduled",304.9,722544.42
EVT-000929,42-495-36428,Morris 4V,Loving,2026-06-09,FAILURE,"Severe corrosion-induced tubing failure, well flowing up annulus",359.2,178161.38
EVT-000930,42-109-49315,Ford 3H,Delaware Basin,2025-10-14,INSPECTION,Scheduled wellhead maintenance and valve replacement,15.8,22919.11
EVT-000931,42-389-59146,Cooper 10H,Balmorhea,2026-02-22,MAINTENANCE,Annual safety valve inspection and function test completed,20.1,11086.32
EVT-000932,42-389-59146,Cooper 10H,Balmorhea,2026-03-28,MAINTENANCE,Surface facility maintenance including separator cleaning and meter calibration,47.2,14189.8
EVT-000933,42-495-87041,Brooks 7H,Kermit,2026-05-03,INSPECTION,Routine tubing pressure test and casing inspection,36.7,12676.71
EVT-000934,42-495-87041,Brooks 7H,Kermit,2025-09-26,CHEMICAL_TREATMENT,Routine preventive maintenance on ESP system including motor inspection and cable check,8.6,7504.43
EVT-000935,42-495-87041,Brooks 7H,Kermit,2026-03-28,CHEMICAL_TREATMENT,Annual safety valve inspection and function test completed,18.3,17486.49
EVT-000936,42-495-87041,Brooks 7H,Kermit,2025-12-16,MAINTENANCE,Routine tubing pressure test and casing inspection,31.8,19286.56
EVT-000937,42-371-51779,Reynolds 5H,Loving,2024-12-10,CHEMICAL_TREATMENT,Annual safety valve inspection and function test completed,30.3,19876.74
EVT-000938,42-371-51779,Reynolds 5H,Loving,2025-02-17,MAINTENANCE,Routine preventive maintenance on ESP system including motor inspection and cable check,30.6,3293.13
EVT-000939,42-371-51779,Reynolds 5H,Loving,2026-05-10,CHEMICAL_TREATMENT,Routine preventive maintenance on ESP system including motor inspection and cable check,4.2,14373.97
EVT-000940,42-371-51779,Reynolds 5H,Loving,2024-10-07,INSPECTION,Quarterly ESP system diagnostic and vibration analysis completed,5.8,9135.89
EVT-000941,42-475-65902,Campbell 10H,Loving,2025-03-16,INSPECTION,Surface facility maintenance including separator cleaning and meter calibration,30.0,6209.72
EVT-000942,42-475-65902,Campbell 10H,Loving,2024-12-05,INSPECTION,Routine preventive maintenance on ESP system including motor inspection and cable check,18.4,4426.29
EVT-000943,42-475-65902,Campbell 10H,Loving,2025-11-24,CHEMICAL_TREATMENT,Routine preventive maintenance on ESP system including motor inspection and cable check,43.7,10135.4
EVT-000944,42-475-65902,Campbell 10H,Loving,2025-03-19,INSPECTION,Surface facility maintenance including separator cleaning and meter calibration,26.9,11228.51
EVT-000945,42-109-31052,Barnes 2H,Orla,2024-01-10,INSPECTION,Routine preventive maintenance on ESP system including motor inspection and cable check,16.6,9602.28
EVT-000946,42-109-31052,Barnes 2H,Orla,2025-05-26,MAINTENANCE,Routine tubing pressure test and casing inspection,7.8,20329.84
EVT-000947,42-495-82099,Kelly 3H,Coyanosa,2025-07-30,MAINTENANCE,Surface facility maintenance including separator cleaning and meter calibration,14.5,2720.96
EVT-000948,42-495-82099,Kelly 3H,Coyanosa,2026-03-17,MAINTENANCE,Annual safety valve inspection and function test completed,34.9,7266.01
EVT-000949,42-495-82099,Kelly 3H,Coyanosa,2025-04-22,CHEMICAL_TREATMENT,Annual safety valve inspection and function test completed,34.2,15772.11
EVT-000950,42-301-49593,Hamilton 4H,Delaware Basin,2025-09-15,CHEMICAL_TREATMENT,Annual safety valve inspection and function test completed,43.0,6931.17
EVT-000951,42-301-49593,Hamilton 4H,Delaware Basin,2026-01-08,MAINTENANCE,Surface facility maintenance including separator cleaning and meter calibration,47.8,7657.71
EVT-000952,42-389-44970,Peterson 11H,Imperial,2026-04-02,CHEMICAL_TREATMENT,Routine tubing pressure test and casing inspection,8.3,18980.21
EVT-000953,42-109-43451,Cooper 7H,Pecos Valley,2024-10-20,MAINTENANCE,Surface facility maintenance including separator cleaning and meter calibration,20.3,24898.27
EVT-000954,42-109-43451,Cooper 7H,Pecos Valley,2023-08-03,INSPECTION,Quarterly ESP system diagnostic and vibration analysis completed,28.4,8208.34
EVT-000955,42-109-43451,Cooper 7H,Pecos Valley,2024-07-03,MAINTENANCE,Scheduled wellhead maintenance and valve replacement,34.7,13211.5
EVT-000956,42-475-65666,Collins 6H,Delaware Basin,2026-05-07,INSPECTION,Annual safety valve inspection and function test completed,42.5,11197.51
EVT-000957,42-389-64517,Ranch 11V,Toyah,2025-06-03,MAINTENANCE,"Intermittent ESP trips due to gas slugging, VSD ramp adjusted",31.7,13781.83
EVT-000958,42-389-64517,Ranch 11V,Toyah,2023-05-25,MAINTENANCE,"Sand production increasing, pump wear accelerating",19.1,578.23
EVT-000959,42-389-64517,Ranch 11V,Toyah,2023-03-30,MAINTENANCE,"Elevated motor temperature detected, monitoring increased frequency",3.6,915.04
EVT-000960,42-389-64517,Ranch 11V,Toyah,2026-05-07,EQUIPMENT_CHANGE,Emulsion issues at separator requiring increased demulsifier dosage,147.8,174554.15
EVT-000961,42-389-87544,West 8H,Fort Stockton,2025-08-18,CHEMICAL_TREATMENT,Routine tubing pressure test and casing inspection,8.1,6582.58
EVT-000962,42-389-87544,West 8H,Fort Stockton,2023-04-21,CHEMICAL_TREATMENT,Routine preventive maintenance on ESP system including motor inspection and cable check,33.3,9807.84
EVT-000963,42-389-87544,West 8H,Fort Stockton,2024-06-30,INSPECTION,Surface facility maintenance including separator cleaning and meter calibration,28.3,11263.99
EVT-000964,42-389-87544,West 8H,Fort Stockton,2024-06-05,INSPECTION,Routine preventive maintenance on ESP system including motor inspection and cable check,23.5,10097.29
EVT-000965,42-475-64350,Owens 9H,Reeves County,2025-12-16,INSPECTION,Annual safety valve inspection and function test completed,15.4,19500.26
EVT-000966,42-475-64350,Owens 9H,Reeves County,2025-10-04,INSPECTION,Scheduled wellhead maintenance and valve replacement,40.9,17133.07
EVT-000967,42-475-64350,Owens 9H,Reeves County,2025-10-08,CHEMICAL_TREATMENT,Routine tubing pressure test and casing inspection,24.4,5334.91
EVT-000968,42-371-54833,Evans 10H,Balmorhea,2025-04-08,MAINTENANCE,Routine tubing pressure test and casing inspection,24.6,19353.44
EVT-000969,42-475-39540,Russell 5H,Delaware Basin,2025-08-30,INSPECTION,Quarterly ESP system diagnostic and vibration analysis completed,37.0,7434.25
EVT-000970,42-475-39540,Russell 5H,Delaware Basin,2025-04-20,MAINTENANCE,Routine preventive maintenance on ESP system including motor inspection and cable check,8.5,11225.96
EVT-000971,42-475-39540,Russell 5H,Delaware Basin,2025-04-10,INSPECTION,Quarterly ESP system diagnostic and vibration analysis completed,36.0,24711.32
EVT-000972,42-475-39540,Russell 5H,Delaware Basin,2024-11-22,INSPECTION,Routine tubing pressure test and casing inspection,9.3,19076.84
EVT-000973,42-389-40778,West 11H,Coyanosa,2026-01-01,INSPECTION,Surface facility maintenance including separator cleaning and meter calibration,37.2,3613.5
EVT-000974,42-389-40778,West 11H,Coyanosa,2025-11-13,MAINTENANCE,Annual safety valve inspection and function test completed,44.1,18735.79
EVT-000975,42-389-40778,West 11H,Coyanosa,2025-04-20,INSPECTION,Surface facility maintenance including separator cleaning and meter calibration,25.1,6472.04
EVT-000976,42-475-50267,Foster 10H,Imperial,2024-05-06,MAINTENANCE,Quarterly ESP system diagnostic and vibration analysis completed,11.6,10476.77
EVT-000977,42-475-50267,Foster 10H,Imperial,2025-02-18,INSPECTION,Surface facility maintenance including separator cleaning and meter calibration,27.0,9981.47
EVT-000978,42-389-44869,Jenkins 7V,Red Hills,2025-07-03,FAILURE,Complete ESP system failure - motor burnout and pump lockup,244.0,762872.51
EVT-000979,42-389-44869,Jenkins 7V,Red Hills,2025-09-22,FAILURE,Gas lift valve failure causing complete loss of artificial lift,430.1,263983.7
EVT-000980,42-389-44869,Jenkins 7V,Red Hills,2026-02-09,FAILURE,"Casing collapse detected during pressure test, integrity compromised",326.9,677812.79
EVT-000981,42-389-44869,Jenkins 7V,Red Hills,2026-06-14,WORKOVER,"Hole in tubing at 6500ft, severe production loss and gas migration",456.9,453955.61
EVT-000982,42-389-44869,Jenkins 7V,Red Hills,2026-04-27,FAILURE,"Tubing leak detected at depth, production ceased for workover",235.3,233047.21
EVT-000983,42-389-44869,Jenkins 7V,Red Hills,2025-09-17,FAILURE,Gas lift valve failure causing complete loss of artificial lift,141.1,533681.29
EVT-000984,42-389-44869,Jenkins 7V,Red Hills,2026-06-08,FAILURE,"Rod parting at depth, well dead, workover rig scheduled",365.3,570160.12
EVT-000985,42-389-44869,Jenkins 7V,Red Hills,2026-06-13,FAILURE,Electrical cable failure on ESP causing complete shutdown,345.6,199818.95
EVT-000986,42-475-78872,Bailey 10V,Grandfalls,2024-10-23,CHEMICAL_TREATMENT,Annual safety valve inspection and function test completed,15.0,6599.31
EVT-000987,42-475-78872,Bailey 10V,Grandfalls,2023-08-21,INSPECTION,Surface facility maintenance including separator cleaning and meter calibration,31.2,14778.23
EVT-000988,42-475-78872,Bailey 10V,Grandfalls,2026-04-26,INSPECTION,Corrosion coupon retrieval and analysis - 2 mpy average rate,35.0,3402.35
EVT-000989,42-475-42726,Campbell 11V,Reeves County,2025-04-27,CHEMICAL_TREATMENT,Routine preventive maintenance on ESP system including motor inspection and cable check,31.3,13278.01
EVT-000990,42-475-42726,Campbell 11V,Reeves County,2026-02-09,MAINTENANCE,Scheduled wellhead maintenance and valve replacement,30.6,17970.03
EVT-000991,42-475-42726,Campbell 11V,Reeves County,2026-02-16,CHEMICAL_TREATMENT,Surface facility maintenance including separator cleaning and meter calibration,44.7,9042.07
EVT-000992,42-475-42726,Campbell 11V,Reeves County,2026-01-14,CHEMICAL_TREATMENT,Corrosion coupon retrieval and analysis - 2 mpy average rate,37.1,13268.7
EVT-000993,42-389-58358,King 1H,Orla,2025-05-16,INSPECTION,Routine preventive maintenance on ESP system including motor inspection and cable check,21.6,24515.41
EVT-000994,42-389-58358,King 1H,Orla,2023-06-10,CHEMICAL_TREATMENT,Corrosion coupon retrieval and analysis - 2 mpy average rate,7.3,17001.07
EVT-000995,42-389-58551,Bell 6H,Red Hills,2026-03-08,CHEMICAL_TREATMENT,Routine preventive maintenance on ESP system including motor inspection and cable check,28.8,17670.83
EVT-000996,42-389-58551,Bell 6H,Red Hills,2024-07-17,CHEMICAL_TREATMENT,Routine tubing pressure test and casing inspection,36.3,3313.07
EVT-000997,42-389-58551,Bell 6H,Red Hills,2026-02-04,CHEMICAL_TREATMENT,Scheduled wellhead maintenance and valve replacement,6.6,1869.27
EVT-000998,42-389-58551,Bell 6H,Red Hills,2024-03-18,MAINTENANCE,Corrosion coupon retrieval and analysis - 2 mpy average rate,10.0,17028.42
EVT-000999,42-389-48260,King 2H,Grandfalls,2022-12-14,CHEMICAL_TREATMENT,Corrosion coupon retrieval and analysis - 2 mpy average rate,23.1,5500.53
EVT-001000,42-109-83635,Gray 7H,Balmorhea,2025-11-30,CHEMICAL_TREATMENT,Surface facility maintenance including separator cleaning and meter calibration,6.4,23975.18
EVT-001001,42-371-62873,Adams 11H,Orla,2024-09-14,CHEMICAL_TREATMENT,Surface facility maintenance including separator cleaning and meter calibration,31.7,2098.99
EVT-001002,42-371-62873,Adams 11H,Orla,2023-10-23,CHEMICAL_TREATMENT,Scheduled wellhead maintenance and valve replacement,32.7,4795.78
EVT-001003,42-371-62873,Adams 11H,Orla,2023-04-16,CHEMICAL_TREATMENT,Scheduled wellhead maintenance and valve replacement,14.8,2857.71
EVT-001004,42-371-62873,Adams 11H,Orla,2023-07-31,CHEMICAL_TREATMENT,Routine preventive maintenance on ESP system including motor inspection and cable check,18.2,8284.84
EVT-001005,42-495-97330,Patterson 1H,Coyanosa,2024-06-12,CHEMICAL_TREATMENT,Routine preventive maintenance on ESP system including motor inspection and cable check,7.0,16757.21
EVT-001006,42-495-97330,Patterson 1H,Coyanosa,2025-12-24,MAINTENANCE,Scheduled wellhead maintenance and valve replacement,12.5,23193.59
EVT-001007,42-495-97330,Patterson 1H,Coyanosa,2026-05-16,MAINTENANCE,Corrosion coupon retrieval and analysis - 2 mpy average rate,9.6,4410.56
EVT-001008,42-475-81496,Price 4H,Kermit,2024-02-05,CHEMICAL_TREATMENT,Corrosion coupon retrieval and analysis - 2 mpy average rate,25.7,24401.92
EVT-001009,42-475-81496,Price 4H,Kermit,2023-05-02,INSPECTION,Quarterly ESP system diagnostic and vibration analysis completed,29.3,24016.54
EVT-001010,42-109-45378,Green 1V,Wink,2025-03-21,CHEMICAL_TREATMENT,Annual safety valve inspection and function test completed,18.1,14593.1
EVT-001011,42-109-45378,Green 1V,Wink,2024-01-29,MAINTENANCE,Annual safety valve inspection and function test completed,21.3,13729.08
EVT-001012,42-475-89178,Sullivan 9H,Loving,2022-05-07,INSPECTION,Surface facility maintenance including separator cleaning and meter calibration,7.6,19618.01
EVT-001013,42-475-89178,Sullivan 9H,Loving,2025-08-07,INSPECTION,Corrosion coupon retrieval and analysis - 2 mpy average rate,17.5,11184.14
EVT-001014,42-475-89178,Sullivan 9H,Loving,2024-02-06,MAINTENANCE,Routine preventive maintenance on ESP system including motor inspection and cable check,20.1,1927.74
EVT-001015,42-389-58903,University 4H,Orla,2025-08-12,FAILURE,"Severe corrosion-induced tubing failure, well flowing up annulus",141.3,434470.72
EVT-001016,42-389-58903,University 4H,Orla,2025-12-05,FAILURE,"Rod parting at depth, well dead, workover rig scheduled",79.7,270342.6
EVT-001017,42-389-58903,University 4H,Orla,2025-05-09,FAILURE,"VSD drive failure causing ESP shutdown, replacement ordered",64.8,789440.36
EVT-001018,42-389-58903,University 4H,Orla,2025-09-07,EQUIPMENT_CHANGE,"Casing collapse detected during pressure test, integrity compromised",76.8,138501.58
EVT-001019,42-389-58903,University 4H,Orla,2025-10-04,EQUIPMENT_CHANGE,Gas lift valve failure causing complete loss of artificial lift,60.2,130528.24
EVT-001020,42-389-58903,University 4H,Orla,2024-08-22,FAILURE,"VSD drive failure causing ESP shutdown, replacement ordered",341.2,717394.63
EVT-001021,42-389-58903,University 4H,Orla,2026-05-20,FAILURE,"VSD drive failure causing ESP shutdown, replacement ordered",198.5,700433.94
EVT-001022,42-389-58903,University 4H,Orla,2026-06-18,FAILURE,Complete ESP system failure - motor burnout and pump lockup,108.5,322470.74
EVT-001023,42-475-90764,James 4H,Van Horn,2024-04-22,MAINTENANCE,Scheduled wellhead maintenance and valve replacement,31.1,14154.15
EVT-001024,42-475-90764,James 4H,Van Horn,2024-04-19,MAINTENANCE,Corrosion coupon retrieval and analysis - 2 mpy average rate,14.6,8788.62
EVT-001025,42-475-90764,James 4H,Van Horn,2024-04-21,CHEMICAL_TREATMENT,Scheduled wellhead maintenance and valve replacement,17.4,1745.68
EVT-001026,42-109-31442,Graham 12H,Coyanosa,2026-02-17,CHEMICAL_TREATMENT,Quarterly ESP system diagnostic and vibration analysis completed,29.1,19066.85
EVT-001027,42-109-31442,Graham 12H,Coyanosa,2025-05-26,CHEMICAL_TREATMENT,Surface facility maintenance including separator cleaning and meter calibration,8.0,11772.96
EVT-001028,42-371-69089,Mitchell 10V,Loving,2025-11-07,INSPECTION,Corrosion coupon retrieval and analysis - 2 mpy average rate,36.6,24219.42
EVT-001029,42-371-69089,Mitchell 10V,Loving,2025-11-20,MAINTENANCE,Quarterly ESP system diagnostic and vibration analysis completed,15.9,23994.1
EVT-001030,42-371-88652,Richardson 10H,Monahans,2024-12-22,INSPECTION,Quarterly ESP system diagnostic and vibration analysis completed,35.5,5227.1
EVT-001031,42-371-88652,Richardson 10H,Monahans,2025-08-27,MAINTENANCE,Annual safety valve inspection and function test completed,9.6,23625.69
EVT-001032,42-371-88652,Richardson 10H,Monahans,2024-05-26,MAINTENANCE,Annual safety valve inspection and function test completed,5.2,3165.72
EVT-001033,42-371-88652,Richardson 10H,Monahans,2026-03-24,INSPECTION,Quarterly ESP system diagnostic and vibration analysis completed,9.9,24577.53
EVT-001034,42-389-66170,Washington 10H,Fort Stockton,2025-07-16,MAINTENANCE,"Increasing water cut trend noted, zone isolation evaluation in progress",40.9,17987.52
EVT-001035,42-389-66170,Washington 10H,Fort Stockton,2025-09-23,INSPECTION,"Increasing water cut trend noted, zone isolation evaluation in progress",20.1,14394.48
EVT-001036,42-389-66170,Washington 10H,Fort Stockton,2026-01-05,MAINTENANCE,"Scale buildup detected in tubing, chemical squeeze scheduled",38.5,5271.49
EVT-001037,42-389-66170,Washington 10H,Fort Stockton,2026-05-30,FAILURE,"Scale buildup detected in tubing, chemical squeeze scheduled",216.4,220923.52
EVT-001038,42-389-71558,James 5H,Reeves County,2025-04-02,CHEMICAL_TREATMENT,Routine tubing pressure test and casing inspection,32.6,9307.08
EVT-001039,42-389-71558,James 5H,Reeves County,2024-12-21,INSPECTION,Routine preventive maintenance on ESP system including motor inspection and cable check,15.5,5461.86
EVT-001040,42-389-71558,James 5H,Reeves County,2026-01-24,INSPECTION,Routine tubing pressure test and casing inspection,35.5,4408.77
EVT-001041,42-389-71558,James 5H,Reeves County,2025-02-12,MAINTENANCE,Quarterly ESP system diagnostic and vibration analysis completed,46.3,12293.04
EVT-001042,42-371-95494,Adams 4H,Delaware Basin,2024-01-07,MAINTENANCE,Annual safety valve inspection and function test completed,47.3,12487.78
EVT-001043,42-371-95494,Adams 4H,Delaware Basin,2024-02-12,CHEMICAL_TREATMENT,Scheduled wellhead maintenance and valve replacement,13.4,9758.27
EVT-001044,42-371-95494,Adams 4H,Delaware Basin,2025-02-20,CHEMICAL_TREATMENT,Routine tubing pressure test and casing inspection,40.7,6043.08
EVT-001045,42-389-86732,Hart 3V,Reeves County,2026-01-18,INSPECTION,Corrosion coupon retrieval and analysis - 2 mpy average rate,15.9,22339.79
EVT-001046,42-389-66927,Green 6H,Loving,2024-08-20,INSPECTION,Routine tubing pressure test and casing inspection,25.2,20510.04
EVT-001047,42-389-66927,Green 6H,Loving,2025-02-09,MAINTENANCE,Routine preventive maintenance on ESP system including motor inspection and cable check,23.0,6831.73
EVT-001048,42-475-69790,Cole 3H,Toyah,2022-07-02,INSPECTION,Scheduled wellhead maintenance and valve replacement,33.6,996.87
EVT-001049,42-475-69790,Cole 3H,Toyah,2025-06-05,INSPECTION,Routine preventive maintenance on ESP system including motor inspection and cable check,11.2,20305.74
EVT-001050,42-371-72008,Jackson 9H,Grandfalls,2026-01-19,CHEMICAL_TREATMENT,Scheduled wellhead maintenance and valve replacement,36.8,5287.96
EVT-001051,42-371-72008,Jackson 9H,Grandfalls,2026-06-08,CHEMICAL_TREATMENT,Annual safety valve inspection and function test completed,30.4,4840.02
EVT-001052,42-371-72008,Jackson 9H,Grandfalls,2026-06-05,MAINTENANCE,Routine tubing pressure test and casing inspection,14.3,8476.01
EVT-001053,42-371-88861,Thompson 10V,Loving,2025-03-05,CHEMICAL_TREATMENT,Corrosion coupon retrieval and analysis - 2 mpy average rate,43.4,3352.9
EVT-001054,42-371-88861,Thompson 10V,Loving,2025-07-14,MAINTENANCE,Corrosion coupon retrieval and analysis - 2 mpy average rate,34.0,2385.32
EVT-001055,42-301-45247,Henderson 7H,Loving,2025-12-10,MAINTENANCE,Quarterly ESP system diagnostic and vibration analysis completed,18.4,16344.32
EVT-001056,42-389-93644,Hughes 5H,Wink,2026-04-23,MAINTENANCE,Routine tubing pressure test and casing inspection,2.8,17846.2
EVT-001057,42-389-93644,Hughes 5H,Wink,2025-03-13,INSPECTION,Scheduled wellhead maintenance and valve replacement,23.8,6227.32
EVT-001058,42-109-82853,Kelly 3H,Monahans,2024-10-23,MAINTENANCE,Surface facility maintenance including separator cleaning and meter calibration,30.1,7214.49
EVT-001059,42-109-82853,Kelly 3H,Monahans,2023-06-27,MAINTENANCE,Annual safety valve inspection and function test completed,35.9,5083.74
EVT-001060,42-389-58913,Reynolds 7H,Culberson County,2026-03-23,CHEMICAL_TREATMENT,Scheduled wellhead maintenance and valve replacement,24.3,692.08
EVT-001061,42-371-59740,Rivera 12H,Loving,2026-03-03,INSPECTION,Routine tubing pressure test and casing inspection,8.9,6832.4
EVT-001062,42-371-59740,Rivera 12H,Loving,2026-04-22,INSPECTION,Routine preventive maintenance on ESP system including motor inspection and cable check,24.0,18929.96
EVT-001063,42-371-59740,Rivera 12H,Loving,2026-03-26,CHEMICAL_TREATMENT,Scheduled wellhead maintenance and valve replacement,36.9,14912.25
EVT-001064,42-371-63468,Gibson 11H,Van Horn,2026-02-17,CHEMICAL_TREATMENT,"Increasing water cut trend noted, zone isolation evaluation in progress",3.9,4689.7
EVT-001065,42-371-63468,Gibson 11H,Van Horn,2024-06-07,MAINTENANCE,"Scale buildup detected in tubing, chemical squeeze scheduled",17.4,22536.11
EVT-001066,42-371-63468,Gibson 11H,Van Horn,2026-06-07,EQUIPMENT_CHANGE,"Increasing water cut trend noted, zone isolation evaluation in progress",82.0,108110.57
EVT-001067,42-389-95061,Price 11V,Mentone,2026-05-13,INSPECTION,Corrosion coupon retrieval and analysis - 2 mpy average rate,46.8,4521.84
EVT-001068,42-389-95061,Price 11V,Mentone,2025-12-09,INSPECTION,Routine tubing pressure test and casing inspection,12.3,15294.0
EVT-001069,42-389-37775,Washington 1H,Coyanosa,2023-01-14,MAINTENANCE,Quarterly ESP system diagnostic and vibration analysis completed,33.1,3761.49
EVT-001070,42-389-37775,Washington 1H,Coyanosa,2025-06-02,CHEMICAL_TREATMENT,Quarterly ESP system diagnostic and vibration analysis completed,3.5,11761.27
EVT-001071,42-301-53055,Ramirez 2H,Ward-Estes,2025-01-18,CHEMICAL_TREATMENT,Routine preventive maintenance on ESP system including motor inspection and cable check,24.7,16367.89
EVT-001072,42-301-53055,Ramirez 2H,Ward-Estes,2025-03-26,MAINTENANCE,Corrosion coupon retrieval and analysis - 2 mpy average rate,27.6,13445.67
EVT-001073,42-301-53055,Ramirez 2H,Ward-Estes,2022-12-16,CHEMICAL_TREATMENT,Quarterly ESP system diagnostic and vibration analysis completed,36.7,24010.34
EVT-001074,42-301-53055,Ramirez 2H,Ward-Estes,2025-07-26,MAINTENANCE,Surface facility maintenance including separator cleaning and meter calibration,9.9,2222.68
EVT-001075,42-389-91654,Bryant 9H,Kermit,2022-06-01,MAINTENANCE,Routine tubing pressure test and casing inspection,45.5,2590.6
EVT-001076,42-389-91654,Bryant 9H,Kermit,2024-08-11,MAINTENANCE,Scheduled wellhead maintenance and valve replacement,44.6,20369.91
EVT-001077,42-389-91654,Bryant 9H,Kermit,2024-08-05,MAINTENANCE,Routine tubing pressure test and casing inspection,39.4,16708.09
EVT-001078,42-475-98194,Richardson 6H,Grandfalls,2025-04-05,MAINTENANCE,Routine preventive maintenance on ESP system including motor inspection and cable check,11.6,6212.28
EVT-001079,42-301-76210,Diaz 1H,Monahans,2024-04-09,WORKOVER,"VSD drive failure causing ESP shutdown, replacement ordered",235.5,680046.91
EVT-001080,42-301-76210,Diaz 1H,Monahans,2024-10-12,FAILURE,"Casing collapse detected during pressure test, integrity compromised",448.3,377035.49
EVT-001081,42-301-76210,Diaz 1H,Monahans,2024-06-19,EQUIPMENT_CHANGE,"Tubing leak detected at depth, production ceased for workover",96.2,272922.72
EVT-001082,42-301-76210,Diaz 1H,Monahans,2023-06-18,FAILURE,Complete ESP system failure - motor burnout and pump lockup,50.3,65331.66
EVT-001083,42-301-76210,Diaz 1H,Monahans,2023-05-03,FAILURE,"ESP motor failure due to overheating, well shut-in pending replacement",298.5,29962.29
EVT-001084,42-301-76210,Diaz 1H,Monahans,2026-06-05,FAILURE,"Severe corrosion-induced tubing failure, well flowing up annulus",28.0,565072.3
EVT-001085,42-301-76210,Diaz 1H,Monahans,2026-07-08,FAILURE,"Severe corrosion-induced tubing failure, well flowing up annulus",260.4,161524.95
EVT-001086,42-475-67912,Wheeler 8H,Monahans,2024-06-30,MAINTENANCE,Routine tubing pressure test and casing inspection,26.2,9472.56
EVT-001087,42-475-67912,Wheeler 8H,Monahans,2025-12-27,INSPECTION,Corrosion coupon retrieval and analysis - 2 mpy average rate,43.6,16015.47
EVT-001088,42-475-67912,Wheeler 8H,Monahans,2026-03-02,MAINTENANCE,Annual safety valve inspection and function test completed,22.0,18350.92
EVT-001089,42-475-63071,Edwards 10H,Buena Vista,2025-08-23,INSPECTION,Routine tubing pressure test and casing inspection,28.9,18813.04
EVT-001090,42-495-31105,Baker 8H,Pecos Valley,2025-05-22,MAINTENANCE,Routine tubing pressure test and casing inspection,11.6,15202.99
EVT-001091,42-495-31105,Baker 8H,Pecos Valley,2025-03-25,MAINTENANCE,Routine tubing pressure test and casing inspection,38.2,4491.05
EVT-001092,42-495-31105,Baker 8H,Pecos Valley,2025-10-11,CHEMICAL_TREATMENT,Routine tubing pressure test and casing inspection,13.9,21516.59
EVT-001093,42-389-53737,Mitchell 1H,Buena Vista,2026-02-23,CHEMICAL_TREATMENT,Scheduled wellhead maintenance and valve replacement,8.1,15846.8
EVT-001094,42-389-53737,Mitchell 1H,Buena Vista,2024-04-19,INSPECTION,Routine preventive maintenance on ESP system including motor inspection and cable check,28.3,17792.93
EVT-001095,42-389-53737,Mitchell 1H,Buena Vista,2025-09-24,INSPECTION,Annual safety valve inspection and function test completed,41.2,5844.33
EVT-001096,42-389-53737,Mitchell 1H,Buena Vista,2023-05-29,INSPECTION,Annual safety valve inspection and function test completed,2.8,21489.13
EVT-001097,42-371-61051,Ford 9H,Red Hills,2024-11-17,WORKOVER,Electrical cable failure on ESP causing complete shutdown,621.7,737502.17
EVT-001098,42-371-61051,Ford 9H,Red Hills,2025-10-01,EQUIPMENT_CHANGE,"Rod parting at depth, well dead, workover rig scheduled",56.7,25529.42
EVT-001099,42-371-61051,Ford 9H,Red Hills,2025-07-16,EQUIPMENT_CHANGE,"Hole in tubing at 6500ft, severe production loss and gas migration",73.9,161303.18
EVT-001100,42-371-61051,Ford 9H,Red Hills,2026-07-04,FAILURE,"Severe corrosion-induced tubing failure, well flowing up annulus",195.5,27304.29
EVT-001101,42-371-61051,Ford 9H,Red Hills,2026-05-24,FAILURE,"Christmas tree valve failure, emergency well control initiated",343.8,749940.41
EVT-001102,42-389-30160,State 5H,Balmorhea,2023-03-15,MAINTENANCE,Annual safety valve inspection and function test completed,4.0,22740.31
EVT-001103,42-389-30160,State 5H,Balmorhea,2022-08-08,CHEMICAL_TREATMENT,Routine tubing pressure test and casing inspection,41.7,6636.02
EVT-001104,42-371-65965,Long 5H,Reeves County,2025-02-06,MAINTENANCE,Corrosion coupon retrieval and analysis - 2 mpy average rate,36.1,14098.4
EVT-001105,42-371-65965,Long 5H,Reeves County,2024-09-10,MAINTENANCE,Routine tubing pressure test and casing inspection,17.1,16445.2
EVT-001106,42-371-65965,Long 5H,Reeves County,2024-09-25,MAINTENANCE,Quarterly ESP system diagnostic and vibration analysis completed,38.0,2978.1
EVT-001107,42-371-65965,Long 5H,Reeves County,2026-04-30,INSPECTION,Routine preventive maintenance on ESP system including motor inspection and cable check,37.5,3894.32
EVT-001108,42-475-72432,Owens 12H,Fort Stockton,2025-09-14,CHEMICAL_TREATMENT,Corrosion coupon retrieval and analysis - 2 mpy average rate,39.2,3907.68
EVT-001109,42-475-37184,Morris 4H,Buena Vista,2026-03-16,CHEMICAL_TREATMENT,Annual safety valve inspection and function test completed,28.4,3977.12
EVT-001110,42-475-42995,Owens 4H,Fort Stockton,2023-03-18,INSPECTION,Corrosion coupon retrieval and analysis - 2 mpy average rate,13.2,16108.72
EVT-001111,42-475-42995,Owens 4H,Fort Stockton,2024-09-08,MAINTENANCE,Routine tubing pressure test and casing inspection,16.2,19526.58
EVT-001112,42-109-65373,Owens 11H,Ward-Estes,2026-04-10,CHEMICAL_TREATMENT,Routine tubing pressure test and casing inspection,36.2,1958.1
EVT-001113,42-109-65373,Owens 11H,Ward-Estes,2026-05-31,CHEMICAL_TREATMENT,Routine preventive maintenance on ESP system including motor inspection and cable check,18.0,13514.56
EVT-001114,42-109-65373,Owens 11H,Ward-Estes,2025-12-08,CHEMICAL_TREATMENT,Annual safety valve inspection and function test completed,2.4,8223.13
EVT-001115,42-109-65373,Owens 11H,Ward-Estes,2026-03-28,CHEMICAL_TREATMENT,Scheduled wellhead maintenance and valve replacement,26.6,4836.48
EVT-001116,42-389-62013,Torres 8H,Delaware Basin,2023-12-02,MAINTENANCE,Annual safety valve inspection and function test completed,14.0,3473.67
EVT-001117,42-389-62013,Torres 8H,Delaware Basin,2024-04-28,MAINTENANCE,Corrosion coupon retrieval and analysis - 2 mpy average rate,22.1,17074.52
EVT-001118,42-371-49372,Harris 6V,Imperial,2025-11-18,INSPECTION,Routine preventive maintenance on ESP system including motor inspection and cable check,8.2,21872.33
EVT-001119,42-371-49372,Harris 6V,Imperial,2024-04-10,INSPECTION,Annual safety valve inspection and function test completed,25.8,16072.73
EVT-001120,42-371-49372,Harris 6V,Imperial,2024-08-24,CHEMICAL_TREATMENT,Routine tubing pressure test and casing inspection,13.6,23927.56
EVT-001121,42-371-49372,Harris 6V,Imperial,2023-11-27,CHEMICAL_TREATMENT,Annual safety valve inspection and function test completed,40.7,17667.69
EVT-001122,42-371-41090,Richardson 9H,Pecos Valley,2025-09-18,INSPECTION,Surface facility maintenance including separator cleaning and meter calibration,5.4,981.43
EVT-001123,42-371-41090,Richardson 9H,Pecos Valley,2023-05-02,CHEMICAL_TREATMENT,Annual safety valve inspection and function test completed,10.3,21719.85
EVT-001124,42-371-41090,Richardson 9H,Pecos Valley,2023-02-25,CHEMICAL_TREATMENT,Routine preventive maintenance on ESP system including motor inspection and cable check,17.8,10883.89
EVT-001125,42-495-47453,Mitchell 6V,Balmorhea,2026-04-04,CHEMICAL_TREATMENT,Scheduled wellhead maintenance and valve replacement,35.5,13172.96
EVT-001126,42-495-47453,Mitchell 6V,Balmorhea,2026-05-29,MAINTENANCE,Quarterly ESP system diagnostic and vibration analysis completed,7.3,4826.65
EVT-001127,42-495-47453,Mitchell 6V,Balmorhea,2026-06-08,MAINTENANCE,Corrosion coupon retrieval and analysis - 2 mpy average rate,2.6,16039.92
EVT-001128,42-475-84590,Fisher 3V,Ward-Estes,2025-03-09,MAINTENANCE,Routine tubing pressure test and casing inspection,19.9,9991.43
EVT-001129,42-475-84590,Fisher 3V,Ward-Estes,2025-01-02,INSPECTION,Quarterly ESP system diagnostic and vibration analysis completed,31.9,10747.84
EVT-001130,42-301-55035,Davis 11H,Fort Stockton,2023-10-26,INSPECTION,"Scale buildup detected in tubing, chemical squeeze scheduled",2.0,14334.61
EVT-001131,42-301-55035,Davis 11H,Fort Stockton,2026-03-20,EQUIPMENT_CHANGE,"Scale buildup detected in tubing, chemical squeeze scheduled",17.2,271110.71
EVT-001132,42-301-55035,Davis 11H,Fort Stockton,2024-04-04,EQUIPMENT_CHANGE,Emulsion issues at separator requiring increased demulsifier dosage,43.1,77543.21
EVT-001133,42-301-55035,Davis 11H,Fort Stockton,2025-07-04,CHEMICAL_TREATMENT,"Intermittent ESP trips due to gas slugging, VSD ramp adjusted",21.0,20583.38
EVT-001134,42-301-55035,Davis 11H,Fort Stockton,2024-04-22,CHEMICAL_TREATMENT,"Scale buildup detected in tubing, chemical squeeze scheduled",5.7,16276.87
EVT-001135,42-301-55035,Davis 11H,Fort Stockton,2026-06-07,FAILURE,"Sand production increasing, pump wear accelerating",78.2,195096.41
EVT-001136,42-475-96540,Harrison 3V,Grandfalls,2025-11-16,FAILURE,"Casing collapse detected during pressure test, integrity compromised",162.6,605186.27
EVT-001137,42-475-96540,Harrison 3V,Grandfalls,2025-11-29,FAILURE,"Downhole pump seized due to severe sand production, pulling unit dispatched",132.9,490870.47
EVT-001138,42-475-96540,Harrison 3V,Grandfalls,2026-07-03,FAILURE,"Christmas tree valve failure, emergency well control initiated",361.8,63907.67
EVT-001139,42-475-96540,Harrison 3V,Grandfalls,2026-07-06,FAILURE,"Rod parting at depth, well dead, workover rig scheduled",353.4,200181.21
EVT-001140,42-109-43577,Wilson 2V,Ward-Estes,2025-03-27,FAILURE,"Christmas tree valve failure, emergency well control initiated",191.2,754201.29
EVT-001141,42-109-43577,Wilson 2V,Ward-Estes,2024-12-31,WORKOVER,"Casing collapse detected during pressure test, integrity compromised",207.1,1149099.48
EVT-001142,42-109-43577,Wilson 2V,Ward-Estes,2026-05-31,FAILURE,"Downhole pump seized due to severe sand production, pulling unit dispatched",191.8,780493.83
EVT-001143,42-109-43577,Wilson 2V,Ward-Estes,2026-06-02,FAILURE,"VSD drive failure causing ESP shutdown, replacement ordered",127.9,788661.48
EVT-001144,42-371-85146,Howard 11H,Culberson County,2025-08-07,CHEMICAL_TREATMENT,Quarterly ESP system diagnostic and vibration analysis completed,2.9,20418.97
EVT-001145,42-389-76129,Morris 7H,Grandfalls,2026-01-13,INSPECTION,Surface facility maintenance including separator cleaning and meter calibration,19.5,24775.17
EVT-001146,42-389-31783,Reynolds 9H,Kermit,2025-05-13,CHEMICAL_TREATMENT,Routine tubing pressure test and casing inspection,14.3,3083.87
EVT-001147,42-389-31783,Reynolds 9H,Kermit,2025-09-09,INSPECTION,Routine preventive maintenance on ESP system including motor inspection and cable check,28.0,9116.52
EVT-001148,42-389-31783,Reynolds 9H,Kermit,2025-12-25,MAINTENANCE,Quarterly ESP system diagnostic and vibration analysis completed,12.1,9067.65
EVT-001149,42-301-32947,Coleman 5H,Pecos Valley,2025-09-28,MAINTENANCE,Routine tubing pressure test and casing inspection,5.4,6975.68
EVT-001150,42-301-32947,Coleman 5H,Pecos Valley,2024-11-28,INSPECTION,Surface facility maintenance including separator cleaning and meter calibration,14.2,12959.79
EVT-001151,42-301-32947,Coleman 5H,Pecos Valley,2025-03-10,MAINTENANCE,Corrosion coupon retrieval and analysis - 2 mpy average rate,19.7,10358.68
EVT-001152,42-301-32947,Coleman 5H,Pecos Valley,2024-11-23,INSPECTION,Routine preventive maintenance on ESP system including motor inspection and cable check,37.6,4418.76
EVT-001153,42-495-87373,White 3H,Toyah,2025-09-10,MAINTENANCE,Routine tubing pressure test and casing inspection,19.9,21390.61
EVT-001154,42-495-87373,White 3H,Toyah,2026-02-27,INSPECTION,Routine preventive maintenance on ESP system including motor inspection and cable check,23.6,7562.25
EVT-001155,42-495-87373,White 3H,Toyah,2025-09-18,CHEMICAL_TREATMENT,Routine tubing pressure test and casing inspection,34.9,10617.78
EVT-001156,42-301-53576,Ward 11H,Coyanosa,2026-02-25,MAINTENANCE,Annual safety valve inspection and function test completed,12.4,20279.04
EVT-001157,42-475-70304,Phillips 7H,Grandfalls,2022-12-25,MAINTENANCE,Annual safety valve inspection and function test completed,39.0,14965.05
EVT-001158,42-475-70304,Phillips 7H,Grandfalls,2025-01-30,CHEMICAL_TREATMENT,Quarterly ESP system diagnostic and vibration analysis completed,35.7,4837.94
EVT-001159,42-475-70304,Phillips 7H,Grandfalls,2024-12-09,MAINTENANCE,Surface facility maintenance including separator cleaning and meter calibration,34.8,16164.44
EVT-001160,42-475-70304,Phillips 7H,Grandfalls,2022-08-04,INSPECTION,Surface facility maintenance including separator cleaning and meter calibration,34.7,9933.42
EVT-001161,42-371-82336,Bennett 11H,Wink,2026-05-17,CHEMICAL_TREATMENT,Routine preventive maintenance on ESP system including motor inspection and cable check,40.7,1840.67
EVT-001162,42-371-82336,Bennett 11H,Wink,2026-03-08,INSPECTION,Corrosion coupon retrieval and analysis - 2 mpy average rate,35.2,2116.16
EVT-001163,42-371-82336,Bennett 11H,Wink,2025-10-21,MAINTENANCE,Routine preventive maintenance on ESP system including motor inspection and cable check,41.7,12532.97
EVT-001164,42-371-82336,Bennett 11H,Wink,2025-11-27,CHEMICAL_TREATMENT,Quarterly ESP system diagnostic and vibration analysis completed,17.5,24290.16
EVT-001165,42-109-82873,Taylor 4H,Toyah,2024-02-19,CHEMICAL_TREATMENT,Emulsion issues at separator requiring increased demulsifier dosage,32.0,12564.45
EVT-001166,42-109-82873,Taylor 4H,Toyah,2026-01-11,CHEMICAL_TREATMENT,"Increasing water cut trend noted, zone isolation evaluation in progress",44.7,19499.39
EVT-001167,42-109-82873,Taylor 4H,Toyah,2023-12-01,EQUIPMENT_CHANGE,"Gas lift valve partially plugged, reduced injection efficiency",40.2,252970.01
EVT-001168,42-109-82873,Taylor 4H,Toyah,2024-05-12,EQUIPMENT_CHANGE,"Scale buildup detected in tubing, chemical squeeze scheduled",160.1,60363.43
EVT-001169,42-109-82873,Taylor 4H,Toyah,2026-05-28,EQUIPMENT_CHANGE,"Increasing water cut trend noted, zone isolation evaluation in progress",164.3,96819.93
EVT-001170,42-475-89497,Graham 11H,Wink,2026-05-15,CHEMICAL_TREATMENT,Routine preventive maintenance on ESP system including motor inspection and cable check,42.5,4354.15
EVT-001171,42-475-89497,Graham 11H,Wink,2025-12-08,INSPECTION,Surface facility maintenance including separator cleaning and meter calibration,23.8,10452.58
EVT-001172,42-389-68038,Ramirez 4H,Van Horn,2025-04-29,FAILURE,"Tubing leak detected at depth, production ceased for workover",247.6,473920.56
EVT-001173,42-389-68038,Ramirez 4H,Van Horn,2025-09-23,FAILURE,"ESP motor failure due to overheating, well shut-in pending replacement",239.1,94668.7
EVT-001174,42-389-68038,Ramirez 4H,Van Horn,2025-09-25,FAILURE,"ESP motor failure due to overheating, well shut-in pending replacement",63.4,27116.67
EVT-001175,42-389-68038,Ramirez 4H,Van Horn,2025-07-24,FAILURE,"Christmas tree valve failure, emergency well control initiated",28.5,391334.26
EVT-001176,42-389-68038,Ramirez 4H,Van Horn,2024-09-27,WORKOVER,"Rod parting at depth, well dead, workover rig scheduled",48.9,1294161.61
EVT-001177,42-389-68038,Ramirez 4H,Van Horn,2026-06-09,WORKOVER,"Tubing leak detected at depth, production ceased for workover",607.9,1953749.04
EVT-001178,42-389-68038,Ramirez 4H,Van Horn,2024-09-12,FAILURE,"Rod parting at depth, well dead, workover rig scheduled",281.7,568435.38
EVT-001179,42-389-68038,Ramirez 4H,Van Horn,2026-07-04,FAILURE,"Christmas tree valve failure, emergency well control initiated",111.7,378066.04
EVT-001180,42-389-68038,Ramirez 4H,Van Horn,2026-06-16,FAILURE,"Downhole pump seized due to severe sand production, pulling unit dispatched",459.8,424145.47
EVT-001181,42-389-91846,Bell 1H,Loving,2025-07-26,CHEMICAL_TREATMENT,Routine preventive maintenance on ESP system including motor inspection and cable check,31.4,21032.08
EVT-001182,42-389-91846,Bell 1H,Loving,2025-08-15,CHEMICAL_TREATMENT,Scheduled wellhead maintenance and valve replacement,28.0,23247.83
EVT-001183,42-389-91846,Bell 1H,Loving,2026-06-08,INSPECTION,Annual safety valve inspection and function test completed,43.7,15851.79
EVT-001184,42-475-48758,Sanders 5H,Fort Stockton,2026-04-14,EQUIPMENT_CHANGE,"Tubing leak detected at depth, production ceased for workover",116.7,272491.83
EVT-001185,42-475-48758,Sanders 5H,Fort Stockton,2025-05-10,FAILURE,"ESP motor failure due to overheating, well shut-in pending replacement",162.8,259210.03
EVT-001186,42-475-48758,Sanders 5H,Fort Stockton,2025-05-14,FAILURE,"VSD drive failure causing ESP shutdown, replacement ordered",449.9,45971.65
EVT-001187,42-475-48758,Sanders 5H,Fort Stockton,2025-04-03,EQUIPMENT_CHANGE,Complete ESP system failure - motor burnout and pump lockup,27.2,58142.03
EVT-001188,42-475-48758,Sanders 5H,Fort Stockton,2026-07-01,FAILURE,"VSD drive failure causing ESP shutdown, replacement ordered",449.0,596431.08
EVT-001189,42-475-48758,Sanders 5H,Fort Stockton,2026-06-05,FAILURE,"Christmas tree valve failure, emergency well control initiated",273.5,179614.17
EVT-001190,42-495-90710,Gibson 8H,Delaware Basin,2025-04-27,CHEMICAL_TREATMENT,Surface facility maintenance including separator cleaning and meter calibration,11.2,6388.83
EVT-001191,42-495-90710,Gibson 8H,Delaware Basin,2025-08-26,INSPECTION,Surface facility maintenance including separator cleaning and meter calibration,36.5,4119.93
EVT-001192,42-495-90710,Gibson 8H,Delaware Basin,2023-11-18,MAINTENANCE,Scheduled wellhead maintenance and valve replacement,16.8,10163.44
EVT-001193,42-495-90710,Gibson 8H,Delaware Basin,2023-11-13,MAINTENANCE,Surface facility maintenance including separator cleaning and meter calibration,5.8,1070.37
EVT-001194,42-371-34152,Patterson 8H,Toyah,2025-11-14,FAILURE,"Casing collapse detected during pressure test, integrity compromised",292.0,355313.05
EVT-001195,42-371-34152,Patterson 8H,Toyah,2026-02-14,WORKOVER,"Rod parting at depth, well dead, workover rig scheduled",346.8,1123484.23
EVT-001196,42-371-34152,Patterson 8H,Toyah,2026-06-10,FAILURE,"Downhole pump seized due to severe sand production, pulling unit dispatched",322.0,585043.14
EVT-001197,42-371-34152,Patterson 8H,Toyah,2025-10-23,WORKOVER,"Hole in tubing at 6500ft, severe production loss and gas migration",268.9,1552007.64
EVT-001198,42-371-34152,Patterson 8H,Toyah,2026-05-16,FAILURE,"Severe corrosion-induced tubing failure, well flowing up annulus",395.9,437855.69
EVT-001199,42-371-34152,Patterson 8H,Toyah,2026-06-28,FAILURE,Electrical cable failure on ESP causing complete shutdown,427.5,774729.44
EVT-001200,42-475-56336,Harrison 4H,Coyanosa,2026-01-01,MAINTENANCE,Scheduled wellhead maintenance and valve replacement,47.0,19394.41
EVT-001201,42-389-58110,Perry 2H,Fort Stockton,2024-03-07,MAINTENANCE,Corrosion coupon retrieval and analysis - 2 mpy average rate,39.4,8211.62
EVT-001202,42-475-95327,West 7H,Balmorhea,2025-02-20,CHEMICAL_TREATMENT,Surface facility maintenance including separator cleaning and meter calibration,7.5,2783.27
EVT-001203,42-475-95327,West 7H,Balmorhea,2025-01-04,MAINTENANCE,Routine tubing pressure test and casing inspection,32.3,24747.4
EVT-001204,42-389-44618,Patterson 3H,Kermit,2025-01-14,MAINTENANCE,Surface facility maintenance including separator cleaning and meter calibration,37.4,21891.27
EVT-001205,42-389-44618,Patterson 3H,Kermit,2025-11-04,MAINTENANCE,Routine tubing pressure test and casing inspection,37.2,21617.78
EVT-001206,42-389-44618,Patterson 3H,Kermit,2025-09-02,MAINTENANCE,Routine preventive maintenance on ESP system including motor inspection and cable check,2.2,18272.45
EVT-001207,42-389-38020,White 10H,Van Horn,2025-06-18,MAINTENANCE,Routine preventive maintenance on ESP system including motor inspection and cable check,4.0,24840.6
EVT-001208,42-475-43404,Turner 2V,Buena Vista,2026-03-24,MAINTENANCE,Corrosion coupon retrieval and analysis - 2 mpy average rate,32.7,16975.16
EVT-001209,42-475-43404,Turner 2V,Buena Vista,2026-04-22,MAINTENANCE,Routine tubing pressure test and casing inspection,20.1,13913.67
EVT-001210,42-371-81432,Hamilton 2H,Imperial,2023-11-08,INSPECTION,Routine preventive maintenance on ESP system including motor inspection and cable check,28.5,11831.8
EVT-001211,42-371-81432,Hamilton 2H,Imperial,2026-03-25,MAINTENANCE,Routine preventive maintenance on ESP system including motor inspection and cable check,11.3,8396.09
EVT-001212,42-371-81432,Hamilton 2H,Imperial,2025-03-13,CHEMICAL_TREATMENT,Routine preventive maintenance on ESP system including motor inspection and cable check,32.0,15848.64
EVT-001213,42-371-83170,Russell 5V,Red Hills,2026-04-22,MAINTENANCE,Routine preventive maintenance on ESP system including motor inspection and cable check,45.7,5342.33
EVT-001214,42-371-83170,Russell 5V,Red Hills,2024-10-10,CHEMICAL_TREATMENT,Routine tubing pressure test and casing inspection,12.4,12614.93
EVT-001215,42-371-83170,Russell 5V,Red Hills,2026-03-02,INSPECTION,Routine tubing pressure test and casing inspection,43.8,6183.76
EVT-001216,42-371-83170,Russell 5V,Red Hills,2024-08-07,MAINTENANCE,Routine tubing pressure test and casing inspection,18.1,20926.62
EVT-001217,42-389-31219,Ford 9H,Orla,2025-09-05,CHEMICAL_TREATMENT,"Scale buildup detected in tubing, chemical squeeze scheduled",20.5,16178.87
EVT-001218,42-389-31219,Ford 9H,Orla,2025-12-27,CHEMICAL_TREATMENT,"Sand production increasing, pump wear accelerating",39.1,878.69
EVT-001219,42-389-31219,Ford 9H,Orla,2026-05-05,FAILURE,"Increasing water cut trend noted, zone isolation evaluation in progress",164.8,553336.55
EVT-001220,42-371-57277,Land Trust 3H,Toyah,2022-06-07,CHEMICAL_TREATMENT,"Elevated motor temperature detected, monitoring increased frequency",10.4,4314.08
EVT-001221,42-371-57277,Land Trust 3H,Toyah,2026-05-21,EQUIPMENT_CHANGE,"Intermittent ESP trips due to gas slugging, VSD ramp adjusted",108.5,232031.82
EVT-001222,42-371-57277,Land Trust 3H,Toyah,2022-06-29,INSPECTION,"Increasing water cut trend noted, zone isolation evaluation in progress",42.8,6528.25
EVT-001223,42-371-57277,Land Trust 3H,Toyah,2023-10-16,INSPECTION,"Scale buildup detected in tubing, chemical squeeze scheduled",42.0,17846.21
EVT-001224,42-371-57277,Land Trust 3H,Toyah,2026-03-21,CHEMICAL_TREATMENT,Emulsion issues at separator requiring increased demulsifier dosage,14.6,4605.3
EVT-001225,42-371-57277,Land Trust 3H,Toyah,2025-11-26,EQUIPMENT_CHANGE,"Paraffin accumulation restricting flow, hot oil treatment performed",44.2,95416.26
EVT-001226,42-371-57277,Land Trust 3H,Toyah,2026-04-26,EQUIPMENT_CHANGE,"Elevated motor temperature detected, monitoring increased frequency",95.3,209233.53
EVT-001227,42-475-99522,Long 7H,Balmorhea,2025-01-27,INSPECTION,Quarterly ESP system diagnostic and vibration analysis completed,42.6,14507.36
EVT-001228,42-475-99522,Long 7H,Balmorhea,2026-04-16,MAINTENANCE,Annual safety valve inspection and function test completed,3.9,4153.3
EVT-001229,42-475-99522,Long 7H,Balmorhea,2024-11-29,INSPECTION,Quarterly ESP system diagnostic and vibration analysis completed,10.6,6257.75
EVT-001230,42-475-99522,Long 7H,Balmorhea,2024-10-28,MAINTENANCE,Quarterly ESP system diagnostic and vibration analysis completed,30.2,16883.49
EVT-001231,42-109-55785,Rogers 4H,Kermit,2025-12-20,INSPECTION,Routine preventive maintenance on ESP system including motor inspection and cable check,47.4,5970.67
EVT-001232,42-109-55785,Rogers 4H,Kermit,2026-04-03,MAINTENANCE,Scheduled wellhead maintenance and valve replacement,12.1,5368.79
EVT-001233,42-389-37938,Minerals 9H,Monahans,2022-08-30,MAINTENANCE,Annual safety valve inspection and function test completed,24.4,863.86
EVT-001234,42-475-51891,Rogers 8V,Wink,2026-03-30,MAINTENANCE,"Gas lift valve partially plugged, reduced injection efficiency",30.3,19183.05
EVT-001235,42-475-51891,Rogers 8V,Wink,2026-01-31,INSPECTION,"Increasing water cut trend noted, zone isolation evaluation in progress",31.7,6039.69
EVT-001236,42-475-51891,Rogers 8V,Wink,2026-04-10,CHEMICAL_TREATMENT,"Paraffin accumulation restricting flow, hot oil treatment performed",11.2,9971.9
EVT-001237,42-475-51891,Rogers 8V,Wink,2026-02-15,CHEMICAL_TREATMENT,"Increasing water cut trend noted, zone isolation evaluation in progress",17.9,10645.0
EVT-001238,42-475-51891,Rogers 8V,Wink,2026-01-12,MAINTENANCE,"Intermittent ESP trips due to gas slugging, VSD ramp adjusted",6.6,21254.58
EVT-001239,42-475-51891,Rogers 8V,Wink,2026-03-08,MAINTENANCE,Emulsion issues at separator requiring increased demulsifier dosage,8.3,2610.99
EVT-001240,42-475-51891,Rogers 8V,Wink,2026-04-19,FAILURE,"Scale buildup detected in tubing, chemical squeeze scheduled",64.2,640997.06
EVT-001241,42-495-62185,Rivera 12H,Reeves County,2024-02-09,INSPECTION,Routine tubing pressure test and casing inspection,12.6,12051.12
EVT-001242,42-495-62185,Rivera 12H,Reeves County,2026-05-04,INSPECTION,Routine tubing pressure test and casing inspection,41.5,4636.45
EVT-001243,42-371-56467,Bell 12H,Mentone,2026-03-29,MAINTENANCE,"Scale buildup detected in tubing, chemical squeeze scheduled",3.9,12991.53
EVT-001244,42-371-56467,Bell 12H,Mentone,2022-09-01,CHEMICAL_TREATMENT,"Paraffin accumulation restricting flow, hot oil treatment performed",5.8,5331.45
EVT-001245,42-371-56467,Bell 12H,Mentone,2023-03-29,CHEMICAL_TREATMENT,"Increasing water cut trend noted, zone isolation evaluation in progress",3.8,7917.47
EVT-001246,42-371-56467,Bell 12H,Mentone,2026-06-24,EQUIPMENT_CHANGE,"Sand production increasing, pump wear accelerating",34.8,295093.96
EVT-001247,42-389-66160,Sanders 2H,Culberson County,2025-07-26,WORKOVER,"Downhole pump seized due to severe sand production, pulling unit dispatched",510.8,1496068.36
EVT-001248,42-389-66160,Sanders 2H,Culberson County,2022-10-01,WORKOVER,"Tubing leak detected at depth, production ceased for workover",694.6,1149874.59
EVT-001249,42-389-66160,Sanders 2H,Culberson County,2022-08-18,WORKOVER,"Casing collapse detected during pressure test, integrity compromised",677.0,1282492.63
EVT-001250,42-389-66160,Sanders 2H,Culberson County,2025-12-14,EQUIPMENT_CHANGE,"VSD drive failure causing ESP shutdown, replacement ordered",64.7,163354.2
EVT-001251,42-389-66160,Sanders 2H,Culberson County,2026-05-23,FAILURE,"Hole in tubing at 6500ft, severe production loss and gas migration",272.8,699284.15
EVT-001252,42-389-66160,Sanders 2H,Culberson County,2026-06-27,FAILURE,Electrical cable failure on ESP causing complete shutdown,45.2,506844.58
EVT-001253,42-371-87264,Wallace 6V,Kermit,2026-04-05,INSPECTION,Quarterly ESP system diagnostic and vibration analysis completed,3.8,3979.62
EVT-001254,42-371-87264,Wallace 6V,Kermit,2026-06-02,CHEMICAL_TREATMENT,Surface facility maintenance including separator cleaning and meter calibration,7.6,11077.29
EVT-001255,42-495-71991,Sullivan 12H,Reeves County,2025-09-13,CHEMICAL_TREATMENT,Annual safety valve inspection and function test completed,2.9,3520.76
EVT-001256,42-495-71991,Sullivan 12H,Reeves County,2025-12-10,CHEMICAL_TREATMENT,Routine preventive maintenance on ESP system including motor inspection and cable check,22.8,9204.52
EVT-001257,42-109-39269,Nelson 9V,Orla,2025-11-16,INSPECTION,Surface facility maintenance including separator cleaning and meter calibration,42.2,5184.08
EVT-001258,42-109-39269,Nelson 9V,Orla,2026-01-04,CHEMICAL_TREATMENT,Surface facility maintenance including separator cleaning and meter calibration,10.1,21101.16
EVT-001259,42-109-39269,Nelson 9V,Orla,2026-01-26,MAINTENANCE,Corrosion coupon retrieval and analysis - 2 mpy average rate,20.4,15526.08
EVT-001260,42-389-33620,Edwards 3H,Monahans,2025-06-03,MAINTENANCE,Surface facility maintenance including separator cleaning and meter calibration,28.7,24375.53
EVT-001261,42-389-33620,Edwards 3H,Monahans,2024-10-10,INSPECTION,Surface facility maintenance including separator cleaning and meter calibration,25.5,4045.44
EVT-001262,42-389-33620,Edwards 3H,Monahans,2025-09-05,MAINTENANCE,Routine tubing pressure test and casing inspection,37.4,5329.64
EVT-001263,42-301-60464,State 4H,Mentone,2025-07-19,CHEMICAL_TREATMENT,Routine preventive maintenance on ESP system including motor inspection and cable check,16.8,7855.01
EVT-001264,42-301-60464,State 4H,Mentone,2026-03-28,INSPECTION,Annual safety valve inspection and function test completed,35.6,3579.31
EVT-001265,42-301-60464,State 4H,Mentone,2025-06-11,INSPECTION,Surface facility maintenance including separator cleaning and meter calibration,28.1,19531.78
EVT-001266,42-301-60464,State 4H,Mentone,2025-11-22,MAINTENANCE,Quarterly ESP system diagnostic and vibration analysis completed,3.0,635.64
EVT-001267,42-475-65779,Peterson 6H,Monahans,2024-09-08,CHEMICAL_TREATMENT,Corrosion coupon retrieval and analysis - 2 mpy average rate,35.1,1835.99
EVT-001268,42-475-65779,Peterson 6H,Monahans,2025-04-05,MAINTENANCE,Surface facility maintenance including separator cleaning and meter calibration,45.2,20833.62
EVT-001269,42-475-65779,Peterson 6H,Monahans,2025-02-04,CHEMICAL_TREATMENT,Scheduled wellhead maintenance and valve replacement,28.5,9893.56
EVT-001270,42-475-65779,Peterson 6H,Monahans,2025-06-07,MAINTENANCE,Scheduled wellhead maintenance and valve replacement,23.4,10815.81
EVT-001271,42-389-73257,Cole 8H,Wink,2026-01-09,CHEMICAL_TREATMENT,Surface facility maintenance including separator cleaning and meter calibration,6.8,14618.93
EVT-001272,42-301-53331,Davis 7V,Coyanosa,2026-01-13,INSPECTION,Annual safety valve inspection and function test completed,36.5,5370.3
EVT-001273,42-371-86615,Anderson 1V,Pecos Valley,2026-01-27,INSPECTION,Routine tubing pressure test and casing inspection,36.2,12288.03
EVT-001274,42-389-52825,Scott 6V,Balmorhea,2024-10-25,MAINTENANCE,Surface facility maintenance including separator cleaning and meter calibration,3.6,18401.92
EVT-001275,42-109-31035,Alexander 3H,Balmorhea,2026-03-12,MAINTENANCE,Corrosion coupon retrieval and analysis - 2 mpy average rate,36.1,15204.51
EVT-001276,42-109-31035,Alexander 3H,Balmorhea,2026-04-24,MAINTENANCE,Annual safety valve inspection and function test completed,41.4,15739.15
EVT-001277,42-495-91581,Stewart 5V,Grandfalls,2023-10-17,INSPECTION,Corrosion coupon retrieval and analysis - 2 mpy average rate,21.3,17601.81
EVT-001278,42-495-91581,Stewart 5V,Grandfalls,2022-08-29,MAINTENANCE,Annual safety valve inspection and function test completed,2.8,21020.09
EVT-001279,42-389-89267,Hill 4H,Wink,2024-11-18,MAINTENANCE,Routine preventive maintenance on ESP system including motor inspection and cable check,17.9,5037.0
EVT-001280,42-389-89267,Hill 4H,Wink,2024-09-25,INSPECTION,Surface facility maintenance including separator cleaning and meter calibration,14.5,17923.46
EVT-001281,42-389-89267,Hill 4H,Wink,2025-11-03,CHEMICAL_TREATMENT,Quarterly ESP system diagnostic and vibration analysis completed,6.5,4712.71
EVT-001282,42-371-66493,Peterson 5H,Coyanosa,2026-01-16,MAINTENANCE,Surface facility maintenance including separator cleaning and meter calibration,18.8,6306.1
EVT-001283,42-371-66493,Peterson 5H,Coyanosa,2026-06-11,MAINTENANCE,Annual safety valve inspection and function test completed,12.7,5337.6
EVT-001284,42-371-66493,Peterson 5H,Coyanosa,2025-12-30,INSPECTION,Routine preventive maintenance on ESP system including motor inspection and cable check,7.7,14126.98
EVT-001285,42-371-66493,Peterson 5H,Coyanosa,2026-06-06,CHEMICAL_TREATMENT,Corrosion coupon retrieval and analysis - 2 mpy average rate,12.2,19419.68
EVT-001286,42-475-81483,Myers 11H,Fort Stockton,2024-10-26,CHEMICAL_TREATMENT,Surface facility maintenance including separator cleaning and meter calibration,19.8,3983.7
EVT-001287,42-301-63499,Simmons 6H,Orla,2024-05-23,CHEMICAL_TREATMENT,Annual safety valve inspection and function test completed,11.0,1712.31
EVT-001288,42-301-63499,Simmons 6H,Orla,2026-03-17,MAINTENANCE,Quarterly ESP system diagnostic and vibration analysis completed,25.4,21248.12
EVT-001289,42-301-63499,Simmons 6H,Orla,2024-12-18,INSPECTION,Quarterly ESP system diagnostic and vibration analysis completed,17.9,14375.61
EVT-001290,42-371-96143,Thompson 5V,Fort Stockton,2026-03-10,CHEMICAL_TREATMENT,Surface facility maintenance including separator cleaning and meter calibration,5.9,13083.47
EVT-001291,42-371-96143,Thompson 5V,Fort Stockton,2025-08-05,CHEMICAL_TREATMENT,Quarterly ESP system diagnostic and vibration analysis completed,32.7,9538.52
EVT-001292,42-301-92230,Cook 10H,Fort Stockton,2024-04-10,INSPECTION,Scheduled wellhead maintenance and valve replacement,22.0,21140.07
EVT-001293,42-475-54488,Roberts 10H,Buena Vista,2025-04-11,INSPECTION,Quarterly ESP system diagnostic and vibration analysis completed,24.2,19001.24
EVT-001294,42-475-54488,Roberts 10H,Buena Vista,2024-12-05,MAINTENANCE,Routine preventive maintenance on ESP system including motor inspection and cable check,33.1,11866.72
EVT-001295,42-475-54488,Roberts 10H,Buena Vista,2024-03-24,CHEMICAL_TREATMENT,Annual safety valve inspection and function test completed,15.9,18189.3
EVT-001296,42-389-99963,State 6V,Pecos Valley,2026-01-08,MAINTENANCE,"Increasing water cut trend noted, zone isolation evaluation in progress",44.2,19474.81
EVT-001297,42-389-99963,State 6V,Pecos Valley,2025-11-22,INSPECTION,"Elevated motor temperature detected, monitoring increased frequency",29.9,18289.62
EVT-001298,42-389-99963,State 6V,Pecos Valley,2024-02-27,MAINTENANCE,"Scale buildup detected in tubing, chemical squeeze scheduled",9.8,10278.42
EVT-001299,42-389-99963,State 6V,Pecos Valley,2024-12-23,MAINTENANCE,"Intermittent ESP trips due to gas slugging, VSD ramp adjusted",26.2,12349.11
EVT-001300,42-389-99963,State 6V,Pecos Valley,2025-07-24,EQUIPMENT_CHANGE,Emulsion issues at separator requiring increased demulsifier dosage,85.3,77946.11
EVT-001301,42-389-99963,State 6V,Pecos Valley,2023-09-24,MAINTENANCE,Emulsion issues at separator requiring increased demulsifier dosage,20.6,1662.15
EVT-001302,42-389-99963,State 6V,Pecos Valley,2026-04-18,FAILURE,"Gas lift valve partially plugged, reduced injection efficiency",165.2,187789.6
EVT-001303,42-495-96988,Woods 2H,Culberson County,2026-04-17,CHEMICAL_TREATMENT,Routine tubing pressure test and casing inspection,22.8,8030.06
EVT-001304,42-389-36490,Simmons 11H,Loving,2025-05-20,CHEMICAL_TREATMENT,Routine tubing pressure test and casing inspection,13.0,21611.71
EVT-001305,42-389-36490,Simmons 11H,Loving,2022-10-20,CHEMICAL_TREATMENT,Routine preventive maintenance on ESP system including motor inspection and cable check,13.5,20827.23
EVT-001306,42-109-33980,Scott 1H,Loving,2025-01-01,MAINTENANCE,Quarterly ESP system diagnostic and vibration analysis completed,16.4,12380.34
EVT-001307,42-389-88361,Kelly 10H,Van Horn,2026-06-10,CHEMICAL_TREATMENT,Quarterly ESP system diagnostic and vibration analysis completed,11.2,21306.21
EVT-001308,42-389-88361,Kelly 10H,Van Horn,2026-01-25,MAINTENANCE,Surface facility maintenance including separator cleaning and meter calibration,18.8,20220.16
EVT-001309,42-389-88361,Kelly 10H,Van Horn,2025-07-18,INSPECTION,Routine tubing pressure test and casing inspection,40.0,19352.5
EVT-001310,42-389-75332,Johnson 6V,Culberson County,2025-10-02,FAILURE,"ESP motor failure due to overheating, well shut-in pending replacement",441.1,70882.69
EVT-001311,42-389-75332,Johnson 6V,Culberson County,2025-09-21,EQUIPMENT_CHANGE,"Casing collapse detected during pressure test, integrity compromised",152.4,135387.1
EVT-001312,42-389-75332,Johnson 6V,Culberson County,2025-03-05,FAILURE,"Downhole pump seized due to severe sand production, pulling unit dispatched",276.4,281801.21
EVT-001313,42-389-75332,Johnson 6V,Culberson County,2025-02-15,FAILURE,Gas lift valve failure causing complete loss of artificial lift,68.2,744192.71
EVT-001314,42-389-75332,Johnson 6V,Culberson County,2024-03-27,WORKOVER,"Downhole pump seized due to severe sand production, pulling unit dispatched",637.4,1332816.44
EVT-001315,42-389-75332,Johnson 6V,Culberson County,2026-07-07,FAILURE,"Severe corrosion-induced tubing failure, well flowing up annulus",399.8,239658.18
EVT-001316,42-389-75332,Johnson 6V,Culberson County,2026-05-24,FAILURE,"ESP motor failure due to overheating, well shut-in pending replacement",398.3,722241.16
EVT-001317,42-389-78394,University 12V,Kermit,2023-07-04,EQUIPMENT_CHANGE,"Sand production increasing, pump wear accelerating",28.1,202196.38
EVT-001318,42-389-78394,University 12V,Kermit,2025-05-16,INSPECTION,"Elevated motor temperature detected, monitoring increased frequency",39.8,2052.89
EVT-001319,42-389-78394,University 12V,Kermit,2026-05-07,EQUIPMENT_CHANGE,"Increasing water cut trend noted, zone isolation evaluation in progress",88.0,128347.11
EVT-001320,42-389-78394,University 12V,Kermit,2026-05-10,FAILURE,"Paraffin accumulation restricting flow, hot oil treatment performed",272.1,629067.93
EVT-001321,42-389-79996,Edwards 8H,Red Hills,2025-12-16,MAINTENANCE,"Elevated motor temperature detected, monitoring increased frequency",6.4,21747.62
EVT-001322,42-389-79996,Edwards 8H,Red Hills,2023-01-13,INSPECTION,"Gas lift valve partially plugged, reduced injection efficiency",7.3,6776.55
EVT-001323,42-389-79996,Edwards 8H,Red Hills,2023-06-10,MAINTENANCE,"Gas lift valve partially plugged, reduced injection efficiency",33.0,23600.1
EVT-001324,42-389-79996,Edwards 8H,Red Hills,2026-06-23,EQUIPMENT_CHANGE,"Sand production increasing, pump wear accelerating",91.8,139312.06
EVT-001325,42-371-62366,West 11H,Culberson County,2023-09-12,MAINTENANCE,Routine preventive maintenance on ESP system including motor inspection and cable check,16.5,23872.51
EVT-001326,42-371-62366,West 11H,Culberson County,2024-05-04,INSPECTION,Surface facility maintenance including separator cleaning and meter calibration,32.2,22921.86
EVT-001327,42-371-62366,West 11H,Culberson County,2026-02-11,INSPECTION,Scheduled wellhead maintenance and valve replacement,6.4,16447.43
EVT-001328,42-371-62366,West 11H,Culberson County,2025-02-23,INSPECTION,Annual safety valve inspection and function test completed,19.2,18090.5
EVT-001329,42-389-61640,Henderson 5H,Buena Vista,2025-03-24,CHEMICAL_TREATMENT,Quarterly ESP system diagnostic and vibration analysis completed,17.3,19856.81
EVT-001330,42-389-61640,Henderson 5H,Buena Vista,2025-06-22,CHEMICAL_TREATMENT,Annual safety valve inspection and function test completed,5.4,14285.4
EVT-001331,42-389-61640,Henderson 5H,Buena Vista,2023-09-03,MAINTENANCE,Annual safety valve inspection and function test completed,23.4,17392.02
EVT-001332,42-371-62499,Reynolds 8H,Fort Stockton,2026-06-01,MAINTENANCE,Corrosion coupon retrieval and analysis - 2 mpy average rate,31.0,6419.61
EVT-001333,42-371-62499,Reynolds 8H,Fort Stockton,2026-02-10,INSPECTION,Annual safety valve inspection and function test completed,14.3,5885.99
EVT-001334,42-371-62499,Reynolds 8H,Fort Stockton,2026-06-09,MAINTENANCE,Scheduled wellhead maintenance and valve replacement,46.2,15475.03
EVT-001335,42-371-62499,Reynolds 8H,Fort Stockton,2026-03-31,MAINTENANCE,Annual safety valve inspection and function test completed,7.9,15912.06
EVT-001336,42-301-84773,Turner 12H,Culberson County,2024-10-11,MAINTENANCE,Corrosion coupon retrieval and analysis - 2 mpy average rate,45.6,1460.94
EVT-001337,42-301-84773,Turner 12H,Culberson County,2025-08-31,CHEMICAL_TREATMENT,Routine tubing pressure test and casing inspection,24.8,574.5
EVT-001338,42-301-84773,Turner 12H,Culberson County,2025-03-20,CHEMICAL_TREATMENT,Annual safety valve inspection and function test completed,31.1,9201.04
EVT-001339,42-301-84773,Turner 12H,Culberson County,2024-12-05,INSPECTION,Routine tubing pressure test and casing inspection,43.6,11328.96
EVT-001340,42-389-97765,Barnes 5H,Van Horn,2026-05-15,EQUIPMENT_CHANGE,"Elevated motor temperature detected, monitoring increased frequency",61.3,113427.9
EVT-001341,42-389-97765,Barnes 5H,Van Horn,2025-03-20,MAINTENANCE,"Sand production increasing, pump wear accelerating",11.2,5870.6
EVT-001342,42-389-97765,Barnes 5H,Van Horn,2025-04-14,EQUIPMENT_CHANGE,"Scale buildup detected in tubing, chemical squeeze scheduled",123.7,44382.25
EVT-001343,42-389-97765,Barnes 5H,Van Horn,2025-11-01,MAINTENANCE,"Scale buildup detected in tubing, chemical squeeze scheduled",33.0,698.96
EVT-001344,42-389-97765,Barnes 5H,Van Horn,2025-02-24,EQUIPMENT_CHANGE,"Paraffin accumulation restricting flow, hot oil treatment performed",96.6,245777.07
EVT-001345,42-389-97765,Barnes 5H,Van Horn,2026-06-16,EQUIPMENT_CHANGE,"Increasing water cut trend noted, zone isolation evaluation in progress",156.7,295570.05
EVT-001346,42-475-97725,Hamilton 10H,Fort Stockton,2025-07-14,INSPECTION,Quarterly ESP system diagnostic and vibration analysis completed,22.8,9554.85
EVT-001347,42-301-79965,Bass 4H,Grandfalls,2026-03-28,INSPECTION,Annual safety valve inspection and function test completed,21.6,9331.28
EVT-001348,42-301-79965,Bass 4H,Grandfalls,2026-04-01,CHEMICAL_TREATMENT,Routine preventive maintenance on ESP system including motor inspection and cable check,39.2,9593.95
EVT-001349,42-389-38906,Davis 11H,Ward-Estes,2026-01-06,EQUIPMENT_CHANGE,"Elevated motor temperature detected, monitoring increased frequency",86.2,180961.12
EVT-001350,42-389-38906,Davis 11H,Ward-Estes,2026-04-17,CHEMICAL_TREATMENT,"Scale buildup detected in tubing, chemical squeeze scheduled",15.4,24202.5
EVT-001351,42-389-38906,Davis 11H,Ward-Estes,2026-06-21,FAILURE,"Paraffin accumulation restricting flow, hot oil treatment performed",455.7,198980.92
EVT-001352,42-109-38760,Collins 5H,Ward-Estes,2025-01-27,CHEMICAL_TREATMENT,Corrosion coupon retrieval and analysis - 2 mpy average rate,44.3,23399.43
EVT-001353,42-109-38760,Collins 5H,Ward-Estes,2025-09-09,CHEMICAL_TREATMENT,Annual safety valve inspection and function test completed,37.0,21954.1
EVT-001354,42-109-38760,Collins 5H,Ward-Estes,2025-03-23,CHEMICAL_TREATMENT,Routine preventive maintenance on ESP system including motor inspection and cable check,7.6,17526.91
EVT-001355,42-475-32216,Hill 4H,Balmorhea,2025-09-08,INSPECTION,Scheduled wellhead maintenance and valve replacement,13.0,16127.57
EVT-001356,42-475-32216,Hill 4H,Balmorhea,2025-12-19,MAINTENANCE,Quarterly ESP system diagnostic and vibration analysis completed,36.4,8429.09
EVT-001357,42-109-82162,King 8H,Coyanosa,2026-05-10,MAINTENANCE,Corrosion coupon retrieval and analysis - 2 mpy average rate,9.2,21966.48
EVT-001358,42-109-82162,King 8H,Coyanosa,2025-06-18,INSPECTION,Routine tubing pressure test and casing inspection,15.8,4077.18
EVT-001359,42-109-82162,King 8H,Coyanosa,2026-02-17,INSPECTION,Corrosion coupon retrieval and analysis - 2 mpy average rate,29.8,19851.26
EVT-001360,42-109-82162,King 8H,Coyanosa,2026-06-08,CHEMICAL_TREATMENT,Routine tubing pressure test and casing inspection,36.2,19691.91
EVT-001361,42-109-67877,Torres 3H,Grandfalls,2025-10-18,MAINTENANCE,Surface facility maintenance including separator cleaning and meter calibration,24.1,23953.15
EVT-001362,42-109-67877,Torres 3H,Grandfalls,2025-12-27,MAINTENANCE,Annual safety valve inspection and function test completed,38.2,17570.19
EVT-001363,42-109-67877,Torres 3H,Grandfalls,2025-12-19,CHEMICAL_TREATMENT,Corrosion coupon retrieval and analysis - 2 mpy average rate,40.9,20707.04
EVT-001364,42-371-58419,Cole 2H,Orla,2026-02-20,EQUIPMENT_CHANGE,"Sand production increasing, pump wear accelerating",110.9,40364.56
EVT-001365,42-371-58419,Cole 2H,Orla,2026-05-14,INSPECTION,"Increasing water cut trend noted, zone isolation evaluation in progress",22.3,3868.86
EVT-001366,42-371-58419,Cole 2H,Orla,2026-06-02,MAINTENANCE,"Elevated motor temperature detected, monitoring increased frequency",40.5,15376.35
EVT-001367,42-371-58419,Cole 2H,Orla,2026-04-15,MAINTENANCE,"Elevated motor temperature detected, monitoring increased frequency",24.2,24208.84
EVT-001368,42-371-58419,Cole 2H,Orla,2026-05-30,CHEMICAL_TREATMENT,"Increasing water cut trend noted, zone isolation evaluation in progress",17.1,3997.02
EVT-001369,42-371-58419,Cole 2H,Orla,2026-05-26,MAINTENANCE,"Gas lift valve partially plugged, reduced injection efficiency",46.2,23112.68
EVT-001370,42-371-58419,Cole 2H,Orla,2026-06-09,EQUIPMENT_CHANGE,"Scale buildup detected in tubing, chemical squeeze scheduled",46.8,274622.47
EVT-001371,42-371-96176,Ward 2H,Coyanosa,2024-06-07,MAINTENANCE,Routine tubing pressure test and casing inspection,15.8,11002.65
EVT-001372,42-371-96176,Ward 2H,Coyanosa,2023-02-13,CHEMICAL_TREATMENT,Quarterly ESP system diagnostic and vibration analysis completed,4.5,4843.47
EVT-001373,42-389-31958,Ramirez 2H,Fort Stockton,2026-06-04,CHEMICAL_TREATMENT,Corrosion coupon retrieval and analysis - 2 mpy average rate,5.9,14141.91
EVT-001374,42-389-31958,Ramirez 2H,Fort Stockton,2026-02-18,INSPECTION,Surface facility maintenance including separator cleaning and meter calibration,33.4,15406.61
EVT-001375,42-389-31958,Ramirez 2H,Fort Stockton,2026-02-09,CHEMICAL_TREATMENT,Annual safety valve inspection and function test completed,42.2,14544.01
EVT-001376,42-389-31958,Ramirez 2H,Fort Stockton,2025-06-29,INSPECTION,Annual safety valve inspection and function test completed,38.3,5670.31
EVT-001377,42-475-98214,Morgan 3H,Ward-Estes,2025-08-16,INSPECTION,Surface facility maintenance including separator cleaning and meter calibration,23.9,5780.22
EVT-001378,42-475-98214,Morgan 3H,Ward-Estes,2025-09-21,INSPECTION,Quarterly ESP system diagnostic and vibration analysis completed,11.3,2673.17
EVT-001379,42-475-98214,Morgan 3H,Ward-Estes,2025-12-05,INSPECTION,Routine tubing pressure test and casing inspection,35.0,8857.27
EVT-001380,42-475-98214,Morgan 3H,Ward-Estes,2025-09-23,INSPECTION,Surface facility maintenance including separator cleaning and meter calibration,31.5,4991.2
EVT-001381,42-389-61757,Graham 3V,Loving,2025-08-05,CHEMICAL_TREATMENT,Routine tubing pressure test and casing inspection,27.3,19723.41
EVT-001382,42-389-61757,Graham 3V,Loving,2024-07-10,INSPECTION,Quarterly ESP system diagnostic and vibration analysis completed,21.6,8445.02
EVT-001383,42-389-61757,Graham 3V,Loving,2024-09-23,CHEMICAL_TREATMENT,Quarterly ESP system diagnostic and vibration analysis completed,31.1,11844.35
EVT-001384,42-475-94779,State 5H,Ward-Estes,2026-01-01,INSPECTION,Surface facility maintenance including separator cleaning and meter calibration,18.2,11590.25
EVT-001385,42-495-95707,Williams 6H,Balmorhea,2026-03-22,MAINTENANCE,Routine tubing pressure test and casing inspection,13.7,5431.43
EVT-001386,42-495-95707,Williams 6H,Balmorhea,2024-08-23,CHEMICAL_TREATMENT,Scheduled wellhead maintenance and valve replacement,23.5,15317.15
EVT-001387,42-495-95707,Williams 6H,Balmorhea,2024-12-05,CHEMICAL_TREATMENT,Annual safety valve inspection and function test completed,36.2,8878.65
EVT-001388,42-109-70160,Peterson 7H,Ward-Estes,2024-12-29,INSPECTION,Quarterly ESP system diagnostic and vibration analysis completed,13.2,7382.62
EVT-001389,42-109-70160,Peterson 7H,Ward-Estes,2025-09-01,MAINTENANCE,Surface facility maintenance including separator cleaning and meter calibration,37.6,2969.04
EVT-001390,42-109-70160,Peterson 7H,Ward-Estes,2024-08-14,MAINTENANCE,Quarterly ESP system diagnostic and vibration analysis completed,47.3,21794.02
EVT-001391,42-109-70160,Peterson 7H,Ward-Estes,2025-02-18,CHEMICAL_TREATMENT,Scheduled wellhead maintenance and valve replacement,23.7,15697.02
EVT-001392,42-389-50869,Anderson 8H,Reeves County,2025-01-09,INSPECTION,Routine tubing pressure test and casing inspection,28.0,2291.05
EVT-001393,42-389-50869,Anderson 8H,Reeves County,2025-06-13,INSPECTION,Quarterly ESP system diagnostic and vibration analysis completed,18.3,5931.01
EVT-001394,42-389-50869,Anderson 8H,Reeves County,2026-04-25,MAINTENANCE,Routine tubing pressure test and casing inspection,46.1,18642.72
EVT-001395,42-389-72710,Harrison 5H,Orla,2025-09-09,INSPECTION,Routine tubing pressure test and casing inspection,46.3,23394.46
EVT-001396,42-389-72710,Harrison 5H,Orla,2026-05-20,MAINTENANCE,Annual safety valve inspection and function test completed,31.3,15845.92
EVT-001397,42-389-95133,Bailey 4V,Mentone,2025-10-29,MAINTENANCE,Scheduled wellhead maintenance and valve replacement,3.4,23586.46
EVT-001398,42-389-41074,Ward 8H,Monahans,2025-10-28,INSPECTION,Annual safety valve inspection and function test completed,8.0,10815.92
EVT-001399,42-389-41074,Ward 8H,Monahans,2025-08-13,CHEMICAL_TREATMENT,Scheduled wellhead maintenance and valve replacement,3.6,4036.19
EVT-001400,42-389-41074,Ward 8H,Monahans,2026-03-28,CHEMICAL_TREATMENT,Corrosion coupon retrieval and analysis - 2 mpy average rate,10.4,11013.25
EVT-001401,42-389-65968,Nelson 12H,Mentone,2024-02-26,MAINTENANCE,"Elevated motor temperature detected, monitoring increased frequency",4.5,15403.79
EVT-001402,42-389-65968,Nelson 12H,Mentone,2023-04-23,CHEMICAL_TREATMENT,"Intermittent ESP trips due to gas slugging, VSD ramp adjusted",40.2,21458.13
EVT-001403,42-389-65968,Nelson 12H,Mentone,2024-01-06,INSPECTION,"Sand production increasing, pump wear accelerating",14.0,16295.05
EVT-001404,42-389-65968,Nelson 12H,Mentone,2025-05-02,MAINTENANCE,"Increasing water cut trend noted, zone isolation evaluation in progress",34.2,2521.66
EVT-001405,42-389-65968,Nelson 12H,Mentone,2026-05-13,MAINTENANCE,"Elevated motor temperature detected, monitoring increased frequency",43.2,18281.42
EVT-001406,42-389-65968,Nelson 12H,Mentone,2025-12-15,MAINTENANCE,"Sand production increasing, pump wear accelerating",21.5,19149.06
EVT-001407,42-389-65968,Nelson 12H,Mentone,2026-06-15,EQUIPMENT_CHANGE,"Scale buildup detected in tubing, chemical squeeze scheduled",28.9,179247.04
EVT-001408,42-475-68847,Hughes 6V,Pecos Valley,2026-02-25,MAINTENANCE,Quarterly ESP system diagnostic and vibration analysis completed,21.4,5232.08
EVT-001409,42-475-68847,Hughes 6V,Pecos Valley,2026-02-23,CHEMICAL_TREATMENT,Routine preventive maintenance on ESP system including motor inspection and cable check,47.5,12777.58
EVT-001410,42-389-56429,Simmons 10V,Reeves County,2024-10-22,CHEMICAL_TREATMENT,Quarterly ESP system diagnostic and vibration analysis completed,10.8,21183.6
EVT-001411,42-475-86373,West 8H,Delaware Basin,2025-05-02,MAINTENANCE,Routine tubing pressure test and casing inspection,32.1,18734.31
EVT-001412,42-475-86373,West 8H,Delaware Basin,2026-03-08,MAINTENANCE,Quarterly ESP system diagnostic and vibration analysis completed,26.4,2312.44
EVT-001413,42-495-87047,Fisher 11H,Wink,2023-08-03,INSPECTION,"Elevated motor temperature detected, monitoring increased frequency",30.5,7398.19
EVT-001414,42-495-87047,Fisher 11H,Wink,2025-03-31,EQUIPMENT_CHANGE,"Elevated motor temperature detected, monitoring increased frequency",125.3,149688.03
EVT-001415,42-495-87047,Fisher 11H,Wink,2024-10-05,INSPECTION,"Scale buildup detected in tubing, chemical squeeze scheduled",28.4,1019.6
EVT-001416,42-495-87047,Fisher 11H,Wink,2026-05-13,FAILURE,"Paraffin accumulation restricting flow, hot oil treatment performed",78.7,462286.65
EVT-001417,42-389-68609,Diaz 8H,Wink,2025-04-10,CHEMICAL_TREATMENT,"Sand production increasing, pump wear accelerating",9.9,6677.13
EVT-001418,42-389-68609,Diaz 8H,Wink,2026-01-16,EQUIPMENT_CHANGE,"Sand production increasing, pump wear accelerating",26.2,117185.19
EVT-001419,42-389-68609,Diaz 8H,Wink,2024-07-07,MAINTENANCE,Emulsion issues at separator requiring increased demulsifier dosage,20.5,11365.55
EVT-001420,42-389-68609,Diaz 8H,Wink,2024-09-18,CHEMICAL_TREATMENT,"Elevated motor temperature detected, monitoring increased frequency",37.4,3576.33
EVT-001421,42-389-68609,Diaz 8H,Wink,2024-07-10,CHEMICAL_TREATMENT,"Scale buildup detected in tubing, chemical squeeze scheduled",7.5,21786.88
EVT-001422,42-389-68609,Diaz 8H,Wink,2025-06-01,INSPECTION,"Paraffin accumulation restricting flow, hot oil treatment performed",44.0,22613.78
EVT-001423,42-389-68609,Diaz 8H,Wink,2026-05-13,EQUIPMENT_CHANGE,"Intermittent ESP trips due to gas slugging, VSD ramp adjusted",30.8,112178.08
EVT-001424,42-495-36380,Brooks 4V,Reeves County,2024-11-04,WORKOVER,"Downhole pump seized due to severe sand production, pulling unit dispatched",537.7,998462.08
EVT-001425,42-495-36380,Brooks 4V,Reeves County,2025-01-06,WORKOVER,"Rod parting at depth, well dead, workover rig scheduled",181.2,1484316.58
EVT-001426,42-495-36380,Brooks 4V,Reeves County,2024-07-19,WORKOVER,Gas lift valve failure causing complete loss of artificial lift,287.5,963421.56
EVT-001427,42-495-36380,Brooks 4V,Reeves County,2025-12-29,EQUIPMENT_CHANGE,"Severe corrosion-induced tubing failure, well flowing up annulus",151.5,53313.26
EVT-001428,42-495-36380,Brooks 4V,Reeves County,2026-03-10,FAILURE,"Downhole pump seized due to severe sand production, pulling unit dispatched",301.9,741907.13
EVT-001429,42-495-36380,Brooks 4V,Reeves County,2025-05-05,WORKOVER,"Severe corrosion-induced tubing failure, well flowing up annulus",491.9,1370981.26
EVT-001430,42-495-36380,Brooks 4V,Reeves County,2025-07-22,EQUIPMENT_CHANGE,"Hole in tubing at 6500ft, severe production loss and gas migration",18.9,277455.84
EVT-001431,42-495-36380,Brooks 4V,Reeves County,2024-12-28,FAILURE,"Hole in tubing at 6500ft, severe production loss and gas migration",406.1,109907.31
EVT-001432,42-495-36380,Brooks 4V,Reeves County,2026-07-03,FAILURE,"Rod parting at depth, well dead, workover rig scheduled",368.7,180777.71
EVT-001433,42-495-36380,Brooks 4V,Reeves County,2026-05-31,FAILURE,"Rod parting at depth, well dead, workover rig scheduled",293.7,573472.33
EVT-001434,42-475-90505,Minerals 5H,Coyanosa,2026-03-16,FAILURE,"Downhole pump seized due to severe sand production, pulling unit dispatched",84.1,46678.73
EVT-001435,42-475-90505,Minerals 5H,Coyanosa,2026-04-16,EQUIPMENT_CHANGE,"ESP motor failure due to overheating, well shut-in pending replacement",71.3,94923.84
EVT-001436,42-475-90505,Minerals 5H,Coyanosa,2025-07-13,WORKOVER,"Rod parting at depth, well dead, workover rig scheduled",622.3,1991346.72
EVT-001437,42-475-90505,Minerals 5H,Coyanosa,2025-09-04,EQUIPMENT_CHANGE,"Severe corrosion-induced tubing failure, well flowing up annulus",149.5,223261.37
EVT-001438,42-475-90505,Minerals 5H,Coyanosa,2025-10-21,FAILURE,"VSD drive failure causing ESP shutdown, replacement ordered",161.8,350938.71
EVT-001439,42-475-90505,Minerals 5H,Coyanosa,2025-08-05,FAILURE,Electrical cable failure on ESP causing complete shutdown,253.4,209114.49
EVT-001440,42-475-90505,Minerals 5H,Coyanosa,2026-05-03,EQUIPMENT_CHANGE,"Rod parting at depth, well dead, workover rig scheduled",50.9,31880.09
EVT-001441,42-475-90505,Minerals 5H,Coyanosa,2026-06-07,FAILURE,"VSD drive failure causing ESP shutdown, replacement ordered",256.5,586129.56
EVT-001442,42-475-90505,Minerals 5H,Coyanosa,2026-05-20,FAILURE,"Tubing leak detected at depth, production ceased for workover",189.2,603017.66
EVT-001443,42-475-91580,Henderson 1H,Van Horn,2024-08-06,INSPECTION,Annual safety valve inspection and function test completed,17.9,18621.03
EVT-001444,42-475-91580,Henderson 1H,Van Horn,2026-01-25,CHEMICAL_TREATMENT,Routine tubing pressure test and casing inspection,9.2,16844.75
EVT-001445,42-495-94652,White 10H,Loving,2023-03-03,INSPECTION,Routine tubing pressure test and casing inspection,44.7,8427.25
EVT-001446,42-495-94652,White 10H,Loving,2024-05-08,CHEMICAL_TREATMENT,Scheduled wellhead maintenance and valve replacement,34.0,15034.63
EVT-001447,42-495-94652,White 10H,Loving,2024-01-19,INSPECTION,Scheduled wellhead maintenance and valve replacement,7.1,2292.09
EVT-001448,42-495-94652,White 10H,Loving,2025-12-23,INSPECTION,Routine tubing pressure test and casing inspection,2.4,3366.88
EVT-001449,42-389-88066,Patterson 6H,Coyanosa,2026-01-30,MAINTENANCE,Emulsion issues at separator requiring increased demulsifier dosage,18.7,5109.47
EVT-001450,42-389-88066,Patterson 6H,Coyanosa,2026-02-06,INSPECTION,"Paraffin accumulation restricting flow, hot oil treatment performed",35.4,17471.78
EVT-001451,42-389-88066,Patterson 6H,Coyanosa,2025-02-07,MAINTENANCE,"Sand production increasing, pump wear accelerating",28.4,7635.69
EVT-001452,42-389-88066,Patterson 6H,Coyanosa,2026-01-12,INSPECTION,"Elevated motor temperature detected, monitoring increased frequency",47.2,19634.7
EVT-001453,42-389-88066,Patterson 6H,Coyanosa,2026-02-02,INSPECTION,"Elevated motor temperature detected, monitoring increased frequency",9.4,10213.74
EVT-001454,42-389-88066,Patterson 6H,Coyanosa,2026-05-02,FAILURE,"Gas lift valve partially plugged, reduced injection efficiency",264.8,718964.11
EVT-001455,42-371-77357,Wood 5H,Loving,2023-06-25,MAINTENANCE,Corrosion coupon retrieval and analysis - 2 mpy average rate,45.8,22417.34
EVT-001456,42-371-84656,Long 1H,Culberson County,2026-03-25,MAINTENANCE,Routine tubing pressure test and casing inspection,6.7,2049.61
EVT-001457,42-371-84656,Long 1H,Culberson County,2024-11-29,MAINTENANCE,Annual safety valve inspection and function test completed,4.9,14657.93
EVT-001458,42-371-84656,Long 1H,Culberson County,2024-12-11,CHEMICAL_TREATMENT,Surface facility maintenance including separator cleaning and meter calibration,6.8,21195.5
EVT-001459,42-109-73975,Roberts 7H,Red Hills,2026-03-05,CHEMICAL_TREATMENT,Routine tubing pressure test and casing inspection,26.0,16784.34
EVT-001460,42-109-73975,Roberts 7H,Red Hills,2026-03-09,INSPECTION,Scheduled wellhead maintenance and valve replacement,32.9,21078.73
EVT-001461,42-389-32174,Bass 8V,Red Hills,2025-07-09,INSPECTION,Routine tubing pressure test and casing inspection,6.3,19668.33
EVT-001462,42-389-32174,Bass 8V,Red Hills,2024-11-18,INSPECTION,Routine tubing pressure test and casing inspection,44.7,20256.26
EVT-001463,42-389-32174,Bass 8V,Red Hills,2024-05-03,MAINTENANCE,Surface facility maintenance including separator cleaning and meter calibration,25.4,16609.06
EVT-001464,42-389-32174,Bass 8V,Red Hills,2025-07-02,CHEMICAL_TREATMENT,Surface facility maintenance including separator cleaning and meter calibration,10.7,8617.51
EVT-001465,42-389-98719,Baker 4H,Fort Stockton,2025-05-09,INSPECTION,"Gas lift valve partially plugged, reduced injection efficiency",29.2,14144.74
EVT-001466,42-389-98719,Baker 4H,Fort Stockton,2024-03-25,INSPECTION,"Scale buildup detected in tubing, chemical squeeze scheduled",47.5,17595.73
EVT-001467,42-389-98719,Baker 4H,Fort Stockton,2026-06-12,EQUIPMENT_CHANGE,"Sand production increasing, pump wear accelerating",20.4,105355.18
EVT-001468,42-389-90390,Evans 8H,Van Horn,2025-12-13,MAINTENANCE,Routine tubing pressure test and casing inspection,23.2,17842.51
EVT-001469,42-389-90390,Evans 8H,Van Horn,2025-05-27,INSPECTION,Quarterly ESP system diagnostic and vibration analysis completed,21.3,1046.64
EVT-001470,42-389-90390,Evans 8H,Van Horn,2025-10-12,CHEMICAL_TREATMENT,Annual safety valve inspection and function test completed,33.3,3022.29
EVT-001471,42-389-90390,Evans 8H,Van Horn,2025-04-30,CHEMICAL_TREATMENT,Scheduled wellhead maintenance and valve replacement,25.5,8550.79
EVT-001472,42-475-84074,Minerals 1H,Delaware Basin,2023-03-29,MAINTENANCE,Surface facility maintenance including separator cleaning and meter calibration,5.2,14712.16
EVT-001473,42-475-84074,Minerals 1H,Delaware Basin,2025-05-21,CHEMICAL_TREATMENT,Corrosion coupon retrieval and analysis - 2 mpy average rate,34.8,1879.94
EVT-001474,42-475-84074,Minerals 1H,Delaware Basin,2022-08-15,CHEMICAL_TREATMENT,Routine tubing pressure test and casing inspection,45.7,3623.65
EVT-001475,42-389-89562,Ward 1H,Kermit,2026-05-12,MAINTENANCE,Quarterly ESP system diagnostic and vibration analysis completed,40.4,21547.72
EVT-001476,42-389-89562,Ward 1H,Kermit,2026-03-15,MAINTENANCE,Surface facility maintenance including separator cleaning and meter calibration,5.6,7431.2
EVT-001477,42-389-89562,Ward 1H,Kermit,2025-12-13,MAINTENANCE,Routine preventive maintenance on ESP system including motor inspection and cable check,8.7,19677.48
EVT-001478,42-389-89562,Ward 1H,Kermit,2025-09-01,MAINTENANCE,Quarterly ESP system diagnostic and vibration analysis completed,17.1,5599.16
EVT-001479,42-371-61845,Harris 10H,Delaware Basin,2026-03-31,CHEMICAL_TREATMENT,Routine tubing pressure test and casing inspection,33.8,11879.71
EVT-001480,42-371-61845,Harris 10H,Delaware Basin,2023-10-31,INSPECTION,Surface facility maintenance including separator cleaning and meter calibration,17.5,10144.29
EVT-001481,42-371-67941,Flores 10H,Wink,2026-05-11,EQUIPMENT_CHANGE,"VSD drive failure causing ESP shutdown, replacement ordered",27.9,45383.53
EVT-001482,42-371-67941,Flores 10H,Wink,2026-05-26,EQUIPMENT_CHANGE,"Casing collapse detected during pressure test, integrity compromised",34.9,188318.44
EVT-001483,42-371-67941,Flores 10H,Wink,2026-07-06,FAILURE,"Tubing leak detected at depth, production ceased for workover",112.3,163843.78
EVT-001484,42-371-67941,Flores 10H,Wink,2026-06-06,FAILURE,Complete ESP system failure - motor burnout and pump lockup,291.2,90212.8
EVT-001485,42-495-98506,Bryant 9V,Mentone,2022-08-10,CHEMICAL_TREATMENT,Corrosion coupon retrieval and analysis - 2 mpy average rate,18.2,5109.45
EVT-001486,42-495-98506,Bryant 9V,Mentone,2025-05-12,CHEMICAL_TREATMENT,Corrosion coupon retrieval and analysis - 2 mpy average rate,32.1,9009.99
EVT-001487,42-495-98506,Bryant 9V,Mentone,2024-12-21,INSPECTION,Quarterly ESP system diagnostic and vibration analysis completed,10.9,24198.4
EVT-001488,42-495-98506,Bryant 9V,Mentone,2022-08-17,INSPECTION,Scheduled wellhead maintenance and valve replacement,46.2,21320.29
EVT-001489,42-475-45378,Ross 2H,Loving,2026-01-29,MAINTENANCE,Routine tubing pressure test and casing inspection,5.3,24185.25
EVT-001490,42-109-60803,Cooper 6H,Delaware Basin,2023-02-11,INSPECTION,Routine preventive maintenance on ESP system including motor inspection and cable check,42.7,15370.21
EVT-001491,42-371-77091,Nelson 4H,Pecos Valley,2026-02-08,CHEMICAL_TREATMENT,Annual safety valve inspection and function test completed,7.7,6541.78
EVT-001492,42-371-77091,Nelson 4H,Pecos Valley,2026-02-01,MAINTENANCE,Corrosion coupon retrieval and analysis - 2 mpy average rate,19.4,5014.49
EVT-001493,42-371-77091,Nelson 4H,Pecos Valley,2025-09-15,CHEMICAL_TREATMENT,Routine preventive maintenance on ESP system including motor inspection and cable check,23.0,18489.16
EVT-001494,42-371-77091,Nelson 4H,Pecos Valley,2026-06-05,MAINTENANCE,Surface facility maintenance including separator cleaning and meter calibration,32.6,3904.56
EVT-001495,42-389-86169,Land Trust 12H,Pecos Valley,2023-07-22,CHEMICAL_TREATMENT,Routine preventive maintenance on ESP system including motor inspection and cable check,24.0,24031.28
EVT-001496,42-389-72600,Minerals 5H,Culberson County,2026-04-27,EQUIPMENT_CHANGE,"Hole in tubing at 6500ft, severe production loss and gas migration",107.8,164704.2
EVT-001497,42-389-72600,Minerals 5H,Culberson County,2026-01-07,WORKOVER,"Rod parting at depth, well dead, workover rig scheduled",633.1,543004.96
EVT-001498,42-389-72600,Minerals 5H,Culberson County,2025-01-19,FAILURE,"ESP motor failure due to overheating, well shut-in pending replacement",390.7,93321.01
EVT-001499,42-389-72600,Minerals 5H,Culberson County,2026-06-18,FAILURE,Electrical cable failure on ESP causing complete shutdown,447.8,436315.96
EVT-001500,42-389-72600,Minerals 5H,Culberson County,2026-06-02,FAILURE,"Downhole pump seized due to severe sand production, pulling unit dispatched",181.1,193876.31
EVT-001501,42-475-75227,Perry 11V,Fort Stockton,2023-06-30,INSPECTION,Routine preventive maintenance on ESP system including motor inspection and cable check,5.4,19447.15
EVT-001502,42-475-75227,Perry 11V,Fort Stockton,2025-05-24,INSPECTION,Quarterly ESP system diagnostic and vibration analysis completed,13.7,24675.82
EVT-001503,42-475-75227,Perry 11V,Fort Stockton,2025-05-05,INSPECTION,Scheduled wellhead maintenance and valve replacement,33.1,23959.55
EVT-001504,42-475-75227,Perry 11V,Fort Stockton,2026-05-28,INSPECTION,Routine tubing pressure test and casing inspection,18.8,15424.67
EVT-001505,42-475-48643,Thompson 12V,Van Horn,2024-07-16,CHEMICAL_TREATMENT,"Increasing water cut trend noted, zone isolation evaluation in progress",25.9,11737.68
EVT-001506,42-475-48643,Thompson 12V,Van Horn,2024-02-13,MAINTENANCE,"Elevated motor temperature detected, monitoring increased frequency",31.9,1703.42
EVT-001507,42-475-48643,Thompson 12V,Van Horn,2024-12-16,MAINTENANCE,"Gas lift valve partially plugged, reduced injection efficiency",33.9,9321.07
EVT-001508,42-475-48643,Thompson 12V,Van Horn,2026-05-29,EQUIPMENT_CHANGE,"Increasing water cut trend noted, zone isolation evaluation in progress",104.1,61435.72
EVT-001509,42-475-48643,Thompson 12V,Van Horn,2025-10-27,INSPECTION,"Scale buildup detected in tubing, chemical squeeze scheduled",47.2,23583.32
EVT-001510,42-475-48643,Thompson 12V,Van Horn,2023-11-04,EQUIPMENT_CHANGE,"Increasing water cut trend noted, zone isolation evaluation in progress",13.3,219311.33
EVT-001511,42-475-48643,Thompson 12V,Van Horn,2026-05-21,EQUIPMENT_CHANGE,"Elevated motor temperature detected, monitoring increased frequency",90.3,239471.49
EVT-001512,42-301-51750,Nelson 10H,Red Hills,2025-11-07,CHEMICAL_TREATMENT,Surface facility maintenance including separator cleaning and meter calibration,39.3,15217.98
EVT-001513,42-301-51750,Nelson 10H,Red Hills,2025-04-05,INSPECTION,Scheduled wellhead maintenance and valve replacement,9.4,18242.51
EVT-001514,42-301-32559,Jordan 4V,Van Horn,2025-03-19,CHEMICAL_TREATMENT,Corrosion coupon retrieval and analysis - 2 mpy average rate,36.1,3901.32
EVT-001515,42-371-64082,West 10V,Fort Stockton,2025-12-20,MAINTENANCE,Annual safety valve inspection and function test completed,29.7,20619.77
EVT-001516,42-371-64082,West 10V,Fort Stockton,2024-07-13,MAINTENANCE,Quarterly ESP system diagnostic and vibration analysis completed,8.6,12416.06
EVT-001517,42-371-64082,West 10V,Fort Stockton,2023-10-21,MAINTENANCE,Surface facility maintenance including separator cleaning and meter calibration,34.4,12960.92
EVT-001518,42-109-94887,Butler 5V,Balmorhea,2026-05-04,INSPECTION,Routine preventive maintenance on ESP system including motor inspection and cable check,23.1,4951.87
EVT-001519,42-109-94887,Butler 5V,Balmorhea,2026-05-09,CHEMICAL_TREATMENT,Corrosion coupon retrieval and analysis - 2 mpy average rate,7.5,19915.62
EVT-001520,42-109-94887,Butler 5V,Balmorhea,2026-04-10,INSPECTION,Surface facility maintenance including separator cleaning and meter calibration,13.2,12847.19
EVT-001521,42-389-59464,Kelly 9H,Culberson County,2025-10-08,CHEMICAL_TREATMENT,Quarterly ESP system diagnostic and vibration analysis completed,31.3,19834.84
EVT-001522,42-389-59464,Kelly 9H,Culberson County,2025-02-13,CHEMICAL_TREATMENT,Surface facility maintenance including separator cleaning and meter calibration,25.2,21802.32
EVT-001523,42-389-36413,White 1H,Grandfalls,2025-11-29,CHEMICAL_TREATMENT,Routine preventive maintenance on ESP system including motor inspection and cable check,7.3,4457.94
EVT-001524,42-389-36413,White 1H,Grandfalls,2026-06-14,MAINTENANCE,Quarterly ESP system diagnostic and vibration analysis completed,43.6,24764.42
EVT-001525,42-389-36413,White 1H,Grandfalls,2025-04-27,INSPECTION,Quarterly ESP system diagnostic and vibration analysis completed,20.7,22419.49
EVT-001526,42-109-34854,Land Trust 6V,Kermit,2023-07-28,MAINTENANCE,Scheduled wellhead maintenance and valve replacement,21.5,3882.47
EVT-001527,42-109-34854,Land Trust 6V,Kermit,2023-04-26,MAINTENANCE,Scheduled wellhead maintenance and valve replacement,19.9,14659.88
EVT-001528,42-109-34854,Land Trust 6V,Kermit,2026-02-11,MAINTENANCE,Surface facility maintenance including separator cleaning and meter calibration,33.7,15318.19
EVT-001529,42-109-34854,Land Trust 6V,Kermit,2025-05-25,MAINTENANCE,Routine preventive maintenance on ESP system including motor inspection and cable check,27.1,21922.59
EVT-001530,42-389-47038,Martin 9H,Reeves County,2025-05-22,INSPECTION,Quarterly ESP system diagnostic and vibration analysis completed,40.6,14130.26
EVT-001531,42-389-47038,Martin 9H,Reeves County,2025-02-27,INSPECTION,Quarterly ESP system diagnostic and vibration analysis completed,35.6,21812.63
EVT-001532,42-475-46153,Gray 7V,Fort Stockton,2023-07-02,INSPECTION,Quarterly ESP system diagnostic and vibration analysis completed,40.9,19147.76
EVT-001533,42-475-46153,Gray 7V,Fort Stockton,2023-10-13,MAINTENANCE,Annual safety valve inspection and function test completed,46.2,19839.6
EVT-001534,42-475-46153,Gray 7V,Fort Stockton,2024-09-26,MAINTENANCE,Scheduled wellhead maintenance and valve replacement,36.7,15990.12
EVT-001535,42-389-99293,Roberts 8H,Red Hills,2026-05-21,MAINTENANCE,Scheduled wellhead maintenance and valve replacement,25.4,4533.47
EVT-001536,42-389-99293,Roberts 8H,Red Hills,2026-03-24,CHEMICAL_TREATMENT,Routine tubing pressure test and casing inspection,7.3,13340.17
EVT-001537,42-389-74471,Moore 5H,Delaware Basin,2026-03-05,MAINTENANCE,Quarterly ESP system diagnostic and vibration analysis completed,14.0,14202.04
EVT-001538,42-389-74471,Moore 5H,Delaware Basin,2026-03-17,INSPECTION,Annual safety valve inspection and function test completed,5.8,13241.84
EVT-001539,42-371-67957,Ford 12H,Orla,2026-03-11,CHEMICAL_TREATMENT,Annual safety valve inspection and function test completed,9.5,12555.12
EVT-001540,42-371-67957,Ford 12H,Orla,2024-08-02,INSPECTION,Surface facility maintenance including separator cleaning and meter calibration,44.5,17579.98
EVT-001541,42-371-67957,Ford 12H,Orla,2024-07-06,INSPECTION,Scheduled wellhead maintenance and valve replacement,8.0,4174.03
EVT-001542,42-389-37820,Brooks 3V,Monahans,2023-08-09,CHEMICAL_TREATMENT,Routine tubing pressure test and casing inspection,2.7,9932.07
EVT-001543,42-389-37820,Brooks 3V,Monahans,2025-12-07,INSPECTION,Routine preventive maintenance on ESP system including motor inspection and cable check,38.0,10051.98
EVT-001544,42-389-37820,Brooks 3V,Monahans,2026-06-08,CHEMICAL_TREATMENT,Surface facility maintenance including separator cleaning and meter calibration,28.9,12381.08
EVT-001545,42-389-37820,Brooks 3V,Monahans,2024-09-28,MAINTENANCE,Scheduled wellhead maintenance and valve replacement,19.3,6440.43
EVT-001546,42-389-72431,James 12H,Ward-Estes,2023-04-03,CHEMICAL_TREATMENT,Scheduled wellhead maintenance and valve replacement,3.3,19479.49
EVT-001547,42-389-72431,James 12H,Ward-Estes,2024-01-08,MAINTENANCE,Routine tubing pressure test and casing inspection,45.3,11034.35
EVT-001548,42-389-72431,James 12H,Ward-Estes,2023-12-22,INSPECTION,Annual safety valve inspection and function test completed,11.1,3796.02
EVT-001549,42-389-72431,James 12H,Ward-Estes,2023-05-14,INSPECTION,Routine tubing pressure test and casing inspection,34.4,13558.47
EVT-001550,42-475-87963,Butler 7H,Imperial,2026-01-07,FAILURE,"ESP motor failure due to overheating, well shut-in pending replacement",88.1,167926.37
EVT-001551,42-475-87963,Butler 7H,Imperial,2025-11-17,EQUIPMENT_CHANGE,"Rod parting at depth, well dead, workover rig scheduled",15.6,114764.49
EVT-001552,42-475-87963,Butler 7H,Imperial,2026-05-27,FAILURE,"Casing collapse detected during pressure test, integrity compromised",78.5,472038.39
EVT-001553,42-475-87963,Butler 7H,Imperial,2026-07-08,FAILURE,Gas lift valve failure causing complete loss of artificial lift,109.6,211732.41
EVT-001554,42-389-33251,Cole 5V,Buena Vista,2024-08-01,MAINTENANCE,Routine preventive maintenance on ESP system including motor inspection and cable check,46.3,9003.24
EVT-001555,42-389-33251,Cole 5V,Buena Vista,2026-05-20,INSPECTION,Annual safety valve inspection and function test completed,25.6,12805.83
EVT-001556,42-389-96631,Land Trust 7H,Delaware Basin,2025-12-18,INSPECTION,Annual safety valve inspection and function test completed,40.2,17957.71
EVT-001557,42-389-96631,Land Trust 7H,Delaware Basin,2025-09-15,MAINTENANCE,Routine tubing pressure test and casing inspection,31.0,1962.02
EVT-001558,42-301-89424,Hamilton 12H,Orla,2026-03-07,WORKOVER,"Downhole pump seized due to severe sand production, pulling unit dispatched",610.8,597119.16
EVT-001559,42-301-89424,Hamilton 12H,Orla,2023-04-22,FAILURE,"VSD drive failure causing ESP shutdown, replacement ordered",267.8,26516.39
EVT-001560,42-301-89424,Hamilton 12H,Orla,2023-10-12,FAILURE,"VSD drive failure causing ESP shutdown, replacement ordered",144.1,68766.31
EVT-001561,42-301-89424,Hamilton 12H,Orla,2023-06-03,FAILURE,"Rod parting at depth, well dead, workover rig scheduled",71.2,720927.63
EVT-001562,42-301-89424,Hamilton 12H,Orla,2024-08-07,FAILURE,"VSD drive failure causing ESP shutdown, replacement ordered",275.2,562696.77
EVT-001563,42-301-89424,Hamilton 12H,Orla,2023-08-18,FAILURE,Gas lift valve failure causing complete loss of artificial lift,306.8,136399.45
EVT-001564,42-301-89424,Hamilton 12H,Orla,2023-04-19,FAILURE,"Downhole pump seized due to severe sand production, pulling unit dispatched",115.3,486453.95
EVT-001565,42-301-89424,Hamilton 12H,Orla,2026-06-03,FAILURE,"Hole in tubing at 6500ft, severe production loss and gas migration",197.7,236933.48
EVT-001566,42-301-89424,Hamilton 12H,Orla,2026-05-31,FAILURE,"Severe corrosion-induced tubing failure, well flowing up annulus",134.4,162463.03
EVT-001567,42-389-85895,Anderson 5H,Buena Vista,2024-07-13,CHEMICAL_TREATMENT,Quarterly ESP system diagnostic and vibration analysis completed,47.3,4221.04
EVT-001568,42-389-85895,Anderson 5H,Buena Vista,2023-01-04,CHEMICAL_TREATMENT,Annual safety valve inspection and function test completed,3.6,4335.25
EVT-001569,42-389-85767,Green 2V,Loving,2024-10-24,CHEMICAL_TREATMENT,Surface facility maintenance including separator cleaning and meter calibration,13.4,8706.74
EVT-001570,42-371-98775,Watson 12H,Monahans,2026-02-12,CHEMICAL_TREATMENT,Routine tubing pressure test and casing inspection,42.5,14576.05
EVT-001571,42-371-98775,Watson 12H,Monahans,2026-06-11,CHEMICAL_TREATMENT,Corrosion coupon retrieval and analysis - 2 mpy average rate,8.1,24365.14
EVT-001572,42-371-98775,Watson 12H,Monahans,2026-05-24,MAINTENANCE,Quarterly ESP system diagnostic and vibration analysis completed,19.1,5221.84
EVT-001573,42-301-97465,Flores 12H,Monahans,2025-08-10,CHEMICAL_TREATMENT,Routine preventive maintenance on ESP system including motor inspection and cable check,26.3,933.1
EVT-001574,42-301-97465,Flores 12H,Monahans,2026-03-09,INSPECTION,Corrosion coupon retrieval and analysis - 2 mpy average rate,6.6,14390.61
EVT-001575,42-301-97465,Flores 12H,Monahans,2026-04-29,CHEMICAL_TREATMENT,Routine preventive maintenance on ESP system including motor inspection and cable check,24.5,3236.7
EVT-001576,42-475-76801,Anderson 7H,Culberson County,2024-01-08,MAINTENANCE,Routine tubing pressure test and casing inspection,33.9,19703.33
EVT-001577,42-495-32371,Gibson 7H,Coyanosa,2025-03-09,CHEMICAL_TREATMENT,Routine preventive maintenance on ESP system including motor inspection and cable check,18.8,20477.82
EVT-001578,42-495-32371,Gibson 7H,Coyanosa,2024-10-31,MAINTENANCE,Surface facility maintenance including separator cleaning and meter calibration,45.0,13605.08
EVT-001579,42-495-32371,Gibson 7H,Coyanosa,2025-05-15,INSPECTION,Routine tubing pressure test and casing inspection,45.2,20446.36
EVT-001580,42-495-32371,Gibson 7H,Coyanosa,2024-09-02,CHEMICAL_TREATMENT,Surface facility maintenance including separator cleaning and meter calibration,19.2,20835.84
EVT-001581,42-389-40191,Reed 4V,Red Hills,2024-06-15,CHEMICAL_TREATMENT,Quarterly ESP system diagnostic and vibration analysis completed,41.6,24419.85
EVT-001582,42-389-64667,State 8H,Wink,2025-04-07,MAINTENANCE,Scheduled wellhead maintenance and valve replacement,45.9,22085.99
EVT-001583,42-389-53894,Johnson 5H,Pecos Valley,2025-09-18,CHEMICAL_TREATMENT,Quarterly ESP system diagnostic and vibration analysis completed,20.5,12236.58
EVT-001584,42-301-74588,Watson 2V,Monahans,2024-06-16,MAINTENANCE,Annual safety valve inspection and function test completed,46.3,18706.98
EVT-001585,42-301-74588,Watson 2V,Monahans,2024-03-04,CHEMICAL_TREATMENT,Routine preventive maintenance on ESP system including motor inspection and cable check,20.4,19625.8
EVT-001586,42-109-96496,Beal 7H,Monahans,2025-11-26,FAILURE,"Tubing leak detected at depth, production ceased for workover",297.7,183005.87
EVT-001587,42-109-96496,Beal 7H,Monahans,2025-04-13,EQUIPMENT_CHANGE,"Rod parting at depth, well dead, workover rig scheduled",144.4,212496.97
EVT-001588,42-109-96496,Beal 7H,Monahans,2025-06-14,FAILURE,"Casing collapse detected during pressure test, integrity compromised",86.6,84555.94
EVT-001589,42-109-96496,Beal 7H,Monahans,2026-06-10,FAILURE,"Casing collapse detected during pressure test, integrity compromised",401.7,249180.48
EVT-001590,42-109-96496,Beal 7H,Monahans,2026-07-09,FAILURE,"Severe corrosion-induced tubing failure, well flowing up annulus",34.0,525228.02
EVT-001591,42-475-45456,Alexander 7H,Kermit,2025-09-19,INSPECTION,Emulsion issues at separator requiring increased demulsifier dosage,35.8,4781.3
EVT-001592,42-475-45456,Alexander 7H,Kermit,2023-04-24,INSPECTION,"Gas lift valve partially plugged, reduced injection efficiency",29.5,3755.27
EVT-001593,42-475-45456,Alexander 7H,Kermit,2025-12-15,MAINTENANCE,"Sand production increasing, pump wear accelerating",35.3,8648.55
EVT-001594,42-475-45456,Alexander 7H,Kermit,2026-05-13,EQUIPMENT_CHANGE,"Sand production increasing, pump wear accelerating",83.5,43206.48
EVT-001595,42-495-83180,Reed 8H,Balmorhea,2025-03-06,CHEMICAL_TREATMENT,Annual safety valve inspection and function test completed,11.3,6433.26
EVT-001596,42-475-74287,Hamilton 5V,Van Horn,2026-01-31,CHEMICAL_TREATMENT,Scheduled wellhead maintenance and valve replacement,8.1,14418.75
EVT-001597,42-371-99508,Beal 7H,Grandfalls,2025-10-06,INSPECTION,Quarterly ESP system diagnostic and vibration analysis completed,12.6,17864.62
EVT-001598,42-371-99508,Beal 7H,Grandfalls,2025-08-30,CHEMICAL_TREATMENT,Scheduled wellhead maintenance and valve replacement,41.0,21010.21
EVT-001599,42-371-99508,Beal 7H,Grandfalls,2026-05-21,MAINTENANCE,Routine preventive maintenance on ESP system including motor inspection and cable check,21.8,17357.18
EVT-001600,42-389-66444,Resources 11H,Coyanosa,2026-05-03,CHEMICAL_TREATMENT,Annual safety valve inspection and function test completed,13.1,5759.46
EVT-001601,42-389-66444,Resources 11H,Coyanosa,2026-04-03,MAINTENANCE,Surface facility maintenance including separator cleaning and meter calibration,35.3,8351.91
EVT-001602,42-389-66444,Resources 11H,Coyanosa,2025-11-03,CHEMICAL_TREATMENT,Annual safety valve inspection and function test completed,7.9,23148.91
EVT-001603,42-389-66444,Resources 11H,Coyanosa,2026-03-18,INSPECTION,Surface facility maintenance including separator cleaning and meter calibration,23.9,5277.58
EVT-001604,42-301-49603,Alexander 10H,Buena Vista,2026-02-14,CHEMICAL_TREATMENT,Emulsion issues at separator requiring increased demulsifier dosage,19.8,1838.28
EVT-001605,42-301-49603,Alexander 10H,Buena Vista,2024-05-18,EQUIPMENT_CHANGE,"Scale buildup detected in tubing, chemical squeeze scheduled",49.7,75975.68
EVT-001606,42-301-49603,Alexander 10H,Buena Vista,2023-08-04,MAINTENANCE,Emulsion issues at separator requiring increased demulsifier dosage,8.6,24952.5
EVT-001607,42-301-49603,Alexander 10H,Buena Vista,2025-10-19,CHEMICAL_TREATMENT,"Intermittent ESP trips due to gas slugging, VSD ramp adjusted",27.8,22426.09
EVT-001608,42-301-49603,Alexander 10H,Buena Vista,2026-05-23,FAILURE,"Paraffin accumulation restricting flow, hot oil treatment performed",405.2,529375.97
EVT-001609,42-301-68625,Sanders 2H,Red Hills,2025-04-28,INSPECTION,Quarterly ESP system diagnostic and vibration analysis completed,47.9,10965.99
EVT-001610,42-301-68625,Sanders 2H,Red Hills,2025-01-31,INSPECTION,Surface facility maintenance including separator cleaning and meter calibration,31.7,4292.83
EVT-001611,42-475-81894,Flores 1H,Imperial,2025-10-13,MAINTENANCE,Corrosion coupon retrieval and analysis - 2 mpy average rate,26.5,22237.98
EVT-001612,42-475-81894,Flores 1H,Imperial,2026-05-12,INSPECTION,Routine tubing pressure test and casing inspection,23.3,7921.71
EVT-001613,42-475-81894,Flores 1H,Imperial,2025-12-22,INSPECTION,Quarterly ESP system diagnostic and vibration analysis completed,41.7,5574.56
EVT-001614,42-389-72291,Jenkins 5H,Buena Vista,2025-11-06,FAILURE,"Downhole pump seized due to severe sand production, pulling unit dispatched",373.4,550987.89
EVT-001615,42-389-72291,Jenkins 5H,Buena Vista,2024-10-28,FAILURE,"Hole in tubing at 6500ft, severe production loss and gas migration",224.8,740701.26
EVT-001616,42-389-72291,Jenkins 5H,Buena Vista,2024-02-22,FAILURE,"Christmas tree valve failure, emergency well control initiated",277.9,703218.61
EVT-001617,42-389-72291,Jenkins 5H,Buena Vista,2026-05-26,FAILURE,"VSD drive failure causing ESP shutdown, replacement ordered",150.9,423500.45
EVT-001618,42-389-72291,Jenkins 5H,Buena Vista,2026-06-20,FAILURE,"Tubing leak detected at depth, production ceased for workover",288.2,572832.09
EVT-001619,42-495-47346,Patterson 4H,Delaware Basin,2024-09-11,MAINTENANCE,Corrosion coupon retrieval and analysis - 2 mpy average rate,25.9,23354.41
EVT-001620,42-495-47346,Patterson 4H,Delaware Basin,2025-08-19,CHEMICAL_TREATMENT,Scheduled wellhead maintenance and valve replacement,44.7,5112.35
EVT-001621,42-495-47346,Patterson 4H,Delaware Basin,2023-10-04,CHEMICAL_TREATMENT,Surface facility maintenance including separator cleaning and meter calibration,8.5,11861.25
EVT-001622,42-475-62141,Harris 9H,Imperial,2026-02-21,CHEMICAL_TREATMENT,Corrosion coupon retrieval and analysis - 2 mpy average rate,12.7,6157.04
EVT-001623,42-475-62141,Harris 9H,Imperial,2026-04-29,INSPECTION,Routine preventive maintenance on ESP system including motor inspection and cable check,11.0,22748.78
EVT-001624,42-475-62141,Harris 9H,Imperial,2026-04-17,CHEMICAL_TREATMENT,Scheduled wellhead maintenance and valve replacement,13.0,18810.7
EVT-001625,42-495-90485,Cooper 9V,Wink,2026-06-12,CHEMICAL_TREATMENT,Scheduled wellhead maintenance and valve replacement,27.6,6688.23
EVT-001626,42-495-90485,Cooper 9V,Wink,2025-06-27,CHEMICAL_TREATMENT,Scheduled wellhead maintenance and valve replacement,19.1,22096.26
EVT-001627,42-495-90485,Cooper 9V,Wink,2025-04-20,MAINTENANCE,Routine tubing pressure test and casing inspection,19.9,18027.94
EVT-001628,42-495-90485,Cooper 9V,Wink,2025-12-03,CHEMICAL_TREATMENT,Corrosion coupon retrieval and analysis - 2 mpy average rate,23.1,12818.31
EVT-001629,42-389-71008,Campbell 1H,Red Hills,2026-02-25,MAINTENANCE,Scheduled wellhead maintenance and valve replacement,29.0,6288.22
EVT-001630,42-389-71008,Campbell 1H,Red Hills,2026-02-04,CHEMICAL_TREATMENT,Routine preventive maintenance on ESP system including motor inspection and cable check,15.8,12266.73
EVT-001631,42-389-71008,Campbell 1H,Red Hills,2025-12-09,CHEMICAL_TREATMENT,Surface facility maintenance including separator cleaning and meter calibration,3.2,5211.15
EVT-001632,42-389-53631,Watson 3H,Toyah,2025-07-02,MAINTENANCE,Corrosion coupon retrieval and analysis - 2 mpy average rate,44.6,15144.29
EVT-001633,42-389-53631,Watson 3H,Toyah,2024-07-14,INSPECTION,Scheduled wellhead maintenance and valve replacement,23.4,22583.45
EVT-001634,42-389-74427,Ramirez 8H,Orla,2024-12-22,CHEMICAL_TREATMENT,Annual safety valve inspection and function test completed,39.0,23674.06
EVT-001635,42-389-74427,Ramirez 8H,Orla,2025-10-16,MAINTENANCE,Routine preventive maintenance on ESP system including motor inspection and cable check,35.6,18961.24
EVT-001636,42-389-74427,Ramirez 8H,Orla,2025-07-25,MAINTENANCE,Corrosion coupon retrieval and analysis - 2 mpy average rate,41.4,21017.62
EVT-001637,42-389-74427,Ramirez 8H,Orla,2025-10-09,CHEMICAL_TREATMENT,Annual safety valve inspection and function test completed,7.1,3648.03
EVT-001638,42-371-98818,Long 4V,Toyah,2025-08-14,INSPECTION,Quarterly ESP system diagnostic and vibration analysis completed,2.3,8330.53
EVT-001639,42-371-98818,Long 4V,Toyah,2025-02-07,INSPECTION,Corrosion coupon retrieval and analysis - 2 mpy average rate,7.9,14148.79
EVT-001640,42-371-98818,Long 4V,Toyah,2024-10-28,INSPECTION,Quarterly ESP system diagnostic and vibration analysis completed,36.0,4332.43
EVT-001641,42-371-93688,Patterson 9H,Kermit,2022-11-25,INSPECTION,Scheduled wellhead maintenance and valve replacement,22.9,22039.46
EVT-001642,42-371-93688,Patterson 9H,Kermit,2025-12-02,MAINTENANCE,Corrosion coupon retrieval and analysis - 2 mpy average rate,30.7,10606.17
EVT-001643,42-371-93688,Patterson 9H,Kermit,2024-05-09,CHEMICAL_TREATMENT,Routine preventive maintenance on ESP system including motor inspection and cable check,31.3,15792.48
EVT-001644,42-301-35390,Henderson 8H,Orla,2025-07-27,MAINTENANCE,Routine preventive maintenance on ESP system including motor inspection and cable check,31.3,10433.86
EVT-001645,42-301-42265,Cox 1H,Wink,2025-06-22,MAINTENANCE,Routine preventive maintenance on ESP system including motor inspection and cable check,37.3,23066.65
EVT-001646,42-301-42265,Cox 1H,Wink,2024-12-24,INSPECTION,Annual safety valve inspection and function test completed,23.9,15341.3
EVT-001647,42-301-42265,Cox 1H,Wink,2026-02-24,MAINTENANCE,Routine tubing pressure test and casing inspection,31.0,13110.87
EVT-001648,42-301-42265,Cox 1H,Wink,2026-05-27,MAINTENANCE,Scheduled wellhead maintenance and valve replacement,17.4,22884.82
EVT-001649,42-495-54892,Sullivan 9H,Kermit,2025-03-30,CHEMICAL_TREATMENT,"Elevated motor temperature detected, monitoring increased frequency",33.2,15299.31
EVT-001650,42-495-54892,Sullivan 9H,Kermit,2024-08-20,EQUIPMENT_CHANGE,"Gas lift valve partially plugged, reduced injection efficiency",157.3,145283.3
EVT-001651,42-495-54892,Sullivan 9H,Kermit,2024-11-05,CHEMICAL_TREATMENT,"Sand production increasing, pump wear accelerating",20.6,6397.52
EVT-001652,42-495-54892,Sullivan 9H,Kermit,2026-04-22,FAILURE,"Scale buildup detected in tubing, chemical squeeze scheduled",143.2,566861.14
EVT-001653,42-495-62049,Long 4H,Ward-Estes,2026-02-23,INSPECTION,Annual safety valve inspection and function test completed,28.7,1241.84
EVT-001654,42-495-62049,Long 4H,Ward-Estes,2023-05-29,CHEMICAL_TREATMENT,Quarterly ESP system diagnostic and vibration analysis completed,16.8,5505.81
EVT-001655,42-495-62049,Long 4H,Ward-Estes,2025-02-11,CHEMICAL_TREATMENT,Scheduled wellhead maintenance and valve replacement,34.3,3931.39
EVT-001656,42-389-65829,Moore 1H,Buena Vista,2025-07-19,CHEMICAL_TREATMENT,Scheduled wellhead maintenance and valve replacement,20.9,20046.45
EVT-001657,42-371-87557,Watson 3H,Loving,2026-03-13,CHEMICAL_TREATMENT,Routine tubing pressure test and casing inspection,10.9,1715.08
EVT-001658,42-371-87557,Watson 3H,Loving,2024-11-24,MAINTENANCE,Annual safety valve inspection and function test completed,6.2,11541.78
EVT-001659,42-371-41413,Davis 9H,Ward-Estes,2025-08-20,INSPECTION,"Gas lift valve partially plugged, reduced injection efficiency",27.5,23657.91
EVT-001660,42-371-41413,Davis 9H,Ward-Estes,2026-05-22,CHEMICAL_TREATMENT,"Scale buildup detected in tubing, chemical squeeze scheduled",7.0,22569.18
EVT-001661,42-371-41413,Davis 9H,Ward-Estes,2024-10-12,EQUIPMENT_CHANGE,"Increasing water cut trend noted, zone isolation evaluation in progress",42.0,240037.62
EVT-001662,42-371-41413,Davis 9H,Ward-Estes,2026-06-22,EQUIPMENT_CHANGE,"Gas lift valve partially plugged, reduced injection efficiency",93.2,235823.24
EVT-001663,42-495-83736,Johnson 8H,Monahans,2023-10-12,WORKOVER,"Severe corrosion-induced tubing failure, well flowing up annulus",426.7,1529770.48
EVT-001664,42-495-83736,Johnson 8H,Monahans,2022-11-11,FAILURE,"Casing collapse detected during pressure test, integrity compromised",360.4,282134.86
EVT-001665,42-495-83736,Johnson 8H,Monahans,2023-02-03,FAILURE,"Severe corrosion-induced tubing failure, well flowing up annulus",239.1,195262.66
EVT-001666,42-495-83736,Johnson 8H,Monahans,2024-03-14,EQUIPMENT_CHANGE,"Casing collapse detected during pressure test, integrity compromised",88.2,136767.03
EVT-001667,42-495-83736,Johnson 8H,Monahans,2023-01-16,WORKOVER,Gas lift valve failure causing complete loss of artificial lift,538.0,624756.41
EVT-001668,42-495-83736,Johnson 8H,Monahans,2026-06-09,FAILURE,"Rod parting at depth, well dead, workover rig scheduled",275.7,50603.92
EVT-001669,42-495-83736,Johnson 8H,Monahans,2026-05-18,FAILURE,"Christmas tree valve failure, emergency well control initiated",410.2,289863.02
EVT-001670,42-389-65124,Turner 6H,Loving,2024-04-23,MAINTENANCE,Surface facility maintenance including separator cleaning and meter calibration,42.4,8527.04
EVT-001671,42-389-65124,Turner 6H,Loving,2025-11-26,MAINTENANCE,Routine preventive maintenance on ESP system including motor inspection and cable check,7.5,15359.57
EVT-001672,42-389-65124,Turner 6H,Loving,2024-07-27,MAINTENANCE,Surface facility maintenance including separator cleaning and meter calibration,31.9,22381.65
EVT-001673,42-389-65124,Turner 6H,Loving,2022-12-28,CHEMICAL_TREATMENT,Corrosion coupon retrieval and analysis - 2 mpy average rate,24.9,8817.55
EVT-001674,42-389-30276,Ward 8H,Reeves County,2026-04-09,CHEMICAL_TREATMENT,Routine tubing pressure test and casing inspection,17.1,5283.28
EVT-001675,42-475-52345,Graham 4V,Mentone,2025-09-27,MAINTENANCE,Scheduled wellhead maintenance and valve replacement,39.7,22050.81
EVT-001676,42-495-86815,Fisher 5H,Culberson County,2024-03-09,MAINTENANCE,Scheduled wellhead maintenance and valve replacement,8.6,1204.87
EVT-001677,42-495-86815,Fisher 5H,Culberson County,2025-05-26,INSPECTION,Routine preventive maintenance on ESP system including motor inspection and cable check,16.8,18216.06
EVT-001678,42-495-30017,Turner 3V,Orla,2025-04-22,CHEMICAL_TREATMENT,Annual safety valve inspection and function test completed,30.5,4286.38
EVT-001679,42-495-30017,Turner 3V,Orla,2025-12-16,MAINTENANCE,Scheduled wellhead maintenance and valve replacement,45.8,5242.9
EVT-001680,42-495-30017,Turner 3V,Orla,2026-05-19,INSPECTION,Quarterly ESP system diagnostic and vibration analysis completed,24.2,12673.28
EVT-001681,42-495-30017,Turner 3V,Orla,2025-09-24,CHEMICAL_TREATMENT,Scheduled wellhead maintenance and valve replacement,27.3,18394.5
EVT-001682,42-389-79877,Butler 5V,Van Horn,2024-08-14,INSPECTION,Quarterly ESP system diagnostic and vibration analysis completed,25.5,4565.93
EVT-001683,42-389-78460,Harrison 3H,Reeves County,2026-03-06,MAINTENANCE,Surface facility maintenance including separator cleaning and meter calibration,26.6,9803.63
EVT-001684,42-389-78460,Harrison 3H,Reeves County,2026-02-22,MAINTENANCE,Quarterly ESP system diagnostic and vibration analysis completed,8.1,19299.82
EVT-001685,42-389-78460,Harrison 3H,Reeves County,2026-02-02,MAINTENANCE,Routine preventive maintenance on ESP system including motor inspection and cable check,41.4,19582.93
EVT-001686,42-301-69571,Fisher 5H,Kermit,2026-04-03,MAINTENANCE,Routine tubing pressure test and casing inspection,30.9,20565.71
EVT-001687,42-301-69571,Fisher 5H,Kermit,2025-06-15,MAINTENANCE,Annual safety valve inspection and function test completed,13.4,20584.64
EVT-001688,42-301-69571,Fisher 5H,Kermit,2026-05-02,MAINTENANCE,Quarterly ESP system diagnostic and vibration analysis completed,5.5,2692.03
EVT-001689,42-475-93372,Simmons 5H,Delaware Basin,2025-10-25,FAILURE,"Tubing leak detected at depth, production ceased for workover",221.6,584851.44
EVT-001690,42-475-93372,Simmons 5H,Delaware Basin,2025-11-05,FAILURE,Electrical cable failure on ESP causing complete shutdown,369.0,129762.94
EVT-001691,42-475-93372,Simmons 5H,Delaware Basin,2026-06-03,FAILURE,"VSD drive failure causing ESP shutdown, replacement ordered",316.1,124930.3
EVT-001692,42-475-93372,Simmons 5H,Delaware Basin,2026-06-27,FAILURE,"Downhole pump seized due to severe sand production, pulling unit dispatched",265.3,465863.07
EVT-001693,42-389-93334,Powell 9H,Grandfalls,2024-12-12,FAILURE,"Hole in tubing at 6500ft, severe production loss and gas migration",311.9,251780.07
EVT-001694,42-389-93334,Powell 9H,Grandfalls,2026-06-06,FAILURE,Complete ESP system failure - motor burnout and pump lockup,198.4,789134.96
EVT-001695,42-389-93334,Powell 9H,Grandfalls,2026-07-01,FAILURE,Complete ESP system failure - motor burnout and pump lockup,226.3,52196.22
EVT-001696,42-389-93334,Powell 9H,Grandfalls,2026-05-25,FAILURE,Gas lift valve failure causing complete loss of artificial lift,59.6,166044.83
EVT-001697,42-475-80666,Johnson 10H,Grandfalls,2025-09-10,CHEMICAL_TREATMENT,Surface facility maintenance including separator cleaning and meter calibration,2.3,18205.07
EVT-001698,42-371-96970,Beal 8H,Loving,2023-06-09,INSPECTION,Annual safety valve inspection and function test completed,42.2,17399.84
EVT-001699,42-371-96970,Beal 8H,Loving,2026-04-30,MAINTENANCE,Routine preventive maintenance on ESP system including motor inspection and cable check,17.8,21489.29
EVT-001700,42-109-39046,Morris 7H,Coyanosa,2025-12-07,EQUIPMENT_CHANGE,"Hole in tubing at 6500ft, severe production loss and gas migration",66.4,282146.95
EVT-001701,42-109-39046,Morris 7H,Coyanosa,2026-05-18,FAILURE,"VSD drive failure causing ESP shutdown, replacement ordered",377.4,104664.61
EVT-001702,42-109-39046,Morris 7H,Coyanosa,2026-01-12,EQUIPMENT_CHANGE,"Christmas tree valve failure, emergency well control initiated",12.7,246300.27
EVT-001703,42-109-39046,Morris 7H,Coyanosa,2025-12-13,FAILURE,"Christmas tree valve failure, emergency well control initiated",379.7,730030.87
EVT-001704,42-109-39046,Morris 7H,Coyanosa,2026-01-27,EQUIPMENT_CHANGE,"VSD drive failure causing ESP shutdown, replacement ordered",88.7,232689.59
EVT-001705,42-109-39046,Morris 7H,Coyanosa,2026-05-26,FAILURE,"Rod parting at depth, well dead, workover rig scheduled",441.9,293811.1
EVT-001706,42-109-39046,Morris 7H,Coyanosa,2026-06-02,FAILURE,"Casing collapse detected during pressure test, integrity compromised",24.4,200842.36
EVT-001707,42-109-53204,Fisher 11V,Buena Vista,2025-07-03,EQUIPMENT_CHANGE,"Sand production increasing, pump wear accelerating",89.4,246682.93
EVT-001708,42-109-53204,Fisher 11V,Buena Vista,2026-04-28,CHEMICAL_TREATMENT,"Sand production increasing, pump wear accelerating",32.6,14982.93
EVT-001709,42-109-53204,Fisher 11V,Buena Vista,2025-08-14,MAINTENANCE,"Paraffin accumulation restricting flow, hot oil treatment performed",9.7,24834.76
EVT-001710,42-109-53204,Fisher 11V,Buena Vista,2025-03-27,EQUIPMENT_CHANGE,"Increasing water cut trend noted, zone isolation evaluation in progress",30.9,243623.55
EVT-001711,42-109-53204,Fisher 11V,Buena Vista,2025-07-09,CHEMICAL_TREATMENT,"Intermittent ESP trips due to gas slugging, VSD ramp adjusted",21.3,21723.75
EVT-001712,42-109-53204,Fisher 11V,Buena Vista,2026-05-28,EQUIPMENT_CHANGE,Emulsion issues at separator requiring increased demulsifier dosage,72.6,23070.86
EVT-001713,42-389-49978,Scott 5V,Grandfalls,2026-01-20,MAINTENANCE,Routine preventive maintenance on ESP system including motor inspection and cable check,34.6,8480.05
EVT-001714,42-389-49978,Scott 5V,Grandfalls,2025-10-20,INSPECTION,Scheduled wellhead maintenance and valve replacement,10.2,18291.98
EVT-001715,42-389-49978,Scott 5V,Grandfalls,2025-09-26,INSPECTION,Surface facility maintenance including separator cleaning and meter calibration,5.2,16353.76
EVT-001716,42-389-49978,Scott 5V,Grandfalls,2026-05-08,MAINTENANCE,Scheduled wellhead maintenance and valve replacement,43.8,20079.89
EVT-001717,42-371-62638,Harrison 4V,Monahans,2024-02-11,CHEMICAL_TREATMENT,Scheduled wellhead maintenance and valve replacement,11.3,22940.98
EVT-001718,42-371-62638,Harrison 4V,Monahans,2024-07-25,CHEMICAL_TREATMENT,Routine preventive maintenance on ESP system including motor inspection and cable check,45.7,1425.98
EVT-001719,42-371-62638,Harrison 4V,Monahans,2025-01-30,MAINTENANCE,Surface facility maintenance including separator cleaning and meter calibration,42.1,3442.81
EVT-001720,42-389-77486,Wilson 8V,Ward-Estes,2026-01-18,MAINTENANCE,Annual safety valve inspection and function test completed,32.9,5206.77
EVT-001721,42-389-77486,Wilson 8V,Ward-Estes,2023-07-14,MAINTENANCE,Annual safety valve inspection and function test completed,5.1,17434.63
EVT-001722,42-389-77486,Wilson 8V,Ward-Estes,2023-03-06,CHEMICAL_TREATMENT,Scheduled wellhead maintenance and valve replacement,46.8,22809.38
EVT-001723,42-389-77486,Wilson 8V,Ward-Estes,2025-09-13,MAINTENANCE,Routine tubing pressure test and casing inspection,33.1,24638.84
EVT-001724,42-109-32154,West 3H,Culberson County,2025-01-04,EQUIPMENT_CHANGE,Electrical cable failure on ESP causing complete shutdown,19.1,287496.57
EVT-001725,42-109-32154,West 3H,Culberson County,2026-03-25,FAILURE,Electrical cable failure on ESP causing complete shutdown,441.3,164476.81
EVT-001726,42-109-32154,West 3H,Culberson County,2026-07-09,FAILURE,Gas lift valve failure causing complete loss of artificial lift,120.9,506724.21
EVT-001727,42-109-32154,West 3H,Culberson County,2026-07-03,FAILURE,"Downhole pump seized due to severe sand production, pulling unit dispatched",402.5,402342.88
EVT-001728,42-495-38850,Cattle Co 2V,Imperial,2026-03-23,INSPECTION,Annual safety valve inspection and function test completed,14.3,7618.91
EVT-001729,42-495-38850,Cattle Co 2V,Imperial,2025-06-03,CHEMICAL_TREATMENT,Corrosion coupon retrieval and analysis - 2 mpy average rate,26.8,11476.64
EVT-001730,42-495-38850,Cattle Co 2V,Imperial,2026-03-21,MAINTENANCE,Annual safety valve inspection and function test completed,19.1,5060.02
EVT-001731,42-495-38850,Cattle Co 2V,Imperial,2026-01-31,INSPECTION,Routine tubing pressure test and casing inspection,33.2,18929.47
EVT-001732,42-475-80173,Hill 11H,Balmorhea,2026-05-16,EQUIPMENT_CHANGE,"Paraffin accumulation restricting flow, hot oil treatment performed",71.5,51262.21
EVT-001733,42-475-80173,Hill 11H,Balmorhea,2025-09-14,CHEMICAL_TREATMENT,"Elevated motor temperature detected, monitoring increased frequency",38.3,6735.42
EVT-001734,42-475-80173,Hill 11H,Balmorhea,2026-05-27,FAILURE,"Intermittent ESP trips due to gas slugging, VSD ramp adjusted",222.4,643229.27
EVT-001735,42-389-80620,Wallace 6H,Red Hills,2025-06-16,INSPECTION,Routine preventive maintenance on ESP system including motor inspection and cable check,21.7,16628.32
EVT-001736,42-109-96790,Reynolds 1H,Delaware Basin,2025-03-10,INSPECTION,Routine tubing pressure test and casing inspection,18.0,20391.56
EVT-001737,42-109-96790,Reynolds 1H,Delaware Basin,2025-07-26,CHEMICAL_TREATMENT,Routine tubing pressure test and casing inspection,44.7,10065.29
EVT-001738,42-109-96790,Reynolds 1H,Delaware Basin,2025-11-03,MAINTENANCE,Routine tubing pressure test and casing inspection,10.0,11370.11
EVT-001739,42-109-96790,Reynolds 1H,Delaware Basin,2022-11-05,MAINTENANCE,Annual safety valve inspection and function test completed,8.2,16984.24
EVT-001740,42-371-46409,Howard 11V,Ward-Estes,2026-01-11,CHEMICAL_TREATMENT,Surface facility maintenance including separator cleaning and meter calibration,10.7,17805.65
EVT-001741,42-371-46409,Howard 11V,Ward-Estes,2026-03-14,MAINTENANCE,Routine preventive maintenance on ESP system including motor inspection and cable check,26.4,16786.97
EVT-001742,42-371-46409,Howard 11V,Ward-Estes,2026-05-16,MAINTENANCE,Quarterly ESP system diagnostic and vibration analysis completed,42.5,10895.96
EVT-001743,42-371-46409,Howard 11V,Ward-Estes,2026-01-12,MAINTENANCE,Surface facility maintenance including separator cleaning and meter calibration,26.7,12916.65
EVT-001744,42-495-87233,Sanders 1H,Reeves County,2025-03-06,CHEMICAL_TREATMENT,Scheduled wellhead maintenance and valve replacement,4.7,16547.59
EVT-001745,42-495-87233,Sanders 1H,Reeves County,2025-12-05,INSPECTION,Routine preventive maintenance on ESP system including motor inspection and cable check,39.5,10464.09
EVT-001746,42-475-93501,Minerals 2V,Buena Vista,2025-10-10,MAINTENANCE,Scheduled wellhead maintenance and valve replacement,10.5,22317.92
EVT-001747,42-475-93501,Minerals 2V,Buena Vista,2026-02-22,INSPECTION,Surface facility maintenance including separator cleaning and meter calibration,38.1,7147.29
EVT-001748,42-371-53070,Hayes 3V,Imperial,2025-04-07,MAINTENANCE,Routine tubing pressure test and casing inspection,33.1,10092.73
EVT-001749,42-371-53070,Hayes 3V,Imperial,2025-12-28,MAINTENANCE,Corrosion coupon retrieval and analysis - 2 mpy average rate,10.3,5302.7
EVT-001750,42-371-53070,Hayes 3V,Imperial,2024-11-03,MAINTENANCE,Annual safety valve inspection and function test completed,33.7,19280.12
EVT-001751,42-109-34635,Reynolds 11H,Loving,2025-04-07,FAILURE,Gas lift valve failure causing complete loss of artificial lift,120.3,584126.26
EVT-001752,42-109-34635,Reynolds 11H,Loving,2025-12-20,WORKOVER,"Severe corrosion-induced tubing failure, well flowing up annulus",345.1,666142.38
EVT-001753,42-109-34635,Reynolds 11H,Loving,2026-01-04,FAILURE,Electrical cable failure on ESP causing complete shutdown,477.9,616874.03
EVT-001754,42-109-34635,Reynolds 11H,Loving,2025-05-28,FAILURE,"Tubing leak detected at depth, production ceased for workover",224.3,526643.26
EVT-001755,42-109-34635,Reynolds 11H,Loving,2026-02-27,EQUIPMENT_CHANGE,"VSD drive failure causing ESP shutdown, replacement ordered",154.3,161626.56
EVT-001756,42-109-34635,Reynolds 11H,Loving,2025-03-15,FAILURE,"Rod parting at depth, well dead, workover rig scheduled",236.2,723142.9
EVT-001757,42-109-34635,Reynolds 11H,Loving,2025-03-30,FAILURE,"VSD drive failure causing ESP shutdown, replacement ordered",371.0,77708.84
EVT-001758,42-109-34635,Reynolds 11H,Loving,2026-06-12,FAILURE,"ESP motor failure due to overheating, well shut-in pending replacement",332.2,651813.45
EVT-001759,42-109-34635,Reynolds 11H,Loving,2026-06-18,FAILURE,"Downhole pump seized due to severe sand production, pulling unit dispatched",281.4,549432.15
EVT-001760,42-389-52832,Moore 9H,Kermit,2026-02-03,MAINTENANCE,Quarterly ESP system diagnostic and vibration analysis completed,24.8,7387.03
EVT-001761,42-389-52832,Moore 9H,Kermit,2024-09-29,MAINTENANCE,Quarterly ESP system diagnostic and vibration analysis completed,44.3,5510.71
EVT-001762,42-389-52832,Moore 9H,Kermit,2024-06-10,CHEMICAL_TREATMENT,Surface facility maintenance including separator cleaning and meter calibration,37.4,18750.53
EVT-001763,42-389-52832,Moore 9H,Kermit,2026-03-15,MAINTENANCE,Routine tubing pressure test and casing inspection,36.2,16506.24
EVT-001764,42-109-61275,Bryant 7H,Reeves County,2026-04-29,CHEMICAL_TREATMENT,Routine tubing pressure test and casing inspection,46.5,2138.2
EVT-001765,42-109-61275,Bryant 7H,Reeves County,2026-02-05,CHEMICAL_TREATMENT,Quarterly ESP system diagnostic and vibration analysis completed,32.4,14538.28
EVT-001766,42-109-61275,Bryant 7H,Reeves County,2026-03-09,INSPECTION,Surface facility maintenance including separator cleaning and meter calibration,26.8,4428.85
EVT-001767,42-109-61275,Bryant 7H,Reeves County,2026-04-26,MAINTENANCE,Scheduled wellhead maintenance and valve replacement,16.2,17234.52
EVT-001768,42-475-92037,White 10H,Kermit,2026-01-01,INSPECTION,Surface facility maintenance including separator cleaning and meter calibration,8.9,7397.72
EVT-001769,42-475-92037,White 10H,Kermit,2025-11-20,CHEMICAL_TREATMENT,Scheduled wellhead maintenance and valve replacement,13.7,12501.14
EVT-001770,42-389-82184,Torres 12H,Mentone,2024-08-17,MAINTENANCE,Routine preventive maintenance on ESP system including motor inspection and cable check,44.8,11871.36
EVT-001771,42-389-82184,Torres 12H,Mentone,2024-03-05,MAINTENANCE,Scheduled wellhead maintenance and valve replacement,12.7,14231.13
EVT-001772,42-389-82184,Torres 12H,Mentone,2025-01-04,MAINTENANCE,Routine tubing pressure test and casing inspection,21.6,5572.79
EVT-001773,42-389-68549,Kelly 7H,Imperial,2026-06-06,CHEMICAL_TREATMENT,Quarterly ESP system diagnostic and vibration analysis completed,16.5,19026.57
EVT-001774,42-389-68549,Kelly 7H,Imperial,2024-03-20,INSPECTION,Corrosion coupon retrieval and analysis - 2 mpy average rate,16.0,18611.96
EVT-001775,42-389-58329,Barnes 2H,Van Horn,2024-12-11,MAINTENANCE,Routine tubing pressure test and casing inspection,24.0,23095.81
EVT-001776,42-389-72357,Cattle Co 6V,Pecos Valley,2024-11-27,INSPECTION,Routine preventive maintenance on ESP system including motor inspection and cable check,5.0,24806.02
EVT-001777,42-389-72357,Cattle Co 6V,Pecos Valley,2024-06-16,CHEMICAL_TREATMENT,Surface facility maintenance including separator cleaning and meter calibration,16.1,23317.78
EVT-001778,42-389-72357,Cattle Co 6V,Pecos Valley,2025-01-10,MAINTENANCE,Routine preventive maintenance on ESP system including motor inspection and cable check,36.2,2728.63
EVT-001779,42-389-72357,Cattle Co 6V,Pecos Valley,2026-02-18,CHEMICAL_TREATMENT,Quarterly ESP system diagnostic and vibration analysis completed,4.1,24347.84
EVT-001780,42-389-40458,Howard 5H,Kermit,2025-05-03,FAILURE,"Christmas tree valve failure, emergency well control initiated",447.1,281156.73
EVT-001781,42-389-40458,Howard 5H,Kermit,2025-10-16,FAILURE,"Rod parting at depth, well dead, workover rig scheduled",324.6,457721.82
EVT-001782,42-389-40458,Howard 5H,Kermit,2024-09-09,WORKOVER,"Rod parting at depth, well dead, workover rig scheduled",72.5,1162596.42
EVT-001783,42-389-40458,Howard 5H,Kermit,2025-09-09,WORKOVER,Complete ESP system failure - motor burnout and pump lockup,390.9,1029441.36
EVT-001784,42-389-40458,Howard 5H,Kermit,2026-04-02,EQUIPMENT_CHANGE,"Casing collapse detected during pressure test, integrity compromised",53.7,211116.44
EVT-001785,42-389-40458,Howard 5H,Kermit,2024-10-28,WORKOVER,Gas lift valve failure causing complete loss of artificial lift,474.0,782166.26
EVT-001786,42-389-40458,Howard 5H,Kermit,2025-10-27,FAILURE,Gas lift valve failure causing complete loss of artificial lift,437.3,663317.26
EVT-001787,42-389-40458,Howard 5H,Kermit,2024-12-09,EQUIPMENT_CHANGE,Gas lift valve failure causing complete loss of artificial lift,37.6,63684.04
EVT-001788,42-389-40458,Howard 5H,Kermit,2026-06-28,FAILURE,"VSD drive failure causing ESP shutdown, replacement ordered",274.8,296202.04
EVT-001789,42-389-40458,Howard 5H,Kermit,2026-05-29,FAILURE,"Downhole pump seized due to severe sand production, pulling unit dispatched",42.3,695453.29
EVT-001790,42-389-71182,Adams 6H,Buena Vista,2026-05-11,CHEMICAL_TREATMENT,Surface facility maintenance including separator cleaning and meter calibration,8.1,7508.72
EVT-001791,42-389-71182,Adams 6H,Buena Vista,2026-01-29,MAINTENANCE,Annual safety valve inspection and function test completed,6.7,15420.17
EVT-001792,42-389-71182,Adams 6H,Buena Vista,2026-03-23,MAINTENANCE,Routine tubing pressure test and casing inspection,16.5,23461.95
EVT-001793,42-371-60953,Reynolds 12V,Mentone,2026-05-21,EQUIPMENT_CHANGE,"Increasing water cut trend noted, zone isolation evaluation in progress",54.0,195286.39
EVT-001794,42-371-60953,Reynolds 12V,Mentone,2026-03-22,MAINTENANCE,"Gas lift valve partially plugged, reduced injection efficiency",43.0,16042.62
EVT-001795,42-371-60953,Reynolds 12V,Mentone,2026-04-17,EQUIPMENT_CHANGE,"Sand production increasing, pump wear accelerating",55.3,150850.73
EVT-001796,42-109-49055,Harris 1V,Wink,2025-01-27,CHEMICAL_TREATMENT,Scheduled wellhead maintenance and valve replacement,44.7,12728.9
EVT-001797,42-109-49055,Harris 1V,Wink,2025-05-12,MAINTENANCE,Quarterly ESP system diagnostic and vibration analysis completed,10.9,7075.59
EVT-001798,42-109-49055,Harris 1V,Wink,2026-04-07,MAINTENANCE,Routine tubing pressure test and casing inspection,31.1,24236.18
EVT-001799,42-109-49055,Harris 1V,Wink,2025-11-15,MAINTENANCE,Corrosion coupon retrieval and analysis - 2 mpy average rate,42.6,963.46
EVT-001800,42-301-35666,Brooks 7H,Coyanosa,2023-08-05,MAINTENANCE,Surface facility maintenance including separator cleaning and meter calibration,12.2,692.23
EVT-001801,42-301-35666,Brooks 7H,Coyanosa,2023-09-08,CHEMICAL_TREATMENT,Routine preventive maintenance on ESP system including motor inspection and cable check,33.5,12444.75
EVT-001802,42-389-89849,Watson 4H,Ward-Estes,2025-01-10,CHEMICAL_TREATMENT,Surface facility maintenance including separator cleaning and meter calibration,30.9,11908.04
EVT-001803,42-495-47392,Phillips 11H,Van Horn,2025-08-19,WORKOVER,"Casing collapse detected during pressure test, integrity compromised",616.2,265730.35
EVT-001804,42-495-47392,Phillips 11H,Van Horn,2025-12-09,FAILURE,"Casing collapse detected during pressure test, integrity compromised",260.2,57678.2
EVT-001805,42-495-47392,Phillips 11H,Van Horn,2025-03-13,WORKOVER,"ESP motor failure due to overheating, well shut-in pending replacement",404.8,1020924.2
EVT-001806,42-495-47392,Phillips 11H,Van Horn,2026-01-29,FAILURE,"ESP motor failure due to overheating, well shut-in pending replacement",407.3,225405.37
EVT-001807,42-495-47392,Phillips 11H,Van Horn,2026-03-25,EQUIPMENT_CHANGE,Complete ESP system failure - motor burnout and pump lockup,62.2,201378.0
EVT-001808,42-495-47392,Phillips 11H,Van Horn,2026-06-21,FAILURE,"Tubing leak detected at depth, production ceased for workover",250.0,672709.26
EVT-001809,42-495-47392,Phillips 11H,Van Horn,2026-06-02,FAILURE,"Tubing leak detected at depth, production ceased for workover",163.6,383095.45
EVT-001810,42-495-43254,Williams 6H,Pecos Valley,2025-06-09,CHEMICAL_TREATMENT,Routine tubing pressure test and casing inspection,3.0,22131.96
EVT-001811,42-495-43254,Williams 6H,Pecos Valley,2025-04-12,CHEMICAL_TREATMENT,Routine preventive maintenance on ESP system including motor inspection and cable check,18.7,12749.27
EVT-001812,42-495-43254,Williams 6H,Pecos Valley,2025-09-04,MAINTENANCE,Routine preventive maintenance on ESP system including motor inspection and cable check,4.0,9518.77
EVT-001813,42-495-43254,Williams 6H,Pecos Valley,2026-05-25,INSPECTION,Scheduled wellhead maintenance and valve replacement,32.1,1847.85
EVT-001814,42-389-45437,Butler 10V,Balmorhea,2025-05-23,CHEMICAL_TREATMENT,"Elevated motor temperature detected, monitoring increased frequency",8.8,8166.57
EVT-001815,42-389-45437,Butler 10V,Balmorhea,2025-06-20,INSPECTION,"Elevated motor temperature detected, monitoring increased frequency",38.3,21924.63
EVT-001816,42-389-45437,Butler 10V,Balmorhea,2025-04-30,INSPECTION,"Elevated motor temperature detected, monitoring increased frequency",33.0,16595.05
EVT-001817,42-389-45437,Butler 10V,Balmorhea,2024-04-27,MAINTENANCE,"Sand production increasing, pump wear accelerating",2.8,888.07
EVT-001818,42-389-45437,Butler 10V,Balmorhea,2026-05-28,FAILURE,"Elevated motor temperature detected, monitoring increased frequency",248.8,702588.65
EVT-001819,42-301-33136,Jenkins 3H,Buena Vista,2025-11-27,INSPECTION,Corrosion coupon retrieval and analysis - 2 mpy average rate,11.2,24489.96
EVT-001820,42-301-33136,Jenkins 3H,Buena Vista,2025-11-07,INSPECTION,Surface facility maintenance including separator cleaning and meter calibration,20.3,11417.65
EVT-001821,42-389-50200,Campbell 11H,Buena Vista,2025-12-14,CHEMICAL_TREATMENT,Surface facility maintenance including separator cleaning and meter calibration,10.9,2590.66
EVT-001822,42-389-50200,Campbell 11H,Buena Vista,2025-11-13,INSPECTION,Scheduled wellhead maintenance and valve replacement,17.3,17059.23
EVT-001823,42-389-50200,Campbell 11H,Buena Vista,2025-11-15,MAINTENANCE,Routine tubing pressure test and casing inspection,14.4,15234.17
EVT-001824,42-389-50200,Campbell 11H,Buena Vista,2025-06-28,INSPECTION,Annual safety valve inspection and function test completed,45.0,14108.91
EVT-001825,42-475-66428,Kelly 11H,Monahans,2025-02-08,MAINTENANCE,Surface facility maintenance including separator cleaning and meter calibration,16.4,5988.53
EVT-001826,42-475-66428,Kelly 11H,Monahans,2025-05-30,CHEMICAL_TREATMENT,Corrosion coupon retrieval and analysis - 2 mpy average rate,43.0,8508.7
EVT-001827,42-475-66428,Kelly 11H,Monahans,2026-02-22,CHEMICAL_TREATMENT,Scheduled wellhead maintenance and valve replacement,11.8,19942.05
EVT-001828,42-389-85610,Kelly 9H,Toyah,2026-04-15,MAINTENANCE,Scheduled wellhead maintenance and valve replacement,20.3,2380.46
EVT-001829,42-389-85610,Kelly 9H,Toyah,2024-04-24,INSPECTION,Routine preventive maintenance on ESP system including motor inspection and cable check,10.4,1370.17
EVT-001830,42-389-85610,Kelly 9H,Toyah,2023-08-27,CHEMICAL_TREATMENT,Scheduled wellhead maintenance and valve replacement,24.8,13093.79
EVT-001831,42-389-92558,Cattle Co 1H,Delaware Basin,2023-09-11,INSPECTION,Routine preventive maintenance on ESP system including motor inspection and cable check,3.7,20664.83
EVT-001832,42-389-92558,Cattle Co 1H,Delaware Basin,2023-12-27,CHEMICAL_TREATMENT,Routine preventive maintenance on ESP system including motor inspection and cable check,21.7,15791.41
EVT-001833,42-389-92558,Cattle Co 1H,Delaware Basin,2026-04-17,INSPECTION,Surface facility maintenance including separator cleaning and meter calibration,40.5,10040.61
EVT-001834,42-389-92558,Cattle Co 1H,Delaware Basin,2025-07-12,MAINTENANCE,Quarterly ESP system diagnostic and vibration analysis completed,38.6,6019.18
EVT-001835,42-389-36171,Harris 9H,Van Horn,2026-02-15,INSPECTION,Scheduled wellhead maintenance and valve replacement,35.8,18829.26
EVT-001836,42-389-36171,Harris 9H,Van Horn,2026-03-02,MAINTENANCE,Routine preventive maintenance on ESP system including motor inspection and cable check,14.8,13914.63
EVT-001837,42-389-36171,Harris 9H,Van Horn,2025-12-31,CHEMICAL_TREATMENT,Routine tubing pressure test and casing inspection,39.8,10821.22
EVT-001838,42-495-94157,Foster 7V,Mentone,2025-08-15,WORKOVER,"Rod parting at depth, well dead, workover rig scheduled",585.6,1430777.19
EVT-001839,42-495-94157,Foster 7V,Mentone,2026-01-04,FAILURE,"VSD drive failure causing ESP shutdown, replacement ordered",172.1,553170.77
EVT-001840,42-495-94157,Foster 7V,Mentone,2026-04-12,FAILURE,"Tubing leak detected at depth, production ceased for workover",396.5,271720.0
EVT-001841,42-495-94157,Foster 7V,Mentone,2025-06-04,FAILURE,"VSD drive failure causing ESP shutdown, replacement ordered",419.8,790014.53
EVT-001842,42-495-94157,Foster 7V,Mentone,2025-03-22,EQUIPMENT_CHANGE,"VSD drive failure causing ESP shutdown, replacement ordered",46.5,278900.35
EVT-001843,42-495-94157,Foster 7V,Mentone,2025-03-29,WORKOVER,"Hole in tubing at 6500ft, severe production loss and gas migration",385.9,894661.33
EVT-001844,42-495-94157,Foster 7V,Mentone,2025-02-01,EQUIPMENT_CHANGE,"VSD drive failure causing ESP shutdown, replacement ordered",64.3,217088.88
EVT-001845,42-495-94157,Foster 7V,Mentone,2026-05-07,EQUIPMENT_CHANGE,"Rod parting at depth, well dead, workover rig scheduled",69.0,85367.34
EVT-001846,42-495-94157,Foster 7V,Mentone,2026-06-07,FAILURE,"Severe corrosion-induced tubing failure, well flowing up annulus",130.4,106274.89
EVT-001847,42-495-94157,Foster 7V,Mentone,2026-06-14,FAILURE,Gas lift valve failure causing complete loss of artificial lift,95.0,728344.26
EVT-001848,42-109-67451,Butler 4H,Pecos Valley,2023-02-16,MAINTENANCE,Corrosion coupon retrieval and analysis - 2 mpy average rate,38.4,24305.81
EVT-001849,42-109-67451,Butler 4H,Pecos Valley,2023-12-15,CHEMICAL_TREATMENT,Scheduled wellhead maintenance and valve replacement,2.3,24033.49
EVT-001850,42-109-67451,Butler 4H,Pecos Valley,2024-10-10,INSPECTION,Routine tubing pressure test and casing inspection,19.6,973.79
EVT-001851,42-495-38142,White 7V,Ward-Estes,2025-10-19,FAILURE,"Casing collapse detected during pressure test, integrity compromised",162.2,53698.16
EVT-001852,42-495-38142,White 7V,Ward-Estes,2023-09-25,WORKOVER,Complete ESP system failure - motor burnout and pump lockup,109.5,1222949.26
EVT-001853,42-495-38142,White 7V,Ward-Estes,2023-09-23,WORKOVER,"Downhole pump seized due to severe sand production, pulling unit dispatched",704.7,1061517.55
EVT-001854,42-495-38142,White 7V,Ward-Estes,2026-01-22,FAILURE,"Casing collapse detected during pressure test, integrity compromised",181.2,95895.76
EVT-001855,42-495-38142,White 7V,Ward-Estes,2024-09-22,FAILURE,"Casing collapse detected during pressure test, integrity compromised",345.9,663578.4
EVT-001856,42-495-38142,White 7V,Ward-Estes,2025-01-12,FAILURE,Complete ESP system failure - motor burnout and pump lockup,349.8,25730.59
EVT-001857,42-495-38142,White 7V,Ward-Estes,2023-11-05,FAILURE,"Severe corrosion-induced tubing failure, well flowing up annulus",90.2,48479.99
EVT-001858,42-495-38142,White 7V,Ward-Estes,2026-05-27,FAILURE,"Christmas tree valve failure, emergency well control initiated",181.7,92221.21
EVT-001859,42-495-38142,White 7V,Ward-Estes,2026-06-08,FAILURE,"VSD drive failure causing ESP shutdown, replacement ordered",380.0,483191.27
EVT-001860,42-389-93483,Long 7H,Balmorhea,2025-11-04,FAILURE,"Casing collapse detected during pressure test, integrity compromised",424.4,49231.32
EVT-001861,42-389-93483,Long 7H,Balmorhea,2024-04-06,FAILURE,"Christmas tree valve failure, emergency well control initiated",419.9,406478.24
EVT-001862,42-389-93483,Long 7H,Balmorhea,2026-03-09,EQUIPMENT_CHANGE,"Tubing leak detected at depth, production ceased for workover",165.4,195211.19
EVT-001863,42-389-93483,Long 7H,Balmorhea,2025-05-15,WORKOVER,"Christmas tree valve failure, emergency well control initiated",103.0,151987.93
EVT-001864,42-389-93483,Long 7H,Balmorhea,2026-07-03,FAILURE,"Tubing leak detected at depth, production ceased for workover",236.6,369746.39
EVT-001865,42-389-93483,Long 7H,Balmorhea,2026-05-26,FAILURE,Gas lift valve failure causing complete loss of artificial lift,424.8,211420.48
EVT-001866,42-301-33525,Howard 2H,Kermit,2026-03-03,CHEMICAL_TREATMENT,Annual safety valve inspection and function test completed,17.3,22449.17
EVT-001867,42-301-33525,Howard 2H,Kermit,2026-05-19,MAINTENANCE,Annual safety valve inspection and function test completed,11.1,19019.79
EVT-001868,42-301-33525,Howard 2H,Kermit,2023-03-14,MAINTENANCE,Scheduled wellhead maintenance and valve replacement,9.7,7248.22
EVT-001869,42-301-33525,Howard 2H,Kermit,2024-12-24,MAINTENANCE,Routine preventive maintenance on ESP system including motor inspection and cable check,40.7,19730.67
EVT-001870,42-475-58971,Gibson 11V,Orla,2023-02-02,FAILURE,"VSD drive failure causing ESP shutdown, replacement ordered",242.9,230238.25
EVT-001871,42-475-58971,Gibson 11V,Orla,2026-01-24,FAILURE,"Hole in tubing at 6500ft, severe production loss and gas migration",28.8,336508.58
EVT-001872,42-475-58971,Gibson 11V,Orla,2024-10-10,FAILURE,"VSD drive failure causing ESP shutdown, replacement ordered",326.0,267346.86
EVT-001873,42-475-58971,Gibson 11V,Orla,2026-06-26,FAILURE,"Casing collapse detected during pressure test, integrity compromised",148.7,685084.55
EVT-001874,42-475-58971,Gibson 11V,Orla,2026-06-11,FAILURE,"Christmas tree valve failure, emergency well control initiated",418.3,395743.35
EVT-001875,42-475-73479,Cooper 2H,Pecos Valley,2025-05-12,EQUIPMENT_CHANGE,"Scale buildup detected in tubing, chemical squeeze scheduled",63.5,51868.71
EVT-001876,42-475-73479,Cooper 2H,Pecos Valley,2025-02-22,EQUIPMENT_CHANGE,"Elevated motor temperature detected, monitoring increased frequency",52.3,256290.72
EVT-001877,42-475-73479,Cooper 2H,Pecos Valley,2026-06-05,FAILURE,"Increasing water cut trend noted, zone isolation evaluation in progress",452.7,697489.8
EVT-001878,42-475-85236,Jackson 8H,Culberson County,2025-02-13,MAINTENANCE,Surface facility maintenance including separator cleaning and meter calibration,25.2,13936.59
EVT-001879,42-475-85236,Jackson 8H,Culberson County,2026-02-04,CHEMICAL_TREATMENT,Routine preventive maintenance on ESP system including motor inspection and cable check,21.6,16660.44
EVT-001880,42-371-72601,Jackson 11H,Wink,2025-01-21,INSPECTION,Scheduled wellhead maintenance and valve replacement,16.0,8287.11
EVT-001881,42-371-72601,Jackson 11H,Wink,2024-12-31,INSPECTION,Surface facility maintenance including separator cleaning and meter calibration,37.9,11480.72
EVT-001882,42-389-41932,Resources 8H,Monahans,2024-09-06,CHEMICAL_TREATMENT,Quarterly ESP system diagnostic and vibration analysis completed,35.1,16940.03
EVT-001883,42-389-41932,Resources 8H,Monahans,2025-01-31,CHEMICAL_TREATMENT,Routine preventive maintenance on ESP system including motor inspection and cable check,30.0,24361.74
EVT-001884,42-389-41932,Resources 8H,Monahans,2025-12-06,CHEMICAL_TREATMENT,Quarterly ESP system diagnostic and vibration analysis completed,7.8,19415.35
EVT-001885,42-389-41932,Resources 8H,Monahans,2026-02-16,CHEMICAL_TREATMENT,Routine tubing pressure test and casing inspection,31.3,19950.5
EVT-001886,42-389-99275,Butler 1H,Orla,2025-04-11,INSPECTION,Corrosion coupon retrieval and analysis - 2 mpy average rate,4.3,5711.06
EVT-001887,42-389-99275,Butler 1H,Orla,2026-02-07,CHEMICAL_TREATMENT,Corrosion coupon retrieval and analysis - 2 mpy average rate,39.6,1063.08
EVT-001888,42-389-99275,Butler 1H,Orla,2026-05-08,MAINTENANCE,Quarterly ESP system diagnostic and vibration analysis completed,8.2,19811.74
EVT-001889,42-389-99275,Butler 1H,Orla,2025-09-16,MAINTENANCE,Annual safety valve inspection and function test completed,24.4,21372.8
EVT-001890,42-475-38608,Anderson 8H,Buena Vista,2026-04-10,INSPECTION,Routine preventive maintenance on ESP system including motor inspection and cable check,24.1,13700.14
EVT-001891,42-475-38608,Anderson 8H,Buena Vista,2026-05-18,INSPECTION,Corrosion coupon retrieval and analysis - 2 mpy average rate,4.7,892.37
EVT-001892,42-475-38608,Anderson 8H,Buena Vista,2026-01-08,MAINTENANCE,Corrosion coupon retrieval and analysis - 2 mpy average rate,7.2,8529.8
EVT-001893,42-475-89444,Coleman 12V,Mentone,2026-02-21,INSPECTION,Corrosion coupon retrieval and analysis - 2 mpy average rate,47.4,19723.42
EVT-001894,42-475-89444,Coleman 12V,Mentone,2026-01-27,MAINTENANCE,Scheduled wellhead maintenance and valve replacement,15.8,20088.66
EVT-001895,42-475-59567,Clayton 5H,Mentone,2025-06-17,EQUIPMENT_CHANGE,"Elevated motor temperature detected, monitoring increased frequency",46.4,159091.95
EVT-001896,42-475-59567,Clayton 5H,Mentone,2024-07-28,CHEMICAL_TREATMENT,Emulsion issues at separator requiring increased demulsifier dosage,5.4,5536.54
EVT-001897,42-475-59567,Clayton 5H,Mentone,2023-06-03,MAINTENANCE,"Elevated motor temperature detected, monitoring increased frequency",36.5,15078.94
EVT-001898,42-475-59567,Clayton 5H,Mentone,2026-05-30,MAINTENANCE,"Intermittent ESP trips due to gas slugging, VSD ramp adjusted",25.8,12528.11
EVT-001899,42-475-59567,Clayton 5H,Mentone,2024-12-04,CHEMICAL_TREATMENT,"Intermittent ESP trips due to gas slugging, VSD ramp adjusted",18.6,21470.72
EVT-001900,42-475-59567,Clayton 5H,Mentone,2025-08-25,EQUIPMENT_CHANGE,"Intermittent ESP trips due to gas slugging, VSD ramp adjusted",102.4,132613.15
EVT-001901,42-475-59567,Clayton 5H,Mentone,2026-06-23,EQUIPMENT_CHANGE,"Gas lift valve partially plugged, reduced injection efficiency",123.7,203937.44
EVT-001902,42-301-86917,King 5H,Ward-Estes,2024-11-30,INSPECTION,Corrosion coupon retrieval and analysis - 2 mpy average rate,31.0,20406.7
EVT-001903,42-301-86917,King 5H,Ward-Estes,2024-10-22,MAINTENANCE,Surface facility maintenance including separator cleaning and meter calibration,28.6,4803.26
EVT-001904,42-301-86917,King 5H,Ward-Estes,2025-01-05,MAINTENANCE,Routine preventive maintenance on ESP system including motor inspection and cable check,18.7,4535.27
EVT-001905,42-301-86917,King 5H,Ward-Estes,2026-01-25,INSPECTION,Annual safety valve inspection and function test completed,6.6,2881.19
EVT-001906,42-475-69316,Wilson 12H,Balmorhea,2025-10-12,CHEMICAL_TREATMENT,Routine tubing pressure test and casing inspection,36.9,7509.12
EVT-001907,42-475-69316,Wilson 12H,Balmorhea,2025-07-22,CHEMICAL_TREATMENT,Corrosion coupon retrieval and analysis - 2 mpy average rate,24.0,12747.56
EVT-001908,42-475-69316,Wilson 12H,Balmorhea,2026-03-08,MAINTENANCE,Surface facility maintenance including separator cleaning and meter calibration,16.8,2070.5
EVT-001909,42-389-48554,Baker 5H,Reeves County,2026-05-19,MAINTENANCE,Routine tubing pressure test and casing inspection,20.1,6281.58
EVT-001910,42-389-48554,Baker 5H,Reeves County,2026-05-08,INSPECTION,Annual safety valve inspection and function test completed,24.8,21164.29
EVT-001911,42-389-48554,Baker 5H,Reeves County,2026-05-11,CHEMICAL_TREATMENT,Corrosion coupon retrieval and analysis - 2 mpy average rate,44.3,4760.72
EVT-001912,42-389-88368,Nelson 3H,Balmorhea,2026-03-31,MAINTENANCE,Annual safety valve inspection and function test completed,20.0,11106.26
EVT-001913,42-389-88368,Nelson 3H,Balmorhea,2025-02-01,MAINTENANCE,Scheduled wellhead maintenance and valve replacement,41.2,24274.83
EVT-001914,42-389-88368,Nelson 3H,Balmorhea,2024-05-21,CHEMICAL_TREATMENT,Quarterly ESP system diagnostic and vibration analysis completed,10.3,5015.73
EVT-001915,42-389-88368,Nelson 3H,Balmorhea,2024-09-06,CHEMICAL_TREATMENT,Routine preventive maintenance on ESP system including motor inspection and cable check,43.0,2538.01
EVT-001916,42-389-89525,Patterson 11H,Coyanosa,2024-02-21,CHEMICAL_TREATMENT,Routine preventive maintenance on ESP system including motor inspection and cable check,44.4,4551.02
EVT-001917,42-389-89525,Patterson 11H,Coyanosa,2023-07-09,CHEMICAL_TREATMENT,Surface facility maintenance including separator cleaning and meter calibration,7.8,4313.19
EVT-001918,42-389-89525,Patterson 11H,Coyanosa,2024-10-18,INSPECTION,Scheduled wellhead maintenance and valve replacement,43.8,12090.8
EVT-001919,42-371-37094,Sanders 11H,Fort Stockton,2025-09-21,CHEMICAL_TREATMENT,Corrosion coupon retrieval and analysis - 2 mpy average rate,29.6,6521.95
EVT-001920,42-371-37094,Sanders 11H,Fort Stockton,2026-03-31,MAINTENANCE,Corrosion coupon retrieval and analysis - 2 mpy average rate,11.4,3672.3
EVT-001921,42-371-37094,Sanders 11H,Fort Stockton,2026-06-03,CHEMICAL_TREATMENT,Routine tubing pressure test and casing inspection,36.0,6673.73
EVT-001922,42-371-37094,Sanders 11H,Fort Stockton,2024-05-06,MAINTENANCE,Annual safety valve inspection and function test completed,6.7,11369.36
EVT-001923,42-301-73357,Cook 5H,Balmorhea,2026-01-09,EQUIPMENT_CHANGE,Gas lift valve failure causing complete loss of artificial lift,93.6,283232.79
EVT-001924,42-301-73357,Cook 5H,Balmorhea,2026-06-13,WORKOVER,"Rod parting at depth, well dead, workover rig scheduled",311.1,1912966.03
EVT-001925,42-301-73357,Cook 5H,Balmorhea,2026-02-21,FAILURE,"Tubing leak detected at depth, production ceased for workover",395.3,359445.82
EVT-001926,42-301-73357,Cook 5H,Balmorhea,2026-06-16,FAILURE,Electrical cable failure on ESP causing complete shutdown,299.0,597168.57
EVT-001927,42-301-73357,Cook 5H,Balmorhea,2026-06-01,FAILURE,"Rod parting at depth, well dead, workover rig scheduled",311.2,541039.94
EVT-001928,42-389-77616,Hart 12H,Culberson County,2025-06-02,CHEMICAL_TREATMENT,Quarterly ESP system diagnostic and vibration analysis completed,42.8,18460.37
EVT-001929,42-389-77616,Hart 12H,Culberson County,2026-05-07,MAINTENANCE,Surface facility maintenance including separator cleaning and meter calibration,25.4,3632.88
EVT-001930,42-389-77616,Hart 12H,Culberson County,2025-05-17,CHEMICAL_TREATMENT,Annual safety valve inspection and function test completed,19.3,8905.5
EVT-001931,42-475-55767,Bass 1H,Culberson County,2022-08-09,INSPECTION,Scheduled wellhead maintenance and valve replacement,31.2,9524.03
EVT-001932,42-475-55767,Bass 1H,Culberson County,2023-07-09,INSPECTION,Annual safety valve inspection and function test completed,34.4,16863.09
EVT-001933,42-371-79749,Moore 10H,Wink,2026-06-14,CHEMICAL_TREATMENT,Surface facility maintenance including separator cleaning and meter calibration,34.2,1529.45
EVT-001934,42-371-79749,Moore 10H,Wink,2026-05-24,MAINTENANCE,Surface facility maintenance including separator cleaning and meter calibration,12.3,24292.49
EVT-001935,42-109-31766,Price 1V,Delaware Basin,2023-11-20,INSPECTION,Quarterly ESP system diagnostic and vibration analysis completed,14.4,24351.16
EVT-001936,42-109-31766,Price 1V,Delaware Basin,2023-09-19,MAINTENANCE,Annual safety valve inspection and function test completed,37.7,7969.43
EVT-001937,42-109-31766,Price 1V,Delaware Basin,2024-12-31,MAINTENANCE,Surface facility maintenance including separator cleaning and meter calibration,43.3,7946.49
EVT-001938,42-109-31766,Price 1V,Delaware Basin,2023-09-07,MAINTENANCE,Surface facility maintenance including separator cleaning and meter calibration,10.9,16295.63
EVT-001939,42-475-80701,Roberts 1V,Fort Stockton,2026-01-19,INSPECTION,Annual safety valve inspection and function test completed,6.7,22419.27
EVT-001940,42-475-80701,Roberts 1V,Fort Stockton,2025-05-06,MAINTENANCE,Corrosion coupon retrieval and analysis - 2 mpy average rate,20.3,15689.56
EVT-001941,42-389-90542,Baker 7H,Mentone,2023-09-08,INSPECTION,Routine preventive maintenance on ESP system including motor inspection and cable check,12.5,7985.4
EVT-001942,42-389-48639,Alexander 7H,Reeves County,2024-03-30,MAINTENANCE,Annual safety valve inspection and function test completed,39.7,6588.42
EVT-001943,42-389-48639,Alexander 7H,Reeves County,2025-06-02,CHEMICAL_TREATMENT,Scheduled wellhead maintenance and valve replacement,14.5,13505.23
EVT-001944,42-389-48639,Alexander 7H,Reeves County,2025-08-08,INSPECTION,Annual safety valve inspection and function test completed,24.7,1057.33
EVT-001945,42-475-32438,Green 10H,Fort Stockton,2026-02-16,MAINTENANCE,Surface facility maintenance including separator cleaning and meter calibration,15.3,5243.27
EVT-001946,42-475-60116,Land Trust 7V,Culberson County,2023-03-18,MAINTENANCE,Routine preventive maintenance on ESP system including motor inspection and cable check,30.2,508.85
EVT-001947,42-475-60116,Land Trust 7V,Culberson County,2023-07-05,MAINTENANCE,Routine preventive maintenance on ESP system including motor inspection and cable check,14.2,17174.59
EVT-001948,42-109-97350,Stewart 9H,Van Horn,2025-03-30,INSPECTION,"Elevated motor temperature detected, monitoring increased frequency",31.6,24304.19
EVT-001949,42-109-97350,Stewart 9H,Van Horn,2025-05-30,EQUIPMENT_CHANGE,Emulsion issues at separator requiring increased demulsifier dosage,35.7,210942.28
EVT-001950,42-109-97350,Stewart 9H,Van Horn,2024-03-29,MAINTENANCE,"Intermittent ESP trips due to gas slugging, VSD ramp adjusted",36.7,7359.69
EVT-001951,42-109-97350,Stewart 9H,Van Horn,2026-06-08,EQUIPMENT_CHANGE,Emulsion issues at separator requiring increased demulsifier dosage,102.3,22124.52
EVT-001952,42-371-81487,Foster 10H,Mentone,2026-04-13,CHEMICAL_TREATMENT,Scheduled wellhead maintenance and valve replacement,14.4,9272.83
EVT-001953,42-371-81487,Foster 10H,Mentone,2025-08-28,INSPECTION,Corrosion coupon retrieval and analysis - 2 mpy average rate,24.0,3319.78
EVT-001954,42-371-81487,Foster 10H,Mentone,2026-05-21,MAINTENANCE,Scheduled wellhead maintenance and valve replacement,28.7,1474.3
EVT-001955,42-389-76826,Ranch 6V,Coyanosa,2025-02-28,MAINTENANCE,Surface facility maintenance including separator cleaning and meter calibration,43.7,24428.4
EVT-001956,42-389-76826,Ranch 6V,Coyanosa,2024-09-15,CHEMICAL_TREATMENT,Quarterly ESP system diagnostic and vibration analysis completed,22.8,13307.35
EVT-001957,42-389-76826,Ranch 6V,Coyanosa,2026-03-13,CHEMICAL_TREATMENT,Annual safety valve inspection and function test completed,38.7,23244.34
EVT-001958,42-389-76826,Ranch 6V,Coyanosa,2025-05-18,CHEMICAL_TREATMENT,Surface facility maintenance including separator cleaning and meter calibration,47.9,24211.26
EVT-001959,42-389-33841,Cook 10V,Loving,2026-01-23,INSPECTION,Corrosion coupon retrieval and analysis - 2 mpy average rate,47.5,12100.74
EVT-001960,42-389-33841,Cook 10V,Loving,2025-02-07,INSPECTION,Corrosion coupon retrieval and analysis - 2 mpy average rate,42.1,23850.17
EVT-001961,42-389-33841,Cook 10V,Loving,2025-01-13,CHEMICAL_TREATMENT,Corrosion coupon retrieval and analysis - 2 mpy average rate,36.3,5524.01
EVT-001962,42-389-33841,Cook 10V,Loving,2024-12-07,MAINTENANCE,Quarterly ESP system diagnostic and vibration analysis completed,22.7,22395.73
EVT-001963,42-495-60237,Cattle Co 5V,Van Horn,2026-03-04,CHEMICAL_TREATMENT,Routine tubing pressure test and casing inspection,35.4,17857.38
EVT-001964,42-495-60237,Cattle Co 5V,Van Horn,2026-02-09,MAINTENANCE,Quarterly ESP system diagnostic and vibration analysis completed,7.5,9170.57
EVT-001965,42-475-64582,Torres 9H,Fort Stockton,2025-09-22,MAINTENANCE,Corrosion coupon retrieval and analysis - 2 mpy average rate,28.1,19065.3
EVT-001966,42-475-64582,Torres 9H,Fort Stockton,2025-01-18,INSPECTION,Scheduled wellhead maintenance and valve replacement,23.2,1492.92
EVT-001967,42-495-70116,Bailey 12H,Reeves County,2022-10-08,INSPECTION,Surface facility maintenance including separator cleaning and meter calibration,31.7,17066.37
EVT-001968,42-495-70116,Bailey 12H,Reeves County,2025-12-28,CHEMICAL_TREATMENT,Surface facility maintenance including separator cleaning and meter calibration,13.9,1129.2
EVT-001969,42-109-65842,Long 7H,Orla,2022-11-03,EQUIPMENT_CHANGE,"ESP motor failure due to overheating, well shut-in pending replacement",71.4,240347.9
EVT-001970,42-109-65842,Long 7H,Orla,2024-07-09,FAILURE,"Christmas tree valve failure, emergency well control initiated",186.0,625185.47
EVT-001971,42-109-65842,Long 7H,Orla,2024-07-22,FAILURE,"Casing collapse detected during pressure test, integrity compromised",192.5,743173.46
EVT-001972,42-109-65842,Long 7H,Orla,2025-12-26,EQUIPMENT_CHANGE,"VSD drive failure causing ESP shutdown, replacement ordered",47.0,37641.37
EVT-001973,42-109-65842,Long 7H,Orla,2024-12-11,EQUIPMENT_CHANGE,"Hole in tubing at 6500ft, severe production loss and gas migration",121.5,188827.05
EVT-001974,42-109-65842,Long 7H,Orla,2024-01-28,EQUIPMENT_CHANGE,"Casing collapse detected during pressure test, integrity compromised",82.3,242034.07
EVT-001975,42-109-65842,Long 7H,Orla,2026-04-09,FAILURE,"Downhole pump seized due to severe sand production, pulling unit dispatched",225.4,289183.76
EVT-001976,42-109-65842,Long 7H,Orla,2026-05-28,FAILURE,"ESP motor failure due to overheating, well shut-in pending replacement",289.4,212730.59
EVT-001977,42-109-65842,Long 7H,Orla,2026-07-10,FAILURE,"ESP motor failure due to overheating, well shut-in pending replacement",26.2,663342.78
EVT-001978,42-371-91515,Bailey 9V,Delaware Basin,2025-06-04,MAINTENANCE,Scheduled wellhead maintenance and valve replacement,3.3,2705.71
EVT-001979,42-371-91515,Bailey 9V,Delaware Basin,2025-11-20,CHEMICAL_TREATMENT,Routine preventive maintenance on ESP system including motor inspection and cable check,26.2,9442.25
EVT-001980,42-371-91515,Bailey 9V,Delaware Basin,2025-04-27,CHEMICAL_TREATMENT,Annual safety valve inspection and function test completed,24.2,21363.83
EVT-001981,42-389-92574,Stewart 5H,Reeves County,2025-01-10,MAINTENANCE,Quarterly ESP system diagnostic and vibration analysis completed,2.3,22205.28
EVT-001982,42-389-63025,Stewart 11H,Grandfalls,2025-12-12,CHEMICAL_TREATMENT,Routine preventive maintenance on ESP system including motor inspection and cable check,19.3,14533.09
EVT-001983,42-389-51790,King 6H,Delaware Basin,2026-02-28,INSPECTION,Corrosion coupon retrieval and analysis - 2 mpy average rate,16.2,19237.07
EVT-001984,42-389-51790,King 6H,Delaware Basin,2026-05-06,CHEMICAL_TREATMENT,Routine preventive maintenance on ESP system including motor inspection and cable check,47.7,6222.67
EVT-001985,42-389-51790,King 6H,Delaware Basin,2026-02-28,CHEMICAL_TREATMENT,Routine preventive maintenance on ESP system including motor inspection and cable check,17.1,9213.75
EVT-001986,42-371-35179,King 4H,Kermit,2024-08-19,INSPECTION,Scheduled wellhead maintenance and valve replacement,10.0,14565.64
EVT-001987,42-109-77682,Reed 7H,Ward-Estes,2024-10-01,CHEMICAL_TREATMENT,Corrosion coupon retrieval and analysis - 2 mpy average rate,11.8,8120.52
EVT-001988,42-109-77682,Reed 7H,Ward-Estes,2026-05-21,CHEMICAL_TREATMENT,Annual safety valve inspection and function test completed,7.0,17781.18
EVT-001989,42-109-77682,Reed 7H,Ward-Estes,2023-10-12,INSPECTION,Surface facility maintenance including separator cleaning and meter calibration,2.8,11944.22
EVT-001990,42-389-34604,Ramirez 2H,Balmorhea,2025-12-15,MAINTENANCE,Surface facility maintenance including separator cleaning and meter calibration,35.1,19393.6
EVT-001991,42-389-34604,Ramirez 2H,Balmorhea,2025-05-26,INSPECTION,Corrosion coupon retrieval and analysis - 2 mpy average rate,25.0,19596.8
EVT-001992,42-301-67744,Hughes 3H,Orla,2025-06-06,INSPECTION,Routine tubing pressure test and casing inspection,39.7,3062.84
EVT-001993,42-301-67744,Hughes 3H,Orla,2025-05-09,INSPECTION,Annual safety valve inspection and function test completed,47.6,2566.07
EVT-001994,42-495-60305,Johnson 12V,Monahans,2023-10-11,MAINTENANCE,Corrosion coupon retrieval and analysis - 2 mpy average rate,11.5,7029.37
EVT-001995,42-495-60305,Johnson 12V,Monahans,2026-04-02,MAINTENANCE,Routine tubing pressure test and casing inspection,6.4,7606.97
EVT-001996,42-495-60305,Johnson 12V,Monahans,2025-11-27,CHEMICAL_TREATMENT,Annual safety valve inspection and function test completed,34.4,2637.61
EVT-001997,42-495-60305,Johnson 12V,Monahans,2024-09-09,INSPECTION,Annual safety valve inspection and function test completed,21.4,14819.81
EVT-001998,42-109-73068,State 11H,Loving,2023-12-21,CHEMICAL_TREATMENT,Surface facility maintenance including separator cleaning and meter calibration,47.8,23687.63
EVT-001999,42-109-73068,State 11H,Loving,2025-07-13,INSPECTION,Annual safety valve inspection and function test completed,28.8,23551.24
EVT-002000,42-109-73068,State 11H,Loving,2025-04-26,INSPECTION,Routine tubing pressure test and casing inspection,27.3,23983.55
EVT-002001,42-475-38021,Cook 4V,Toyah,2026-04-29,CHEMICAL_TREATMENT,Annual safety valve inspection and function test completed,32.0,9925.06
EVT-002002,42-475-38021,Cook 4V,Toyah,2026-01-03,CHEMICAL_TREATMENT,Routine preventive maintenance on ESP system including motor inspection and cable check,2.1,2864.57
EVT-002003,42-475-62346,Bryant 12H,Monahans,2024-06-23,INSPECTION,"Intermittent ESP trips due to gas slugging, VSD ramp adjusted",25.6,7146.65
EVT-002004,42-475-62346,Bryant 12H,Monahans,2023-07-17,MAINTENANCE,"Paraffin accumulation restricting flow, hot oil treatment performed",6.4,20207.24
EVT-002005,42-475-62346,Bryant 12H,Monahans,2025-09-10,MAINTENANCE,"Scale buildup detected in tubing, chemical squeeze scheduled",39.9,1322.63
EVT-002006,42-475-62346,Bryant 12H,Monahans,2024-02-07,EQUIPMENT_CHANGE,"Paraffin accumulation restricting flow, hot oil treatment performed",74.6,153437.79
EVT-002007,42-475-62346,Bryant 12H,Monahans,2023-11-16,MAINTENANCE,Emulsion issues at separator requiring increased demulsifier dosage,9.3,6946.21
EVT-002008,42-475-62346,Bryant 12H,Monahans,2024-04-02,CHEMICAL_TREATMENT,"Increasing water cut trend noted, zone isolation evaluation in progress",27.6,1332.6
EVT-002009,42-475-62346,Bryant 12H,Monahans,2026-04-29,EQUIPMENT_CHANGE,"Paraffin accumulation restricting flow, hot oil treatment performed",56.9,167558.81
EVT-002010,42-495-50455,Woods 12H,Monahans,2025-07-22,MAINTENANCE,Annual safety valve inspection and function test completed,28.4,21777.95
EVT-002011,42-389-58091,Graham 4H,Grandfalls,2024-08-08,MAINTENANCE,"Increasing water cut trend noted, zone isolation evaluation in progress",18.6,18368.74
EVT-002012,42-389-58091,Graham 4H,Grandfalls,2024-02-02,CHEMICAL_TREATMENT,Emulsion issues at separator requiring increased demulsifier dosage,34.1,15385.5
EVT-002013,42-389-58091,Graham 4H,Grandfalls,2024-02-05,CHEMICAL_TREATMENT,"Sand production increasing, pump wear accelerating",7.9,24608.46
EVT-002014,42-389-58091,Graham 4H,Grandfalls,2023-07-14,EQUIPMENT_CHANGE,"Increasing water cut trend noted, zone isolation evaluation in progress",71.9,118407.02
EVT-002015,42-389-58091,Graham 4H,Grandfalls,2023-04-06,INSPECTION,"Scale buildup detected in tubing, chemical squeeze scheduled",36.7,8509.28
EVT-002016,42-389-58091,Graham 4H,Grandfalls,2026-06-21,FAILURE,"Increasing water cut trend noted, zone isolation evaluation in progress",412.4,166775.14
EVT-002017,42-495-47004,Reynolds 12H,Ward-Estes,2024-01-13,MAINTENANCE,Surface facility maintenance including separator cleaning and meter calibration,19.0,16061.32
EVT-002018,42-495-47004,Reynolds 12H,Ward-Estes,2022-11-30,CHEMICAL_TREATMENT,Scheduled wellhead maintenance and valve replacement,28.2,6822.86
EVT-002019,42-475-35540,University 5H,Imperial,2025-12-06,CHEMICAL_TREATMENT,Annual safety valve inspection and function test completed,42.0,16924.49
EVT-002020,42-301-80418,Flores 2H,Reeves County,2024-10-20,CHEMICAL_TREATMENT,Annual safety valve inspection and function test completed,40.1,9975.3
EVT-002021,42-301-80418,Flores 2H,Reeves County,2023-09-17,INSPECTION,Routine preventive maintenance on ESP system including motor inspection and cable check,9.8,12403.47
EVT-002022,42-301-80418,Flores 2H,Reeves County,2026-05-05,CHEMICAL_TREATMENT,Corrosion coupon retrieval and analysis - 2 mpy average rate,4.0,19865.19
EVT-002023,42-389-46102,Sanders 6H,Coyanosa,2026-04-17,INSPECTION,Surface facility maintenance including separator cleaning and meter calibration,5.2,4894.88
EVT-002024,42-389-44474,Harris 2V,Mentone,2025-07-05,EQUIPMENT_CHANGE,"Gas lift valve partially plugged, reduced injection efficiency",114.8,237520.48
EVT-002025,42-389-44474,Harris 2V,Mentone,2025-05-30,INSPECTION,"Scale buildup detected in tubing, chemical squeeze scheduled",17.5,8908.83
EVT-002026,42-389-44474,Harris 2V,Mentone,2025-07-31,EQUIPMENT_CHANGE,"Scale buildup detected in tubing, chemical squeeze scheduled",43.1,80063.54
EVT-002027,42-389-44474,Harris 2V,Mentone,2026-01-26,CHEMICAL_TREATMENT,"Gas lift valve partially plugged, reduced injection efficiency",43.4,22191.18
EVT-002028,42-389-44474,Harris 2V,Mentone,2025-05-07,CHEMICAL_TREATMENT,"Gas lift valve partially plugged, reduced injection efficiency",37.6,24342.88
EVT-002029,42-389-44474,Harris 2V,Mentone,2025-02-24,EQUIPMENT_CHANGE,"Paraffin accumulation restricting flow, hot oil treatment performed",124.5,247173.13
EVT-002030,42-389-44474,Harris 2V,Mentone,2026-05-22,EQUIPMENT_CHANGE,"Paraffin accumulation restricting flow, hot oil treatment performed",55.5,160590.44
EVT-002031,42-495-56365,Hamilton 11H,Grandfalls,2024-11-15,WORKOVER,"VSD drive failure causing ESP shutdown, replacement ordered",273.7,1418463.52
EVT-002032,42-495-56365,Hamilton 11H,Grandfalls,2025-09-19,EQUIPMENT_CHANGE,"Tubing leak detected at depth, production ceased for workover",89.8,237897.42
EVT-002033,42-495-56365,Hamilton 11H,Grandfalls,2023-05-21,FAILURE,"Christmas tree valve failure, emergency well control initiated",356.0,330380.35
EVT-002034,42-495-56365,Hamilton 11H,Grandfalls,2022-09-25,FAILURE,"Casing collapse detected during pressure test, integrity compromised",434.1,413744.5
EVT-002035,42-495-56365,Hamilton 11H,Grandfalls,2024-01-01,WORKOVER,Electrical cable failure on ESP causing complete shutdown,467.0,1630415.88
EVT-002036,42-495-56365,Hamilton 11H,Grandfalls,2023-02-12,FAILURE,Electrical cable failure on ESP causing complete shutdown,119.0,323120.82
EVT-002037,42-495-56365,Hamilton 11H,Grandfalls,2023-01-14,FAILURE,Complete ESP system failure - motor burnout and pump lockup,330.8,503943.59
EVT-002038,42-495-56365,Hamilton 11H,Grandfalls,2026-05-25,FAILURE,"ESP motor failure due to overheating, well shut-in pending replacement",40.5,622831.54
EVT-002039,42-495-56365,Hamilton 11H,Grandfalls,2026-06-25,FAILURE,"ESP motor failure due to overheating, well shut-in pending replacement",470.6,778002.18
EVT-002040,42-371-45534,Wheeler 6H,Kermit,2026-05-20,CHEMICAL_TREATMENT,Quarterly ESP system diagnostic and vibration analysis completed,8.6,22153.81
EVT-002041,42-371-45534,Wheeler 6H,Kermit,2025-12-11,INSPECTION,Scheduled wellhead maintenance and valve replacement,39.7,5108.93
EVT-002042,42-371-45534,Wheeler 6H,Kermit,2026-01-18,INSPECTION,Routine tubing pressure test and casing inspection,5.4,16875.06
EVT-002043,42-389-48236,Murphy 10V,Van Horn,2025-12-31,INSPECTION,Annual safety valve inspection and function test completed,13.9,18169.53
EVT-002044,42-389-48236,Murphy 10V,Van Horn,2025-09-26,INSPECTION,Scheduled wellhead maintenance and valve replacement,6.0,11602.76
EVT-002045,42-475-81983,Mitchell 5H,Balmorhea,2026-01-28,MAINTENANCE,Annual safety valve inspection and function test completed,13.2,18024.54
EVT-002046,42-475-81983,Mitchell 5H,Balmorhea,2026-05-19,INSPECTION,Annual safety valve inspection and function test completed,2.5,4913.17
EVT-002047,42-475-81983,Mitchell 5H,Balmorhea,2026-06-13,MAINTENANCE,Surface facility maintenance including separator cleaning and meter calibration,22.3,14054.05
EVT-002048,42-475-81983,Mitchell 5H,Balmorhea,2026-02-17,MAINTENANCE,Routine tubing pressure test and casing inspection,29.8,2387.51
EVT-002049,42-389-87497,Resources 2H,Pecos Valley,2024-07-12,INSPECTION,Surface facility maintenance including separator cleaning and meter calibration,5.2,2231.05
EVT-002050,42-389-87497,Resources 2H,Pecos Valley,2025-09-18,INSPECTION,Surface facility maintenance including separator cleaning and meter calibration,15.3,5880.37
EVT-002051,42-389-89826,Gray 10H,Coyanosa,2025-09-23,MAINTENANCE,Routine tubing pressure test and casing inspection,6.9,3001.1
EVT-002052,42-389-89826,Gray 10H,Coyanosa,2025-02-08,CHEMICAL_TREATMENT,Routine preventive maintenance on ESP system including motor inspection and cable check,29.3,21765.01
EVT-002053,42-389-89826,Gray 10H,Coyanosa,2024-01-13,CHEMICAL_TREATMENT,Surface facility maintenance including separator cleaning and meter calibration,18.5,8600.68
EVT-002054,42-371-94688,Scott 5H,Pecos Valley,2026-04-19,INSPECTION,Scheduled wellhead maintenance and valve replacement,37.3,2956.54
EVT-002055,42-371-94688,Scott 5H,Pecos Valley,2026-04-14,CHEMICAL_TREATMENT,Scheduled wellhead maintenance and valve replacement,3.5,15860.47
EVT-002056,42-389-53853,Flores 4H,Toyah,2023-11-07,CHEMICAL_TREATMENT,Routine preventive maintenance on ESP system including motor inspection and cable check,19.9,17426.28
EVT-002057,42-389-53853,Flores 4H,Toyah,2025-03-19,MAINTENANCE,Scheduled wellhead maintenance and valve replacement,27.9,22918.16
EVT-002058,42-389-53853,Flores 4H,Toyah,2023-08-31,CHEMICAL_TREATMENT,Routine preventive maintenance on ESP system including motor inspection and cable check,27.7,13531.9
EVT-002059,42-109-82460,Hill 12V,Kermit,2025-12-27,MAINTENANCE,Corrosion coupon retrieval and analysis - 2 mpy average rate,16.0,24409.18
EVT-002060,42-109-82460,Hill 12V,Kermit,2026-01-18,CHEMICAL_TREATMENT,Annual safety valve inspection and function test completed,29.9,3179.48
EVT-002061,42-109-82460,Hill 12V,Kermit,2026-05-21,INSPECTION,Annual safety valve inspection and function test completed,25.4,12208.92
EVT-002062,42-371-47466,Peterson 5H,Buena Vista,2025-06-30,MAINTENANCE,Annual safety valve inspection and function test completed,30.8,15814.7
EVT-002063,42-301-34374,Hughes 11H,Loving,2026-01-11,CHEMICAL_TREATMENT,Routine preventive maintenance on ESP system including motor inspection and cable check,36.5,5789.54
EVT-002064,42-301-34374,Hughes 11H,Loving,2025-12-20,MAINTENANCE,Quarterly ESP system diagnostic and vibration analysis completed,45.0,24326.13
EVT-002065,42-301-34374,Hughes 11H,Loving,2025-11-29,MAINTENANCE,Routine tubing pressure test and casing inspection,41.8,5286.01
EVT-002066,42-389-92596,Cattle Co 12H,Toyah,2025-10-13,MAINTENANCE,Surface facility maintenance including separator cleaning and meter calibration,46.0,11090.26
EVT-002067,42-389-92596,Cattle Co 12H,Toyah,2026-06-02,CHEMICAL_TREATMENT,Annual safety valve inspection and function test completed,40.0,592.66
EVT-002068,42-389-92596,Cattle Co 12H,Toyah,2025-08-22,CHEMICAL_TREATMENT,Annual safety valve inspection and function test completed,25.5,16484.07
EVT-002069,42-389-92596,Cattle Co 12H,Toyah,2026-04-03,CHEMICAL_TREATMENT,Routine preventive maintenance on ESP system including motor inspection and cable check,34.6,1067.93
EVT-002070,42-495-54410,Davis 1H,Imperial,2025-10-12,INSPECTION,Annual safety valve inspection and function test completed,40.7,10148.93
EVT-002071,42-495-54410,Davis 1H,Imperial,2024-01-24,MAINTENANCE,Routine tubing pressure test and casing inspection,6.6,12290.43
EVT-002072,42-495-54410,Davis 1H,Imperial,2022-09-05,MAINTENANCE,Quarterly ESP system diagnostic and vibration analysis completed,14.9,8414.79
EVT-002073,42-389-61766,Hayes 6V,Coyanosa,2026-05-20,INSPECTION,Quarterly ESP system diagnostic and vibration analysis completed,9.0,1552.34
EVT-002074,42-389-61766,Hayes 6V,Coyanosa,2026-02-02,INSPECTION,Annual safety valve inspection and function test completed,36.1,11511.85
EVT-002075,42-389-61766,Hayes 6V,Coyanosa,2026-04-26,INSPECTION,Routine preventive maintenance on ESP system including motor inspection and cable check,34.7,22848.58
EVT-002076,42-389-61766,Hayes 6V,Coyanosa,2026-06-10,CHEMICAL_TREATMENT,Routine tubing pressure test and casing inspection,29.3,23872.11
EVT-002077,42-109-68293,Evans 2H,Monahans,2025-08-30,MAINTENANCE,Routine preventive maintenance on ESP system including motor inspection and cable check,46.2,20457.74
EVT-002078,42-109-68293,Evans 2H,Monahans,2024-09-14,INSPECTION,Annual safety valve inspection and function test completed,44.9,7952.94
EVT-002079,42-109-68293,Evans 2H,Monahans,2024-03-09,CHEMICAL_TREATMENT,Scheduled wellhead maintenance and valve replacement,31.7,3995.29
EVT-002080,42-475-57376,Turner 4H,Buena Vista,2026-03-28,CHEMICAL_TREATMENT,Surface facility maintenance including separator cleaning and meter calibration,32.7,2679.98
EVT-002081,42-475-57376,Turner 4H,Buena Vista,2026-06-11,INSPECTION,Scheduled wellhead maintenance and valve replacement,13.6,13819.71
EVT-002082,42-301-69595,Roberts 1H,Red Hills,2025-08-29,CHEMICAL_TREATMENT,Routine tubing pressure test and casing inspection,28.3,23325.89
EVT-002083,42-301-69595,Roberts 1H,Red Hills,2025-10-02,MAINTENANCE,Routine tubing pressure test and casing inspection,4.2,20816.39
EVT-002084,42-301-69595,Roberts 1H,Red Hills,2025-03-24,MAINTENANCE,Quarterly ESP system diagnostic and vibration analysis completed,2.5,23112.54
EVT-002085,42-475-79421,Taylor 1H,Kermit,2023-09-28,CHEMICAL_TREATMENT,Scheduled wellhead maintenance and valve replacement,32.0,16445.07
EVT-002086,42-475-79421,Taylor 1H,Kermit,2026-05-27,CHEMICAL_TREATMENT,Surface facility maintenance including separator cleaning and meter calibration,39.9,15630.69
EVT-002087,42-475-79421,Taylor 1H,Kermit,2025-07-16,INSPECTION,Corrosion coupon retrieval and analysis - 2 mpy average rate,17.5,9395.35
EVT-002088,42-389-60347,Owens 4H,Toyah,2025-09-14,MAINTENANCE,Routine preventive maintenance on ESP system including motor inspection and cable check,41.5,1108.8
EVT-002089,42-475-85303,Gray 2H,Coyanosa,2025-07-13,CHEMICAL_TREATMENT,Corrosion coupon retrieval and analysis - 2 mpy average rate,10.5,24155.11
EVT-002090,42-109-46803,Alexander 11H,Van Horn,2025-12-14,MAINTENANCE,Annual safety valve inspection and function test completed,13.5,18714.01
EVT-002091,42-109-46803,Alexander 11H,Van Horn,2024-04-19,CHEMICAL_TREATMENT,Corrosion coupon retrieval and analysis - 2 mpy average rate,43.2,18752.89
EVT-002092,42-109-46803,Alexander 11H,Van Horn,2023-11-19,INSPECTION,Surface facility maintenance including separator cleaning and meter calibration,17.0,5360.31
EVT-002093,42-109-46803,Alexander 11H,Van Horn,2024-10-21,CHEMICAL_TREATMENT,Surface facility maintenance including separator cleaning and meter calibration,7.4,16157.53
EVT-002094,42-389-83015,Morgan 3V,Fort Stockton,2025-11-12,INSPECTION,Surface facility maintenance including separator cleaning and meter calibration,29.0,9804.46
EVT-002095,42-389-83015,Morgan 3V,Fort Stockton,2026-05-15,MAINTENANCE,Scheduled wellhead maintenance and valve replacement,12.5,2319.98
EVT-002096,42-389-83015,Morgan 3V,Fort Stockton,2025-10-18,CHEMICAL_TREATMENT,Scheduled wellhead maintenance and valve replacement,24.4,710.09
EVT-002097,42-389-83015,Morgan 3V,Fort Stockton,2025-12-09,MAINTENANCE,Routine tubing pressure test and casing inspection,44.7,13139.33
EVT-002098,42-475-56902,Sullivan 3V,Grandfalls,2025-11-25,MAINTENANCE,Routine tubing pressure test and casing inspection,43.3,18016.23
EVT-002099,42-475-56902,Sullivan 3V,Grandfalls,2025-08-15,INSPECTION,Scheduled wellhead maintenance and valve replacement,8.9,21102.18
EVT-002100,42-475-56902,Sullivan 3V,Grandfalls,2026-02-23,INSPECTION,Routine preventive maintenance on ESP system including motor inspection and cable check,41.0,9944.73
EVT-002101,42-389-45775,Myers 4H,Mentone,2026-02-05,MAINTENANCE,Surface facility maintenance including separator cleaning and meter calibration,11.7,6534.75
EVT-002102,42-389-45775,Myers 4H,Mentone,2025-10-08,MAINTENANCE,Routine tubing pressure test and casing inspection,25.6,7885.51
EVT-002103,42-475-62151,Wood 5H,Ward-Estes,2026-01-16,INSPECTION,Routine tubing pressure test and casing inspection,33.9,5011.14
EVT-002104,42-475-30942,Turner 2H,Delaware Basin,2023-09-24,FAILURE,Electrical cable failure on ESP causing complete shutdown,117.2,311071.01
EVT-002105,42-475-30942,Turner 2H,Delaware Basin,2025-05-05,EQUIPMENT_CHANGE,"Christmas tree valve failure, emergency well control initiated",105.7,217759.3
EVT-002106,42-475-30942,Turner 2H,Delaware Basin,2024-06-26,FAILURE,Gas lift valve failure causing complete loss of artificial lift,443.1,443554.24
EVT-002107,42-475-30942,Turner 2H,Delaware Basin,2024-12-24,WORKOVER,"Rod parting at depth, well dead, workover rig scheduled",278.2,1962209.03
EVT-002108,42-475-30942,Turner 2H,Delaware Basin,2026-05-20,FAILURE,"Rod parting at depth, well dead, workover rig scheduled",455.6,189248.41
EVT-002109,42-475-30942,Turner 2H,Delaware Basin,2026-05-27,FAILURE,"Downhole pump seized due to severe sand production, pulling unit dispatched",153.4,277337.49
EVT-002110,42-495-94853,Diaz 10H,Balmorhea,2024-01-28,MAINTENANCE,Quarterly ESP system diagnostic and vibration analysis completed,10.7,4382.69
EVT-002111,42-495-94853,Diaz 10H,Balmorhea,2024-06-18,MAINTENANCE,Quarterly ESP system diagnostic and vibration analysis completed,22.6,23504.24
EVT-002112,42-495-94853,Diaz 10H,Balmorhea,2025-07-19,CHEMICAL_TREATMENT,Scheduled wellhead maintenance and valve replacement,16.5,17771.95
EVT-002113,42-495-94853,Diaz 10H,Balmorhea,2024-01-30,INSPECTION,Corrosion coupon retrieval and analysis - 2 mpy average rate,19.7,17919.69
EVT-002114,42-371-99174,Ford 9V,Red Hills,2024-12-19,CHEMICAL_TREATMENT,Annual safety valve inspection and function test completed,23.4,7436.41
EVT-002115,42-371-99174,Ford 9V,Red Hills,2024-11-17,MAINTENANCE,Routine preventive maintenance on ESP system including motor inspection and cable check,6.2,13203.16
EVT-002116,42-371-99174,Ford 9V,Red Hills,2026-05-27,MAINTENANCE,Routine tubing pressure test and casing inspection,37.7,14237.75
EVT-002117,42-371-40322,Hart 9H,Imperial,2026-05-29,WORKOVER,"ESP motor failure due to overheating, well shut-in pending replacement",461.2,898045.3
EVT-002118,42-371-40322,Hart 9H,Imperial,2025-05-04,FAILURE,"Casing collapse detected during pressure test, integrity compromised",223.9,121964.08
EVT-002119,42-371-40322,Hart 9H,Imperial,2025-12-03,FAILURE,Electrical cable failure on ESP causing complete shutdown,414.2,514873.41
EVT-002120,42-371-40322,Hart 9H,Imperial,2024-01-22,EQUIPMENT_CHANGE,Electrical cable failure on ESP causing complete shutdown,103.3,296965.36
EVT-002121,42-371-40322,Hart 9H,Imperial,2025-04-24,FAILURE,"VSD drive failure causing ESP shutdown, replacement ordered",92.4,75147.47
EVT-002122,42-371-40322,Hart 9H,Imperial,2024-04-22,FAILURE,"ESP motor failure due to overheating, well shut-in pending replacement",314.5,479352.52
EVT-002123,42-371-40322,Hart 9H,Imperial,2026-06-09,FAILURE,"Downhole pump seized due to severe sand production, pulling unit dispatched",245.8,698551.87
EVT-002124,42-371-40322,Hart 9H,Imperial,2026-06-08,FAILURE,"ESP motor failure due to overheating, well shut-in pending replacement",377.8,25864.67
EVT-002125,42-371-36975,Green 1H,Fort Stockton,2025-09-05,CHEMICAL_TREATMENT,Routine preventive maintenance on ESP system including motor inspection and cable check,5.4,1667.85
EVT-002126,42-389-44210,State 4H,Van Horn,2026-03-23,CHEMICAL_TREATMENT,Routine preventive maintenance on ESP system including motor inspection and cable check,13.5,5074.91
EVT-002127,42-475-58837,Davis 11H,Mentone,2024-06-26,MAINTENANCE,Surface facility maintenance including separator cleaning and meter calibration,24.4,16922.65
EVT-002128,42-475-58837,Davis 11H,Mentone,2026-05-26,MAINTENANCE,Annual safety valve inspection and function test completed,45.0,7970.45
EVT-002129,42-475-58837,Davis 11H,Mentone,2025-12-17,CHEMICAL_TREATMENT,Surface facility maintenance including separator cleaning and meter calibration,3.5,7214.27
EVT-002130,42-371-37157,Adams 11H,Wink,2026-05-23,MAINTENANCE,Routine tubing pressure test and casing inspection,26.4,2922.11
EVT-002131,42-371-37157,Adams 11H,Wink,2026-04-16,INSPECTION,Annual safety valve inspection and function test completed,43.8,19466.44
EVT-002132,42-109-61958,Bell 7H,Buena Vista,2024-07-31,EQUIPMENT_CHANGE,"Scale buildup detected in tubing, chemical squeeze scheduled",53.3,112489.44
EVT-002133,42-109-61958,Bell 7H,Buena Vista,2026-06-15,INSPECTION,"Elevated motor temperature detected, monitoring increased frequency",45.5,14290.61
EVT-002134,42-109-61958,Bell 7H,Buena Vista,2026-04-03,INSPECTION,"Increasing water cut trend noted, zone isolation evaluation in progress",29.1,9557.72
EVT-002135,42-109-61958,Bell 7H,Buena Vista,2026-06-25,EQUIPMENT_CHANGE,"Elevated motor temperature detected, monitoring increased frequency",100.1,35947.3
EVT-002136,42-495-52084,Cook 2V,Mentone,2024-02-26,INSPECTION,Routine tubing pressure test and casing inspection,16.2,19576.82
EVT-002137,42-495-52084,Cook 2V,Mentone,2023-03-11,INSPECTION,Annual safety valve inspection and function test completed,3.9,6201.81
EVT-002138,42-495-52084,Cook 2V,Mentone,2024-07-11,MAINTENANCE,Annual safety valve inspection and function test completed,5.0,23272.91
EVT-002139,42-389-52630,Thompson 11H,Delaware Basin,2026-02-09,FAILURE,Gas lift valve failure causing complete loss of artificial lift,38.5,79003.91
EVT-002140,42-389-52630,Thompson 11H,Delaware Basin,2026-05-26,WORKOVER,"Rod parting at depth, well dead, workover rig scheduled",577.4,674689.86
EVT-002141,42-389-52630,Thompson 11H,Delaware Basin,2026-04-30,WORKOVER,Gas lift valve failure causing complete loss of artificial lift,630.5,1181369.29
EVT-002142,42-389-52630,Thompson 11H,Delaware Basin,2026-06-23,FAILURE,Gas lift valve failure causing complete loss of artificial lift,182.1,108398.38
EVT-002143,42-389-52630,Thompson 11H,Delaware Basin,2026-06-20,FAILURE,Electrical cable failure on ESP causing complete shutdown,72.2,735421.49
EVT-002144,42-301-78434,Reed 12H,Imperial,2024-01-14,CHEMICAL_TREATMENT,Quarterly ESP system diagnostic and vibration analysis completed,16.0,21145.91
EVT-002145,42-301-78434,Reed 12H,Imperial,2025-08-03,CHEMICAL_TREATMENT,Corrosion coupon retrieval and analysis - 2 mpy average rate,33.5,24762.59
EVT-002146,42-389-34514,Brooks 12H,Grandfalls,2024-01-24,CHEMICAL_TREATMENT,Quarterly ESP system diagnostic and vibration analysis completed,42.1,21565.8
EVT-002147,42-371-74353,Moore 8V,Toyah,2026-04-04,INSPECTION,Scheduled wellhead maintenance and valve replacement,41.7,8895.17
EVT-002148,42-371-74353,Moore 8V,Toyah,2026-02-26,CHEMICAL_TREATMENT,Routine tubing pressure test and casing inspection,39.0,6407.4
EVT-002149,42-389-82863,Morris 8H,Fort Stockton,2023-08-19,INSPECTION,Surface facility maintenance including separator cleaning and meter calibration,45.6,21402.82
EVT-002150,42-389-79175,Myers 6H,Coyanosa,2026-02-28,MAINTENANCE,Quarterly ESP system diagnostic and vibration analysis completed,28.9,15952.12
EVT-002151,42-475-35980,Wood 11H,Delaware Basin,2025-11-10,CHEMICAL_TREATMENT,Surface facility maintenance including separator cleaning and meter calibration,38.1,16593.96
EVT-002152,42-475-35980,Wood 11H,Delaware Basin,2026-02-02,INSPECTION,Surface facility maintenance including separator cleaning and meter calibration,18.4,3498.26
EVT-002153,42-109-40180,Bass 10H,Red Hills,2026-04-16,MAINTENANCE,Corrosion coupon retrieval and analysis - 2 mpy average rate,48.0,12164.2
EVT-002154,42-389-69098,Hill 9H,Reeves County,2025-10-10,MAINTENANCE,Annual safety valve inspection and function test completed,7.9,16100.03
EVT-002155,42-371-59431,Powell 8H,Balmorhea,2023-03-12,INSPECTION,Quarterly ESP system diagnostic and vibration analysis completed,18.1,17653.98
EVT-002156,42-475-81393,Wood 11H,Van Horn,2025-06-10,CHEMICAL_TREATMENT,Scheduled wellhead maintenance and valve replacement,4.0,2290.89
EVT-002157,42-475-81393,Wood 11H,Van Horn,2024-05-13,CHEMICAL_TREATMENT,Routine tubing pressure test and casing inspection,11.0,9555.76
EVT-002158,42-475-81393,Wood 11H,Van Horn,2024-11-10,CHEMICAL_TREATMENT,Corrosion coupon retrieval and analysis - 2 mpy average rate,47.5,8683.82
EVT-002159,42-475-81393,Wood 11H,Van Horn,2023-02-05,INSPECTION,Surface facility maintenance including separator cleaning and meter calibration,26.0,6088.42
EVT-002160,42-475-37567,Cook 12H,Pecos Valley,2026-04-19,FAILURE,"ESP motor failure due to overheating, well shut-in pending replacement",231.7,127775.88
EVT-002161,42-475-37567,Cook 12H,Pecos Valley,2026-02-17,EQUIPMENT_CHANGE,"Downhole pump seized due to severe sand production, pulling unit dispatched",27.5,117389.27
EVT-002162,42-475-37567,Cook 12H,Pecos Valley,2026-05-17,FAILURE,"VSD drive failure causing ESP shutdown, replacement ordered",44.5,257760.86
EVT-002163,42-475-37567,Cook 12H,Pecos Valley,2024-01-31,FAILURE,"Christmas tree valve failure, emergency well control initiated",68.7,728222.83
EVT-002164,42-475-37567,Cook 12H,Pecos Valley,2024-08-18,FAILURE,"Rod parting at depth, well dead, workover rig scheduled",130.3,758715.9
EVT-002165,42-475-37567,Cook 12H,Pecos Valley,2025-05-19,FAILURE,"Rod parting at depth, well dead, workover rig scheduled",49.6,762582.52
EVT-002166,42-475-37567,Cook 12H,Pecos Valley,2025-10-19,WORKOVER,"Rod parting at depth, well dead, workover rig scheduled",61.0,1960910.76
EVT-002167,42-475-37567,Cook 12H,Pecos Valley,2026-06-11,FAILURE,"Christmas tree valve failure, emergency well control initiated",436.2,503420.98
EVT-002168,42-475-37567,Cook 12H,Pecos Valley,2026-06-22,FAILURE,"Rod parting at depth, well dead, workover rig scheduled",111.0,126590.92
EVT-002169,42-389-37985,Wood 10H,Mentone,2026-02-16,MAINTENANCE,Scheduled wellhead maintenance and valve replacement,19.7,14761.8
EVT-002170,42-389-37985,Wood 10H,Mentone,2026-03-05,CHEMICAL_TREATMENT,Quarterly ESP system diagnostic and vibration analysis completed,26.8,22088.5
EVT-002171,42-389-37985,Wood 10H,Mentone,2026-02-07,INSPECTION,Routine tubing pressure test and casing inspection,46.1,5634.87
EVT-002172,42-301-31161,Williams 9V,Coyanosa,2025-10-01,MAINTENANCE,Quarterly ESP system diagnostic and vibration analysis completed,36.9,18862.43
EVT-002173,42-301-31161,Williams 9V,Coyanosa,2025-11-15,INSPECTION,Corrosion coupon retrieval and analysis - 2 mpy average rate,17.3,4776.85
EVT-002174,42-301-31161,Williams 9V,Coyanosa,2025-10-03,INSPECTION,Corrosion coupon retrieval and analysis - 2 mpy average rate,43.7,13120.79
EVT-002175,42-389-34304,Murphy 9H,Buena Vista,2023-07-28,INSPECTION,Surface facility maintenance including separator cleaning and meter calibration,35.5,5365.1
EVT-002176,42-389-34304,Murphy 9H,Buena Vista,2024-09-08,MAINTENANCE,Scheduled wellhead maintenance and valve replacement,2.1,19192.55
EVT-002177,42-389-34304,Murphy 9H,Buena Vista,2025-03-08,MAINTENANCE,Scheduled wellhead maintenance and valve replacement,3.5,977.98
EVT-002178,42-475-73583,Bailey 11H,Fort Stockton,2026-03-20,FAILURE,"Downhole pump seized due to severe sand production, pulling unit dispatched",25.1,638680.91
EVT-002179,42-475-73583,Bailey 11H,Fort Stockton,2026-05-30,WORKOVER,"Rod parting at depth, well dead, workover rig scheduled",641.3,1802451.58
EVT-002180,42-475-73583,Bailey 11H,Fort Stockton,2026-05-10,FAILURE,"VSD drive failure causing ESP shutdown, replacement ordered",93.6,158863.69
EVT-002181,42-475-73583,Bailey 11H,Fort Stockton,2026-03-01,FAILURE,"Christmas tree valve failure, emergency well control initiated",478.5,466135.09
EVT-002182,42-475-73583,Bailey 11H,Fort Stockton,2026-02-21,FAILURE,Complete ESP system failure - motor burnout and pump lockup,185.5,222666.3
EVT-002183,42-475-73583,Bailey 11H,Fort Stockton,2026-07-02,FAILURE,"Hole in tubing at 6500ft, severe production loss and gas migration",314.1,674140.92
EVT-002184,42-475-73583,Bailey 11H,Fort Stockton,2026-07-08,FAILURE,Gas lift valve failure causing complete loss of artificial lift,157.0,178518.85
EVT-002185,42-109-46577,Nelson 9H,Kermit,2026-03-16,CHEMICAL_TREATMENT,Scheduled wellhead maintenance and valve replacement,22.1,17004.64
EVT-002186,42-109-46577,Nelson 9H,Kermit,2026-04-19,CHEMICAL_TREATMENT,Routine tubing pressure test and casing inspection,26.9,24018.56
EVT-002187,42-109-46577,Nelson 9H,Kermit,2026-04-03,MAINTENANCE,Quarterly ESP system diagnostic and vibration analysis completed,5.7,10492.7
EVT-002188,42-109-46577,Nelson 9H,Kermit,2025-12-20,INSPECTION,Surface facility maintenance including separator cleaning and meter calibration,9.8,9882.28
EVT-002189,42-389-75208,Peterson 2V,Culberson County,2024-02-03,INSPECTION,Surface facility maintenance including separator cleaning and meter calibration,27.6,21944.72
EVT-002190,42-389-75208,Peterson 2V,Culberson County,2025-07-06,INSPECTION,Quarterly ESP system diagnostic and vibration analysis completed,44.4,22934.29
EVT-002191,42-389-75208,Peterson 2V,Culberson County,2026-04-23,INSPECTION,Annual safety valve inspection and function test completed,7.8,11262.99
EVT-002192,42-389-75208,Peterson 2V,Culberson County,2024-05-31,CHEMICAL_TREATMENT,Quarterly ESP system diagnostic and vibration analysis completed,47.0,1177.07
EVT-002193,42-371-61795,Ross 4V,Loving,2025-10-30,EQUIPMENT_CHANGE,"Downhole pump seized due to severe sand production, pulling unit dispatched",123.8,198088.46
EVT-002194,42-371-61795,Ross 4V,Loving,2024-07-28,FAILURE,Gas lift valve failure causing complete loss of artificial lift,432.2,53936.69
EVT-002195,42-371-61795,Ross 4V,Loving,2025-03-28,FAILURE,"Casing collapse detected during pressure test, integrity compromised",376.5,415989.59
EVT-002196,42-371-61795,Ross 4V,Loving,2025-08-25,EQUIPMENT_CHANGE,"VSD drive failure causing ESP shutdown, replacement ordered",108.4,59586.27
EVT-002197,42-371-61795,Ross 4V,Loving,2023-03-06,FAILURE,Complete ESP system failure - motor burnout and pump lockup,301.5,756000.84
EVT-002198,42-371-61795,Ross 4V,Loving,2026-05-24,FAILURE,"Hole in tubing at 6500ft, severe production loss and gas migration",408.6,102506.51
EVT-002199,42-371-61795,Ross 4V,Loving,2026-06-18,FAILURE,"Tubing leak detected at depth, production ceased for workover",391.7,43428.14
EVT-002200,42-475-33949,Ramirez 12H,Coyanosa,2026-04-25,INSPECTION,Routine tubing pressure test and casing inspection,23.5,6144.67
EVT-002201,42-475-33949,Ramirez 12H,Coyanosa,2026-02-13,INSPECTION,Quarterly ESP system diagnostic and vibration analysis completed,38.6,17874.92
EVT-002202,42-475-33949,Ramirez 12H,Coyanosa,2026-02-25,INSPECTION,Routine preventive maintenance on ESP system including motor inspection and cable check,34.8,6691.78
EVT-002203,42-389-61270,Wallace 3V,Culberson County,2025-11-27,FAILURE,Electrical cable failure on ESP causing complete shutdown,53.7,261419.18
EVT-002204,42-389-61270,Wallace 3V,Culberson County,2025-12-12,WORKOVER,"Casing collapse detected during pressure test, integrity compromised",281.9,102460.7
EVT-002205,42-389-61270,Wallace 3V,Culberson County,2025-11-16,EQUIPMENT_CHANGE,"Tubing leak detected at depth, production ceased for workover",28.7,162827.28
EVT-002206,42-389-61270,Wallace 3V,Culberson County,2025-12-27,EQUIPMENT_CHANGE,"Downhole pump seized due to severe sand production, pulling unit dispatched",150.9,247278.72
EVT-002207,42-389-61270,Wallace 3V,Culberson County,2025-11-11,WORKOVER,"ESP motor failure due to overheating, well shut-in pending replacement",87.2,1487371.84
EVT-002208,42-389-61270,Wallace 3V,Culberson County,2025-11-09,WORKOVER,"Downhole pump seized due to severe sand production, pulling unit dispatched",629.0,1024646.61
EVT-002209,42-389-61270,Wallace 3V,Culberson County,2025-10-12,EQUIPMENT_CHANGE,"Hole in tubing at 6500ft, severe production loss and gas migration",145.6,51713.94
EVT-002210,42-389-61270,Wallace 3V,Culberson County,2026-07-02,FAILURE,"Severe corrosion-induced tubing failure, well flowing up annulus",45.5,283626.17
EVT-002211,42-389-61270,Wallace 3V,Culberson County,2026-06-28,FAILURE,"Casing collapse detected during pressure test, integrity compromised",404.6,620445.86
EVT-002212,42-389-73292,Gibson 3H,Toyah,2026-02-26,FAILURE,"Christmas tree valve failure, emergency well control initiated",221.4,687582.76
EVT-002213,42-389-73292,Gibson 3H,Toyah,2026-04-21,FAILURE,"Tubing leak detected at depth, production ceased for workover",383.2,412574.88
EVT-002214,42-389-73292,Gibson 3H,Toyah,2026-05-30,FAILURE,"Tubing leak detected at depth, production ceased for workover",249.2,103145.5
EVT-002215,42-389-73292,Gibson 3H,Toyah,2026-06-25,FAILURE,Gas lift valve failure causing complete loss of artificial lift,131.7,355062.07
EVT-002216,42-301-67819,Collins 7H,Loving,2025-10-21,CHEMICAL_TREATMENT,Quarterly ESP system diagnostic and vibration analysis completed,37.1,1155.71
EVT-002217,42-301-67819,Collins 7H,Loving,2026-01-07,INSPECTION,Surface facility maintenance including separator cleaning and meter calibration,15.5,6207.29
EVT-002218,42-109-89231,King 12H,Wink,2024-03-08,MAINTENANCE,Quarterly ESP system diagnostic and vibration analysis completed,34.0,3305.74
EVT-002219,42-371-39065,State 10H,Culberson County,2026-01-22,MAINTENANCE,Routine tubing pressure test and casing inspection,19.2,5534.69
EVT-002220,42-389-37667,Jackson 7H,Mentone,2026-02-26,INSPECTION,Routine tubing pressure test and casing inspection,38.8,4192.21
EVT-002221,42-389-37667,Jackson 7H,Mentone,2025-02-26,INSPECTION,Annual safety valve inspection and function test completed,24.7,7108.8
EVT-002222,42-389-37667,Jackson 7H,Mentone,2024-04-22,MAINTENANCE,Annual safety valve inspection and function test completed,17.0,8876.33
EVT-002223,42-389-37667,Jackson 7H,Mentone,2024-08-09,INSPECTION,Routine tubing pressure test and casing inspection,22.0,7375.44
EVT-002224,42-109-96342,Land Trust 4H,Buena Vista,2024-07-18,MAINTENANCE,Annual safety valve inspection and function test completed,10.3,7013.03
EVT-002225,42-389-39159,Hamilton 10H,Imperial,2025-08-27,MAINTENANCE,Scheduled wellhead maintenance and valve replacement,34.1,16619.31
EVT-002226,42-389-39159,Hamilton 10H,Imperial,2025-09-09,INSPECTION,Scheduled wellhead maintenance and valve replacement,19.0,13507.93
EVT-002227,42-389-39159,Hamilton 10H,Imperial,2025-05-28,INSPECTION,Routine tubing pressure test and casing inspection,3.2,21668.61
EVT-002228,42-389-39159,Hamilton 10H,Imperial,2024-09-25,CHEMICAL_TREATMENT,Surface facility maintenance including separator cleaning and meter calibration,8.3,13863.06
EVT-002229,42-301-60924,Davis 3H,Fort Stockton,2023-07-25,INSPECTION,Annual safety valve inspection and function test completed,29.2,14650.4
EVT-002230,42-301-60924,Davis 3H,Fort Stockton,2025-12-27,MAINTENANCE,Corrosion coupon retrieval and analysis - 2 mpy average rate,41.5,2267.69
EVT-002231,42-301-60924,Davis 3H,Fort Stockton,2022-12-31,INSPECTION,Corrosion coupon retrieval and analysis - 2 mpy average rate,2.2,1160.45
EVT-002232,42-301-60924,Davis 3H,Fort Stockton,2022-12-14,CHEMICAL_TREATMENT,Routine preventive maintenance on ESP system including motor inspection and cable check,40.4,10805.11
EVT-002233,42-389-80393,Beal 9H,Imperial,2025-06-16,CHEMICAL_TREATMENT,Routine preventive maintenance on ESP system including motor inspection and cable check,44.1,3887.66
EVT-002234,42-389-80393,Beal 9H,Imperial,2024-11-05,CHEMICAL_TREATMENT,Corrosion coupon retrieval and analysis - 2 mpy average rate,43.8,1160.96
EVT-002235,42-389-80393,Beal 9H,Imperial,2026-03-31,INSPECTION,Surface facility maintenance including separator cleaning and meter calibration,14.0,20122.14
EVT-002236,42-389-80393,Beal 9H,Imperial,2025-11-13,MAINTENANCE,Routine tubing pressure test and casing inspection,24.6,8011.93
EVT-002237,42-475-74906,Kelly 4V,Wink,2024-10-28,MAINTENANCE,Quarterly ESP system diagnostic and vibration analysis completed,19.0,10004.26
EVT-002238,42-475-74906,Kelly 4V,Wink,2024-01-16,MAINTENANCE,Quarterly ESP system diagnostic and vibration analysis completed,9.7,8559.51
EVT-002239,42-475-74906,Kelly 4V,Wink,2026-01-01,INSPECTION,Corrosion coupon retrieval and analysis - 2 mpy average rate,20.4,11677.99
EVT-002240,42-371-81842,Minerals 3H,Balmorhea,2024-12-24,INSPECTION,Routine preventive maintenance on ESP system including motor inspection and cable check,17.4,23536.49
EVT-002241,42-371-81842,Minerals 3H,Balmorhea,2026-03-23,CHEMICAL_TREATMENT,Quarterly ESP system diagnostic and vibration analysis completed,23.9,20659.79
EVT-002242,42-371-81842,Minerals 3H,Balmorhea,2025-06-19,CHEMICAL_TREATMENT,Surface facility maintenance including separator cleaning and meter calibration,35.2,22531.06
EVT-002243,42-371-84289,Thompson 3H,Grandfalls,2026-05-29,INSPECTION,Routine preventive maintenance on ESP system including motor inspection and cable check,8.9,2785.65
EVT-002244,42-371-84289,Thompson 3H,Grandfalls,2025-03-29,CHEMICAL_TREATMENT,Annual safety valve inspection and function test completed,15.5,5029.34
EVT-002245,42-475-65885,Wallace 4H,Fort Stockton,2026-06-09,INSPECTION,Corrosion coupon retrieval and analysis - 2 mpy average rate,43.2,23004.97
EVT-002246,42-475-65885,Wallace 4H,Fort Stockton,2026-04-29,CHEMICAL_TREATMENT,Corrosion coupon retrieval and analysis - 2 mpy average rate,4.6,15098.26
EVT-002247,42-475-65885,Wallace 4H,Fort Stockton,2024-09-21,MAINTENANCE,Routine preventive maintenance on ESP system including motor inspection and cable check,24.1,1756.25
EVT-002248,42-475-65885,Wallace 4H,Fort Stockton,2025-09-22,MAINTENANCE,Quarterly ESP system diagnostic and vibration analysis completed,34.8,18549.42
EVT-002249,42-389-90338,Moore 1H,Delaware Basin,2026-03-21,INSPECTION,Scheduled wellhead maintenance and valve replacement,7.1,11767.18
EVT-002250,42-475-83282,Gibson 4H,Red Hills,2024-12-11,WORKOVER,"Rod parting at depth, well dead, workover rig scheduled",650.0,591508.02
EVT-002251,42-475-83282,Gibson 4H,Red Hills,2022-08-22,WORKOVER,"Rod parting at depth, well dead, workover rig scheduled",673.2,1108084.51
EVT-002252,42-475-83282,Gibson 4H,Red Hills,2024-07-23,FAILURE,"Severe corrosion-induced tubing failure, well flowing up annulus",189.2,79719.42
EVT-002253,42-475-83282,Gibson 4H,Red Hills,2026-05-13,WORKOVER,Gas lift valve failure causing complete loss of artificial lift,232.2,1334024.15
EVT-002254,42-475-83282,Gibson 4H,Red Hills,2026-06-14,FAILURE,"Hole in tubing at 6500ft, severe production loss and gas migration",91.4,170834.0
EVT-002255,42-475-83282,Gibson 4H,Red Hills,2026-05-30,FAILURE,"VSD drive failure causing ESP shutdown, replacement ordered",90.7,459800.72
EVT-002256,42-109-57314,Henderson 6H,Imperial,2026-01-07,INSPECTION,Routine preventive maintenance on ESP system including motor inspection and cable check,4.6,12461.61
EVT-002257,42-109-57314,Henderson 6H,Imperial,2026-06-05,MAINTENANCE,Scheduled wellhead maintenance and valve replacement,46.2,9557.95
EVT-002258,42-109-57314,Henderson 6H,Imperial,2026-06-11,INSPECTION,Routine preventive maintenance on ESP system including motor inspection and cable check,9.6,14808.69
EVT-002259,42-109-57314,Henderson 6H,Imperial,2026-02-03,MAINTENANCE,Routine tubing pressure test and casing inspection,37.5,10274.15
EVT-002260,42-389-81807,Martin 7V,Monahans,2026-02-06,MAINTENANCE,Scheduled wellhead maintenance and valve replacement,25.9,12306.96
EVT-002261,42-389-81807,Martin 7V,Monahans,2025-12-16,INSPECTION,Routine tubing pressure test and casing inspection,15.8,2888.16
EVT-002262,42-389-81807,Martin 7V,Monahans,2026-03-15,MAINTENANCE,Quarterly ESP system diagnostic and vibration analysis completed,46.2,14528.47
EVT-002263,42-389-81807,Martin 7V,Monahans,2026-01-23,CHEMICAL_TREATMENT,Annual safety valve inspection and function test completed,31.0,18955.16
EVT-002264,42-301-98971,Cole 2H,Orla,2024-01-31,MAINTENANCE,Surface facility maintenance including separator cleaning and meter calibration,34.4,3120.08
EVT-002265,42-301-98971,Cole 2H,Orla,2025-07-16,CHEMICAL_TREATMENT,Scheduled wellhead maintenance and valve replacement,5.0,19031.39
EVT-002266,42-475-46420,Gray 11V,Culberson County,2024-10-27,MAINTENANCE,Corrosion coupon retrieval and analysis - 2 mpy average rate,47.6,7496.58
EVT-002267,42-389-90405,Russell 3H,Balmorhea,2025-05-08,MAINTENANCE,Surface facility maintenance including separator cleaning and meter calibration,13.2,17166.28
EVT-002268,42-389-90405,Russell 3H,Balmorhea,2026-05-15,MAINTENANCE,Routine tubing pressure test and casing inspection,10.0,21672.64
EVT-002269,42-389-90405,Russell 3H,Balmorhea,2025-10-23,MAINTENANCE,Routine tubing pressure test and casing inspection,41.5,16811.61
EVT-002270,42-389-90405,Russell 3H,Balmorhea,2026-03-28,CHEMICAL_TREATMENT,Routine preventive maintenance on ESP system including motor inspection and cable check,22.8,14442.5
EVT-002271,42-109-48293,Coleman 8V,Mentone,2024-07-06,MAINTENANCE,Quarterly ESP system diagnostic and vibration analysis completed,17.5,3434.37
EVT-002272,42-109-48293,Coleman 8V,Mentone,2025-04-17,INSPECTION,Routine tubing pressure test and casing inspection,41.8,21014.96
EVT-002273,42-109-48293,Coleman 8V,Mentone,2024-04-11,MAINTENANCE,Surface facility maintenance including separator cleaning and meter calibration,43.2,24441.55
EVT-002274,42-109-48293,Coleman 8V,Mentone,2026-06-13,CHEMICAL_TREATMENT,Scheduled wellhead maintenance and valve replacement,38.9,4325.68
EVT-002275,42-301-34901,Brooks 9H,Grandfalls,2023-08-11,CHEMICAL_TREATMENT,"Increasing water cut trend noted, zone isolation evaluation in progress",41.8,2610.18
EVT-002276,42-301-34901,Brooks 9H,Grandfalls,2025-04-21,MAINTENANCE,"Scale buildup detected in tubing, chemical squeeze scheduled",27.7,8889.05
EVT-002277,42-301-34901,Brooks 9H,Grandfalls,2026-06-14,FAILURE,"Intermittent ESP trips due to gas slugging, VSD ramp adjusted",447.6,266539.62
EVT-002278,42-475-76608,Cooper 11H,Mentone,2026-03-11,MAINTENANCE,Annual safety valve inspection and function test completed,24.1,4646.92
EVT-002279,42-389-47793,Powell 6H,Coyanosa,2023-03-16,MAINTENANCE,"Paraffin accumulation restricting flow, hot oil treatment performed",42.3,20416.71
EVT-002280,42-389-47793,Powell 6H,Coyanosa,2025-02-13,INSPECTION,"Elevated motor temperature detected, monitoring increased frequency",16.0,12934.96
EVT-002281,42-389-47793,Powell 6H,Coyanosa,2024-05-16,MAINTENANCE,"Sand production increasing, pump wear accelerating",21.9,10147.63
EVT-002282,42-389-47793,Powell 6H,Coyanosa,2026-05-24,FAILURE,Emulsion issues at separator requiring increased demulsifier dosage,122.2,557613.34
EVT-002283,42-109-64300,University 12H,Grandfalls,2026-05-19,MAINTENANCE,Scheduled wellhead maintenance and valve replacement,23.3,18195.59
EVT-002284,42-109-64300,University 12H,Grandfalls,2026-05-24,MAINTENANCE,Annual safety valve inspection and function test completed,24.7,8302.98
EVT-002285,42-109-64300,University 12H,Grandfalls,2026-02-01,INSPECTION,Routine preventive maintenance on ESP system including motor inspection and cable check,44.0,1647.14
EVT-002286,42-109-64300,University 12H,Grandfalls,2026-05-21,CHEMICAL_TREATMENT,Quarterly ESP system diagnostic and vibration analysis completed,16.6,24118.28
EVT-002287,42-475-79496,Morris 5H,Kermit,2026-04-19,INSPECTION,Scheduled wellhead maintenance and valve replacement,5.6,23049.69
EVT-002288,42-475-79496,Morris 5H,Kermit,2026-01-29,MAINTENANCE,Scheduled wellhead maintenance and valve replacement,15.5,23242.67
EVT-002289,42-495-85304,Cox 3H,Monahans,2024-09-19,INSPECTION,Corrosion coupon retrieval and analysis - 2 mpy average rate,41.7,9737.34
EVT-002290,42-495-85304,Cox 3H,Monahans,2026-03-17,CHEMICAL_TREATMENT,Routine tubing pressure test and casing inspection,37.7,17807.58
EVT-002291,42-301-98977,Ranch 7H,Coyanosa,2026-03-29,MAINTENANCE,Quarterly ESP system diagnostic and vibration analysis completed,37.9,18758.58
EVT-002292,42-301-98977,Ranch 7H,Coyanosa,2026-06-10,INSPECTION,Routine preventive maintenance on ESP system including motor inspection and cable check,4.7,15839.49
EVT-002293,42-301-98977,Ranch 7H,Coyanosa,2026-05-04,MAINTENANCE,Quarterly ESP system diagnostic and vibration analysis completed,8.4,13860.84
EVT-002294,42-475-65576,Green 7H,Coyanosa,2026-04-19,CHEMICAL_TREATMENT,Routine tubing pressure test and casing inspection,4.2,22192.15
EVT-002295,42-475-93474,Davis 12V,Delaware Basin,2024-11-11,CHEMICAL_TREATMENT,Surface facility maintenance including separator cleaning and meter calibration,41.9,9459.27
EVT-002296,42-475-93474,Davis 12V,Delaware Basin,2025-03-20,CHEMICAL_TREATMENT,Corrosion coupon retrieval and analysis - 2 mpy average rate,25.7,16345.2
EVT-002297,42-389-44605,Stewart 5H,Loving,2025-04-01,MAINTENANCE,Quarterly ESP system diagnostic and vibration analysis completed,2.1,23543.38
EVT-002298,42-389-44605,Stewart 5H,Loving,2025-10-18,CHEMICAL_TREATMENT,Quarterly ESP system diagnostic and vibration analysis completed,43.5,16858.61
EVT-002299,42-389-44605,Stewart 5H,Loving,2025-11-08,CHEMICAL_TREATMENT,Annual safety valve inspection and function test completed,30.6,1724.93
EVT-002300,42-371-49405,Morris 3H,Red Hills,2024-01-26,CHEMICAL_TREATMENT,Scheduled wellhead maintenance and valve replacement,46.7,4767.12
EVT-002301,42-371-49405,Morris 3H,Red Hills,2024-03-21,INSPECTION,Scheduled wellhead maintenance and valve replacement,23.6,14194.03
EVT-002302,42-371-49405,Morris 3H,Red Hills,2025-09-13,INSPECTION,Routine tubing pressure test and casing inspection,39.3,20424.3
EVT-002303,42-371-49405,Morris 3H,Red Hills,2026-03-07,CHEMICAL_TREATMENT,Surface facility maintenance including separator cleaning and meter calibration,45.1,4403.37
EVT-002304,42-495-71347,Thompson 3H,Fort Stockton,2022-06-17,MAINTENANCE,"Increasing water cut trend noted, zone isolation evaluation in progress",4.0,13176.31
EVT-002305,42-495-71347,Thompson 3H,Fort Stockton,2022-10-10,EQUIPMENT_CHANGE,"Elevated motor temperature detected, monitoring increased frequency",94.3,28300.42
EVT-002306,42-495-71347,Thompson 3H,Fort Stockton,2022-05-18,EQUIPMENT_CHANGE,"Gas lift valve partially plugged, reduced injection efficiency",13.7,38359.02
EVT-002307,42-495-71347,Thompson 3H,Fort Stockton,2026-05-18,FAILURE,"Increasing water cut trend noted, zone isolation evaluation in progress",246.0,488283.87
EVT-002308,42-371-77435,Peterson 12H,Grandfalls,2025-07-30,INSPECTION,Routine preventive maintenance on ESP system including motor inspection and cable check,32.7,11147.35
EVT-002309,42-371-77435,Peterson 12H,Grandfalls,2024-10-24,INSPECTION,Corrosion coupon retrieval and analysis - 2 mpy average rate,10.2,17048.97
EVT-002310,42-371-63901,Peterson 7H,Mentone,2025-07-07,CHEMICAL_TREATMENT,Emulsion issues at separator requiring increased demulsifier dosage,39.8,19660.27
EVT-002311,42-371-63901,Peterson 7H,Mentone,2025-01-17,EQUIPMENT_CHANGE,"Sand production increasing, pump wear accelerating",36.3,54937.07
EVT-002312,42-371-63901,Peterson 7H,Mentone,2024-03-05,EQUIPMENT_CHANGE,"Scale buildup detected in tubing, chemical squeeze scheduled",61.5,37269.07
EVT-002313,42-371-63901,Peterson 7H,Mentone,2026-05-14,INSPECTION,"Increasing water cut trend noted, zone isolation evaluation in progress",37.2,3755.9
EVT-002314,42-371-63901,Peterson 7H,Mentone,2023-07-10,EQUIPMENT_CHANGE,"Sand production increasing, pump wear accelerating",135.3,242879.9
EVT-002315,42-371-63901,Peterson 7H,Mentone,2024-09-15,MAINTENANCE,"Sand production increasing, pump wear accelerating",25.3,11182.65
EVT-002316,42-371-63901,Peterson 7H,Mentone,2026-05-01,EQUIPMENT_CHANGE,"Scale buildup detected in tubing, chemical squeeze scheduled",128.9,263036.11
EVT-002317,42-475-82315,Bailey 1V,Delaware Basin,2026-03-30,INSPECTION,Surface facility maintenance including separator cleaning and meter calibration,35.0,14591.79
EVT-002318,42-475-82315,Bailey 1V,Delaware Basin,2024-11-27,CHEMICAL_TREATMENT,Routine preventive maintenance on ESP system including motor inspection and cable check,23.7,13680.63
EVT-002319,42-475-82315,Bailey 1V,Delaware Basin,2026-05-16,INSPECTION,Scheduled wellhead maintenance and valve replacement,29.0,9095.06
EVT-002320,42-475-82315,Bailey 1V,Delaware Basin,2024-10-23,CHEMICAL_TREATMENT,Annual safety valve inspection and function test completed,32.3,3208.68
EVT-002321,42-371-99001,Evans 3H,Orla,2025-07-16,MAINTENANCE,Annual safety valve inspection and function test completed,42.7,6465.63
EVT-002322,42-371-99001,Evans 3H,Orla,2025-11-30,INSPECTION,Routine preventive maintenance on ESP system including motor inspection and cable check,28.9,13351.34
EVT-002323,42-371-99001,Evans 3H,Orla,2025-03-14,INSPECTION,Surface facility maintenance including separator cleaning and meter calibration,2.2,23490.27
EVT-002324,42-389-37535,Cooper 5H,Toyah,2025-11-02,CHEMICAL_TREATMENT,Quarterly ESP system diagnostic and vibration analysis completed,28.7,19541.6
EVT-002325,42-389-37535,Cooper 5H,Toyah,2025-08-25,INSPECTION,Corrosion coupon retrieval and analysis - 2 mpy average rate,27.5,5678.93
EVT-002326,42-389-37535,Cooper 5H,Toyah,2025-02-07,INSPECTION,Scheduled wellhead maintenance and valve replacement,42.4,5263.81
EVT-002327,42-389-37535,Cooper 5H,Toyah,2025-04-07,CHEMICAL_TREATMENT,Surface facility maintenance including separator cleaning and meter calibration,36.0,18061.34
EVT-002328,42-389-97173,Diaz 6H,Orla,2023-10-05,INSPECTION,Corrosion coupon retrieval and analysis - 2 mpy average rate,43.8,8979.21
EVT-002329,42-389-97173,Diaz 6H,Orla,2024-09-01,INSPECTION,Quarterly ESP system diagnostic and vibration analysis completed,35.0,1668.09
EVT-002330,42-495-39632,Torres 8H,Grandfalls,2026-01-04,MAINTENANCE,Routine preventive maintenance on ESP system including motor inspection and cable check,12.7,6347.85
EVT-002331,42-495-39632,Torres 8H,Grandfalls,2025-12-02,INSPECTION,Corrosion coupon retrieval and analysis - 2 mpy average rate,26.4,4369.27
EVT-002332,42-495-39632,Torres 8H,Grandfalls,2025-11-30,INSPECTION,Routine preventive maintenance on ESP system including motor inspection and cable check,8.6,22152.09
EVT-002333,42-495-39632,Torres 8H,Grandfalls,2025-03-30,CHEMICAL_TREATMENT,Quarterly ESP system diagnostic and vibration analysis completed,25.4,3062.8
EVT-002334,42-301-35978,Price 3H,Pecos Valley,2025-08-17,MAINTENANCE,Quarterly ESP system diagnostic and vibration analysis completed,15.6,563.18
EVT-002335,42-301-35978,Price 3H,Pecos Valley,2025-10-12,INSPECTION,Routine preventive maintenance on ESP system including motor inspection and cable check,26.9,7035.31
EVT-002336,42-301-35978,Price 3H,Pecos Valley,2026-03-06,CHEMICAL_TREATMENT,Annual safety valve inspection and function test completed,10.1,7558.12
EVT-002337,42-301-35978,Price 3H,Pecos Valley,2025-03-14,INSPECTION,Corrosion coupon retrieval and analysis - 2 mpy average rate,34.5,7497.16
EVT-002338,42-475-81366,Flores 4H,Grandfalls,2025-01-31,MAINTENANCE,Scheduled wellhead maintenance and valve replacement,41.3,23535.88
EVT-002339,42-475-81366,Flores 4H,Grandfalls,2025-05-23,INSPECTION,Scheduled wellhead maintenance and valve replacement,42.1,21308.16
EVT-002340,42-475-81366,Flores 4H,Grandfalls,2023-06-08,MAINTENANCE,Routine tubing pressure test and casing inspection,22.3,2162.36
EVT-002341,42-475-81366,Flores 4H,Grandfalls,2026-05-23,MAINTENANCE,Annual safety valve inspection and function test completed,26.2,15785.04
EVT-002342,42-389-39247,Long 10H,Fort Stockton,2025-09-12,INSPECTION,Routine tubing pressure test and casing inspection,42.9,7198.77
EVT-002343,42-389-39247,Long 10H,Fort Stockton,2025-03-31,INSPECTION,Routine preventive maintenance on ESP system including motor inspection and cable check,39.6,13274.58
EVT-002344,42-389-39247,Long 10H,Fort Stockton,2025-06-12,MAINTENANCE,Corrosion coupon retrieval and analysis - 2 mpy average rate,8.4,6659.12
EVT-002345,42-389-39247,Long 10H,Fort Stockton,2025-04-10,CHEMICAL_TREATMENT,Surface facility maintenance including separator cleaning and meter calibration,31.6,22760.36
EVT-002346,42-389-73842,Taylor 9V,Delaware Basin,2025-01-13,MAINTENANCE,Quarterly ESP system diagnostic and vibration analysis completed,16.5,21742.45
EVT-002347,42-389-73842,Taylor 9V,Delaware Basin,2025-08-09,MAINTENANCE,Quarterly ESP system diagnostic and vibration analysis completed,12.8,24090.66
EVT-002348,42-389-73842,Taylor 9V,Delaware Basin,2025-10-18,CHEMICAL_TREATMENT,Surface facility maintenance including separator cleaning and meter calibration,44.3,6480.43
EVT-002349,42-389-73842,Taylor 9V,Delaware Basin,2025-11-25,INSPECTION,Scheduled wellhead maintenance and valve replacement,28.0,16985.04
EVT-002350,42-495-87105,Jordan 6V,Reeves County,2023-08-19,MAINTENANCE,Routine preventive maintenance on ESP system including motor inspection and cable check,34.1,20975.25
EVT-002351,42-495-87105,Jordan 6V,Reeves County,2023-01-29,MAINTENANCE,Annual safety valve inspection and function test completed,45.0,24934.91
EVT-002352,42-371-30100,Phillips 7H,Ward-Estes,2024-09-17,INSPECTION,Corrosion coupon retrieval and analysis - 2 mpy average rate,38.2,24205.84
EVT-002353,42-371-30100,Phillips 7H,Ward-Estes,2024-12-01,MAINTENANCE,Routine tubing pressure test and casing inspection,24.1,19796.57
EVT-002354,42-371-30100,Phillips 7H,Ward-Estes,2024-07-08,INSPECTION,Surface facility maintenance including separator cleaning and meter calibration,8.2,2751.66
EVT-002355,42-371-30100,Phillips 7H,Ward-Estes,2025-07-17,MAINTENANCE,Annual safety valve inspection and function test completed,16.3,7249.07
EVT-002356,42-389-75698,Wood 10H,Wink,2026-06-11,CHEMICAL_TREATMENT,Corrosion coupon retrieval and analysis - 2 mpy average rate,34.5,23309.84
EVT-002357,42-389-75698,Wood 10H,Wink,2026-06-01,CHEMICAL_TREATMENT,Quarterly ESP system diagnostic and vibration analysis completed,30.5,24701.65
EVT-002358,42-389-41297,Adams 3V,Coyanosa,2025-12-11,CHEMICAL_TREATMENT,Quarterly ESP system diagnostic and vibration analysis completed,7.9,565.32
EVT-002359,42-389-41297,Adams 3V,Coyanosa,2026-03-21,CHEMICAL_TREATMENT,Scheduled wellhead maintenance and valve replacement,21.6,22212.01
EVT-002360,42-389-41297,Adams 3V,Coyanosa,2025-12-30,CHEMICAL_TREATMENT,Annual safety valve inspection and function test completed,4.2,19270.02
EVT-002361,42-389-41297,Adams 3V,Coyanosa,2025-07-14,CHEMICAL_TREATMENT,Routine preventive maintenance on ESP system including motor inspection and cable check,34.8,9899.91
EVT-002362,42-495-71976,Land Trust 8H,Coyanosa,2024-07-04,MAINTENANCE,Scheduled wellhead maintenance and valve replacement,45.6,11361.29
EVT-002363,42-495-71976,Land Trust 8H,Coyanosa,2024-06-21,CHEMICAL_TREATMENT,Surface facility maintenance including separator cleaning and meter calibration,5.1,7212.5
EVT-002364,42-495-71976,Land Trust 8H,Coyanosa,2026-02-24,CHEMICAL_TREATMENT,Routine preventive maintenance on ESP system including motor inspection and cable check,37.5,16147.01
EVT-002365,42-389-97373,Sullivan 12H,Grandfalls,2023-10-05,INSPECTION,Routine tubing pressure test and casing inspection,10.3,24229.1
EVT-002366,42-389-97373,Sullivan 12H,Grandfalls,2026-03-09,CHEMICAL_TREATMENT,Routine tubing pressure test and casing inspection,24.0,20610.25
EVT-002367,42-389-97373,Sullivan 12H,Grandfalls,2026-03-04,INSPECTION,Quarterly ESP system diagnostic and vibration analysis completed,19.3,3365.44
EVT-002368,42-389-97373,Sullivan 12H,Grandfalls,2023-12-03,MAINTENANCE,Routine tubing pressure test and casing inspection,10.2,23768.35
EVT-002369,42-371-72674,Bass 11H,Kermit,2026-06-09,INSPECTION,Corrosion coupon retrieval and analysis - 2 mpy average rate,35.9,23893.78
EVT-002370,42-371-72674,Bass 11H,Kermit,2023-09-26,INSPECTION,Routine tubing pressure test and casing inspection,27.2,4875.58
EVT-002371,42-371-72674,Bass 11H,Kermit,2026-04-24,CHEMICAL_TREATMENT,Routine tubing pressure test and casing inspection,13.7,9573.9
EVT-002372,42-389-98124,Sanders 1H,Culberson County,2026-02-20,MAINTENANCE,Scheduled wellhead maintenance and valve replacement,24.2,11233.8
EVT-002373,42-389-98124,Sanders 1H,Culberson County,2025-08-15,INSPECTION,Quarterly ESP system diagnostic and vibration analysis completed,17.7,10919.17
EVT-002374,42-389-98124,Sanders 1H,Culberson County,2023-05-18,CHEMICAL_TREATMENT,Quarterly ESP system diagnostic and vibration analysis completed,38.2,22504.87
EVT-002375,42-371-57151,Murphy 12H,Kermit,2025-04-28,INSPECTION,Scheduled wellhead maintenance and valve replacement,37.2,16228.83
EVT-002376,42-371-57151,Murphy 12H,Kermit,2022-11-06,INSPECTION,Routine tubing pressure test and casing inspection,6.6,21901.07
EVT-002377,42-371-82645,Long 11H,Culberson County,2025-05-15,MAINTENANCE,Corrosion coupon retrieval and analysis - 2 mpy average rate,33.7,24273.05
EVT-002378,42-475-51467,Harrison 1H,Loving,2026-04-05,MAINTENANCE,"Elevated motor temperature detected, monitoring increased frequency",19.6,20855.34
EVT-002379,42-475-51467,Harrison 1H,Loving,2025-03-03,EQUIPMENT_CHANGE,"Gas lift valve partially plugged, reduced injection efficiency",108.8,242437.38
EVT-002380,42-475-51467,Harrison 1H,Loving,2023-10-13,EQUIPMENT_CHANGE,"Gas lift valve partially plugged, reduced injection efficiency",151.0,58700.44
EVT-002381,42-475-51467,Harrison 1H,Loving,2026-01-30,INSPECTION,"Gas lift valve partially plugged, reduced injection efficiency",40.6,20136.9
EVT-002382,42-475-51467,Harrison 1H,Loving,2026-05-21,CHEMICAL_TREATMENT,"Gas lift valve partially plugged, reduced injection efficiency",5.6,22291.97
EVT-002383,42-475-51467,Harrison 1H,Loving,2026-04-28,EQUIPMENT_CHANGE,"Scale buildup detected in tubing, chemical squeeze scheduled",75.4,204716.17
EVT-002384,42-389-33453,Mitchell 12H,Delaware Basin,2025-03-06,INSPECTION,Routine preventive maintenance on ESP system including motor inspection and cable check,13.1,14735.59
EVT-002385,42-389-33453,Mitchell 12H,Delaware Basin,2024-07-18,INSPECTION,Surface facility maintenance including separator cleaning and meter calibration,40.6,8894.46
EVT-002386,42-389-35784,Ellis 7H,Balmorhea,2026-05-19,MAINTENANCE,Corrosion coupon retrieval and analysis - 2 mpy average rate,8.0,23512.53
EVT-002387,42-389-35784,Ellis 7H,Balmorhea,2026-01-21,INSPECTION,Scheduled wellhead maintenance and valve replacement,13.1,6895.93
EVT-002388,42-389-35784,Ellis 7H,Balmorhea,2026-04-01,MAINTENANCE,Surface facility maintenance including separator cleaning and meter calibration,24.7,20659.27
EVT-002389,42-371-33396,Wood 4V,Pecos Valley,2025-06-05,CHEMICAL_TREATMENT,Routine tubing pressure test and casing inspection,20.8,16915.09
EVT-002390,42-371-33396,Wood 4V,Pecos Valley,2026-01-28,INSPECTION,Surface facility maintenance including separator cleaning and meter calibration,22.0,16966.33
EVT-002391,42-371-33396,Wood 4V,Pecos Valley,2024-09-24,MAINTENANCE,Quarterly ESP system diagnostic and vibration analysis completed,46.1,8934.07
EVT-002392,42-371-33396,Wood 4V,Pecos Valley,2025-01-01,MAINTENANCE,Corrosion coupon retrieval and analysis - 2 mpy average rate,8.3,10644.46
EVT-002393,42-371-64275,Adams 2V,Balmorhea,2026-01-10,CHEMICAL_TREATMENT,Scheduled wellhead maintenance and valve replacement,7.7,4700.13
EVT-002394,42-371-64275,Adams 2V,Balmorhea,2023-03-20,INSPECTION,Quarterly ESP system diagnostic and vibration analysis completed,23.2,23515.91
EVT-002395,42-371-64275,Adams 2V,Balmorhea,2023-08-02,CHEMICAL_TREATMENT,Scheduled wellhead maintenance and valve replacement,32.0,15892.97
EVT-002396,42-371-69926,Diaz 9H,Orla,2025-05-03,INSPECTION,Routine preventive maintenance on ESP system including motor inspection and cable check,28.5,15348.44
EVT-002397,42-371-69926,Diaz 9H,Orla,2023-12-19,MAINTENANCE,Corrosion coupon retrieval and analysis - 2 mpy average rate,29.4,15838.45
EVT-002398,42-371-69926,Diaz 9H,Orla,2026-01-30,MAINTENANCE,Quarterly ESP system diagnostic and vibration analysis completed,5.5,13564.5
EVT-002399,42-495-49887,Reed 2H,Coyanosa,2024-02-18,EQUIPMENT_CHANGE,"Severe corrosion-induced tubing failure, well flowing up annulus",13.6,164391.85
EVT-002400,42-495-49887,Reed 2H,Coyanosa,2024-03-17,WORKOVER,"Severe corrosion-induced tubing failure, well flowing up annulus",390.0,970541.06
EVT-002401,42-495-49887,Reed 2H,Coyanosa,2024-11-08,EQUIPMENT_CHANGE,Complete ESP system failure - motor burnout and pump lockup,113.0,36819.19
EVT-002402,42-495-49887,Reed 2H,Coyanosa,2024-06-01,EQUIPMENT_CHANGE,"Downhole pump seized due to severe sand production, pulling unit dispatched",166.1,37243.8
EVT-002403,42-495-49887,Reed 2H,Coyanosa,2024-12-26,WORKOVER,Electrical cable failure on ESP causing complete shutdown,174.6,143794.31
EVT-002404,42-495-49887,Reed 2H,Coyanosa,2024-05-08,FAILURE,"Severe corrosion-induced tubing failure, well flowing up annulus",238.1,348873.81
EVT-002405,42-495-49887,Reed 2H,Coyanosa,2024-06-19,EQUIPMENT_CHANGE,"Casing collapse detected during pressure test, integrity compromised",33.8,51661.44
EVT-002406,42-495-49887,Reed 2H,Coyanosa,2026-06-03,EQUIPMENT_CHANGE,Gas lift valve failure causing complete loss of artificial lift,47.3,229748.62
EVT-002407,42-495-49887,Reed 2H,Coyanosa,2026-06-06,FAILURE,Gas lift valve failure causing complete loss of artificial lift,44.8,427591.59
EVT-002408,42-495-49887,Reed 2H,Coyanosa,2026-05-20,FAILURE,"Tubing leak detected at depth, production ceased for workover",472.8,154552.14
EVT-002409,42-301-71573,Gray 1H,Imperial,2026-02-18,CHEMICAL_TREATMENT,Surface facility maintenance including separator cleaning and meter calibration,47.3,24974.11
EVT-002410,42-389-67183,Thompson 5H,Grandfalls,2025-11-05,MAINTENANCE,Corrosion coupon retrieval and analysis - 2 mpy average rate,10.3,14964.03
EVT-002411,42-389-67183,Thompson 5H,Grandfalls,2025-12-18,CHEMICAL_TREATMENT,Routine preventive maintenance on ESP system including motor inspection and cable check,35.3,15129.63
EVT-002412,42-475-89208,Rogers 10H,Orla,2022-11-26,CHEMICAL_TREATMENT,Quarterly ESP system diagnostic and vibration analysis completed,26.2,11613.49
EVT-002413,42-475-89208,Rogers 10H,Orla,2024-12-10,CHEMICAL_TREATMENT,Annual safety valve inspection and function test completed,16.6,24243.01
EVT-002414,42-475-89208,Rogers 10H,Orla,2024-05-17,INSPECTION,Corrosion coupon retrieval and analysis - 2 mpy average rate,4.9,7921.99
EVT-002415,42-475-89208,Rogers 10H,Orla,2024-10-21,CHEMICAL_TREATMENT,Routine preventive maintenance on ESP system including motor inspection and cable check,27.3,8364.2
EVT-002416,42-109-61854,Graham 2H,Monahans,2024-10-06,MAINTENANCE,Surface facility maintenance including separator cleaning and meter calibration,30.2,16479.72
EVT-002417,42-109-61854,Graham 2H,Monahans,2026-01-31,MAINTENANCE,Annual safety valve inspection and function test completed,34.3,5913.49
EVT-002418,42-109-61854,Graham 2H,Monahans,2026-03-27,MAINTENANCE,Routine tubing pressure test and casing inspection,5.6,10355.62
EVT-002419,42-389-49536,Butler 9H,Reeves County,2024-10-26,FAILURE,Complete ESP system failure - motor burnout and pump lockup,80.0,109141.45
EVT-002420,42-389-49536,Butler 9H,Reeves County,2024-12-13,FAILURE,Electrical cable failure on ESP causing complete shutdown,188.6,542141.27
EVT-002421,42-389-49536,Butler 9H,Reeves County,2024-09-22,FAILURE,Complete ESP system failure - motor burnout and pump lockup,429.5,576382.73
EVT-002422,42-389-49536,Butler 9H,Reeves County,2024-10-29,FAILURE,"ESP motor failure due to overheating, well shut-in pending replacement",280.0,200806.53
EVT-002423,42-389-49536,Butler 9H,Reeves County,2024-08-17,FAILURE,"Rod parting at depth, well dead, workover rig scheduled",345.6,620371.58
EVT-002424,42-389-49536,Butler 9H,Reeves County,2025-01-12,WORKOVER,"Severe corrosion-induced tubing failure, well flowing up annulus",433.8,215418.99
EVT-002425,42-389-49536,Butler 9H,Reeves County,2026-01-18,EQUIPMENT_CHANGE,"ESP motor failure due to overheating, well shut-in pending replacement",82.1,25463.65
EVT-002426,42-389-49536,Butler 9H,Reeves County,2026-03-24,FAILURE,"Casing collapse detected during pressure test, integrity compromised",169.3,600514.28
EVT-002427,42-389-49536,Butler 9H,Reeves County,2026-05-16,FAILURE,"Tubing leak detected at depth, production ceased for workover",351.2,767739.0
EVT-002428,42-389-49536,Butler 9H,Reeves County,2026-06-06,FAILURE,Gas lift valve failure causing complete loss of artificial lift,243.3,369128.62
EVT-002429,42-389-48094,Sanders 1H,Buena Vista,2024-04-20,MAINTENANCE,Routine preventive maintenance on ESP system including motor inspection and cable check,47.7,4542.81
EVT-002430,42-301-66553,Davis 11H,Buena Vista,2026-06-03,MAINTENANCE,Routine tubing pressure test and casing inspection,39.5,6297.4
EVT-002431,42-301-66553,Davis 11H,Buena Vista,2026-03-29,CHEMICAL_TREATMENT,Routine tubing pressure test and casing inspection,33.6,18737.31
EVT-002432,42-301-66553,Davis 11H,Buena Vista,2026-04-28,INSPECTION,Routine tubing pressure test and casing inspection,33.9,20753.97
EVT-002433,42-301-66553,Davis 11H,Buena Vista,2026-05-13,MAINTENANCE,Routine tubing pressure test and casing inspection,33.4,23553.83
EVT-002434,42-389-40711,Henderson 4H,Fort Stockton,2025-06-10,MAINTENANCE,Scheduled wellhead maintenance and valve replacement,47.9,7326.43
EVT-002435,42-389-40711,Henderson 4H,Fort Stockton,2026-02-28,CHEMICAL_TREATMENT,Corrosion coupon retrieval and analysis - 2 mpy average rate,47.3,15698.79
EVT-002436,42-389-40711,Henderson 4H,Fort Stockton,2025-11-16,MAINTENANCE,Quarterly ESP system diagnostic and vibration analysis completed,5.1,11826.81
EVT-002437,42-389-40711,Henderson 4H,Fort Stockton,2024-07-11,INSPECTION,Corrosion coupon retrieval and analysis - 2 mpy average rate,33.2,11630.26
EVT-002438,42-495-95780,Morgan 2H,Wink,2026-04-08,MAINTENANCE,Scheduled wellhead maintenance and valve replacement,41.2,6567.82
EVT-002439,42-495-37314,Ward 2H,Balmorhea,2026-02-17,MAINTENANCE,Scheduled wellhead maintenance and valve replacement,36.8,508.95
EVT-002440,42-495-37314,Ward 2H,Balmorhea,2025-08-02,MAINTENANCE,Quarterly ESP system diagnostic and vibration analysis completed,28.2,20133.94
EVT-002441,42-495-37314,Ward 2H,Balmorhea,2025-08-06,INSPECTION,Scheduled wellhead maintenance and valve replacement,4.4,20459.69
EVT-002442,42-389-93307,Owens 2H,Delaware Basin,2023-05-17,INSPECTION,Quarterly ESP system diagnostic and vibration analysis completed,42.4,24583.64
EVT-002443,42-389-93307,Owens 2H,Delaware Basin,2025-12-07,MAINTENANCE,Surface facility maintenance including separator cleaning and meter calibration,17.3,3475.05
EVT-002444,42-389-93307,Owens 2H,Delaware Basin,2024-04-04,CHEMICAL_TREATMENT,Routine preventive maintenance on ESP system including motor inspection and cable check,41.3,3419.8
EVT-002445,42-389-93307,Owens 2H,Delaware Basin,2024-03-25,MAINTENANCE,Corrosion coupon retrieval and analysis - 2 mpy average rate,47.6,4141.38
EVT-002446,42-389-58062,Anderson 12H,Van Horn,2025-09-05,CHEMICAL_TREATMENT,Routine preventive maintenance on ESP system including motor inspection and cable check,34.7,22671.15
EVT-002447,42-389-58062,Anderson 12H,Van Horn,2024-10-06,CHEMICAL_TREATMENT,Annual safety valve inspection and function test completed,39.5,15764.94
EVT-002448,42-389-72837,Rivera 4H,Coyanosa,2026-03-17,CHEMICAL_TREATMENT,Annual safety valve inspection and function test completed,30.2,12668.58
EVT-002449,42-389-72837,Rivera 4H,Coyanosa,2026-04-09,CHEMICAL_TREATMENT,Corrosion coupon retrieval and analysis - 2 mpy average rate,35.7,4627.6
EVT-002450,42-475-37451,Bennett 3H,Culberson County,2025-11-24,MAINTENANCE,Routine tubing pressure test and casing inspection,28.9,10462.85
EVT-002451,42-475-37451,Bennett 3H,Culberson County,2025-02-19,MAINTENANCE,Routine tubing pressure test and casing inspection,45.8,1665.53
EVT-002452,42-301-62532,Rogers 1V,Van Horn,2024-12-03,CHEMICAL_TREATMENT,Surface facility maintenance including separator cleaning and meter calibration,32.1,2276.43
EVT-002453,42-301-62532,Rogers 1V,Van Horn,2026-01-01,CHEMICAL_TREATMENT,Routine preventive maintenance on ESP system including motor inspection and cable check,39.8,16785.97
EVT-002454,42-475-45572,Cox 6V,Orla,2026-06-08,WORKOVER,"Rod parting at depth, well dead, workover rig scheduled",136.3,1837096.43
EVT-002455,42-475-45572,Cox 6V,Orla,2025-12-04,EQUIPMENT_CHANGE,"Hole in tubing at 6500ft, severe production loss and gas migration",164.5,264680.45
EVT-002456,42-475-45572,Cox 6V,Orla,2026-03-29,WORKOVER,"Severe corrosion-induced tubing failure, well flowing up annulus",226.3,1646312.46
EVT-002457,42-475-45572,Cox 6V,Orla,2026-04-04,FAILURE,"ESP motor failure due to overheating, well shut-in pending replacement",349.3,189123.34
EVT-002458,42-475-45572,Cox 6V,Orla,2026-03-17,FAILURE,Complete ESP system failure - motor burnout and pump lockup,45.0,573785.76
EVT-002459,42-475-45572,Cox 6V,Orla,2025-12-07,WORKOVER,Complete ESP system failure - motor burnout and pump lockup,218.5,993618.47
EVT-002460,42-475-45572,Cox 6V,Orla,2026-03-19,FAILURE,"ESP motor failure due to overheating, well shut-in pending replacement",111.7,665074.38
EVT-002461,42-475-45572,Cox 6V,Orla,2026-03-19,WORKOVER,"Downhole pump seized due to severe sand production, pulling unit dispatched",129.7,1239162.45
EVT-002462,42-475-45572,Cox 6V,Orla,2026-06-03,FAILURE,"Hole in tubing at 6500ft, severe production loss and gas migration",353.3,553247.36
EVT-002463,42-475-45572,Cox 6V,Orla,2026-06-07,FAILURE,"Downhole pump seized due to severe sand production, pulling unit dispatched",305.7,671369.51
EVT-002464,42-475-62546,James 12V,Mentone,2024-06-19,CHEMICAL_TREATMENT,Routine preventive maintenance on ESP system including motor inspection and cable check,46.0,22923.95
EVT-002465,42-475-62546,James 12V,Mentone,2023-11-22,MAINTENANCE,Routine tubing pressure test and casing inspection,14.6,14629.56
EVT-002466,42-475-62546,James 12V,Mentone,2025-09-24,INSPECTION,Quarterly ESP system diagnostic and vibration analysis completed,25.0,22354.36
EVT-002467,42-475-93343,Williams 6H,Orla,2023-09-02,MAINTENANCE,Annual safety valve inspection and function test completed,45.6,14593.32
EVT-002468,42-475-93343,Williams 6H,Orla,2024-04-11,CHEMICAL_TREATMENT,Routine preventive maintenance on ESP system including motor inspection and cable check,17.9,2052.66
EVT-002469,42-475-93343,Williams 6H,Orla,2025-05-08,CHEMICAL_TREATMENT,Routine tubing pressure test and casing inspection,30.4,13054.23
EVT-002470,42-475-93343,Williams 6H,Orla,2023-02-17,MAINTENANCE,Routine preventive maintenance on ESP system including motor inspection and cable check,14.4,14070.17
EVT-002471,42-475-82755,Phillips 7V,Mentone,2025-06-06,MAINTENANCE,Routine preventive maintenance on ESP system including motor inspection and cable check,16.2,23732.13
EVT-002472,42-475-82755,Phillips 7V,Mentone,2025-11-29,INSPECTION,Routine tubing pressure test and casing inspection,9.3,6484.57
EVT-002473,42-389-86143,Collins 2H,Fort Stockton,2026-01-27,MAINTENANCE,Routine preventive maintenance on ESP system including motor inspection and cable check,20.0,19026.03
EVT-002474,42-389-86143,Collins 2H,Fort Stockton,2025-07-14,INSPECTION,Routine tubing pressure test and casing inspection,31.0,7886.76
EVT-002475,42-389-86143,Collins 2H,Fort Stockton,2025-08-22,MAINTENANCE,Annual safety valve inspection and function test completed,45.3,4164.1
EVT-002476,42-389-86143,Collins 2H,Fort Stockton,2025-09-19,MAINTENANCE,Annual safety valve inspection and function test completed,7.2,7550.01
EVT-002477,42-389-70215,Scott 12H,Van Horn,2026-01-12,INSPECTION,"Paraffin accumulation restricting flow, hot oil treatment performed",4.5,17243.63
EVT-002478,42-389-70215,Scott 12H,Van Horn,2025-12-02,MAINTENANCE,"Paraffin accumulation restricting flow, hot oil treatment performed",37.8,10069.23
EVT-002479,42-389-70215,Scott 12H,Van Horn,2025-12-20,CHEMICAL_TREATMENT,"Elevated motor temperature detected, monitoring increased frequency",38.3,2953.27
EVT-002480,42-389-70215,Scott 12H,Van Horn,2026-04-01,EQUIPMENT_CHANGE,"Gas lift valve partially plugged, reduced injection efficiency",104.8,196200.95
EVT-002481,42-389-70215,Scott 12H,Van Horn,2026-04-16,FAILURE,"Gas lift valve partially plugged, reduced injection efficiency",286.8,589470.53
EVT-002482,42-109-46456,Resources 4H,Coyanosa,2026-01-15,CHEMICAL_TREATMENT,Surface facility maintenance including separator cleaning and meter calibration,7.8,8957.81
EVT-002483,42-109-46456,Resources 4H,Coyanosa,2025-11-13,MAINTENANCE,Annual safety valve inspection and function test completed,42.4,19956.39
EVT-002484,42-109-46456,Resources 4H,Coyanosa,2025-12-10,MAINTENANCE,Annual safety valve inspection and function test completed,43.0,18847.12
EVT-002485,42-109-46456,Resources 4H,Coyanosa,2026-05-07,MAINTENANCE,Corrosion coupon retrieval and analysis - 2 mpy average rate,21.9,14813.86
EVT-002486,42-389-95673,Baker 7V,Wink,2025-05-13,MAINTENANCE,Routine preventive maintenance on ESP system including motor inspection and cable check,2.8,4096.85
EVT-002487,42-371-56315,Wheeler 1H,Grandfalls,2024-04-14,MAINTENANCE,Quarterly ESP system diagnostic and vibration analysis completed,5.6,13478.23
EVT-002488,42-371-56315,Wheeler 1H,Grandfalls,2024-06-06,CHEMICAL_TREATMENT,Scheduled wellhead maintenance and valve replacement,10.3,15051.82
EVT-002489,42-371-56315,Wheeler 1H,Grandfalls,2024-09-23,CHEMICAL_TREATMENT,Corrosion coupon retrieval and analysis - 2 mpy average rate,21.0,16486.25
EVT-002490,42-371-56315,Wheeler 1H,Grandfalls,2023-09-23,CHEMICAL_TREATMENT,Routine preventive maintenance on ESP system including motor inspection and cable check,6.9,8246.86
EVT-002491,42-301-34060,Washington 10H,Balmorhea,2026-03-05,INSPECTION,Scheduled wellhead maintenance and valve replacement,23.7,2973.45
EVT-002492,42-301-34060,Washington 10H,Balmorhea,2025-12-01,MAINTENANCE,Corrosion coupon retrieval and analysis - 2 mpy average rate,12.1,15358.84
EVT-002493,42-301-34060,Washington 10H,Balmorhea,2025-10-16,CHEMICAL_TREATMENT,Corrosion coupon retrieval and analysis - 2 mpy average rate,28.1,2623.67
EVT-002494,42-301-34060,Washington 10H,Balmorhea,2026-05-14,INSPECTION,Routine preventive maintenance on ESP system including motor inspection and cable check,16.8,18837.08
EVT-002495,42-389-66122,Harrison 11H,Wink,2025-09-11,CHEMICAL_TREATMENT,Routine preventive maintenance on ESP system including motor inspection and cable check,35.6,4078.88
EVT-002496,42-389-66122,Harrison 11H,Wink,2025-08-31,MAINTENANCE,Surface facility maintenance including separator cleaning and meter calibration,22.7,7832.54
EVT-002497,42-301-47261,Martin 2H,Mentone,2025-06-03,CHEMICAL_TREATMENT,Routine tubing pressure test and casing inspection,27.5,1137.72
EVT-002498,42-301-47261,Martin 2H,Mentone,2025-02-26,INSPECTION,Annual safety valve inspection and function test completed,45.7,21862.06
EVT-002499,42-301-47261,Martin 2H,Mentone,2024-02-06,INSPECTION,Scheduled wellhead maintenance and valve replacement,13.7,23468.88
EVT-002500,42-301-47261,Martin 2H,Mentone,2026-06-15,MAINTENANCE,Routine tubing pressure test and casing inspection,41.4,9472.21
EVT-002501,42-389-50753,Murphy 1V,Loving,2026-06-02,CHEMICAL_TREATMENT,Surface facility maintenance including separator cleaning and meter calibration,2.4,9391.56
EVT-002502,42-389-53426,Patterson 6H,Toyah,2025-10-23,MAINTENANCE,Annual safety valve inspection and function test completed,42.9,16571.51
EVT-002503,42-389-53426,Patterson 6H,Toyah,2024-02-12,INSPECTION,Surface facility maintenance including separator cleaning and meter calibration,40.1,5381.28
EVT-002504,42-301-96741,Wood 11H,Pecos Valley,2026-04-01,CHEMICAL_TREATMENT,Quarterly ESP system diagnostic and vibration analysis completed,22.2,17537.94
EVT-002505,42-301-96741,Wood 11H,Pecos Valley,2026-04-05,INSPECTION,Quarterly ESP system diagnostic and vibration analysis completed,17.6,17175.6
EVT-002506,42-301-96741,Wood 11H,Pecos Valley,2026-03-05,MAINTENANCE,Corrosion coupon retrieval and analysis - 2 mpy average rate,3.4,22411.69
EVT-002507,42-301-96741,Wood 11H,Pecos Valley,2026-02-19,CHEMICAL_TREATMENT,Annual safety valve inspection and function test completed,31.7,24666.6
EVT-002508,42-109-32440,Morris 2H,Imperial,2025-07-20,MAINTENANCE,"Paraffin accumulation restricting flow, hot oil treatment performed",12.5,10499.24
EVT-002509,42-109-32440,Morris 2H,Imperial,2026-04-15,EQUIPMENT_CHANGE,"Sand production increasing, pump wear accelerating",146.5,198337.76
EVT-002510,42-109-32440,Morris 2H,Imperial,2026-05-16,EQUIPMENT_CHANGE,"Paraffin accumulation restricting flow, hot oil treatment performed",13.5,181095.22
EVT-002511,42-109-32440,Morris 2H,Imperial,2025-10-31,INSPECTION,"Elevated motor temperature detected, monitoring increased frequency",43.0,3939.85
EVT-002512,42-109-32440,Morris 2H,Imperial,2025-08-24,CHEMICAL_TREATMENT,Emulsion issues at separator requiring increased demulsifier dosage,9.1,3868.84
EVT-002513,42-109-32440,Morris 2H,Imperial,2026-05-22,EQUIPMENT_CHANGE,"Scale buildup detected in tubing, chemical squeeze scheduled",95.3,216165.76
EVT-002514,42-389-77771,Bell 12H,Fort Stockton,2026-02-09,INSPECTION,Quarterly ESP system diagnostic and vibration analysis completed,36.0,21541.17
EVT-002515,42-389-77771,Bell 12H,Fort Stockton,2026-02-22,CHEMICAL_TREATMENT,Surface facility maintenance including separator cleaning and meter calibration,11.5,5742.15
EVT-002516,42-389-77771,Bell 12H,Fort Stockton,2026-02-10,INSPECTION,Surface facility maintenance including separator cleaning and meter calibration,16.4,20394.29
EVT-002517,42-389-77771,Bell 12H,Fort Stockton,2026-03-05,MAINTENANCE,Quarterly ESP system diagnostic and vibration analysis completed,20.9,2897.3
EVT-002518,42-389-60988,Wilson 6H,Pecos Valley,2026-05-14,MAINTENANCE,Annual safety valve inspection and function test completed,15.2,22321.01
EVT-002519,42-389-60988,Wilson 6H,Pecos Valley,2025-09-08,INSPECTION,Surface facility maintenance including separator cleaning and meter calibration,34.3,24075.54
EVT-002520,42-389-60988,Wilson 6H,Pecos Valley,2026-02-26,CHEMICAL_TREATMENT,Routine preventive maintenance on ESP system including motor inspection and cable check,41.2,15191.13
EVT-002521,42-389-60988,Wilson 6H,Pecos Valley,2025-05-26,INSPECTION,Surface facility maintenance including separator cleaning and meter calibration,19.5,12333.06
EVT-002522,42-301-35439,Alexander 5H,Culberson County,2026-03-11,CHEMICAL_TREATMENT,Corrosion coupon retrieval and analysis - 2 mpy average rate,40.5,16661.44
EVT-002523,42-301-35439,Alexander 5H,Culberson County,2024-12-17,CHEMICAL_TREATMENT,Scheduled wellhead maintenance and valve replacement,21.4,21485.26
EVT-002524,42-301-35439,Alexander 5H,Culberson County,2024-08-06,INSPECTION,Routine preventive maintenance on ESP system including motor inspection and cable check,42.1,10328.67
EVT-002525,42-389-39126,Cole 1H,Grandfalls,2026-03-22,CHEMICAL_TREATMENT,Quarterly ESP system diagnostic and vibration analysis completed,10.0,20375.32
EVT-002526,42-389-39126,Cole 1H,Grandfalls,2025-08-11,INSPECTION,Routine preventive maintenance on ESP system including motor inspection and cable check,9.6,17932.8
EVT-002527,42-389-39126,Cole 1H,Grandfalls,2025-08-23,CHEMICAL_TREATMENT,Surface facility maintenance including separator cleaning and meter calibration,8.0,7927.53
EVT-002528,42-475-87621,Stewart 11H,Monahans,2024-12-28,INSPECTION,Surface facility maintenance including separator cleaning and meter calibration,16.5,9103.0
EVT-002529,42-475-87621,Stewart 11H,Monahans,2025-03-09,MAINTENANCE,Surface facility maintenance including separator cleaning and meter calibration,5.3,17684.21
EVT-002530,42-475-87621,Stewart 11H,Monahans,2025-06-12,INSPECTION,Corrosion coupon retrieval and analysis - 2 mpy average rate,9.8,9040.49
EVT-002531,42-495-88085,King 1H,Wink,2026-05-17,EQUIPMENT_CHANGE,"Gas lift valve partially plugged, reduced injection efficiency",21.6,292314.54
EVT-002532,42-495-88085,King 1H,Wink,2026-06-06,MAINTENANCE,"Intermittent ESP trips due to gas slugging, VSD ramp adjusted",35.4,17560.99
EVT-002533,42-495-88085,King 1H,Wink,2026-04-30,MAINTENANCE,"Increasing water cut trend noted, zone isolation evaluation in progress",24.8,9589.89
EVT-002534,42-495-88085,King 1H,Wink,2026-03-16,INSPECTION,"Increasing water cut trend noted, zone isolation evaluation in progress",27.9,3381.04
EVT-002535,42-495-88085,King 1H,Wink,2026-05-22,FAILURE,"Scale buildup detected in tubing, chemical squeeze scheduled",137.7,286167.5
EVT-002536,42-109-64768,Anderson 1H,Imperial,2024-12-23,INSPECTION,"Sand production increasing, pump wear accelerating",15.9,11900.04
EVT-002537,42-109-64768,Anderson 1H,Imperial,2025-07-06,CHEMICAL_TREATMENT,"Increasing water cut trend noted, zone isolation evaluation in progress",17.4,2051.93
EVT-002538,42-109-64768,Anderson 1H,Imperial,2023-03-16,INSPECTION,"Scale buildup detected in tubing, chemical squeeze scheduled",25.6,4817.23
EVT-002539,42-109-64768,Anderson 1H,Imperial,2025-03-02,MAINTENANCE,"Elevated motor temperature detected, monitoring increased frequency",18.8,5071.99
EVT-002540,42-109-64768,Anderson 1H,Imperial,2023-10-22,INSPECTION,"Scale buildup detected in tubing, chemical squeeze scheduled",2.8,12088.24
EVT-002541,42-109-64768,Anderson 1H,Imperial,2025-11-20,MAINTENANCE,"Increasing water cut trend noted, zone isolation evaluation in progress",40.6,17084.24
EVT-002542,42-109-64768,Anderson 1H,Imperial,2026-06-11,EQUIPMENT_CHANGE,"Gas lift valve partially plugged, reduced injection efficiency",27.6,153124.67
EVT-002543,42-301-30055,Parker 5H,Mentone,2025-10-05,CHEMICAL_TREATMENT,Quarterly ESP system diagnostic and vibration analysis completed,8.8,1920.3
EVT-002544,42-389-44671,Martin 9V,Grandfalls,2025-04-21,INSPECTION,Routine preventive maintenance on ESP system including motor inspection and cable check,32.0,1919.47
EVT-002545,42-389-44671,Martin 9V,Grandfalls,2024-01-22,CHEMICAL_TREATMENT,Annual safety valve inspection and function test completed,21.7,22153.8
EVT-002546,42-389-44671,Martin 9V,Grandfalls,2025-01-11,INSPECTION,Surface facility maintenance including separator cleaning and meter calibration,24.9,22493.74
EVT-002547,42-389-44671,Martin 9V,Grandfalls,2025-02-27,CHEMICAL_TREATMENT,Quarterly ESP system diagnostic and vibration analysis completed,11.9,12398.66
EVT-002548,42-475-81150,Green 1H,Van Horn,2026-05-29,MAINTENANCE,Routine preventive maintenance on ESP system including motor inspection and cable check,35.9,5416.03
EVT-002549,42-475-81150,Green 1H,Van Horn,2026-03-03,MAINTENANCE,Surface facility maintenance including separator cleaning and meter calibration,47.7,13697.23
EVT-002550,42-475-81150,Green 1H,Van Horn,2026-03-08,INSPECTION,Scheduled wellhead maintenance and valve replacement,22.0,18663.28
EVT-002551,42-389-85212,Foster 6V,Van Horn,2023-04-30,CHEMICAL_TREATMENT,Scheduled wellhead maintenance and valve replacement,19.1,20984.08
EVT-002552,42-389-85212,Foster 6V,Van Horn,2023-03-01,INSPECTION,Corrosion coupon retrieval and analysis - 2 mpy average rate,15.3,3514.89
EVT-002553,42-389-85212,Foster 6V,Van Horn,2024-11-24,MAINTENANCE,Routine tubing pressure test and casing inspection,42.8,17650.73
EVT-002554,42-389-85212,Foster 6V,Van Horn,2025-06-11,INSPECTION,Scheduled wellhead maintenance and valve replacement,24.9,20038.63
EVT-002555,42-301-78265,James 2H,Fort Stockton,2025-05-17,MAINTENANCE,Surface facility maintenance including separator cleaning and meter calibration,33.3,4023.23
EVT-002556,42-301-78265,James 2H,Fort Stockton,2023-12-08,CHEMICAL_TREATMENT,Corrosion coupon retrieval and analysis - 2 mpy average rate,42.7,3161.72
EVT-002557,42-301-78265,James 2H,Fort Stockton,2025-08-28,CHEMICAL_TREATMENT,Annual safety valve inspection and function test completed,3.6,9838.76
EVT-002558,42-301-78265,James 2H,Fort Stockton,2025-02-02,INSPECTION,Quarterly ESP system diagnostic and vibration analysis completed,8.1,8891.82
EVT-002559,42-301-78908,Simmons 2H,Mentone,2025-03-19,MAINTENANCE,Scheduled wellhead maintenance and valve replacement,36.5,4970.04
EVT-002560,42-301-78908,Simmons 2H,Mentone,2025-11-02,CHEMICAL_TREATMENT,Corrosion coupon retrieval and analysis - 2 mpy average rate,17.3,23854.25
EVT-002561,42-301-78908,Simmons 2H,Mentone,2026-01-01,CHEMICAL_TREATMENT,Annual safety valve inspection and function test completed,40.7,13851.46
EVT-002562,42-389-74306,Owens 10H,Kermit,2026-04-15,INSPECTION,Scheduled wellhead maintenance and valve replacement,29.7,2019.23
EVT-002563,42-389-74306,Owens 10H,Kermit,2026-03-24,CHEMICAL_TREATMENT,Quarterly ESP system diagnostic and vibration analysis completed,32.5,3273.22
EVT-002564,42-389-74306,Owens 10H,Kermit,2026-05-14,CHEMICAL_TREATMENT,Scheduled wellhead maintenance and valve replacement,2.3,15349.81
EVT-002565,42-109-77178,Roberts 6H,Reeves County,2025-02-06,CHEMICAL_TREATMENT,Annual safety valve inspection and function test completed,35.9,18653.58
EVT-002566,42-109-77178,Roberts 6H,Reeves County,2026-03-19,CHEMICAL_TREATMENT,Scheduled wellhead maintenance and valve replacement,37.8,15496.51
EVT-002567,42-109-77178,Roberts 6H,Reeves County,2026-04-01,MAINTENANCE,Routine tubing pressure test and casing inspection,30.3,3919.37
EVT-002568,42-371-41592,Ford 11H,Buena Vista,2025-02-24,INSPECTION,"Paraffin accumulation restricting flow, hot oil treatment performed",41.0,5831.54
EVT-002569,42-371-41592,Ford 11H,Buena Vista,2025-11-14,MAINTENANCE,"Intermittent ESP trips due to gas slugging, VSD ramp adjusted",42.8,23538.88
EVT-002570,42-371-41592,Ford 11H,Buena Vista,2024-12-12,MAINTENANCE,"Scale buildup detected in tubing, chemical squeeze scheduled",2.3,5211.92
EVT-002571,42-371-41592,Ford 11H,Buena Vista,2026-01-04,MAINTENANCE,"Elevated motor temperature detected, monitoring increased frequency",25.2,3489.91
EVT-002572,42-371-41592,Ford 11H,Buena Vista,2026-05-28,FAILURE,"Intermittent ESP trips due to gas slugging, VSD ramp adjusted",61.9,790366.54
EVT-002573,42-475-67396,Perry 9H,Toyah,2025-08-24,CHEMICAL_TREATMENT,Corrosion coupon retrieval and analysis - 2 mpy average rate,43.0,14180.31
EVT-002574,42-109-98732,Perry 5H,Monahans,2025-11-03,FAILURE,"Hole in tubing at 6500ft, severe production loss and gas migration",356.9,152562.28
EVT-002575,42-109-98732,Perry 5H,Monahans,2024-12-25,WORKOVER,Gas lift valve failure causing complete loss of artificial lift,381.5,1806546.3
EVT-002576,42-109-98732,Perry 5H,Monahans,2025-01-02,WORKOVER,"Casing collapse detected during pressure test, integrity compromised",57.5,669002.03
EVT-002577,42-109-98732,Perry 5H,Monahans,2026-03-01,FAILURE,Complete ESP system failure - motor burnout and pump lockup,64.5,247247.34
EVT-002578,42-109-98732,Perry 5H,Monahans,2025-05-19,FAILURE,"Hole in tubing at 6500ft, severe production loss and gas migration",203.7,561492.27
EVT-002579,42-109-98732,Perry 5H,Monahans,2026-06-11,EQUIPMENT_CHANGE,"Downhole pump seized due to severe sand production, pulling unit dispatched",136.0,88176.64
EVT-002580,42-109-98732,Perry 5H,Monahans,2026-04-17,EQUIPMENT_CHANGE,"ESP motor failure due to overheating, well shut-in pending replacement",86.7,104358.26
EVT-002581,42-109-98732,Perry 5H,Monahans,2026-07-08,FAILURE,"Downhole pump seized due to severe sand production, pulling unit dispatched",418.2,85047.47
EVT-002582,42-109-98732,Perry 5H,Monahans,2026-05-16,FAILURE,"Rod parting at depth, well dead, workover rig scheduled",257.7,640864.72
EVT-002583,42-389-62163,Anderson 8H,Loving,2025-09-04,INSPECTION,Routine preventive maintenance on ESP system including motor inspection and cable check,25.5,22002.07
EVT-002584,42-389-62163,Anderson 8H,Loving,2025-05-04,CHEMICAL_TREATMENT,Routine preventive maintenance on ESP system including motor inspection and cable check,28.6,23588.47
EVT-002585,42-389-37894,Harrison 4H,Delaware Basin,2025-11-06,FAILURE,"Downhole pump seized due to severe sand production, pulling unit dispatched",263.2,453991.17
EVT-002586,42-389-37894,Harrison 4H,Delaware Basin,2025-10-03,WORKOVER,"Tubing leak detected at depth, production ceased for workover",481.7,1454634.93
EVT-002587,42-389-37894,Harrison 4H,Delaware Basin,2024-10-19,FAILURE,"Christmas tree valve failure, emergency well control initiated",398.4,147426.46
EVT-002588,42-389-37894,Harrison 4H,Delaware Basin,2025-09-17,EQUIPMENT_CHANGE,Gas lift valve failure causing complete loss of artificial lift,34.3,100743.12
EVT-002589,42-389-37894,Harrison 4H,Delaware Basin,2025-08-11,EQUIPMENT_CHANGE,"Rod parting at depth, well dead, workover rig scheduled",32.8,144889.59
EVT-002590,42-389-37894,Harrison 4H,Delaware Basin,2023-07-31,EQUIPMENT_CHANGE,"Christmas tree valve failure, emergency well control initiated",93.6,31202.99
EVT-002591,42-389-37894,Harrison 4H,Delaware Basin,2026-06-25,FAILURE,"Tubing leak detected at depth, production ceased for workover",91.7,503576.3
EVT-002592,42-389-37894,Harrison 4H,Delaware Basin,2026-06-19,FAILURE,"Casing collapse detected during pressure test, integrity compromised",54.6,290870.76
EVT-002593,42-109-48202,Richardson 9V,Buena Vista,2024-06-07,WORKOVER,"Hole in tubing at 6500ft, severe production loss and gas migration",637.2,1749471.57
EVT-002594,42-109-48202,Richardson 9V,Buena Vista,2023-04-20,FAILURE,Electrical cable failure on ESP causing complete shutdown,239.5,390705.52
EVT-002595,42-109-48202,Richardson 9V,Buena Vista,2025-03-31,EQUIPMENT_CHANGE,"Hole in tubing at 6500ft, severe production loss and gas migration",124.2,250870.28
EVT-002596,42-109-48202,Richardson 9V,Buena Vista,2023-12-23,EQUIPMENT_CHANGE,"Severe corrosion-induced tubing failure, well flowing up annulus",26.2,225341.39
EVT-002597,42-109-48202,Richardson 9V,Buena Vista,2023-12-14,EQUIPMENT_CHANGE,"ESP motor failure due to overheating, well shut-in pending replacement",91.7,184137.04
EVT-002598,42-109-48202,Richardson 9V,Buena Vista,2022-11-22,WORKOVER,"Christmas tree valve failure, emergency well control initiated",416.5,1591827.22
EVT-002599,42-109-48202,Richardson 9V,Buena Vista,2025-05-10,FAILURE,"Hole in tubing at 6500ft, severe production loss and gas migration",35.2,628953.44
EVT-002600,42-109-48202,Richardson 9V,Buena Vista,2026-05-23,FAILURE,Gas lift valve failure causing complete loss of artificial lift,293.5,116732.12
EVT-002601,42-109-48202,Richardson 9V,Buena Vista,2026-05-18,FAILURE,Complete ESP system failure - motor burnout and pump lockup,187.3,366389.02
EVT-002602,42-389-80010,Gibson 6H,Coyanosa,2026-03-04,MAINTENANCE,"Paraffin accumulation restricting flow, hot oil treatment performed",29.7,10301.36
EVT-002603,42-389-80010,Gibson 6H,Coyanosa,2025-10-02,INSPECTION,"Paraffin accumulation restricting flow, hot oil treatment performed",16.8,8009.28
EVT-002604,42-389-80010,Gibson 6H,Coyanosa,2026-01-28,CHEMICAL_TREATMENT,Emulsion issues at separator requiring increased demulsifier dosage,19.5,8834.36
EVT-002605,42-389-80010,Gibson 6H,Coyanosa,2025-06-23,INSPECTION,"Increasing water cut trend noted, zone isolation evaluation in progress",32.5,12558.71
EVT-002606,42-389-80010,Gibson 6H,Coyanosa,2026-04-08,CHEMICAL_TREATMENT,"Increasing water cut trend noted, zone isolation evaluation in progress",28.1,7290.86
EVT-002607,42-389-80010,Gibson 6H,Coyanosa,2026-04-25,FAILURE,Emulsion issues at separator requiring increased demulsifier dosage,30.8,541569.13
EVT-002608,42-109-45906,Hamilton 9V,Fort Stockton,2026-03-16,WORKOVER,"Rod parting at depth, well dead, workover rig scheduled",655.3,1085652.2
EVT-002609,42-109-45906,Hamilton 9V,Fort Stockton,2026-04-02,FAILURE,"Downhole pump seized due to severe sand production, pulling unit dispatched",145.2,711644.45
EVT-002610,42-109-45906,Hamilton 9V,Fort Stockton,2026-07-09,FAILURE,"Severe corrosion-induced tubing failure, well flowing up annulus",156.3,680135.6
EVT-002611,42-109-45906,Hamilton 9V,Fort Stockton,2026-05-26,FAILURE,"Christmas tree valve failure, emergency well control initiated",324.9,549557.34
EVT-002612,42-301-92308,Ranch 2V,Grandfalls,2026-04-28,INSPECTION,Corrosion coupon retrieval and analysis - 2 mpy average rate,26.3,12250.49
EVT-002613,42-301-92308,Ranch 2V,Grandfalls,2025-11-13,INSPECTION,Routine tubing pressure test and casing inspection,17.2,7307.26
EVT-002614,42-301-92308,Ranch 2V,Grandfalls,2026-04-02,MAINTENANCE,Surface facility maintenance including separator cleaning and meter calibration,12.9,10581.05
EVT-002615,42-389-48291,Roberts 5H,Reeves County,2023-10-03,MAINTENANCE,Surface facility maintenance including separator cleaning and meter calibration,39.7,5431.33
EVT-002616,42-389-48291,Roberts 5H,Reeves County,2024-01-30,INSPECTION,Surface facility maintenance including separator cleaning and meter calibration,29.9,15516.79
EVT-002617,42-389-48291,Roberts 5H,Reeves County,2025-01-03,INSPECTION,Annual safety valve inspection and function test completed,11.1,19969.31
EVT-002618,42-109-33232,Brooks 2H,Toyah,2024-04-21,INSPECTION,Routine tubing pressure test and casing inspection,4.5,8801.4
EVT-002619,42-109-33232,Brooks 2H,Toyah,2023-12-19,INSPECTION,Annual safety valve inspection and function test completed,27.9,18692.62
EVT-002620,42-109-33232,Brooks 2H,Toyah,2024-11-05,INSPECTION,Scheduled wellhead maintenance and valve replacement,22.6,16725.4
EVT-002621,42-109-33232,Brooks 2H,Toyah,2026-03-29,CHEMICAL_TREATMENT,Annual safety valve inspection and function test completed,21.2,5975.79
EVT-002622,42-109-48338,Beal 8H,Orla,2023-06-06,INSPECTION,Quarterly ESP system diagnostic and vibration analysis completed,12.5,22546.36
EVT-002623,42-389-89636,Sanders 12H,Red Hills,2023-07-30,INSPECTION,"Elevated motor temperature detected, monitoring increased frequency",33.7,11440.67
EVT-002624,42-389-89636,Sanders 12H,Red Hills,2023-11-07,INSPECTION,"Scale buildup detected in tubing, chemical squeeze scheduled",39.8,8052.01
EVT-002625,42-389-89636,Sanders 12H,Red Hills,2024-01-29,EQUIPMENT_CHANGE,"Scale buildup detected in tubing, chemical squeeze scheduled",19.5,17433.92
EVT-002626,42-389-89636,Sanders 12H,Red Hills,2024-10-20,MAINTENANCE,Emulsion issues at separator requiring increased demulsifier dosage,47.5,3579.87
EVT-002627,42-389-89636,Sanders 12H,Red Hills,2026-05-08,MAINTENANCE,"Sand production increasing, pump wear accelerating",36.7,9622.76
EVT-002628,42-389-89636,Sanders 12H,Red Hills,2026-04-16,FAILURE,"Elevated motor temperature detected, monitoring increased frequency",399.4,332034.65
EVT-002629,42-109-77115,Powell 4V,Delaware Basin,2024-12-26,CHEMICAL_TREATMENT,Routine tubing pressure test and casing inspection,17.4,15038.8
EVT-002630,42-389-91308,White 7H,Delaware Basin,2026-04-08,CHEMICAL_TREATMENT,Surface facility maintenance including separator cleaning and meter calibration,33.0,12415.84
EVT-002631,42-389-91308,White 7H,Delaware Basin,2024-11-04,CHEMICAL_TREATMENT,Routine tubing pressure test and casing inspection,16.8,18908.19
EVT-002632,42-389-91308,White 7H,Delaware Basin,2025-10-31,INSPECTION,Surface facility maintenance including separator cleaning and meter calibration,3.8,19116.06
EVT-002633,42-371-99828,Roberts 10H,Imperial,2025-10-22,INSPECTION,"Increasing water cut trend noted, zone isolation evaluation in progress",33.8,3879.3
EVT-002634,42-371-99828,Roberts 10H,Imperial,2025-08-12,MAINTENANCE,"Intermittent ESP trips due to gas slugging, VSD ramp adjusted",12.2,13162.55
EVT-002635,42-371-99828,Roberts 10H,Imperial,2025-09-25,INSPECTION,"Scale buildup detected in tubing, chemical squeeze scheduled",17.6,16706.78
EVT-002636,42-371-99828,Roberts 10H,Imperial,2026-01-27,CHEMICAL_TREATMENT,"Paraffin accumulation restricting flow, hot oil treatment performed",18.7,18933.49
EVT-002637,42-371-99828,Roberts 10H,Imperial,2026-05-06,FAILURE,"Sand production increasing, pump wear accelerating",66.1,476456.43
EVT-002638,42-389-48030,Cattle Co 2V,Grandfalls,2025-02-08,WORKOVER,Complete ESP system failure - motor burnout and pump lockup,710.9,372402.96
EVT-002639,42-389-48030,Cattle Co 2V,Grandfalls,2025-09-12,FAILURE,"Severe corrosion-induced tubing failure, well flowing up annulus",123.7,526640.1
EVT-002640,42-389-48030,Cattle Co 2V,Grandfalls,2026-03-05,WORKOVER,"ESP motor failure due to overheating, well shut-in pending replacement",577.3,1872046.14
EVT-002641,42-389-48030,Cattle Co 2V,Grandfalls,2026-03-03,FAILURE,Electrical cable failure on ESP causing complete shutdown,281.7,561910.93
EVT-002642,42-389-48030,Cattle Co 2V,Grandfalls,2025-12-23,FAILURE,"Downhole pump seized due to severe sand production, pulling unit dispatched",435.0,530125.79
EVT-002643,42-389-48030,Cattle Co 2V,Grandfalls,2026-05-11,EQUIPMENT_CHANGE,"Rod parting at depth, well dead, workover rig scheduled",123.4,170055.24
EVT-002644,42-389-48030,Cattle Co 2V,Grandfalls,2025-06-05,WORKOVER,"Tubing leak detected at depth, production ceased for workover",164.2,628369.87
EVT-002645,42-389-48030,Cattle Co 2V,Grandfalls,2026-06-10,FAILURE,"Christmas tree valve failure, emergency well control initiated",155.4,409521.56
EVT-002646,42-389-48030,Cattle Co 2V,Grandfalls,2026-06-12,FAILURE,Complete ESP system failure - motor burnout and pump lockup,33.4,799283.85
EVT-002647,42-475-58984,Torres 5H,Orla,2026-05-11,CHEMICAL_TREATMENT,Routine tubing pressure test and casing inspection,6.1,12859.59
EVT-002648,42-475-58984,Torres 5H,Orla,2026-02-05,INSPECTION,Corrosion coupon retrieval and analysis - 2 mpy average rate,24.8,17296.76
EVT-002649,42-389-45830,Rivera 11H,Ward-Estes,2025-03-19,INSPECTION,Quarterly ESP system diagnostic and vibration analysis completed,13.2,20490.75
EVT-002650,42-389-45830,Rivera 11H,Ward-Estes,2025-05-15,MAINTENANCE,Surface facility maintenance including separator cleaning and meter calibration,37.6,24212.48
EVT-002651,42-389-45830,Rivera 11H,Ward-Estes,2026-01-17,INSPECTION,Routine preventive maintenance on ESP system including motor inspection and cable check,43.0,7145.22
EVT-002652,42-389-45830,Rivera 11H,Ward-Estes,2026-01-09,MAINTENANCE,Surface facility maintenance including separator cleaning and meter calibration,46.6,7474.47
EVT-002653,42-371-70756,Woods 11H,Loving,2025-07-07,MAINTENANCE,"Scale buildup detected in tubing, chemical squeeze scheduled",44.8,8067.85
EVT-002654,42-371-70756,Woods 11H,Loving,2025-04-09,CHEMICAL_TREATMENT,"Paraffin accumulation restricting flow, hot oil treatment performed",10.9,7077.92
EVT-002655,42-371-70756,Woods 11H,Loving,2024-10-07,MAINTENANCE,"Sand production increasing, pump wear accelerating",12.8,9651.17
EVT-002656,42-371-70756,Woods 11H,Loving,2025-01-21,EQUIPMENT_CHANGE,"Elevated motor temperature detected, monitoring increased frequency",55.5,261879.02
EVT-002657,42-371-70756,Woods 11H,Loving,2026-01-06,MAINTENANCE,"Gas lift valve partially plugged, reduced injection efficiency",33.2,19734.43
EVT-002658,42-371-70756,Woods 11H,Loving,2026-05-08,MAINTENANCE,"Sand production increasing, pump wear accelerating",29.9,13582.32
EVT-002659,42-371-70756,Woods 11H,Loving,2026-04-27,FAILURE,"Increasing water cut trend noted, zone isolation evaluation in progress",365.6,632513.11
EVT-002660,42-371-34785,Thompson 5H,Kermit,2026-02-03,CHEMICAL_TREATMENT,Annual safety valve inspection and function test completed,18.1,8716.6
EVT-002661,42-371-34785,Thompson 5H,Kermit,2026-06-15,INSPECTION,Scheduled wellhead maintenance and valve replacement,44.0,9113.14
EVT-002662,42-371-34785,Thompson 5H,Kermit,2026-04-27,CHEMICAL_TREATMENT,Quarterly ESP system diagnostic and vibration analysis completed,39.2,12159.79
EVT-002663,42-475-57444,Harrison 3H,Delaware Basin,2024-04-23,CHEMICAL_TREATMENT,"Intermittent ESP trips due to gas slugging, VSD ramp adjusted",21.1,2506.66
EVT-002664,42-475-57444,Harrison 3H,Delaware Basin,2025-09-27,INSPECTION,Emulsion issues at separator requiring increased demulsifier dosage,43.8,18331.88
EVT-002665,42-475-57444,Harrison 3H,Delaware Basin,2024-04-21,EQUIPMENT_CHANGE,"Scale buildup detected in tubing, chemical squeeze scheduled",86.5,168727.26
EVT-002666,42-475-57444,Harrison 3H,Delaware Basin,2025-08-10,EQUIPMENT_CHANGE,"Gas lift valve partially plugged, reduced injection efficiency",55.7,220654.66
EVT-002667,42-475-57444,Harrison 3H,Delaware Basin,2026-06-07,INSPECTION,"Scale buildup detected in tubing, chemical squeeze scheduled",3.8,5358.73
EVT-002668,42-475-57444,Harrison 3H,Delaware Basin,2026-05-26,FAILURE,Emulsion issues at separator requiring increased demulsifier dosage,466.1,89473.67
EVT-002669,42-389-50093,Cox 5H,Orla,2026-03-22,INSPECTION,Surface facility maintenance including separator cleaning and meter calibration,4.3,23019.13
EVT-002670,42-495-31385,Wood 7H,Loving,2026-05-31,INSPECTION,Quarterly ESP system diagnostic and vibration analysis completed,45.1,7656.07
EVT-002671,42-495-31385,Wood 7H,Loving,2025-08-25,INSPECTION,Scheduled wellhead maintenance and valve replacement,4.3,10750.79
EVT-002672,42-495-31385,Wood 7H,Loving,2026-01-08,CHEMICAL_TREATMENT,Scheduled wellhead maintenance and valve replacement,35.1,20526.36
EVT-002673,42-495-31385,Wood 7H,Loving,2025-11-07,CHEMICAL_TREATMENT,Annual safety valve inspection and function test completed,41.6,7105.07
EVT-002674,42-475-85144,Rivera 3H,Coyanosa,2023-03-14,MAINTENANCE,Routine preventive maintenance on ESP system including motor inspection and cable check,39.4,10570.78
EVT-002675,42-475-85144,Rivera 3H,Coyanosa,2026-06-12,INSPECTION,Quarterly ESP system diagnostic and vibration analysis completed,20.8,16922.85
EVT-002676,42-475-85144,Rivera 3H,Coyanosa,2024-10-01,CHEMICAL_TREATMENT,Quarterly ESP system diagnostic and vibration analysis completed,22.1,16322.7
EVT-002677,42-475-85144,Rivera 3H,Coyanosa,2023-09-16,MAINTENANCE,Surface facility maintenance including separator cleaning and meter calibration,5.1,11716.78
EVT-002678,42-475-55496,University 5H,Mentone,2025-03-23,CHEMICAL_TREATMENT,Emulsion issues at separator requiring increased demulsifier dosage,3.0,9931.44
EVT-002679,42-475-55496,University 5H,Mentone,2025-03-28,INSPECTION,Emulsion issues at separator requiring increased demulsifier dosage,34.6,594.81
EVT-002680,42-475-55496,University 5H,Mentone,2022-12-18,CHEMICAL_TREATMENT,"Increasing water cut trend noted, zone isolation evaluation in progress",15.5,12891.03
EVT-002681,42-475-55496,University 5H,Mentone,2026-03-31,INSPECTION,"Sand production increasing, pump wear accelerating",37.8,17582.86
EVT-002682,42-475-55496,University 5H,Mentone,2024-01-18,INSPECTION,"Sand production increasing, pump wear accelerating",46.2,1755.84
EVT-002683,42-475-55496,University 5H,Mentone,2026-04-20,FAILURE,"Elevated motor temperature detected, monitoring increased frequency",203.9,782417.52
EVT-002684,42-109-33875,Ward 12H,Balmorhea,2025-11-30,INSPECTION,Routine preventive maintenance on ESP system including motor inspection and cable check,24.2,23840.55
EVT-002685,42-389-98765,Baker 5H,Ward-Estes,2026-02-12,FAILURE,"VSD drive failure causing ESP shutdown, replacement ordered",276.9,692762.37
EVT-002686,42-389-98765,Baker 5H,Ward-Estes,2025-09-30,EQUIPMENT_CHANGE,Electrical cable failure on ESP causing complete shutdown,45.6,177340.66
EVT-002687,42-389-98765,Baker 5H,Ward-Estes,2025-04-22,EQUIPMENT_CHANGE,"Severe corrosion-induced tubing failure, well flowing up annulus",21.1,29812.09
EVT-002688,42-389-98765,Baker 5H,Ward-Estes,2024-02-22,FAILURE,Gas lift valve failure causing complete loss of artificial lift,312.5,508044.13
EVT-002689,42-389-98765,Baker 5H,Ward-Estes,2025-05-22,FAILURE,"VSD drive failure causing ESP shutdown, replacement ordered",281.5,425150.13
EVT-002690,42-389-98765,Baker 5H,Ward-Estes,2025-10-21,WORKOVER,Electrical cable failure on ESP causing complete shutdown,185.7,1359959.22
EVT-002691,42-389-98765,Baker 5H,Ward-Estes,2023-07-04,EQUIPMENT_CHANGE,"Rod parting at depth, well dead, workover rig scheduled",152.7,268262.73
EVT-002692,42-389-98765,Baker 5H,Ward-Estes,2026-06-04,FAILURE,"Hole in tubing at 6500ft, severe production loss and gas migration",143.9,405787.37
EVT-002693,42-389-98765,Baker 5H,Ward-Estes,2026-07-06,FAILURE,"Downhole pump seized due to severe sand production, pulling unit dispatched",433.2,192688.64
EVT-002694,42-389-54811,Beal 10H,Toyah,2024-05-04,MAINTENANCE,Quarterly ESP system diagnostic and vibration analysis completed,8.3,10742.44
EVT-002695,42-389-54811,Beal 10H,Toyah,2025-11-03,INSPECTION,Corrosion coupon retrieval and analysis - 2 mpy average rate,14.4,13810.68
EVT-002696,42-389-54811,Beal 10H,Toyah,2025-04-23,MAINTENANCE,Routine preventive maintenance on ESP system including motor inspection and cable check,47.1,3026.01
EVT-002697,42-475-43087,Barnes 7H,Coyanosa,2024-07-02,CHEMICAL_TREATMENT,Surface facility maintenance including separator cleaning and meter calibration,47.2,22121.73
EVT-002698,42-475-43087,Barnes 7H,Coyanosa,2026-05-23,MAINTENANCE,Surface facility maintenance including separator cleaning and meter calibration,10.8,10334.77
EVT-002699,42-371-98186,Hart 3H,Reeves County,2025-04-14,MAINTENANCE,Quarterly ESP system diagnostic and vibration analysis completed,34.4,20832.35
EVT-002700,42-371-98186,Hart 3H,Reeves County,2024-12-17,INSPECTION,Annual safety valve inspection and function test completed,28.5,1031.2
EVT-002701,42-371-98186,Hart 3H,Reeves County,2025-06-09,CHEMICAL_TREATMENT,Corrosion coupon retrieval and analysis - 2 mpy average rate,41.3,22072.91
EVT-002702,42-389-46626,Taylor 3H,Loving,2025-03-17,INSPECTION,Routine preventive maintenance on ESP system including motor inspection and cable check,22.1,16469.94
EVT-002703,42-389-46626,Taylor 3H,Loving,2025-05-26,INSPECTION,Corrosion coupon retrieval and analysis - 2 mpy average rate,28.7,10532.37
EVT-002704,42-389-46626,Taylor 3H,Loving,2026-03-23,CHEMICAL_TREATMENT,Routine preventive maintenance on ESP system including motor inspection and cable check,25.0,17222.04
EVT-002705,42-389-46626,Taylor 3H,Loving,2025-03-27,MAINTENANCE,Routine tubing pressure test and casing inspection,23.4,1032.76
EVT-002706,42-389-70997,Stewart 3H,Imperial,2026-01-09,INSPECTION,Scheduled wellhead maintenance and valve replacement,5.4,19384.4
EVT-002707,42-389-70997,Stewart 3H,Imperial,2025-10-19,INSPECTION,Scheduled wellhead maintenance and valve replacement,32.3,16902.72
EVT-002708,42-389-70997,Stewart 3H,Imperial,2025-03-09,INSPECTION,Routine preventive maintenance on ESP system including motor inspection and cable check,11.6,7687.47
EVT-002709,42-389-70997,Stewart 3H,Imperial,2024-12-14,CHEMICAL_TREATMENT,Surface facility maintenance including separator cleaning and meter calibration,25.5,6304.6
EVT-002710,42-495-39253,Ross 6H,Grandfalls,2024-11-09,MAINTENANCE,Surface facility maintenance including separator cleaning and meter calibration,27.0,13597.22
EVT-002711,42-495-39253,Ross 6H,Grandfalls,2026-05-18,INSPECTION,Routine tubing pressure test and casing inspection,34.0,10875.2
EVT-002712,42-495-39253,Ross 6H,Grandfalls,2024-02-09,MAINTENANCE,Surface facility maintenance including separator cleaning and meter calibration,9.0,14633.23
EVT-002713,42-389-62298,Ellis 11H,Culberson County,2025-09-02,CHEMICAL_TREATMENT,Quarterly ESP system diagnostic and vibration analysis completed,44.4,22735.57
EVT-002714,42-389-62298,Ellis 11H,Culberson County,2024-11-22,CHEMICAL_TREATMENT,Routine tubing pressure test and casing inspection,25.3,14787.83
EVT-002715,42-389-62298,Ellis 11H,Culberson County,2026-04-02,CHEMICAL_TREATMENT,Annual safety valve inspection and function test completed,35.5,10958.19
EVT-002716,42-389-62298,Ellis 11H,Culberson County,2023-07-08,INSPECTION,Quarterly ESP system diagnostic and vibration analysis completed,42.1,9756.82
EVT-002717,42-109-41725,Reynolds 12H,Toyah,2025-02-17,FAILURE,"Casing collapse detected during pressure test, integrity compromised",90.7,423276.92
EVT-002718,42-109-41725,Reynolds 12H,Toyah,2024-11-20,FAILURE,"ESP motor failure due to overheating, well shut-in pending replacement",133.4,663253.81
EVT-002719,42-109-41725,Reynolds 12H,Toyah,2023-08-23,FAILURE,"ESP motor failure due to overheating, well shut-in pending replacement",322.8,116700.24
EVT-002720,42-109-41725,Reynolds 12H,Toyah,2024-07-08,FAILURE,"VSD drive failure causing ESP shutdown, replacement ordered",213.6,389934.41
EVT-002721,42-109-41725,Reynolds 12H,Toyah,2026-05-19,FAILURE,"Casing collapse detected during pressure test, integrity compromised",322.4,465253.32
EVT-002722,42-109-41725,Reynolds 12H,Toyah,2026-06-17,FAILURE,"Hole in tubing at 6500ft, severe production loss and gas migration",356.0,547536.09
EVT-002723,42-475-71110,Henderson 8H,Reeves County,2024-07-24,INSPECTION,Annual safety valve inspection and function test completed,36.2,15279.59
EVT-002724,42-475-71110,Henderson 8H,Reeves County,2026-04-21,CHEMICAL_TREATMENT,Quarterly ESP system diagnostic and vibration analysis completed,21.5,13354.42
EVT-002725,42-109-78005,Peterson 7H,Grandfalls,2025-05-18,CHEMICAL_TREATMENT,Corrosion coupon retrieval and analysis - 2 mpy average rate,7.7,9716.42
EVT-002726,42-109-78005,Peterson 7H,Grandfalls,2025-07-19,MAINTENANCE,Surface facility maintenance including separator cleaning and meter calibration,20.1,16196.41
EVT-002727,42-109-78005,Peterson 7H,Grandfalls,2025-04-29,INSPECTION,Quarterly ESP system diagnostic and vibration analysis completed,37.9,12333.77
EVT-002728,42-109-78005,Peterson 7H,Grandfalls,2025-12-21,INSPECTION,Surface facility maintenance including separator cleaning and meter calibration,25.6,21553.36
EVT-002729,42-389-75735,Moore 1H,Pecos Valley,2025-07-12,INSPECTION,Routine tubing pressure test and casing inspection,7.8,578.47
EVT-002730,42-389-75735,Moore 1H,Pecos Valley,2025-12-22,MAINTENANCE,Surface facility maintenance including separator cleaning and meter calibration,30.8,17098.36
EVT-002731,42-389-75735,Moore 1H,Pecos Valley,2024-01-27,CHEMICAL_TREATMENT,Corrosion coupon retrieval and analysis - 2 mpy average rate,42.4,21807.88
EVT-002732,42-389-46176,Torres 9H,Toyah,2026-04-07,MAINTENANCE,Corrosion coupon retrieval and analysis - 2 mpy average rate,22.7,7112.02
EVT-002733,42-389-46176,Torres 9H,Toyah,2025-07-14,INSPECTION,Quarterly ESP system diagnostic and vibration analysis completed,15.3,24860.34
EVT-002734,42-389-46176,Torres 9H,Toyah,2025-12-31,INSPECTION,Quarterly ESP system diagnostic and vibration analysis completed,8.5,17290.1
EVT-002735,42-389-46176,Torres 9H,Toyah,2023-08-21,MAINTENANCE,Routine tubing pressure test and casing inspection,35.2,6616.0
EVT-002736,42-495-36785,Coleman 6H,Delaware Basin,2022-10-08,CHEMICAL_TREATMENT,Quarterly ESP system diagnostic and vibration analysis completed,45.3,19280.29
EVT-002737,42-495-36785,Coleman 6H,Delaware Basin,2026-01-11,MAINTENANCE,Quarterly ESP system diagnostic and vibration analysis completed,3.1,2891.64
EVT-002738,42-495-36785,Coleman 6H,Delaware Basin,2025-10-07,MAINTENANCE,Annual safety valve inspection and function test completed,45.1,2754.72
EVT-002739,42-371-78448,Rivera 6H,Buena Vista,2026-05-06,CHEMICAL_TREATMENT,Quarterly ESP system diagnostic and vibration analysis completed,41.3,10714.17
EVT-002740,42-371-78448,Rivera 6H,Buena Vista,2026-06-14,CHEMICAL_TREATMENT,Routine preventive maintenance on ESP system including motor inspection and cable check,2.7,12041.58
EVT-002741,42-389-66981,Adams 11H,Monahans,2025-08-20,CHEMICAL_TREATMENT,Surface facility maintenance including separator cleaning and meter calibration,19.0,3732.16
EVT-002742,42-371-95072,Ranch 3H,Pecos Valley,2025-12-29,CHEMICAL_TREATMENT,Annual safety valve inspection and function test completed,10.7,21112.35
EVT-002743,42-371-95072,Ranch 3H,Pecos Valley,2024-02-01,CHEMICAL_TREATMENT,Annual safety valve inspection and function test completed,24.7,4019.93
EVT-002744,42-371-95072,Ranch 3H,Pecos Valley,2024-04-01,CHEMICAL_TREATMENT,Quarterly ESP system diagnostic and vibration analysis completed,18.6,22274.98
EVT-002745,42-475-76284,Taylor 8H,Fort Stockton,2026-01-05,CHEMICAL_TREATMENT,Quarterly ESP system diagnostic and vibration analysis completed,35.1,12164.26
EVT-002746,42-475-76284,Taylor 8H,Fort Stockton,2026-02-07,INSPECTION,Quarterly ESP system diagnostic and vibration analysis completed,15.7,21902.49
EVT-002747,42-475-76284,Taylor 8H,Fort Stockton,2025-03-19,INSPECTION,Quarterly ESP system diagnostic and vibration analysis completed,37.3,9521.11
EVT-002748,42-475-76284,Taylor 8H,Fort Stockton,2025-12-07,CHEMICAL_TREATMENT,Corrosion coupon retrieval and analysis - 2 mpy average rate,13.6,16345.18
EVT-002749,42-389-38885,Jordan 1H,Coyanosa,2024-07-17,CHEMICAL_TREATMENT,"Intermittent ESP trips due to gas slugging, VSD ramp adjusted",11.6,9604.47
EVT-002750,42-389-38885,Jordan 1H,Coyanosa,2026-01-31,EQUIPMENT_CHANGE,"Increasing water cut trend noted, zone isolation evaluation in progress",151.0,263063.06
EVT-002751,42-389-38885,Jordan 1H,Coyanosa,2024-12-03,CHEMICAL_TREATMENT,"Increasing water cut trend noted, zone isolation evaluation in progress",43.6,7525.16
EVT-002752,42-389-38885,Jordan 1H,Coyanosa,2024-02-16,INSPECTION,"Intermittent ESP trips due to gas slugging, VSD ramp adjusted",12.5,6710.48
EVT-002753,42-389-38885,Jordan 1H,Coyanosa,2025-08-23,CHEMICAL_TREATMENT,"Elevated motor temperature detected, monitoring increased frequency",21.5,17412.55
EVT-002754,42-389-38885,Jordan 1H,Coyanosa,2026-06-16,EQUIPMENT_CHANGE,"Sand production increasing, pump wear accelerating",72.2,58110.98
EVT-002755,42-389-61373,Russell 4H,Delaware Basin,2026-04-15,CHEMICAL_TREATMENT,Scheduled wellhead maintenance and valve replacement,3.7,10089.18
EVT-002756,42-389-67122,Johnson 6H,Balmorhea,2024-08-24,CHEMICAL_TREATMENT,Routine preventive maintenance on ESP system including motor inspection and cable check,30.4,5632.36
EVT-002757,42-389-67122,Johnson 6H,Balmorhea,2025-01-04,MAINTENANCE,Routine tubing pressure test and casing inspection,14.3,2744.28
EVT-002758,42-389-67122,Johnson 6H,Balmorhea,2024-01-14,MAINTENANCE,Quarterly ESP system diagnostic and vibration analysis completed,31.7,6638.22
EVT-002759,42-495-59878,Moore 5H,Grandfalls,2025-09-17,INSPECTION,Quarterly ESP system diagnostic and vibration analysis completed,34.0,4756.39
EVT-002760,42-495-59878,Moore 5H,Grandfalls,2025-11-16,CHEMICAL_TREATMENT,Routine tubing pressure test and casing inspection,15.2,20628.33
EVT-002761,42-495-59878,Moore 5H,Grandfalls,2025-08-29,INSPECTION,Quarterly ESP system diagnostic and vibration analysis completed,2.6,21008.95
EVT-002762,42-495-59878,Moore 5H,Grandfalls,2025-10-05,CHEMICAL_TREATMENT,Scheduled wellhead maintenance and valve replacement,37.0,17842.2
EVT-002763,42-109-77044,Wheeler 11H,Wink,2025-04-06,INSPECTION,"Scale buildup detected in tubing, chemical squeeze scheduled",41.7,3891.47
EVT-002764,42-109-77044,Wheeler 11H,Wink,2024-09-12,CHEMICAL_TREATMENT,"Gas lift valve partially plugged, reduced injection efficiency",10.6,11421.61
EVT-002765,42-109-77044,Wheeler 11H,Wink,2025-04-08,CHEMICAL_TREATMENT,"Gas lift valve partially plugged, reduced injection efficiency",23.9,4017.27
EVT-002766,42-109-77044,Wheeler 11H,Wink,2023-04-12,EQUIPMENT_CHANGE,Emulsion issues at separator requiring increased demulsifier dosage,91.7,268117.28
EVT-002767,42-109-77044,Wheeler 11H,Wink,2026-02-15,CHEMICAL_TREATMENT,"Increasing water cut trend noted, zone isolation evaluation in progress",17.3,5703.14
EVT-002768,42-109-77044,Wheeler 11H,Wink,2026-06-21,EQUIPMENT_CHANGE,"Scale buildup detected in tubing, chemical squeeze scheduled",146.9,60571.42
EVT-002769,42-389-80126,Griffin 2H,Imperial,2023-08-09,CHEMICAL_TREATMENT,Quarterly ESP system diagnostic and vibration analysis completed,20.0,7117.87
EVT-002770,42-389-31069,Thompson 2H,Loving,2025-04-07,INSPECTION,Annual safety valve inspection and function test completed,39.0,7509.19
EVT-002771,42-389-31069,Thompson 2H,Loving,2025-05-31,CHEMICAL_TREATMENT,Routine preventive maintenance on ESP system including motor inspection and cable check,17.1,14937.62
EVT-002772,42-109-65296,Gray 2H,Loving,2025-09-04,MAINTENANCE,Surface facility maintenance including separator cleaning and meter calibration,27.2,19750.28
EVT-002773,42-109-65296,Gray 2H,Loving,2025-10-16,MAINTENANCE,Routine tubing pressure test and casing inspection,20.8,11709.95
EVT-002774,42-109-65296,Gray 2H,Loving,2024-03-19,CHEMICAL_TREATMENT,Routine tubing pressure test and casing inspection,39.0,18398.92
EVT-002775,42-371-91400,Ellis 2H,Fort Stockton,2025-02-15,INSPECTION,Surface facility maintenance including separator cleaning and meter calibration,2.1,8295.02
EVT-002776,42-371-91400,Ellis 2H,Fort Stockton,2024-11-16,MAINTENANCE,Corrosion coupon retrieval and analysis - 2 mpy average rate,7.4,17696.38
EVT-002777,42-371-84921,Minerals 10H,Red Hills,2025-09-15,WORKOVER,"Rod parting at depth, well dead, workover rig scheduled",484.9,1806280.61
EVT-002778,42-371-84921,Minerals 10H,Red Hills,2025-05-06,FAILURE,"Severe corrosion-induced tubing failure, well flowing up annulus",345.9,441672.48
EVT-002779,42-371-84921,Minerals 10H,Red Hills,2026-01-08,WORKOVER,"Christmas tree valve failure, emergency well control initiated",325.6,1798624.44
EVT-002780,42-371-84921,Minerals 10H,Red Hills,2026-01-23,WORKOVER,"Downhole pump seized due to severe sand production, pulling unit dispatched",315.5,1222957.91
EVT-002781,42-371-84921,Minerals 10H,Red Hills,2026-02-07,FAILURE,"Christmas tree valve failure, emergency well control initiated",197.5,793109.85
EVT-002782,42-371-84921,Minerals 10H,Red Hills,2025-03-23,FAILURE,"Hole in tubing at 6500ft, severe production loss and gas migration",304.5,353727.97
EVT-002783,42-371-84921,Minerals 10H,Red Hills,2025-10-31,EQUIPMENT_CHANGE,"Tubing leak detected at depth, production ceased for workover",137.2,85593.72
EVT-002784,42-371-84921,Minerals 10H,Red Hills,2026-05-19,FAILURE,"ESP motor failure due to overheating, well shut-in pending replacement",173.4,258269.27
EVT-002785,42-371-84921,Minerals 10H,Red Hills,2026-07-07,FAILURE,"Rod parting at depth, well dead, workover rig scheduled",448.9,118057.62
EVT-002786,42-389-32900,Washington 6V,Ward-Estes,2026-03-16,MAINTENANCE,Annual safety valve inspection and function test completed,15.0,6805.57
EVT-002787,42-389-32900,Washington 6V,Ward-Estes,2025-12-01,INSPECTION,Routine tubing pressure test and casing inspection,3.1,9299.58
EVT-002788,42-389-32900,Washington 6V,Ward-Estes,2025-11-02,MAINTENANCE,Routine tubing pressure test and casing inspection,25.6,23417.53
EVT-002789,42-389-32900,Washington 6V,Ward-Estes,2024-10-03,CHEMICAL_TREATMENT,Scheduled wellhead maintenance and valve replacement,15.5,16007.62
EVT-002790,42-389-71139,Collins 3H,Balmorhea,2024-09-23,EQUIPMENT_CHANGE,"Scale buildup detected in tubing, chemical squeeze scheduled",145.0,205066.17
EVT-002791,42-389-71139,Collins 3H,Balmorhea,2026-06-12,INSPECTION,"Elevated motor temperature detected, monitoring increased frequency",15.0,3309.59
EVT-002792,42-389-71139,Collins 3H,Balmorhea,2026-04-16,INSPECTION,"Intermittent ESP trips due to gas slugging, VSD ramp adjusted",42.6,10095.11
EVT-002793,42-389-71139,Collins 3H,Balmorhea,2024-06-11,EQUIPMENT_CHANGE,"Scale buildup detected in tubing, chemical squeeze scheduled",115.0,37959.71
EVT-002794,42-389-71139,Collins 3H,Balmorhea,2026-05-19,FAILURE,"Elevated motor temperature detected, monitoring increased frequency",134.8,195588.69
EVT-002795,42-389-41435,Cooper 8H,Loving,2023-08-13,INSPECTION,Corrosion coupon retrieval and analysis - 2 mpy average rate,24.7,17678.09
EVT-002796,42-389-41435,Cooper 8H,Loving,2025-08-23,INSPECTION,Scheduled wellhead maintenance and valve replacement,18.3,5229.86
EVT-002797,42-389-41435,Cooper 8H,Loving,2026-04-30,INSPECTION,Routine tubing pressure test and casing inspection,34.0,23231.75
EVT-002798,42-389-94325,Cooper 1H,Van Horn,2023-09-08,MAINTENANCE,Scheduled wellhead maintenance and valve replacement,29.9,10643.7
EVT-002799,42-389-94325,Cooper 1H,Van Horn,2024-08-28,INSPECTION,Corrosion coupon retrieval and analysis - 2 mpy average rate,18.5,23985.9
EVT-002800,42-109-52661,Rogers 9H,Buena Vista,2026-05-17,CHEMICAL_TREATMENT,Quarterly ESP system diagnostic and vibration analysis completed,27.5,7175.59
EVT-002801,42-109-52661,Rogers 9H,Buena Vista,2026-03-28,CHEMICAL_TREATMENT,Annual safety valve inspection and function test completed,2.2,4706.81
EVT-002802,42-109-52661,Rogers 9H,Buena Vista,2025-12-16,MAINTENANCE,Annual safety valve inspection and function test completed,25.0,19562.06
EVT-002803,42-389-71208,Rogers 2H,Monahans,2024-05-22,CHEMICAL_TREATMENT,Corrosion coupon retrieval and analysis - 2 mpy average rate,37.3,10539.15
EVT-002804,42-389-71208,Rogers 2H,Monahans,2024-02-19,MAINTENANCE,Routine tubing pressure test and casing inspection,43.0,1687.11
EVT-002805,42-389-71208,Rogers 2H,Monahans,2023-11-10,INSPECTION,Routine preventive maintenance on ESP system including motor inspection and cable check,26.6,24733.2
EVT-002806,42-389-71208,Rogers 2H,Monahans,2025-12-20,CHEMICAL_TREATMENT,Scheduled wellhead maintenance and valve replacement,22.7,4180.51
EVT-002807,42-389-76381,Perry 2V,Buena Vista,2023-12-29,MAINTENANCE,Surface facility maintenance including separator cleaning and meter calibration,6.1,13719.45
EVT-002808,42-389-76381,Perry 2V,Buena Vista,2024-05-07,INSPECTION,Surface facility maintenance including separator cleaning and meter calibration,24.3,2897.51
EVT-002809,42-495-89064,Hart 12H,Mentone,2025-08-10,CHEMICAL_TREATMENT,Scheduled wellhead maintenance and valve replacement,29.4,3004.72
EVT-002810,42-495-89064,Hart 12H,Mentone,2024-07-04,CHEMICAL_TREATMENT,Quarterly ESP system diagnostic and vibration analysis completed,6.7,18122.87
EVT-002811,42-495-89064,Hart 12H,Mentone,2024-11-25,MAINTENANCE,Routine tubing pressure test and casing inspection,38.6,22458.06
EVT-002812,42-475-50929,Powell 11V,Loving,2024-08-25,CHEMICAL_TREATMENT,Routine tubing pressure test and casing inspection,29.9,12843.56
EVT-002813,42-475-50929,Powell 11V,Loving,2026-04-29,MAINTENANCE,Corrosion coupon retrieval and analysis - 2 mpy average rate,41.2,8819.77
EVT-002814,42-371-98597,Ellis 1H,Balmorhea,2025-09-26,MAINTENANCE,Annual safety valve inspection and function test completed,3.8,20166.7
EVT-002815,42-371-98597,Ellis 1H,Balmorhea,2026-03-13,INSPECTION,Corrosion coupon retrieval and analysis - 2 mpy average rate,14.6,15306.98
EVT-002816,42-475-91027,Flores 8H,Kermit,2025-11-25,MAINTENANCE,Scheduled wellhead maintenance and valve replacement,2.1,8505.61
EVT-002817,42-475-91027,Flores 8H,Kermit,2025-12-06,MAINTENANCE,Quarterly ESP system diagnostic and vibration analysis completed,19.2,23814.98
EVT-002818,42-475-91027,Flores 8H,Kermit,2024-07-01,INSPECTION,Annual safety valve inspection and function test completed,18.9,21786.37
EVT-002819,42-109-86681,Hamilton 6H,Monahans,2024-10-27,MAINTENANCE,Scheduled wellhead maintenance and valve replacement,18.3,9565.82
EVT-002820,42-109-86681,Hamilton 6H,Monahans,2026-03-21,INSPECTION,Annual safety valve inspection and function test completed,10.1,15732.69
EVT-002821,42-109-86681,Hamilton 6H,Monahans,2024-05-15,INSPECTION,Scheduled wellhead maintenance and valve replacement,6.0,11191.58
EVT-002822,42-109-86681,Hamilton 6H,Monahans,2024-09-22,MAINTENANCE,Routine preventive maintenance on ESP system including motor inspection and cable check,9.7,18513.23
EVT-002823,42-389-56181,Adams 6H,Reeves County,2026-03-09,EQUIPMENT_CHANGE,"Increasing water cut trend noted, zone isolation evaluation in progress",125.2,237002.06
EVT-002824,42-389-56181,Adams 6H,Reeves County,2026-05-30,INSPECTION,"Increasing water cut trend noted, zone isolation evaluation in progress",9.4,16755.55
EVT-002825,42-389-56181,Adams 6H,Reeves County,2025-10-19,MAINTENANCE,"Paraffin accumulation restricting flow, hot oil treatment performed",47.3,2842.65
EVT-002826,42-389-56181,Adams 6H,Reeves County,2025-07-17,INSPECTION,"Gas lift valve partially plugged, reduced injection efficiency",23.5,12307.54
EVT-002827,42-389-56181,Adams 6H,Reeves County,2026-05-17,EQUIPMENT_CHANGE,"Sand production increasing, pump wear accelerating",155.5,63255.76
EVT-002828,42-475-43102,Barnes 12H,Kermit,2025-11-26,INSPECTION,Quarterly ESP system diagnostic and vibration analysis completed,26.3,6151.96
EVT-002829,42-389-55762,Green 6V,Kermit,2026-04-14,MAINTENANCE,Routine preventive maintenance on ESP system including motor inspection and cable check,29.0,15420.37
EVT-002830,42-389-55762,Green 6V,Kermit,2026-01-13,INSPECTION,Routine preventive maintenance on ESP system including motor inspection and cable check,35.6,12501.94
EVT-002831,42-389-55762,Green 6V,Kermit,2026-02-14,INSPECTION,Annual safety valve inspection and function test completed,44.2,8891.86
EVT-002832,42-495-52009,Ranch 12H,Red Hills,2026-01-31,CHEMICAL_TREATMENT,Corrosion coupon retrieval and analysis - 2 mpy average rate,14.1,2958.16
EVT-002833,42-389-99414,Reed 11H,Red Hills,2026-06-09,INSPECTION,Surface facility maintenance including separator cleaning and meter calibration,32.5,6862.13
EVT-002834,42-389-99414,Reed 11H,Red Hills,2026-01-25,CHEMICAL_TREATMENT,Surface facility maintenance including separator cleaning and meter calibration,25.4,16516.69
EVT-002835,42-475-31656,Anderson 10V,Kermit,2023-11-12,INSPECTION,Surface facility maintenance including separator cleaning and meter calibration,15.6,22514.44
EVT-002836,42-475-89286,Ranch 10H,Balmorhea,2024-06-18,CHEMICAL_TREATMENT,Routine preventive maintenance on ESP system including motor inspection and cable check,11.5,542.52
EVT-002837,42-475-89286,Ranch 10H,Balmorhea,2026-04-15,MAINTENANCE,Annual safety valve inspection and function test completed,36.5,1498.19
EVT-002838,42-371-98860,Beal 3V,Toyah,2023-09-06,CHEMICAL_TREATMENT,Annual safety valve inspection and function test completed,43.9,10130.41
EVT-002839,42-371-98860,Beal 3V,Toyah,2023-10-21,MAINTENANCE,Scheduled wellhead maintenance and valve replacement,14.7,12501.38
EVT-002840,42-371-98860,Beal 3V,Toyah,2023-06-21,MAINTENANCE,Corrosion coupon retrieval and analysis - 2 mpy average rate,39.6,12427.25
EVT-002841,42-371-98860,Beal 3V,Toyah,2023-12-20,INSPECTION,Scheduled wellhead maintenance and valve replacement,7.5,8509.58
EVT-002842,42-389-74588,Beal 2H,Van Horn,2025-07-13,MAINTENANCE,Annual safety valve inspection and function test completed,2.2,19527.76
EVT-002843,42-389-74588,Beal 2H,Van Horn,2026-05-08,CHEMICAL_TREATMENT,Routine tubing pressure test and casing inspection,38.0,22030.37
EVT-002844,42-389-74588,Beal 2H,Van Horn,2026-02-06,MAINTENANCE,Routine preventive maintenance on ESP system including motor inspection and cable check,2.1,20929.25
EVT-002845,42-389-83104,Beal 6H,Reeves County,2024-08-27,CHEMICAL_TREATMENT,Corrosion coupon retrieval and analysis - 2 mpy average rate,46.4,3272.84
EVT-002846,42-495-73946,Morgan 4H,Orla,2026-06-03,MAINTENANCE,Surface facility maintenance including separator cleaning and meter calibration,2.7,23684.23
EVT-002847,42-389-72813,Morris 7H,Van Horn,2024-12-01,INSPECTION,Routine tubing pressure test and casing inspection,7.5,23794.69
EVT-002848,42-389-72813,Morris 7H,Van Horn,2025-09-12,CHEMICAL_TREATMENT,Routine tubing pressure test and casing inspection,24.6,16399.43
EVT-002849,42-389-75723,Ramirez 5H,Van Horn,2025-11-15,CHEMICAL_TREATMENT,Routine preventive maintenance on ESP system including motor inspection and cable check,37.8,13963.58
EVT-002850,42-389-75723,Ramirez 5H,Van Horn,2025-04-28,CHEMICAL_TREATMENT,Routine tubing pressure test and casing inspection,14.3,10343.34
EVT-002851,42-389-75723,Ramirez 5H,Van Horn,2025-08-03,INSPECTION,Quarterly ESP system diagnostic and vibration analysis completed,10.6,4105.26
EVT-002852,42-389-75723,Ramirez 5H,Van Horn,2026-02-23,INSPECTION,Scheduled wellhead maintenance and valve replacement,47.9,17616.91
EVT-002853,42-389-78690,Davis 2H,Wink,2024-09-03,CHEMICAL_TREATMENT,Routine tubing pressure test and casing inspection,29.9,2252.07
EVT-002854,42-495-84889,Anderson 3H,Loving,2023-10-06,INSPECTION,Quarterly ESP system diagnostic and vibration analysis completed,29.7,12451.54
EVT-002855,42-495-84889,Anderson 3H,Loving,2023-07-04,INSPECTION,Annual safety valve inspection and function test completed,43.5,22332.21
EVT-002856,42-495-84889,Anderson 3H,Loving,2026-03-01,MAINTENANCE,Routine tubing pressure test and casing inspection,4.7,23044.45
EVT-002857,42-495-31390,James 10V,Pecos Valley,2025-08-24,INSPECTION,Surface facility maintenance including separator cleaning and meter calibration,11.1,12949.1
EVT-002858,42-495-31390,James 10V,Pecos Valley,2026-01-11,MAINTENANCE,Routine preventive maintenance on ESP system including motor inspection and cable check,35.9,1607.2
EVT-002859,42-495-31390,James 10V,Pecos Valley,2024-11-28,INSPECTION,Routine preventive maintenance on ESP system including motor inspection and cable check,23.1,24471.27
EVT-002860,42-495-31390,James 10V,Pecos Valley,2025-06-25,INSPECTION,Scheduled wellhead maintenance and valve replacement,47.5,16543.2
EVT-002861,42-301-76023,Davis 4H,Balmorhea,2024-03-22,INSPECTION,Corrosion coupon retrieval and analysis - 2 mpy average rate,22.1,19206.0
EVT-002862,42-389-61752,White 2V,Buena Vista,2025-09-19,MAINTENANCE,Annual safety valve inspection and function test completed,6.5,11128.74
EVT-002863,42-389-61752,White 2V,Buena Vista,2025-12-02,MAINTENANCE,Quarterly ESP system diagnostic and vibration analysis completed,19.6,9621.48
EVT-002864,42-389-41062,Harris 8H,Loving,2026-04-09,INSPECTION,"Elevated motor temperature detected, monitoring increased frequency",41.9,10201.06
EVT-002865,42-389-41062,Harris 8H,Loving,2026-04-26,CHEMICAL_TREATMENT,"Intermittent ESP trips due to gas slugging, VSD ramp adjusted",19.1,10241.69
EVT-002866,42-389-41062,Harris 8H,Loving,2026-05-13,EQUIPMENT_CHANGE,"Gas lift valve partially plugged, reduced injection efficiency",128.7,140905.56
EVT-002867,42-109-31157,Reynolds 6H,Imperial,2026-01-02,CHEMICAL_TREATMENT,Scheduled wellhead maintenance and valve replacement,18.2,14408.88
EVT-002868,42-109-31157,Reynolds 6H,Imperial,2026-03-12,INSPECTION,Quarterly ESP system diagnostic and vibration analysis completed,24.3,20907.44
EVT-002869,42-109-31157,Reynolds 6H,Imperial,2026-06-10,CHEMICAL_TREATMENT,Scheduled wellhead maintenance and valve replacement,36.2,5857.3
EVT-002870,42-371-76025,Powell 6H,Red Hills,2024-06-16,WORKOVER,"Tubing leak detected at depth, production ceased for workover",63.4,379836.46
EVT-002871,42-371-76025,Powell 6H,Red Hills,2024-11-06,EQUIPMENT_CHANGE,"Hole in tubing at 6500ft, severe production loss and gas migration",45.2,103106.18
EVT-002872,42-371-76025,Powell 6H,Red Hills,2025-11-17,FAILURE,Gas lift valve failure causing complete loss of artificial lift,239.8,719129.41
EVT-002873,42-371-76025,Powell 6H,Red Hills,2024-12-14,EQUIPMENT_CHANGE,Electrical cable failure on ESP causing complete shutdown,128.2,85293.02
EVT-002874,42-371-76025,Powell 6H,Red Hills,2025-12-07,WORKOVER,"Downhole pump seized due to severe sand production, pulling unit dispatched",253.6,1290474.73
EVT-002875,42-371-76025,Powell 6H,Red Hills,2025-11-04,EQUIPMENT_CHANGE,Complete ESP system failure - motor burnout and pump lockup,112.5,135532.1
EVT-002876,42-371-76025,Powell 6H,Red Hills,2026-06-03,FAILURE,Complete ESP system failure - motor burnout and pump lockup,140.1,654799.06
EVT-002877,42-371-76025,Powell 6H,Red Hills,2026-07-04,FAILURE,"Hole in tubing at 6500ft, severe production loss and gas migration",440.1,463778.1
EVT-002878,42-371-65865,Parker 10V,Red Hills,2025-02-04,MAINTENANCE,Annual safety valve inspection and function test completed,15.5,10645.66
EVT-002879,42-371-65865,Parker 10V,Red Hills,2023-05-28,MAINTENANCE,Corrosion coupon retrieval and analysis - 2 mpy average rate,33.3,3203.34
EVT-002880,42-371-65865,Parker 10V,Red Hills,2025-03-21,MAINTENANCE,Routine tubing pressure test and casing inspection,43.8,3206.84
EVT-002881,42-475-75582,Torres 9H,Loving,2022-08-30,EQUIPMENT_CHANGE,"Rod parting at depth, well dead, workover rig scheduled",96.5,61497.09
EVT-002882,42-475-75582,Torres 9H,Loving,2024-11-29,FAILURE,Complete ESP system failure - motor burnout and pump lockup,281.1,499135.28
EVT-002883,42-475-75582,Torres 9H,Loving,2026-02-04,FAILURE,"Tubing leak detected at depth, production ceased for workover",208.0,785379.49
EVT-002884,42-475-75582,Torres 9H,Loving,2023-09-04,EQUIPMENT_CHANGE,"Tubing leak detected at depth, production ceased for workover",41.2,139264.74
EVT-002885,42-475-75582,Torres 9H,Loving,2026-07-02,FAILURE,"ESP motor failure due to overheating, well shut-in pending replacement",95.0,615308.67
EVT-002886,42-475-75582,Torres 9H,Loving,2026-05-23,FAILURE,"VSD drive failure causing ESP shutdown, replacement ordered",375.7,171010.31
EVT-002887,42-109-80538,Coleman 4H,Red Hills,2026-04-12,CHEMICAL_TREATMENT,Routine preventive maintenance on ESP system including motor inspection and cable check,13.9,7716.01
EVT-002888,42-109-80538,Coleman 4H,Red Hills,2025-03-20,MAINTENANCE,Surface facility maintenance including separator cleaning and meter calibration,21.7,11270.48
EVT-002889,42-301-91089,James 4V,Balmorhea,2025-11-23,INSPECTION,Corrosion coupon retrieval and analysis - 2 mpy average rate,27.8,7214.22
EVT-002890,42-301-91089,James 4V,Balmorhea,2024-12-15,MAINTENANCE,Surface facility maintenance including separator cleaning and meter calibration,47.5,7251.39
EVT-002891,42-301-91089,James 4V,Balmorhea,2024-12-19,INSPECTION,Surface facility maintenance including separator cleaning and meter calibration,10.2,14163.37
EVT-002892,42-301-67823,Foster 4V,Toyah,2025-11-12,CHEMICAL_TREATMENT,Annual safety valve inspection and function test completed,29.3,1648.41
EVT-002893,42-301-67823,Foster 4V,Toyah,2024-01-17,CHEMICAL_TREATMENT,Scheduled wellhead maintenance and valve replacement,13.2,8078.76
EVT-002894,42-301-67823,Foster 4V,Toyah,2025-04-14,INSPECTION,Corrosion coupon retrieval and analysis - 2 mpy average rate,32.6,11493.39
EVT-002895,42-389-31092,Price 11H,Ward-Estes,2024-06-22,INSPECTION,Routine preventive maintenance on ESP system including motor inspection and cable check,47.0,13392.39
EVT-002896,42-389-31092,Price 11H,Ward-Estes,2026-02-17,CHEMICAL_TREATMENT,Routine preventive maintenance on ESP system including motor inspection and cable check,42.3,16323.78
EVT-002897,42-389-31092,Price 11H,Ward-Estes,2024-01-15,CHEMICAL_TREATMENT,Routine tubing pressure test and casing inspection,33.6,3953.5
EVT-002898,42-389-57770,Edwards 9H,Orla,2026-03-07,EQUIPMENT_CHANGE,"Sand production increasing, pump wear accelerating",138.3,232801.51
EVT-002899,42-389-57770,Edwards 9H,Orla,2024-07-04,INSPECTION,"Scale buildup detected in tubing, chemical squeeze scheduled",22.5,1733.45
EVT-002900,42-389-57770,Edwards 9H,Orla,2026-02-19,EQUIPMENT_CHANGE,"Intermittent ESP trips due to gas slugging, VSD ramp adjusted",15.8,198363.41
EVT-002901,42-389-57770,Edwards 9H,Orla,2026-04-23,FAILURE,"Sand production increasing, pump wear accelerating",162.1,390459.44
EVT-002902,42-475-73841,Torres 2H,Fort Stockton,2025-09-15,MAINTENANCE,Routine preventive maintenance on ESP system including motor inspection and cable check,31.8,2501.31
EVT-002903,42-475-73841,Torres 2H,Fort Stockton,2025-10-16,MAINTENANCE,Scheduled wellhead maintenance and valve replacement,36.0,3639.04
EVT-002904,42-475-73841,Torres 2H,Fort Stockton,2025-08-29,INSPECTION,Corrosion coupon retrieval and analysis - 2 mpy average rate,30.1,16919.88
EVT-002905,42-389-95907,Reed 10H,Fort Stockton,2025-10-24,EQUIPMENT_CHANGE,"Increasing water cut trend noted, zone isolation evaluation in progress",54.4,235290.92
EVT-002906,42-389-95907,Reed 10H,Fort Stockton,2025-11-19,CHEMICAL_TREATMENT,"Sand production increasing, pump wear accelerating",7.6,3222.78
EVT-002907,42-389-95907,Reed 10H,Fort Stockton,2025-10-30,MAINTENANCE,"Scale buildup detected in tubing, chemical squeeze scheduled",7.5,13666.38
EVT-002908,42-389-95907,Reed 10H,Fort Stockton,2025-10-30,INSPECTION,"Scale buildup detected in tubing, chemical squeeze scheduled",7.2,21420.11
EVT-002909,42-389-95907,Reed 10H,Fort Stockton,2026-06-07,INSPECTION,"Increasing water cut trend noted, zone isolation evaluation in progress",46.8,21927.89
EVT-002910,42-389-95907,Reed 10H,Fort Stockton,2026-05-29,EQUIPMENT_CHANGE,"Paraffin accumulation restricting flow, hot oil treatment performed",86.3,114525.64
EVT-002911,42-389-80837,Minerals 2H,Grandfalls,2025-08-16,CHEMICAL_TREATMENT,Routine tubing pressure test and casing inspection,12.2,21001.22
EVT-002912,42-389-80837,Minerals 2H,Grandfalls,2025-03-08,MAINTENANCE,Surface facility maintenance including separator cleaning and meter calibration,43.8,24121.53
EVT-002913,42-389-80837,Minerals 2H,Grandfalls,2026-03-26,INSPECTION,Scheduled wellhead maintenance and valve replacement,5.5,18722.51
EVT-002914,42-389-55035,State 8H,Mentone,2024-01-27,INSPECTION,Annual safety valve inspection and function test completed,42.7,12355.24
EVT-002915,42-371-67487,Coleman 9H,Reeves County,2024-10-23,INSPECTION,"Increasing water cut trend noted, zone isolation evaluation in progress",33.4,12812.63
EVT-002916,42-371-67487,Coleman 9H,Reeves County,2025-07-19,MAINTENANCE,"Sand production increasing, pump wear accelerating",44.1,18831.9
EVT-002917,42-371-67487,Coleman 9H,Reeves County,2025-09-22,INSPECTION,"Gas lift valve partially plugged, reduced injection efficiency",15.9,15199.31
EVT-002918,42-371-67487,Coleman 9H,Reeves County,2025-12-09,MAINTENANCE,"Elevated motor temperature detected, monitoring increased frequency",10.8,4211.54
EVT-002919,42-371-67487,Coleman 9H,Reeves County,2025-09-12,EQUIPMENT_CHANGE,"Intermittent ESP trips due to gas slugging, VSD ramp adjusted",41.2,180911.23
EVT-002920,42-371-67487,Coleman 9H,Reeves County,2025-06-05,MAINTENANCE,"Sand production increasing, pump wear accelerating",47.8,3178.17
EVT-002921,42-371-67487,Coleman 9H,Reeves County,2026-04-30,FAILURE,"Intermittent ESP trips due to gas slugging, VSD ramp adjusted",303.6,670678.35
EVT-002922,42-495-96086,Perry 12H,Coyanosa,2026-02-20,CHEMICAL_TREATMENT,"Increasing water cut trend noted, zone isolation evaluation in progress",17.1,22945.41
EVT-002923,42-495-96086,Perry 12H,Coyanosa,2026-06-12,MAINTENANCE,"Paraffin accumulation restricting flow, hot oil treatment performed",25.4,16210.33
EVT-002924,42-495-96086,Perry 12H,Coyanosa,2026-06-13,CHEMICAL_TREATMENT,"Elevated motor temperature detected, monitoring increased frequency",20.3,18149.38
EVT-002925,42-495-96086,Perry 12H,Coyanosa,2026-03-06,CHEMICAL_TREATMENT,"Gas lift valve partially plugged, reduced injection efficiency",2.3,5621.66
EVT-002926,42-495-96086,Perry 12H,Coyanosa,2026-05-01,EQUIPMENT_CHANGE,"Gas lift valve partially plugged, reduced injection efficiency",72.2,222619.89
EVT-002927,42-495-33084,Cooper 7H,Ward-Estes,2023-06-28,INSPECTION,Corrosion coupon retrieval and analysis - 2 mpy average rate,21.7,22841.5
EVT-002928,42-495-33084,Cooper 7H,Ward-Estes,2024-01-13,INSPECTION,Routine tubing pressure test and casing inspection,2.5,18968.3
EVT-002929,42-495-33084,Cooper 7H,Ward-Estes,2023-01-25,CHEMICAL_TREATMENT,Surface facility maintenance including separator cleaning and meter calibration,40.1,6158.17
EVT-002930,42-301-72298,Hill 10H,Culberson County,2026-06-02,CHEMICAL_TREATMENT,Annual safety valve inspection and function test completed,14.6,4802.83
EVT-002931,42-301-72298,Hill 10H,Culberson County,2026-01-21,CHEMICAL_TREATMENT,Routine tubing pressure test and casing inspection,33.7,14724.05
EVT-002932,42-301-72298,Hill 10H,Culberson County,2023-01-06,INSPECTION,Scheduled wellhead maintenance and valve replacement,16.9,13582.89
EVT-002933,42-301-72298,Hill 10H,Culberson County,2026-05-26,CHEMICAL_TREATMENT,Scheduled wellhead maintenance and valve replacement,39.5,3677.4
EVT-002934,42-475-83714,Hayes 9H,Mentone,2025-03-28,CHEMICAL_TREATMENT,Scheduled wellhead maintenance and valve replacement,10.9,9907.9
EVT-002935,42-475-83714,Hayes 9H,Mentone,2026-04-11,CHEMICAL_TREATMENT,Surface facility maintenance including separator cleaning and meter calibration,10.3,22010.52
EVT-002936,42-475-83714,Hayes 9H,Mentone,2025-03-14,INSPECTION,Routine tubing pressure test and casing inspection,11.6,24144.27
EVT-002937,42-371-90393,Hamilton 2V,Orla,2023-08-27,CHEMICAL_TREATMENT,Surface facility maintenance including separator cleaning and meter calibration,19.0,14057.56
EVT-002938,42-371-90393,Hamilton 2V,Orla,2024-01-28,CHEMICAL_TREATMENT,Annual safety valve inspection and function test completed,36.9,3327.32
EVT-002939,42-371-90393,Hamilton 2V,Orla,2023-12-13,INSPECTION,Scheduled wellhead maintenance and valve replacement,4.4,1736.42
EVT-002940,42-371-90393,Hamilton 2V,Orla,2025-07-05,CHEMICAL_TREATMENT,Scheduled wellhead maintenance and valve replacement,4.2,2468.22
EVT-002941,42-475-79664,Wheeler 2H,Van Horn,2023-02-28,MAINTENANCE,"Gas lift valve partially plugged, reduced injection efficiency",41.5,16932.16
EVT-002942,42-475-79664,Wheeler 2H,Van Horn,2025-04-21,CHEMICAL_TREATMENT,"Increasing water cut trend noted, zone isolation evaluation in progress",41.7,14844.56
EVT-002943,42-475-79664,Wheeler 2H,Van Horn,2023-07-19,EQUIPMENT_CHANGE,"Scale buildup detected in tubing, chemical squeeze scheduled",75.3,232596.5
EVT-002944,42-475-79664,Wheeler 2H,Van Horn,2025-06-21,INSPECTION,Emulsion issues at separator requiring increased demulsifier dosage,25.2,7225.6
EVT-002945,42-475-79664,Wheeler 2H,Van Horn,2026-05-31,FAILURE,"Scale buildup detected in tubing, chemical squeeze scheduled",304.9,286891.72
EVT-002946,42-389-88436,Adams 12V,Fort Stockton,2024-08-08,CHEMICAL_TREATMENT,"Sand production increasing, pump wear accelerating",25.2,15857.07
EVT-002947,42-389-88436,Adams 12V,Fort Stockton,2023-11-08,INSPECTION,"Paraffin accumulation restricting flow, hot oil treatment performed",17.1,19648.24
EVT-002948,42-389-88436,Adams 12V,Fort Stockton,2023-12-06,EQUIPMENT_CHANGE,"Sand production increasing, pump wear accelerating",96.0,203424.81
EVT-002949,42-389-88436,Adams 12V,Fort Stockton,2026-01-04,MAINTENANCE,"Intermittent ESP trips due to gas slugging, VSD ramp adjusted",31.1,962.75
EVT-002950,42-389-88436,Adams 12V,Fort Stockton,2025-09-11,MAINTENANCE,"Gas lift valve partially plugged, reduced injection efficiency",24.8,13126.24
EVT-002951,42-389-88436,Adams 12V,Fort Stockton,2024-12-29,EQUIPMENT_CHANGE,"Sand production increasing, pump wear accelerating",31.3,152453.43
EVT-002952,42-389-88436,Adams 12V,Fort Stockton,2026-06-01,FAILURE,"Sand production increasing, pump wear accelerating",97.8,221607.15
EVT-002953,42-475-60161,Resources 6H,Reeves County,2025-09-11,FAILURE,"Downhole pump seized due to severe sand production, pulling unit dispatched",269.7,531310.38
EVT-002954,42-475-60161,Resources 6H,Reeves County,2026-04-29,EQUIPMENT_CHANGE,"Christmas tree valve failure, emergency well control initiated",142.1,263224.56
EVT-002955,42-475-60161,Resources 6H,Reeves County,2023-01-05,FAILURE,"Christmas tree valve failure, emergency well control initiated",380.8,172512.86
EVT-002956,42-475-60161,Resources 6H,Reeves County,2026-06-01,FAILURE,"Rod parting at depth, well dead, workover rig scheduled",372.1,184250.14
EVT-002957,42-475-60161,Resources 6H,Reeves County,2026-05-30,FAILURE,"Casing collapse detected during pressure test, integrity compromised",413.8,26439.84
EVT-002958,42-475-91165,Richardson 1H,Fort Stockton,2025-06-04,INSPECTION,Corrosion coupon retrieval and analysis - 2 mpy average rate,28.4,15356.87
EVT-002959,42-475-91165,Richardson 1H,Fort Stockton,2025-12-23,CHEMICAL_TREATMENT,Annual safety valve inspection and function test completed,26.4,2469.94
EVT-002960,42-475-91165,Richardson 1H,Fort Stockton,2025-05-22,INSPECTION,Annual safety valve inspection and function test completed,35.3,19486.23
EVT-002961,42-475-91165,Richardson 1H,Fort Stockton,2025-05-28,MAINTENANCE,Annual safety valve inspection and function test completed,45.5,22731.04
EVT-002962,42-301-80921,Stewart 8H,Monahans,2026-01-01,CHEMICAL_TREATMENT,Quarterly ESP system diagnostic and vibration analysis completed,27.3,21600.8
EVT-002963,42-301-80921,Stewart 8H,Monahans,2025-01-31,INSPECTION,Corrosion coupon retrieval and analysis - 2 mpy average rate,20.7,12023.99
EVT-002964,42-301-80921,Stewart 8H,Monahans,2026-02-18,INSPECTION,Scheduled wellhead maintenance and valve replacement,35.8,18888.67
EVT-002965,42-371-32942,Simmons 3H,Reeves County,2024-05-05,INSPECTION,"Scale buildup detected in tubing, chemical squeeze scheduled",34.3,9504.85
EVT-002966,42-371-32942,Simmons 3H,Reeves County,2025-11-27,EQUIPMENT_CHANGE,Emulsion issues at separator requiring increased demulsifier dosage,145.1,179895.3
EVT-002967,42-371-32942,Simmons 3H,Reeves County,2025-12-06,MAINTENANCE,"Scale buildup detected in tubing, chemical squeeze scheduled",35.3,9818.69
EVT-002968,42-371-32942,Simmons 3H,Reeves County,2026-05-07,EQUIPMENT_CHANGE,"Sand production increasing, pump wear accelerating",63.3,57897.07
EVT-002969,42-371-94725,Woods 8H,Mentone,2025-08-25,MAINTENANCE,Quarterly ESP system diagnostic and vibration analysis completed,3.7,5141.19
EVT-002970,42-389-78380,Patterson 5H,Culberson County,2025-11-07,INSPECTION,Quarterly ESP system diagnostic and vibration analysis completed,34.1,19466.3
EVT-002971,42-389-78380,Patterson 5H,Culberson County,2026-03-21,INSPECTION,Corrosion coupon retrieval and analysis - 2 mpy average rate,2.1,14072.5
EVT-002972,42-389-78380,Patterson 5H,Culberson County,2025-08-10,INSPECTION,Surface facility maintenance including separator cleaning and meter calibration,31.7,4988.76
EVT-002973,42-389-59041,Nelson 8H,Culberson County,2025-12-08,INSPECTION,Corrosion coupon retrieval and analysis - 2 mpy average rate,8.7,2710.05
EVT-002974,42-389-59041,Nelson 8H,Culberson County,2025-12-30,CHEMICAL_TREATMENT,Surface facility maintenance including separator cleaning and meter calibration,4.8,1759.82
EVT-002975,42-389-59041,Nelson 8H,Culberson County,2026-02-27,MAINTENANCE,Routine preventive maintenance on ESP system including motor inspection and cable check,21.8,8698.28
EVT-002976,42-389-59041,Nelson 8H,Culberson County,2025-07-08,INSPECTION,Quarterly ESP system diagnostic and vibration analysis completed,22.1,19904.2
EVT-002977,42-389-38418,White 9H,Orla,2026-02-24,MAINTENANCE,Routine tubing pressure test and casing inspection,40.5,4348.38
EVT-002978,42-389-38418,White 9H,Orla,2024-05-10,CHEMICAL_TREATMENT,Surface facility maintenance including separator cleaning and meter calibration,3.7,7187.31
EVT-002979,42-371-88645,Roberts 8V,Grandfalls,2023-08-21,MAINTENANCE,Surface facility maintenance including separator cleaning and meter calibration,32.4,13147.88
EVT-002980,42-371-88645,Roberts 8V,Grandfalls,2023-07-09,CHEMICAL_TREATMENT,Surface facility maintenance including separator cleaning and meter calibration,11.6,6723.54
EVT-002981,42-371-88645,Roberts 8V,Grandfalls,2024-12-10,MAINTENANCE,Quarterly ESP system diagnostic and vibration analysis completed,18.7,22135.97
EVT-002982,42-371-88645,Roberts 8V,Grandfalls,2024-06-16,CHEMICAL_TREATMENT,Surface facility maintenance including separator cleaning and meter calibration,9.8,1007.8
EVT-002983,42-495-72688,Turner 2H,Balmorhea,2026-06-04,MAINTENANCE,"Intermittent ESP trips due to gas slugging, VSD ramp adjusted",12.5,9892.23
EVT-002984,42-495-72688,Turner 2H,Balmorhea,2025-08-06,CHEMICAL_TREATMENT,"Elevated motor temperature detected, monitoring increased frequency",45.1,2965.02
EVT-002985,42-495-72688,Turner 2H,Balmorhea,2025-07-16,EQUIPMENT_CHANGE,"Paraffin accumulation restricting flow, hot oil treatment performed",83.7,104832.01
EVT-002986,42-495-72688,Turner 2H,Balmorhea,2026-03-16,MAINTENANCE,Emulsion issues at separator requiring increased demulsifier dosage,43.5,779.52
EVT-002987,42-495-72688,Turner 2H,Balmorhea,2026-01-30,CHEMICAL_TREATMENT,"Increasing water cut trend noted, zone isolation evaluation in progress",27.8,12897.93
EVT-002988,42-495-72688,Turner 2H,Balmorhea,2026-05-28,FAILURE,Emulsion issues at separator requiring increased demulsifier dosage,101.7,536658.19
EVT-002989,42-371-67657,Baker 5V,Grandfalls,2025-11-07,INSPECTION,Scheduled wellhead maintenance and valve replacement,13.5,2066.37
EVT-002990,42-475-53758,Gray 4H,Orla,2026-03-24,CHEMICAL_TREATMENT,Quarterly ESP system diagnostic and vibration analysis completed,22.9,13827.0
EVT-002991,42-475-53758,Gray 4H,Orla,2026-06-15,INSPECTION,Scheduled wellhead maintenance and valve replacement,15.8,22340.3
EVT-002992,42-475-53758,Gray 4H,Orla,2026-05-31,INSPECTION,Scheduled wellhead maintenance and valve replacement,25.6,12981.92
EVT-002993,42-475-53758,Gray 4H,Orla,2026-01-31,MAINTENANCE,Scheduled wellhead maintenance and valve replacement,29.4,20601.66
EVT-002994,42-475-45864,Davis 8H,Fort Stockton,2024-12-02,CHEMICAL_TREATMENT,Corrosion coupon retrieval and analysis - 2 mpy average rate,39.0,13842.02
EVT-002995,42-475-45864,Davis 8H,Fort Stockton,2025-08-24,MAINTENANCE,Surface facility maintenance including separator cleaning and meter calibration,41.2,19586.22
EVT-002996,42-389-65531,Evans 9H,Toyah,2026-05-28,CHEMICAL_TREATMENT,Routine tubing pressure test and casing inspection,22.5,15411.12
EVT-002997,42-389-65531,Evans 9H,Toyah,2025-06-19,CHEMICAL_TREATMENT,Routine preventive maintenance on ESP system including motor inspection and cable check,33.1,21830.16
EVT-002998,42-109-94682,Martin 6H,Grandfalls,2025-08-04,MAINTENANCE,Surface facility maintenance including separator cleaning and meter calibration,14.6,13102.47
EVT-002999,42-301-39102,Bell 6V,Monahans,2026-05-26,CHEMICAL_TREATMENT,Routine tubing pressure test and casing inspection,22.8,10220.37
EVT-003000,42-301-39102,Bell 6V,Monahans,2024-09-13,CHEMICAL_TREATMENT,Scheduled wellhead maintenance and valve replacement,32.4,17582.72
EVT-003001,42-301-39102,Bell 6V,Monahans,2025-06-01,CHEMICAL_TREATMENT,Corrosion coupon retrieval and analysis - 2 mpy average rate,14.6,24735.91
EVT-003002,42-389-89017,West 6V,Mentone,2026-05-04,CHEMICAL_TREATMENT,Routine preventive maintenance on ESP system including motor inspection and cable check,36.6,24661.63
EVT-003003,42-389-89017,West 6V,Mentone,2026-05-22,MAINTENANCE,Routine preventive maintenance on ESP system including motor inspection and cable check,28.5,22963.51
EVT-003004,42-389-56804,Collins 10H,Delaware Basin,2026-01-10,CHEMICAL_TREATMENT,Surface facility maintenance including separator cleaning and meter calibration,14.4,2807.25
EVT-003005,42-389-56804,Collins 10H,Delaware Basin,2026-02-25,MAINTENANCE,Annual safety valve inspection and function test completed,32.8,13593.27
EVT-003006,42-371-36702,Harrison 10H,Fort Stockton,2025-10-30,MAINTENANCE,Corrosion coupon retrieval and analysis - 2 mpy average rate,38.9,6654.35
EVT-003007,42-371-36702,Harrison 10H,Fort Stockton,2026-01-23,CHEMICAL_TREATMENT,Annual safety valve inspection and function test completed,19.1,21119.71
EVT-003008,42-371-36702,Harrison 10H,Fort Stockton,2025-06-23,INSPECTION,Scheduled wellhead maintenance and valve replacement,5.8,3154.49
EVT-003009,42-371-36702,Harrison 10H,Fort Stockton,2025-11-06,CHEMICAL_TREATMENT,Annual safety valve inspection and function test completed,3.0,8923.68
EVT-003010,42-475-89802,Cox 11H,Buena Vista,2025-04-27,INSPECTION,Routine tubing pressure test and casing inspection,27.2,10147.38
EVT-003011,42-475-89802,Cox 11H,Buena Vista,2025-07-05,INSPECTION,Corrosion coupon retrieval and analysis - 2 mpy average rate,41.6,10872.75
EVT-003012,42-495-80499,West 5V,Orla,2026-01-14,CHEMICAL_TREATMENT,Corrosion coupon retrieval and analysis - 2 mpy average rate,22.3,10710.06
EVT-003013,42-389-82901,Alexander 3H,Kermit,2026-02-05,CHEMICAL_TREATMENT,Quarterly ESP system diagnostic and vibration analysis completed,43.4,3004.19
EVT-003014,42-389-82901,Alexander 3H,Kermit,2025-09-02,INSPECTION,Surface facility maintenance including separator cleaning and meter calibration,46.6,16024.5
EVT-003015,42-389-82901,Alexander 3H,Kermit,2025-01-20,CHEMICAL_TREATMENT,Routine tubing pressure test and casing inspection,9.3,24646.69
EVT-003016,42-389-82901,Alexander 3H,Kermit,2025-03-30,MAINTENANCE,Annual safety valve inspection and function test completed,32.7,12453.68
EVT-003017,42-389-85291,Resources 12H,Loving,2024-09-09,CHEMICAL_TREATMENT,Surface facility maintenance including separator cleaning and meter calibration,11.8,21942.6
EVT-003018,42-389-85291,Resources 12H,Loving,2023-04-22,CHEMICAL_TREATMENT,Quarterly ESP system diagnostic and vibration analysis completed,30.8,16005.27
EVT-003019,42-475-76064,Morris 6V,Grandfalls,2026-02-28,INSPECTION,"Intermittent ESP trips due to gas slugging, VSD ramp adjusted",42.0,14833.38
EVT-003020,42-475-76064,Morris 6V,Grandfalls,2025-05-06,CHEMICAL_TREATMENT,"Paraffin accumulation restricting flow, hot oil treatment performed",14.7,24246.23
EVT-003021,42-475-76064,Morris 6V,Grandfalls,2024-11-05,INSPECTION,"Sand production increasing, pump wear accelerating",11.1,818.05
EVT-003022,42-475-76064,Morris 6V,Grandfalls,2025-06-19,EQUIPMENT_CHANGE,"Intermittent ESP trips due to gas slugging, VSD ramp adjusted",28.2,56659.21
EVT-003023,42-475-76064,Morris 6V,Grandfalls,2023-08-09,EQUIPMENT_CHANGE,"Scale buildup detected in tubing, chemical squeeze scheduled",159.4,260617.67
EVT-003024,42-475-76064,Morris 6V,Grandfalls,2026-05-15,FAILURE,"Sand production increasing, pump wear accelerating",130.6,646892.96
EVT-003025,42-109-98599,Hill 11H,Grandfalls,2026-01-05,INSPECTION,Scheduled wellhead maintenance and valve replacement,22.8,17738.22
EVT-003026,42-109-98599,Hill 11H,Grandfalls,2026-03-22,CHEMICAL_TREATMENT,Annual safety valve inspection and function test completed,12.9,18159.86
EVT-003027,42-495-84645,Edwards 8H,Ward-Estes,2026-01-11,MAINTENANCE,Routine preventive maintenance on ESP system including motor inspection and cable check,28.4,24792.3
EVT-003028,42-371-78052,Hughes 10H,Wink,2026-04-13,INSPECTION,Routine tubing pressure test and casing inspection,12.4,24053.89
EVT-003029,42-371-78052,Hughes 10H,Wink,2026-03-26,MAINTENANCE,Quarterly ESP system diagnostic and vibration analysis completed,33.4,17664.28
EVT-003030,42-371-78052,Hughes 10H,Wink,2026-03-16,INSPECTION,Routine tubing pressure test and casing inspection,20.8,3311.4
EVT-003031,42-371-78052,Hughes 10H,Wink,2025-09-15,INSPECTION,Surface facility maintenance including separator cleaning and meter calibration,20.4,1246.89
EVT-003032,42-301-78931,Land Trust 11H,Mentone,2023-07-08,CHEMICAL_TREATMENT,Surface facility maintenance including separator cleaning and meter calibration,4.2,4271.33
EVT-003033,42-301-78931,Land Trust 11H,Mentone,2024-07-24,CHEMICAL_TREATMENT,Scheduled wellhead maintenance and valve replacement,38.1,16409.91
EVT-003034,42-301-78931,Land Trust 11H,Mentone,2026-03-03,CHEMICAL_TREATMENT,Surface facility maintenance including separator cleaning and meter calibration,12.4,11780.58
EVT-003035,42-301-78931,Land Trust 11H,Mentone,2025-03-18,INSPECTION,Annual safety valve inspection and function test completed,42.8,16408.38
EVT-003036,42-475-35565,Henderson 7H,Culberson County,2026-04-17,MAINTENANCE,Routine tubing pressure test and casing inspection,32.6,21258.56
EVT-003037,42-475-35565,Henderson 7H,Culberson County,2024-06-26,MAINTENANCE,Scheduled wellhead maintenance and valve replacement,42.7,15973.06
EVT-003038,42-301-66068,Davis 8H,Orla,2026-04-23,INSPECTION,Surface facility maintenance including separator cleaning and meter calibration,20.9,15836.97
EVT-003039,42-301-66068,Davis 8H,Orla,2025-11-02,INSPECTION,Corrosion coupon retrieval and analysis - 2 mpy average rate,40.6,21180.64
EVT-003040,42-301-66068,Davis 8H,Orla,2025-07-15,MAINTENANCE,Corrosion coupon retrieval and analysis - 2 mpy average rate,42.2,1151.13
EVT-003041,42-389-70737,Bass 8H,Van Horn,2025-04-07,CHEMICAL_TREATMENT,Quarterly ESP system diagnostic and vibration analysis completed,17.1,17179.41
EVT-003042,42-389-70737,Bass 8H,Van Horn,2025-08-30,MAINTENANCE,Scheduled wellhead maintenance and valve replacement,17.8,22351.68
EVT-003043,42-389-70737,Bass 8H,Van Horn,2025-05-06,MAINTENANCE,Quarterly ESP system diagnostic and vibration analysis completed,25.5,24657.83
EVT-003044,42-389-31399,Howard 4H,Reeves County,2025-08-22,MAINTENANCE,Annual safety valve inspection and function test completed,27.0,17098.62
EVT-003045,42-389-31399,Howard 4H,Reeves County,2025-03-25,CHEMICAL_TREATMENT,Quarterly ESP system diagnostic and vibration analysis completed,20.2,5175.79
EVT-003046,42-109-92115,Hayes 1H,Pecos Valley,2026-03-22,CHEMICAL_TREATMENT,Annual safety valve inspection and function test completed,26.4,1915.53
EVT-003047,42-109-92115,Hayes 1H,Pecos Valley,2024-03-25,MAINTENANCE,Annual safety valve inspection and function test completed,46.4,19715.19
EVT-003048,42-109-92115,Hayes 1H,Pecos Valley,2025-04-08,CHEMICAL_TREATMENT,Routine tubing pressure test and casing inspection,44.4,9698.9
EVT-003049,42-109-92115,Hayes 1H,Pecos Valley,2024-05-19,MAINTENANCE,Annual safety valve inspection and function test completed,3.3,6905.51
EVT-003050,42-475-53006,Hart 3H,Loving,2025-03-03,CHEMICAL_TREATMENT,Scheduled wellhead maintenance and valve replacement,20.2,20110.65
EVT-003051,42-475-53006,Hart 3H,Loving,2024-09-20,INSPECTION,Annual safety valve inspection and function test completed,3.4,16050.69
EVT-003052,42-475-69263,Hayes 11H,Grandfalls,2026-04-24,MAINTENANCE,Scheduled wellhead maintenance and valve replacement,16.6,2539.42
EVT-003053,42-389-74561,University 6H,Grandfalls,2025-01-03,CHEMICAL_TREATMENT,Surface facility maintenance including separator cleaning and meter calibration,26.3,10376.92
EVT-003054,42-389-74561,University 6H,Grandfalls,2026-01-12,INSPECTION,Scheduled wellhead maintenance and valve replacement,14.9,16206.09
EVT-003055,42-475-41537,Rivera 7H,Balmorhea,2023-11-28,CHEMICAL_TREATMENT,"Sand production increasing, pump wear accelerating",40.4,1121.86
EVT-003056,42-475-41537,Rivera 7H,Balmorhea,2026-01-14,EQUIPMENT_CHANGE,"Gas lift valve partially plugged, reduced injection efficiency",113.6,138318.13
EVT-003057,42-475-41537,Rivera 7H,Balmorhea,2025-10-04,CHEMICAL_TREATMENT,"Intermittent ESP trips due to gas slugging, VSD ramp adjusted",9.9,23715.99
EVT-003058,42-475-41537,Rivera 7H,Balmorhea,2024-05-16,INSPECTION,"Sand production increasing, pump wear accelerating",23.0,17185.17
EVT-003059,42-475-41537,Rivera 7H,Balmorhea,2026-04-18,EQUIPMENT_CHANGE,Emulsion issues at separator requiring increased demulsifier dosage,80.1,290175.73
EVT-003060,42-389-50707,James 4H,Ward-Estes,2024-06-30,WORKOVER,"Casing collapse detected during pressure test, integrity compromised",626.7,1891932.96
EVT-003061,42-389-50707,James 4H,Ward-Estes,2025-05-19,FAILURE,Electrical cable failure on ESP causing complete shutdown,62.6,116491.18
EVT-003062,42-389-50707,James 4H,Ward-Estes,2026-07-04,FAILURE,Gas lift valve failure causing complete loss of artificial lift,207.1,770477.18
EVT-003063,42-389-50707,James 4H,Ward-Estes,2026-07-10,FAILURE,Complete ESP system failure - motor burnout and pump lockup,109.8,415757.8
EVT-003064,42-301-95338,Nelson 5V,Ward-Estes,2025-08-13,FAILURE,Gas lift valve failure causing complete loss of artificial lift,446.0,118590.37
EVT-003065,42-301-95338,Nelson 5V,Ward-Estes,2025-08-20,FAILURE,"Casing collapse detected during pressure test, integrity compromised",454.4,110409.35
EVT-003066,42-301-95338,Nelson 5V,Ward-Estes,2025-08-10,FAILURE,"VSD drive failure causing ESP shutdown, replacement ordered",295.7,614499.23
EVT-003067,42-301-95338,Nelson 5V,Ward-Estes,2026-05-26,FAILURE,Gas lift valve failure causing complete loss of artificial lift,260.1,769355.48
EVT-003068,42-301-95338,Nelson 5V,Ward-Estes,2026-06-06,FAILURE,"Tubing leak detected at depth, production ceased for workover",273.5,670994.35
EVT-003069,42-475-55377,Coleman 5H,Culberson County,2025-10-31,MAINTENANCE,Routine preventive maintenance on ESP system including motor inspection and cable check,44.2,21482.27
EVT-003070,42-475-55377,Coleman 5H,Culberson County,2024-10-30,MAINTENANCE,Corrosion coupon retrieval and analysis - 2 mpy average rate,44.2,9981.35
EVT-003071,42-475-55377,Coleman 5H,Culberson County,2026-02-22,CHEMICAL_TREATMENT,Routine preventive maintenance on ESP system including motor inspection and cable check,13.4,9002.04
EVT-003072,42-475-55377,Coleman 5H,Culberson County,2024-03-08,CHEMICAL_TREATMENT,Scheduled wellhead maintenance and valve replacement,13.6,20323.26
EVT-003073,42-495-33103,Woods 7H,Kermit,2026-02-04,MAINTENANCE,Annual safety valve inspection and function test completed,2.2,22093.29
EVT-003074,42-495-33103,Woods 7H,Kermit,2022-11-18,CHEMICAL_TREATMENT,Quarterly ESP system diagnostic and vibration analysis completed,17.2,12625.42
EVT-003075,42-495-33103,Woods 7H,Kermit,2023-10-13,MAINTENANCE,Annual safety valve inspection and function test completed,9.1,17915.19
EVT-003076,42-495-33103,Woods 7H,Kermit,2026-03-28,MAINTENANCE,Annual safety valve inspection and function test completed,36.7,7941.93
EVT-003077,42-475-93238,Wood 5H,Monahans,2025-05-13,INSPECTION,"Increasing water cut trend noted, zone isolation evaluation in progress",39.9,11978.76
EVT-003078,42-475-93238,Wood 5H,Monahans,2024-01-16,INSPECTION,"Elevated motor temperature detected, monitoring increased frequency",22.9,22193.73
EVT-003079,42-475-93238,Wood 5H,Monahans,2026-04-10,EQUIPMENT_CHANGE,"Intermittent ESP trips due to gas slugging, VSD ramp adjusted",62.5,251026.62
EVT-003080,42-475-93238,Wood 5H,Monahans,2026-04-26,FAILURE,"Sand production increasing, pump wear accelerating",441.7,311115.37
EVT-003081,42-109-75081,Richardson 8H,Buena Vista,2025-05-10,INSPECTION,Surface facility maintenance including separator cleaning and meter calibration,44.8,11845.74
EVT-003082,42-109-75081,Richardson 8H,Buena Vista,2026-01-09,CHEMICAL_TREATMENT,Scheduled wellhead maintenance and valve replacement,20.0,12941.89
EVT-003083,42-389-77522,Foster 9H,Ward-Estes,2025-10-09,CHEMICAL_TREATMENT,Quarterly ESP system diagnostic and vibration analysis completed,45.7,19241.36
EVT-003084,42-371-48121,Simmons 6H,Balmorhea,2024-09-13,INSPECTION,Quarterly ESP system diagnostic and vibration analysis completed,4.2,4925.47
EVT-003085,42-371-46803,Edwards 5H,Toyah,2026-01-19,MAINTENANCE,Routine tubing pressure test and casing inspection,39.1,14442.9
EVT-003086,42-371-46803,Edwards 5H,Toyah,2025-07-07,MAINTENANCE,Surface facility maintenance including separator cleaning and meter calibration,4.8,19456.4
EVT-003087,42-475-63442,Hart 3H,Imperial,2025-01-11,CHEMICAL_TREATMENT,Quarterly ESP system diagnostic and vibration analysis completed,29.5,9146.25
EVT-003088,42-475-63442,Hart 3H,Imperial,2026-05-24,CHEMICAL_TREATMENT,Quarterly ESP system diagnostic and vibration analysis completed,10.7,11003.79
EVT-003089,42-495-83252,Ross 8H,Delaware Basin,2025-11-26,INSPECTION,Surface facility maintenance including separator cleaning and meter calibration,23.4,24974.86
EVT-003090,42-109-40969,Ellis 10V,Grandfalls,2025-12-03,CHEMICAL_TREATMENT,Surface facility maintenance including separator cleaning and meter calibration,31.6,1041.89
EVT-003091,42-109-40969,Ellis 10V,Grandfalls,2025-08-21,MAINTENANCE,Scheduled wellhead maintenance and valve replacement,25.5,6185.47
EVT-003092,42-389-68944,Scott 8H,Balmorhea,2022-11-26,MAINTENANCE,Routine preventive maintenance on ESP system including motor inspection and cable check,45.5,21255.74
EVT-003093,42-389-68944,Scott 8H,Balmorhea,2024-02-12,MAINTENANCE,Scheduled wellhead maintenance and valve replacement,23.2,12867.17
EVT-003094,42-389-68944,Scott 8H,Balmorhea,2022-12-28,CHEMICAL_TREATMENT,Annual safety valve inspection and function test completed,5.4,4550.86
EVT-003095,42-475-59439,Ford 5H,Grandfalls,2024-07-04,CHEMICAL_TREATMENT,Surface facility maintenance including separator cleaning and meter calibration,24.4,13321.83
EVT-003096,42-301-81790,Sanders 3V,Kermit,2025-11-01,MAINTENANCE,Annual safety valve inspection and function test completed,27.3,9505.9
EVT-003097,42-301-81790,Sanders 3V,Kermit,2025-10-03,MAINTENANCE,Surface facility maintenance including separator cleaning and meter calibration,26.7,6267.84
EVT-003098,42-301-81790,Sanders 3V,Kermit,2026-04-11,MAINTENANCE,Scheduled wellhead maintenance and valve replacement,26.5,18363.32
EVT-003099,42-371-99721,Barnes 5H,Balmorhea,2023-04-14,CHEMICAL_TREATMENT,Routine tubing pressure test and casing inspection,26.7,23421.14
EVT-003100,42-371-99721,Barnes 5H,Balmorhea,2026-03-30,CHEMICAL_TREATMENT,Routine preventive maintenance on ESP system including motor inspection and cable check,7.0,10848.92
EVT-003101,42-495-99948,Davis 6V,Wink,2023-09-27,CHEMICAL_TREATMENT,Routine tubing pressure test and casing inspection,38.7,2313.45
EVT-003102,42-495-99948,Davis 6V,Wink,2023-09-13,MAINTENANCE,Routine preventive maintenance on ESP system including motor inspection and cable check,27.9,10610.15
EVT-003103,42-389-33665,Baker 6V,Coyanosa,2026-03-16,CHEMICAL_TREATMENT,Surface facility maintenance including separator cleaning and meter calibration,36.1,3696.83
EVT-003104,42-389-33665,Baker 6V,Coyanosa,2024-02-15,INSPECTION,Surface facility maintenance including separator cleaning and meter calibration,4.2,11376.35
EVT-003105,42-389-76260,Ramirez 8H,Monahans,2025-08-09,MAINTENANCE,Scheduled wellhead maintenance and valve replacement,35.3,18058.21
EVT-003106,42-389-76260,Ramirez 8H,Monahans,2026-06-13,INSPECTION,Corrosion coupon retrieval and analysis - 2 mpy average rate,21.7,16620.81
EVT-003107,42-475-58197,Anderson 10H,Van Horn,2023-11-12,INSPECTION,Quarterly ESP system diagnostic and vibration analysis completed,43.9,23407.0
EVT-003108,42-495-99711,Cattle Co 4H,Van Horn,2026-01-11,INSPECTION,Surface facility maintenance including separator cleaning and meter calibration,11.2,6849.13
EVT-003109,42-495-99711,Cattle Co 4H,Van Horn,2026-05-30,MAINTENANCE,Routine preventive maintenance on ESP system including motor inspection and cable check,39.4,8263.71
EVT-003110,42-109-42752,Simmons 2H,Culberson County,2024-09-17,MAINTENANCE,"Increasing water cut trend noted, zone isolation evaluation in progress",44.4,23820.46
EVT-003111,42-109-42752,Simmons 2H,Culberson County,2026-03-15,MAINTENANCE,"Intermittent ESP trips due to gas slugging, VSD ramp adjusted",25.2,2293.71
EVT-003112,42-109-42752,Simmons 2H,Culberson County,2025-08-17,EQUIPMENT_CHANGE,"Intermittent ESP trips due to gas slugging, VSD ramp adjusted",151.3,239750.82
EVT-003113,42-109-42752,Simmons 2H,Culberson County,2023-09-29,EQUIPMENT_CHANGE,"Intermittent ESP trips due to gas slugging, VSD ramp adjusted",84.2,38547.82
EVT-003114,42-109-42752,Simmons 2H,Culberson County,2026-05-08,EQUIPMENT_CHANGE,"Scale buildup detected in tubing, chemical squeeze scheduled",139.9,124414.8
EVT-003115,42-389-86660,Wood 11H,Orla,2023-07-25,MAINTENANCE,Annual safety valve inspection and function test completed,13.2,17021.49
EVT-003116,42-389-86660,Wood 11H,Orla,2025-06-23,MAINTENANCE,Routine preventive maintenance on ESP system including motor inspection and cable check,38.1,9723.03
EVT-003117,42-389-86660,Wood 11H,Orla,2023-10-31,MAINTENANCE,Surface facility maintenance including separator cleaning and meter calibration,44.1,19119.14
EVT-003118,42-389-86660,Wood 11H,Orla,2025-04-15,CHEMICAL_TREATMENT,Routine preventive maintenance on ESP system including motor inspection and cable check,3.3,10927.33
EVT-003119,42-301-49649,Watson 9H,Orla,2024-08-11,MAINTENANCE,Routine tubing pressure test and casing inspection,24.9,1238.43
EVT-003120,42-301-49649,Watson 9H,Orla,2025-07-14,MAINTENANCE,Surface facility maintenance including separator cleaning and meter calibration,25.4,18843.47
EVT-003121,42-301-39332,Evans 2H,Wink,2025-12-22,CHEMICAL_TREATMENT,Annual safety valve inspection and function test completed,8.5,15271.07
EVT-003122,42-301-39332,Evans 2H,Wink,2026-05-11,CHEMICAL_TREATMENT,Scheduled wellhead maintenance and valve replacement,2.7,16786.82
EVT-003123,42-301-39332,Evans 2H,Wink,2026-02-03,INSPECTION,Surface facility maintenance including separator cleaning and meter calibration,14.9,13735.45
EVT-003124,42-475-93273,Myers 3V,Toyah,2025-06-09,EQUIPMENT_CHANGE,"Gas lift valve partially plugged, reduced injection efficiency",86.6,49719.82
EVT-003125,42-475-93273,Myers 3V,Toyah,2022-06-19,EQUIPMENT_CHANGE,"Scale buildup detected in tubing, chemical squeeze scheduled",96.5,204036.44
EVT-003126,42-475-93273,Myers 3V,Toyah,2025-09-08,CHEMICAL_TREATMENT,Emulsion issues at separator requiring increased demulsifier dosage,38.8,15999.26
EVT-003127,42-475-93273,Myers 3V,Toyah,2024-08-03,EQUIPMENT_CHANGE,"Sand production increasing, pump wear accelerating",118.4,292207.4
EVT-003128,42-475-93273,Myers 3V,Toyah,2026-05-07,FAILURE,"Intermittent ESP trips due to gas slugging, VSD ramp adjusted",407.5,727511.7
EVT-003129,42-475-97264,Hill 8H,Toyah,2025-02-10,INSPECTION,Routine preventive maintenance on ESP system including motor inspection and cable check,12.2,19477.1
EVT-003130,42-475-97264,Hill 8H,Toyah,2025-06-01,INSPECTION,Corrosion coupon retrieval and analysis - 2 mpy average rate,5.2,9305.9
EVT-003131,42-389-37587,Cole 11H,Buena Vista,2025-12-18,MAINTENANCE,Quarterly ESP system diagnostic and vibration analysis completed,3.2,8352.31
EVT-003132,42-389-37587,Cole 11H,Buena Vista,2025-11-14,CHEMICAL_TREATMENT,Scheduled wellhead maintenance and valve replacement,18.1,24149.23
EVT-003133,42-389-37587,Cole 11H,Buena Vista,2024-12-12,INSPECTION,Scheduled wellhead maintenance and valve replacement,34.9,2897.13
EVT-003134,42-109-78305,Cattle Co 8H,Wink,2025-06-21,CHEMICAL_TREATMENT,Corrosion coupon retrieval and analysis - 2 mpy average rate,16.0,1413.38
EVT-003135,42-109-78305,Cattle Co 8H,Wink,2023-12-14,CHEMICAL_TREATMENT,Routine preventive maintenance on ESP system including motor inspection and cable check,26.8,7961.04
EVT-003136,42-475-70407,Clayton 5H,Loving,2025-02-17,MAINTENANCE,"Intermittent ESP trips due to gas slugging, VSD ramp adjusted",42.3,17555.09
EVT-003137,42-475-70407,Clayton 5H,Loving,2026-01-22,MAINTENANCE,"Increasing water cut trend noted, zone isolation evaluation in progress",28.5,16800.38
EVT-003138,42-475-70407,Clayton 5H,Loving,2025-03-01,CHEMICAL_TREATMENT,"Gas lift valve partially plugged, reduced injection efficiency",22.8,24247.47
EVT-003139,42-475-70407,Clayton 5H,Loving,2025-08-04,MAINTENANCE,"Gas lift valve partially plugged, reduced injection efficiency",27.8,4676.28
EVT-003140,42-475-70407,Clayton 5H,Loving,2026-06-08,EQUIPMENT_CHANGE,Emulsion issues at separator requiring increased demulsifier dosage,148.7,198028.34
EVT-003141,42-389-69104,Nelson 1V,Reeves County,2026-05-10,INSPECTION,Quarterly ESP system diagnostic and vibration analysis completed,14.6,2499.59
EVT-003142,42-389-69104,Nelson 1V,Reeves County,2022-10-15,MAINTENANCE,Routine tubing pressure test and casing inspection,26.3,15518.02
EVT-003143,42-389-69104,Nelson 1V,Reeves County,2023-04-01,CHEMICAL_TREATMENT,Routine tubing pressure test and casing inspection,8.1,15603.04
EVT-003144,42-389-69104,Nelson 1V,Reeves County,2024-03-05,INSPECTION,Routine tubing pressure test and casing inspection,23.2,22640.05
EVT-003145,42-475-52335,Simmons 9H,Monahans,2026-05-06,INSPECTION,Surface facility maintenance including separator cleaning and meter calibration,46.1,21921.63
EVT-003146,42-475-52335,Simmons 9H,Monahans,2026-02-27,INSPECTION,Annual safety valve inspection and function test completed,31.0,10767.89
EVT-003147,42-475-52335,Simmons 9H,Monahans,2026-04-13,CHEMICAL_TREATMENT,Routine tubing pressure test and casing inspection,23.0,1003.15
EVT-003148,42-109-49420,Coleman 10H,Balmorhea,2025-08-20,INSPECTION,Corrosion coupon retrieval and analysis - 2 mpy average rate,30.2,19427.28
EVT-003149,42-109-33331,Myers 4H,Delaware Basin,2025-05-13,CHEMICAL_TREATMENT,Surface facility maintenance including separator cleaning and meter calibration,38.8,22135.27
EVT-003150,42-109-33331,Myers 4H,Delaware Basin,2024-11-19,MAINTENANCE,Scheduled wellhead maintenance and valve replacement,11.9,23267.89
EVT-003151,42-109-33331,Myers 4H,Delaware Basin,2025-05-07,CHEMICAL_TREATMENT,Routine tubing pressure test and casing inspection,34.1,24777.86
EVT-003152,42-389-93156,Bailey 2H,Orla,2026-03-29,EQUIPMENT_CHANGE,"Downhole pump seized due to severe sand production, pulling unit dispatched",55.3,211233.61
EVT-003153,42-389-93156,Bailey 2H,Orla,2026-04-10,EQUIPMENT_CHANGE,"Casing collapse detected during pressure test, integrity compromised",161.0,71022.17
EVT-003154,42-389-93156,Bailey 2H,Orla,2026-04-23,EQUIPMENT_CHANGE,"VSD drive failure causing ESP shutdown, replacement ordered",73.6,295260.54
EVT-003155,42-389-93156,Bailey 2H,Orla,2026-02-08,FAILURE,"ESP motor failure due to overheating, well shut-in pending replacement",389.8,62773.56
EVT-003156,42-389-93156,Bailey 2H,Orla,2026-05-24,FAILURE,"Casing collapse detected during pressure test, integrity compromised",440.7,609569.49
EVT-003157,42-389-93156,Bailey 2H,Orla,2026-05-30,FAILURE,"Christmas tree valve failure, emergency well control initiated",316.8,251429.36
EVT-003158,42-371-49401,Cox 10H,Ward-Estes,2024-04-22,INSPECTION,Routine preventive maintenance on ESP system including motor inspection and cable check,36.1,6973.0
EVT-003159,42-371-49401,Cox 10H,Ward-Estes,2025-09-02,INSPECTION,Corrosion coupon retrieval and analysis - 2 mpy average rate,39.4,2802.65
EVT-003160,42-371-91082,Barnes 9H,Buena Vista,2023-04-05,CHEMICAL_TREATMENT,Quarterly ESP system diagnostic and vibration analysis completed,31.5,19499.35
EVT-003161,42-371-91082,Barnes 9H,Buena Vista,2023-04-02,MAINTENANCE,Corrosion coupon retrieval and analysis - 2 mpy average rate,32.1,14568.44
EVT-003162,42-371-91082,Barnes 9H,Buena Vista,2025-09-19,INSPECTION,Routine tubing pressure test and casing inspection,12.2,10821.62
EVT-003163,42-371-91082,Barnes 9H,Buena Vista,2024-06-27,MAINTENANCE,Routine preventive maintenance on ESP system including motor inspection and cable check,22.8,19366.85
EVT-003164,42-371-32826,Graham 8H,Monahans,2024-08-03,MAINTENANCE,Annual safety valve inspection and function test completed,31.8,19343.62
EVT-003165,42-371-32826,Graham 8H,Monahans,2025-02-28,CHEMICAL_TREATMENT,Surface facility maintenance including separator cleaning and meter calibration,13.6,19446.61
EVT-003166,42-371-32826,Graham 8H,Monahans,2026-06-07,MAINTENANCE,Corrosion coupon retrieval and analysis - 2 mpy average rate,41.8,21169.51
EVT-003167,42-475-55965,State 3H,Buena Vista,2026-04-11,MAINTENANCE,Scheduled wellhead maintenance and valve replacement,15.6,1926.99
EVT-003168,42-475-44559,Clayton 10H,Buena Vista,2026-02-04,CHEMICAL_TREATMENT,Corrosion coupon retrieval and analysis - 2 mpy average rate,46.9,7039.98
EVT-003169,42-475-85465,Stewart 7H,Reeves County,2024-05-24,CHEMICAL_TREATMENT,Corrosion coupon retrieval and analysis - 2 mpy average rate,23.1,11645.54
EVT-003170,42-301-85950,Powell 11H,Coyanosa,2026-03-13,INSPECTION,Scheduled wellhead maintenance and valve replacement,2.4,23051.64
EVT-003171,42-301-85950,Powell 11H,Coyanosa,2023-04-27,CHEMICAL_TREATMENT,Scheduled wellhead maintenance and valve replacement,35.0,21290.17
EVT-003172,42-301-85950,Powell 11H,Coyanosa,2026-06-05,CHEMICAL_TREATMENT,Annual safety valve inspection and function test completed,3.1,4943.72
EVT-003173,42-301-54638,Edwards 7H,Van Horn,2025-08-22,CHEMICAL_TREATMENT,Routine preventive maintenance on ESP system including motor inspection and cable check,12.3,7473.32
EVT-003174,42-301-54638,Edwards 7H,Van Horn,2025-09-20,CHEMICAL_TREATMENT,Routine preventive maintenance on ESP system including motor inspection and cable check,11.1,10785.2
EVT-003175,42-301-54638,Edwards 7H,Van Horn,2025-05-07,CHEMICAL_TREATMENT,Routine tubing pressure test and casing inspection,38.4,15503.95
EVT-003176,42-301-54638,Edwards 7H,Van Horn,2026-02-13,INSPECTION,Scheduled wellhead maintenance and valve replacement,9.0,13851.15
EVT-003177,42-475-49346,Graham 3H,Imperial,2023-06-24,CHEMICAL_TREATMENT,Annual safety valve inspection and function test completed,42.5,3256.92
EVT-003178,42-475-49346,Graham 3H,Imperial,2023-06-10,CHEMICAL_TREATMENT,Surface facility maintenance including separator cleaning and meter calibration,17.1,17928.75
EVT-003179,42-495-96062,Edwards 3H,Orla,2025-11-26,MAINTENANCE,Surface facility maintenance including separator cleaning and meter calibration,16.0,10899.31
EVT-003180,42-495-96062,Edwards 3H,Orla,2025-08-12,MAINTENANCE,Scheduled wellhead maintenance and valve replacement,8.1,24934.18
EVT-003181,42-495-96062,Edwards 3H,Orla,2026-06-10,MAINTENANCE,Routine tubing pressure test and casing inspection,25.0,15084.12
EVT-003182,42-495-96062,Edwards 3H,Orla,2025-10-21,INSPECTION,Surface facility maintenance including separator cleaning and meter calibration,41.9,14380.94
EVT-003183,42-109-38745,Wood 10H,Imperial,2025-11-03,CHEMICAL_TREATMENT,Routine tubing pressure test and casing inspection,23.7,11062.14
EVT-003184,42-389-72457,Murphy 6H,Culberson County,2026-02-12,EQUIPMENT_CHANGE,Emulsion issues at separator requiring increased demulsifier dosage,114.7,30684.98
EVT-003185,42-389-72457,Murphy 6H,Culberson County,2023-12-01,INSPECTION,"Gas lift valve partially plugged, reduced injection efficiency",40.8,5656.83
EVT-003186,42-389-72457,Murphy 6H,Culberson County,2025-06-30,MAINTENANCE,"Sand production increasing, pump wear accelerating",10.6,6333.28
EVT-003187,42-389-72457,Murphy 6H,Culberson County,2026-05-21,EQUIPMENT_CHANGE,"Intermittent ESP trips due to gas slugging, VSD ramp adjusted",65.9,106166.71
EVT-003188,42-389-59850,Clayton 9H,Wink,2025-03-22,CHEMICAL_TREATMENT,Annual safety valve inspection and function test completed,29.5,16848.9
EVT-003189,42-495-69965,Powell 6H,Coyanosa,2025-11-01,CHEMICAL_TREATMENT,Routine preventive maintenance on ESP system including motor inspection and cable check,13.2,1360.92
EVT-003190,42-495-69965,Powell 6H,Coyanosa,2025-07-29,MAINTENANCE,Quarterly ESP system diagnostic and vibration analysis completed,29.0,23990.98
EVT-003191,42-495-69965,Powell 6H,Coyanosa,2026-04-03,CHEMICAL_TREATMENT,Surface facility maintenance including separator cleaning and meter calibration,47.4,6558.84
EVT-003192,42-475-53646,White 3H,Balmorhea,2024-05-29,INSPECTION,Corrosion coupon retrieval and analysis - 2 mpy average rate,13.8,1104.41
EVT-003193,42-475-53646,White 3H,Balmorhea,2025-05-17,INSPECTION,Scheduled wellhead maintenance and valve replacement,40.2,20666.04
EVT-003194,42-389-86708,Kelly 10V,Orla,2024-09-20,INSPECTION,Routine tubing pressure test and casing inspection,47.7,15152.65
EVT-003195,42-389-86708,Kelly 10V,Orla,2023-03-21,INSPECTION,Routine tubing pressure test and casing inspection,11.8,709.1
EVT-003196,42-109-69396,Washington 5V,Delaware Basin,2025-11-03,CHEMICAL_TREATMENT,Corrosion coupon retrieval and analysis - 2 mpy average rate,40.7,858.65
EVT-003197,42-109-69396,Washington 5V,Delaware Basin,2023-07-03,INSPECTION,Routine tubing pressure test and casing inspection,45.5,1772.76
EVT-003198,42-109-69396,Washington 5V,Delaware Basin,2024-05-26,CHEMICAL_TREATMENT,Quarterly ESP system diagnostic and vibration analysis completed,6.8,4178.91
EVT-003199,42-109-69396,Washington 5V,Delaware Basin,2025-06-27,CHEMICAL_TREATMENT,Routine tubing pressure test and casing inspection,45.5,21279.89
EVT-003200,42-475-62087,Diaz 12V,Wink,2026-04-23,FAILURE,"Severe corrosion-induced tubing failure, well flowing up annulus",364.2,433237.71
EVT-003201,42-475-62087,Diaz 12V,Wink,2024-07-28,WORKOVER,"VSD drive failure causing ESP shutdown, replacement ordered",635.1,715568.17
EVT-003202,42-475-62087,Diaz 12V,Wink,2025-07-28,FAILURE,"Downhole pump seized due to severe sand production, pulling unit dispatched",47.2,755148.83
EVT-003203,42-475-62087,Diaz 12V,Wink,2024-09-27,WORKOVER,"Rod parting at depth, well dead, workover rig scheduled",112.3,211831.85
EVT-003204,42-475-62087,Diaz 12V,Wink,2026-02-17,EQUIPMENT_CHANGE,Complete ESP system failure - motor burnout and pump lockup,165.2,89555.99
EVT-003205,42-475-62087,Diaz 12V,Wink,2026-07-06,FAILURE,"Severe corrosion-induced tubing failure, well flowing up annulus",257.6,514889.85
EVT-003206,42-475-62087,Diaz 12V,Wink,2026-05-16,FAILURE,"Casing collapse detected during pressure test, integrity compromised",232.4,58922.64
EVT-003207,42-109-75005,Powell 9H,Ward-Estes,2023-12-26,MAINTENANCE,Quarterly ESP system diagnostic and vibration analysis completed,17.5,16020.64
EVT-003208,42-109-75005,Powell 9H,Ward-Estes,2024-12-25,MAINTENANCE,Surface facility maintenance including separator cleaning and meter calibration,11.8,8514.45
EVT-003209,42-109-75005,Powell 9H,Ward-Estes,2025-12-11,INSPECTION,Routine preventive maintenance on ESP system including motor inspection and cable check,18.3,5160.23
EVT-003210,42-109-75005,Powell 9H,Ward-Estes,2023-10-08,MAINTENANCE,Routine tubing pressure test and casing inspection,2.4,5838.14
EVT-003211,42-389-76758,Griffin 8H,Culberson County,2025-03-11,CHEMICAL_TREATMENT,Surface facility maintenance including separator cleaning and meter calibration,9.7,2351.64
EVT-003212,42-389-76758,Griffin 8H,Culberson County,2023-10-10,INSPECTION,Quarterly ESP system diagnostic and vibration analysis completed,13.1,23515.68
EVT-003213,42-389-76758,Griffin 8H,Culberson County,2025-09-16,CHEMICAL_TREATMENT,Scheduled wellhead maintenance and valve replacement,25.5,21782.67
EVT-003214,42-389-76758,Griffin 8H,Culberson County,2023-05-24,CHEMICAL_TREATMENT,Routine preventive maintenance on ESP system including motor inspection and cable check,28.2,11205.69
EVT-003215,42-389-77498,Green 8H,Van Horn,2025-10-17,CHEMICAL_TREATMENT,Surface facility maintenance including separator cleaning and meter calibration,32.9,20291.77
EVT-003216,42-389-77498,Green 8H,Van Horn,2025-04-19,INSPECTION,Routine preventive maintenance on ESP system including motor inspection and cable check,5.4,7105.02
EVT-003217,42-389-77498,Green 8H,Van Horn,2024-08-16,INSPECTION,Annual safety valve inspection and function test completed,13.6,17991.35
EVT-003218,42-389-77498,Green 8H,Van Horn,2024-06-15,CHEMICAL_TREATMENT,Annual safety valve inspection and function test completed,33.9,6683.54
EVT-003219,42-495-37051,Gibson 3H,Toyah,2026-01-30,CHEMICAL_TREATMENT,Routine tubing pressure test and casing inspection,46.8,12381.79
EVT-003220,42-495-37051,Gibson 3H,Toyah,2025-06-18,INSPECTION,Annual safety valve inspection and function test completed,33.7,13815.84
EVT-003221,42-389-89875,Graham 11V,Balmorhea,2024-07-09,MAINTENANCE,Routine tubing pressure test and casing inspection,9.8,18154.91
EVT-003222,42-109-76001,Wheeler 2H,Reeves County,2026-01-26,INSPECTION,Surface facility maintenance including separator cleaning and meter calibration,22.8,24601.66
EVT-003223,42-109-76001,Wheeler 2H,Reeves County,2025-05-06,MAINTENANCE,Corrosion coupon retrieval and analysis - 2 mpy average rate,19.5,15460.47
EVT-003224,42-109-76001,Wheeler 2H,Reeves County,2026-02-14,INSPECTION,Scheduled wellhead maintenance and valve replacement,34.5,22151.57
EVT-003225,42-109-76001,Wheeler 2H,Reeves County,2026-05-10,INSPECTION,Surface facility maintenance including separator cleaning and meter calibration,28.2,22864.23
EVT-003226,42-371-58351,Hill 1H,Delaware Basin,2024-08-28,MAINTENANCE,Scheduled wellhead maintenance and valve replacement,13.9,1762.53
EVT-003227,42-371-58351,Hill 1H,Delaware Basin,2024-09-12,MAINTENANCE,Scheduled wellhead maintenance and valve replacement,32.9,3902.63
EVT-003228,42-371-58351,Hill 1H,Delaware Basin,2026-01-05,INSPECTION,Annual safety valve inspection and function test completed,39.3,11045.6
EVT-003229,42-371-58351,Hill 1H,Delaware Basin,2025-03-12,CHEMICAL_TREATMENT,Surface facility maintenance including separator cleaning and meter calibration,9.1,19592.34
EVT-003230,42-371-76481,Nelson 12H,Mentone,2023-07-09,CHEMICAL_TREATMENT,Surface facility maintenance including separator cleaning and meter calibration,28.3,8615.59
EVT-003231,42-371-76481,Nelson 12H,Mentone,2025-05-03,INSPECTION,Routine tubing pressure test and casing inspection,11.2,11307.13
EVT-003232,42-371-69210,Johnson 2V,Kermit,2025-07-13,MAINTENANCE,Routine preventive maintenance on ESP system including motor inspection and cable check,31.1,22100.09
EVT-003233,42-371-69210,Johnson 2V,Kermit,2023-11-05,INSPECTION,Corrosion coupon retrieval and analysis - 2 mpy average rate,15.2,9644.46
EVT-003234,42-371-69210,Johnson 2V,Kermit,2022-08-19,INSPECTION,Routine tubing pressure test and casing inspection,2.9,6130.8
EVT-003235,42-109-53216,Hamilton 3H,Wink,2024-05-14,CHEMICAL_TREATMENT,Corrosion coupon retrieval and analysis - 2 mpy average rate,42.1,6753.77
EVT-003236,42-109-53216,Hamilton 3H,Wink,2024-11-04,INSPECTION,Quarterly ESP system diagnostic and vibration analysis completed,25.8,20199.81
EVT-003237,42-109-53216,Hamilton 3H,Wink,2025-08-11,INSPECTION,Quarterly ESP system diagnostic and vibration analysis completed,32.1,3349.75
EVT-003238,42-109-53216,Hamilton 3H,Wink,2024-03-06,CHEMICAL_TREATMENT,Annual safety valve inspection and function test completed,35.4,7154.83
EVT-003239,42-301-59908,Gray 8V,Kermit,2026-02-12,INSPECTION,Annual safety valve inspection and function test completed,46.2,15739.29
EVT-003240,42-301-40506,King 11H,Wink,2025-08-29,INSPECTION,Corrosion coupon retrieval and analysis - 2 mpy average rate,40.5,12948.63
EVT-003241,42-301-40506,King 11H,Wink,2022-07-26,CHEMICAL_TREATMENT,Surface facility maintenance including separator cleaning and meter calibration,31.2,22658.13
EVT-003242,42-301-40506,King 11H,Wink,2023-04-30,MAINTENANCE,Annual safety valve inspection and function test completed,42.9,4483.73
EVT-003243,42-301-40506,King 11H,Wink,2022-12-22,MAINTENANCE,Annual safety valve inspection and function test completed,9.9,11638.74
EVT-003244,42-371-93790,Alexander 9H,Delaware Basin,2025-11-08,MAINTENANCE,Corrosion coupon retrieval and analysis - 2 mpy average rate,26.8,18943.76
EVT-003245,42-371-93790,Alexander 9H,Delaware Basin,2025-07-09,MAINTENANCE,Scheduled wellhead maintenance and valve replacement,6.7,743.17
EVT-003246,42-371-93790,Alexander 9H,Delaware Basin,2024-03-28,CHEMICAL_TREATMENT,Annual safety valve inspection and function test completed,17.4,8027.36
EVT-003247,42-371-93790,Alexander 9H,Delaware Basin,2023-01-21,INSPECTION,Scheduled wellhead maintenance and valve replacement,32.5,18664.75
EVT-003248,42-475-52509,Wallace 3H,Red Hills,2026-05-29,INSPECTION,Surface facility maintenance including separator cleaning and meter calibration,16.4,6053.03
EVT-003249,42-475-52509,Wallace 3H,Red Hills,2024-10-17,MAINTENANCE,Annual safety valve inspection and function test completed,19.0,3972.96
EVT-003250,42-475-52509,Wallace 3H,Red Hills,2024-07-30,INSPECTION,Surface facility maintenance including separator cleaning and meter calibration,45.0,7207.08
EVT-003251,42-475-52509,Wallace 3H,Red Hills,2025-10-22,CHEMICAL_TREATMENT,Surface facility maintenance including separator cleaning and meter calibration,48.0,10435.84
EVT-003252,42-389-83862,Reynolds 6V,Red Hills,2025-08-22,CHEMICAL_TREATMENT,Corrosion coupon retrieval and analysis - 2 mpy average rate,5.3,15467.13
EVT-003253,42-389-83862,Reynolds 6V,Red Hills,2023-10-25,INSPECTION,Scheduled wellhead maintenance and valve replacement,45.8,22245.7
EVT-003254,42-389-83862,Reynolds 6V,Red Hills,2025-07-09,CHEMICAL_TREATMENT,Scheduled wellhead maintenance and valve replacement,36.1,1382.38
EVT-003255,42-389-83862,Reynolds 6V,Red Hills,2025-06-19,INSPECTION,Routine tubing pressure test and casing inspection,32.5,3101.99
EVT-003256,42-495-64670,Beal 8H,Kermit,2023-11-12,MAINTENANCE,Routine preventive maintenance on ESP system including motor inspection and cable check,22.2,19498.62
EVT-003257,42-495-64670,Beal 8H,Kermit,2024-12-15,INSPECTION,Routine preventive maintenance on ESP system including motor inspection and cable check,8.1,19938.89
EVT-003258,42-495-64670,Beal 8H,Kermit,2024-09-08,INSPECTION,Routine tubing pressure test and casing inspection,13.3,8604.34
EVT-003259,42-495-64670,Beal 8H,Kermit,2024-01-07,CHEMICAL_TREATMENT,Scheduled wellhead maintenance and valve replacement,33.9,9340.16
EVT-003260,42-495-99584,Bass 5H,Buena Vista,2025-04-17,INSPECTION,Scheduled wellhead maintenance and valve replacement,46.9,8837.97
EVT-003261,42-495-99584,Bass 5H,Buena Vista,2024-07-11,MAINTENANCE,Routine tubing pressure test and casing inspection,46.0,20062.27
EVT-003262,42-495-34813,Washington 10H,Delaware Basin,2024-02-18,INSPECTION,"Sand production increasing, pump wear accelerating",4.5,4265.09
EVT-003263,42-495-34813,Washington 10H,Delaware Basin,2024-09-17,EQUIPMENT_CHANGE,"Scale buildup detected in tubing, chemical squeeze scheduled",159.9,112089.96
EVT-003264,42-495-34813,Washington 10H,Delaware Basin,2022-05-08,CHEMICAL_TREATMENT,Emulsion issues at separator requiring increased demulsifier dosage,9.6,12066.74
EVT-003265,42-495-34813,Washington 10H,Delaware Basin,2024-04-07,INSPECTION,"Scale buildup detected in tubing, chemical squeeze scheduled",26.9,14407.51
EVT-003266,42-495-34813,Washington 10H,Delaware Basin,2024-05-08,INSPECTION,"Gas lift valve partially plugged, reduced injection efficiency",4.8,11903.23
EVT-003267,42-495-34813,Washington 10H,Delaware Basin,2023-08-21,MAINTENANCE,"Paraffin accumulation restricting flow, hot oil treatment performed",3.2,6177.28
EVT-003268,42-495-34813,Washington 10H,Delaware Basin,2026-06-22,FAILURE,"Increasing water cut trend noted, zone isolation evaluation in progress",444.4,492335.75
EVT-003269,42-389-79942,Howard 3H,Red Hills,2023-02-27,CHEMICAL_TREATMENT,Annual safety valve inspection and function test completed,27.8,15175.72
EVT-003270,42-389-79942,Howard 3H,Red Hills,2025-04-17,MAINTENANCE,Annual safety valve inspection and function test completed,39.5,24865.27
EVT-003271,42-389-79942,Howard 3H,Red Hills,2024-08-12,MAINTENANCE,Routine preventive maintenance on ESP system including motor inspection and cable check,11.8,12721.4
EVT-003272,42-389-79942,Howard 3H,Red Hills,2024-08-17,CHEMICAL_TREATMENT,Routine tubing pressure test and casing inspection,41.5,11457.07
EVT-003273,42-475-91814,Wheeler 12H,Buena Vista,2026-02-04,FAILURE,"VSD drive failure causing ESP shutdown, replacement ordered",163.9,546111.39
EVT-003274,42-475-91814,Wheeler 12H,Buena Vista,2026-04-24,WORKOVER,"Tubing leak detected at depth, production ceased for workover",261.4,1411823.51
EVT-003275,42-475-91814,Wheeler 12H,Buena Vista,2026-06-08,EQUIPMENT_CHANGE,"Casing collapse detected during pressure test, integrity compromised",113.6,64677.18
EVT-003276,42-475-91814,Wheeler 12H,Buena Vista,2025-12-01,FAILURE,"Tubing leak detected at depth, production ceased for workover",406.2,744060.36
EVT-003277,42-475-91814,Wheeler 12H,Buena Vista,2025-12-17,FAILURE,Complete ESP system failure - motor burnout and pump lockup,76.1,407698.98
EVT-003278,42-475-91814,Wheeler 12H,Buena Vista,2026-06-06,FAILURE,"Christmas tree valve failure, emergency well control initiated",69.9,214301.37
EVT-003279,42-475-91814,Wheeler 12H,Buena Vista,2026-06-29,FAILURE,"Casing collapse detected during pressure test, integrity compromised",305.6,538023.26
EVT-003280,42-475-61051,Cook 7H,Pecos Valley,2026-03-16,MAINTENANCE,Routine preventive maintenance on ESP system including motor inspection and cable check,17.4,16266.87
EVT-003281,42-475-61051,Cook 7H,Pecos Valley,2024-09-11,CHEMICAL_TREATMENT,Surface facility maintenance including separator cleaning and meter calibration,35.4,12624.54
EVT-003282,42-475-61051,Cook 7H,Pecos Valley,2024-08-08,CHEMICAL_TREATMENT,Annual safety valve inspection and function test completed,45.4,8230.34
EVT-003283,42-475-97969,Murphy 1H,Toyah,2025-07-17,INSPECTION,Routine preventive maintenance on ESP system including motor inspection and cable check,45.9,3929.23
EVT-003284,42-475-97969,Murphy 1H,Toyah,2025-04-13,MAINTENANCE,Surface facility maintenance including separator cleaning and meter calibration,13.7,5027.71
EVT-003285,42-475-97969,Murphy 1H,Toyah,2025-07-04,INSPECTION,Corrosion coupon retrieval and analysis - 2 mpy average rate,10.5,8370.04
EVT-003286,42-301-51538,Clayton 11H,Reeves County,2026-04-16,MAINTENANCE,Routine preventive maintenance on ESP system including motor inspection and cable check,46.1,4443.24
EVT-003287,42-301-51538,Clayton 11H,Reeves County,2024-11-23,CHEMICAL_TREATMENT,Corrosion coupon retrieval and analysis - 2 mpy average rate,20.6,18939.38
EVT-003288,42-301-51538,Clayton 11H,Reeves County,2025-11-02,CHEMICAL_TREATMENT,Surface facility maintenance including separator cleaning and meter calibration,44.7,22886.6
EVT-003289,42-301-66799,Bryant 4H,Monahans,2025-03-31,INSPECTION,Scheduled wellhead maintenance and valve replacement,27.5,9534.09
EVT-003290,42-301-66799,Bryant 4H,Monahans,2026-05-08,CHEMICAL_TREATMENT,Quarterly ESP system diagnostic and vibration analysis completed,24.3,7528.48
EVT-003291,42-301-66799,Bryant 4H,Monahans,2025-03-19,INSPECTION,Routine tubing pressure test and casing inspection,18.9,1967.76
EVT-003292,42-301-66799,Bryant 4H,Monahans,2026-01-18,CHEMICAL_TREATMENT,Quarterly ESP system diagnostic and vibration analysis completed,5.1,12335.68
EVT-003293,42-389-59878,Owens 9V,Delaware Basin,2024-02-04,CHEMICAL_TREATMENT,Corrosion coupon retrieval and analysis - 2 mpy average rate,6.6,2051.77
EVT-003294,42-389-59878,Owens 9V,Delaware Basin,2026-04-19,INSPECTION,Routine tubing pressure test and casing inspection,25.3,17874.45
EVT-003295,42-389-59878,Owens 9V,Delaware Basin,2022-08-10,MAINTENANCE,Annual safety valve inspection and function test completed,13.2,20929.94
EVT-003296,42-389-59878,Owens 9V,Delaware Basin,2023-03-24,INSPECTION,Surface facility maintenance including separator cleaning and meter calibration,10.0,6072.1
EVT-003297,42-495-93837,Simmons 7H,Wink,2024-10-29,INSPECTION,Surface facility maintenance including separator cleaning and meter calibration,47.7,17843.84
EVT-003298,42-495-93837,Simmons 7H,Wink,2025-09-16,INSPECTION,Routine preventive maintenance on ESP system including motor inspection and cable check,25.2,9389.15
EVT-003299,42-495-93837,Simmons 7H,Wink,2025-04-22,CHEMICAL_TREATMENT,Routine preventive maintenance on ESP system including motor inspection and cable check,6.3,24385.37
EVT-003300,42-389-57257,Cattle Co 1H,Red Hills,2026-01-10,CHEMICAL_TREATMENT,Corrosion coupon retrieval and analysis - 2 mpy average rate,42.6,4613.74
EVT-003301,42-389-57257,Cattle Co 1H,Red Hills,2026-01-03,CHEMICAL_TREATMENT,Routine preventive maintenance on ESP system including motor inspection and cable check,41.0,14327.92
EVT-003302,42-301-91274,Wilson 10H,Reeves County,2025-09-29,INSPECTION,Corrosion coupon retrieval and analysis - 2 mpy average rate,8.1,10624.58
EVT-003303,42-301-77411,Gray 1H,Wink,2023-05-10,INSPECTION,Corrosion coupon retrieval and analysis - 2 mpy average rate,47.9,12004.51
EVT-003304,42-301-77411,Gray 1H,Wink,2025-01-16,INSPECTION,Routine tubing pressure test and casing inspection,10.7,21729.03
EVT-003305,42-389-46541,Hill 2H,Grandfalls,2025-06-18,INSPECTION,Annual safety valve inspection and function test completed,43.8,17169.84
EVT-003306,42-389-46541,Hill 2H,Grandfalls,2025-08-28,CHEMICAL_TREATMENT,Scheduled wellhead maintenance and valve replacement,27.0,10760.22
EVT-003307,42-389-46541,Hill 2H,Grandfalls,2024-09-24,CHEMICAL_TREATMENT,Annual safety valve inspection and function test completed,35.7,6220.4
EVT-003308,42-389-46541,Hill 2H,Grandfalls,2026-06-11,INSPECTION,Quarterly ESP system diagnostic and vibration analysis completed,11.7,19049.95
EVT-003309,42-389-47310,Barnes 12H,Kermit,2026-03-05,MAINTENANCE,Scheduled wellhead maintenance and valve replacement,43.1,24766.04
EVT-003310,42-389-47310,Barnes 12H,Kermit,2025-07-17,MAINTENANCE,Quarterly ESP system diagnostic and vibration analysis completed,38.6,19070.28
EVT-003311,42-389-47310,Barnes 12H,Kermit,2025-05-06,MAINTENANCE,Scheduled wellhead maintenance and valve replacement,39.4,13191.71
EVT-003312,42-389-49613,Harrison 2H,Mentone,2025-06-02,CHEMICAL_TREATMENT,"Intermittent ESP trips due to gas slugging, VSD ramp adjusted",42.3,2965.69
EVT-003313,42-389-49613,Harrison 2H,Mentone,2026-05-22,EQUIPMENT_CHANGE,"Elevated motor temperature detected, monitoring increased frequency",153.1,122331.77
EVT-003314,42-389-49613,Harrison 2H,Mentone,2025-11-19,EQUIPMENT_CHANGE,"Sand production increasing, pump wear accelerating",139.1,80922.73
EVT-003315,42-389-49613,Harrison 2H,Mentone,2025-03-28,CHEMICAL_TREATMENT,"Increasing water cut trend noted, zone isolation evaluation in progress",2.4,8774.51
EVT-003316,42-389-49613,Harrison 2H,Mentone,2025-02-22,MAINTENANCE,"Paraffin accumulation restricting flow, hot oil treatment performed",13.3,839.04
EVT-003317,42-389-49613,Harrison 2H,Mentone,2026-04-21,EQUIPMENT_CHANGE,"Elevated motor temperature detected, monitoring increased frequency",88.9,29379.13
EVT-003318,42-371-94798,Bell 11H,Reeves County,2025-04-06,INSPECTION,Annual safety valve inspection and function test completed,12.9,16543.84
EVT-003319,42-371-94798,Bell 11H,Reeves County,2025-04-03,CHEMICAL_TREATMENT,Surface facility maintenance including separator cleaning and meter calibration,9.6,4426.33
EVT-003320,42-371-94798,Bell 11H,Reeves County,2023-11-05,MAINTENANCE,Corrosion coupon retrieval and analysis - 2 mpy average rate,33.4,21697.63
EVT-003321,42-475-74910,Kelly 9H,Imperial,2025-11-24,MAINTENANCE,Routine tubing pressure test and casing inspection,32.2,3507.27
EVT-003322,42-475-74910,Kelly 9H,Imperial,2026-04-23,CHEMICAL_TREATMENT,Surface facility maintenance including separator cleaning and meter calibration,40.9,17071.09
EVT-003323,42-475-74910,Kelly 9H,Imperial,2025-04-29,MAINTENANCE,Routine tubing pressure test and casing inspection,23.1,20900.12
EVT-003324,42-475-78258,James 12H,Reeves County,2026-04-09,MAINTENANCE,Annual safety valve inspection and function test completed,2.1,527.57
EVT-003325,42-475-78258,James 12H,Reeves County,2025-09-16,CHEMICAL_TREATMENT,Scheduled wellhead maintenance and valve replacement,38.7,9363.92
EVT-003326,42-475-78258,James 12H,Reeves County,2025-10-01,MAINTENANCE,Corrosion coupon retrieval and analysis - 2 mpy average rate,8.6,1469.31
EVT-003327,42-475-78258,James 12H,Reeves County,2026-05-12,CHEMICAL_TREATMENT,Annual safety valve inspection and function test completed,6.2,18625.67
EVT-003328,42-371-93035,Myers 10H,Grandfalls,2026-05-07,INSPECTION,Emulsion issues at separator requiring increased demulsifier dosage,32.3,18850.23
EVT-003329,42-371-93035,Myers 10H,Grandfalls,2025-10-04,CHEMICAL_TREATMENT,"Paraffin accumulation restricting flow, hot oil treatment performed",27.1,12827.48
EVT-003330,42-371-93035,Myers 10H,Grandfalls,2024-12-22,CHEMICAL_TREATMENT,"Elevated motor temperature detected, monitoring increased frequency",39.7,17001.12
EVT-003331,42-371-93035,Myers 10H,Grandfalls,2025-04-16,INSPECTION,Emulsion issues at separator requiring increased demulsifier dosage,45.5,15006.01
EVT-003332,42-371-93035,Myers 10H,Grandfalls,2026-06-21,EQUIPMENT_CHANGE,"Increasing water cut trend noted, zone isolation evaluation in progress",151.7,29124.77
EVT-003333,42-301-69349,Reed 7V,Imperial,2023-06-04,CHEMICAL_TREATMENT,Surface facility maintenance including separator cleaning and meter calibration,5.4,23090.4
EVT-003334,42-301-69349,Reed 7V,Imperial,2025-06-18,INSPECTION,Surface facility maintenance including separator cleaning and meter calibration,34.4,17557.9
EVT-003335,42-301-69349,Reed 7V,Imperial,2026-05-13,INSPECTION,Corrosion coupon retrieval and analysis - 2 mpy average rate,36.5,8529.42
EVT-003336,42-301-69349,Reed 7V,Imperial,2023-04-22,MAINTENANCE,Annual safety valve inspection and function test completed,25.2,21577.4
EVT-003337,42-389-69749,Alexander 7H,Imperial,2025-12-01,INSPECTION,Quarterly ESP system diagnostic and vibration analysis completed,27.3,15135.61
EVT-003338,42-389-69749,Alexander 7H,Imperial,2026-04-09,MAINTENANCE,Scheduled wellhead maintenance and valve replacement,40.2,23169.12
EVT-003339,42-109-91439,Jenkins 10H,Pecos Valley,2025-02-18,CHEMICAL_TREATMENT,Quarterly ESP system diagnostic and vibration analysis completed,22.4,16067.45
EVT-003340,42-475-98712,Howard 3H,Mentone,2023-02-09,EQUIPMENT_CHANGE,"Downhole pump seized due to severe sand production, pulling unit dispatched",117.9,272948.31
EVT-003341,42-475-98712,Howard 3H,Mentone,2026-02-09,FAILURE,"Christmas tree valve failure, emergency well control initiated",358.4,374624.25
EVT-003342,42-475-98712,Howard 3H,Mentone,2024-10-18,EQUIPMENT_CHANGE,Gas lift valve failure causing complete loss of artificial lift,152.8,107672.73
EVT-003343,42-475-98712,Howard 3H,Mentone,2026-01-31,FAILURE,"Christmas tree valve failure, emergency well control initiated",467.4,299367.85
EVT-003344,42-475-98712,Howard 3H,Mentone,2025-02-24,FAILURE,"Severe corrosion-induced tubing failure, well flowing up annulus",385.5,298736.83
EVT-003345,42-475-98712,Howard 3H,Mentone,2023-02-28,EQUIPMENT_CHANGE,"Casing collapse detected during pressure test, integrity compromised",49.5,292175.48
EVT-003346,42-475-98712,Howard 3H,Mentone,2025-08-01,FAILURE,"Rod parting at depth, well dead, workover rig scheduled",114.3,694467.83
EVT-003347,42-475-98712,Howard 3H,Mentone,2026-06-16,FAILURE,"Tubing leak detected at depth, production ceased for workover",127.5,698524.04
EVT-003348,42-475-98712,Howard 3H,Mentone,2026-06-30,FAILURE,Complete ESP system failure - motor burnout and pump lockup,89.3,447326.09
EVT-003349,42-301-45420,Wilson 1V,Mentone,2025-08-12,CHEMICAL_TREATMENT,"Sand production increasing, pump wear accelerating",20.3,16949.55
EVT-003350,42-301-45420,Wilson 1V,Mentone,2024-08-28,EQUIPMENT_CHANGE,"Elevated motor temperature detected, monitoring increased frequency",89.5,111772.78
EVT-003351,42-301-45420,Wilson 1V,Mentone,2025-01-08,EQUIPMENT_CHANGE,"Increasing water cut trend noted, zone isolation evaluation in progress",44.7,139795.34
EVT-003352,42-301-45420,Wilson 1V,Mentone,2025-06-07,MAINTENANCE,"Gas lift valve partially plugged, reduced injection efficiency",23.2,17802.73
EVT-003353,42-301-45420,Wilson 1V,Mentone,2026-06-15,FAILURE,"Elevated motor temperature detected, monitoring increased frequency",332.1,671683.13
EVT-003354,42-389-67960,Wallace 11H,Mentone,2025-07-08,INSPECTION,Routine preventive maintenance on ESP system including motor inspection and cable check,24.3,18306.86
EVT-003355,42-389-67960,Wallace 11H,Mentone,2026-01-09,INSPECTION,Scheduled wellhead maintenance and valve replacement,16.8,17427.95
EVT-003356,42-389-67960,Wallace 11H,Mentone,2024-12-16,INSPECTION,Routine tubing pressure test and casing inspection,28.4,14322.98
EVT-003357,42-301-69103,Ramirez 9H,Red Hills,2025-11-04,CHEMICAL_TREATMENT,Quarterly ESP system diagnostic and vibration analysis completed,37.3,6325.16
EVT-003358,42-301-69103,Ramirez 9H,Red Hills,2022-10-28,INSPECTION,Surface facility maintenance including separator cleaning and meter calibration,17.4,21752.87
EVT-003359,42-389-97458,Foster 1H,Reeves County,2026-06-13,CHEMICAL_TREATMENT,Scheduled wellhead maintenance and valve replacement,16.4,16582.41
EVT-003360,42-389-97458,Foster 1H,Reeves County,2024-10-28,INSPECTION,Scheduled wellhead maintenance and valve replacement,45.8,2810.26
EVT-003361,42-389-97458,Foster 1H,Reeves County,2026-05-09,MAINTENANCE,Corrosion coupon retrieval and analysis - 2 mpy average rate,34.0,13907.77
EVT-003362,42-371-73727,Clayton 2H,Ward-Estes,2025-08-25,INSPECTION,Surface facility maintenance including separator cleaning and meter calibration,42.2,5357.29
EVT-003363,42-371-73727,Clayton 2H,Ward-Estes,2025-02-22,INSPECTION,Corrosion coupon retrieval and analysis - 2 mpy average rate,46.1,12306.99
EVT-003364,42-371-73727,Clayton 2H,Ward-Estes,2026-03-27,CHEMICAL_TREATMENT,Routine preventive maintenance on ESP system including motor inspection and cable check,35.5,20446.06
EVT-003365,42-371-73727,Clayton 2H,Ward-Estes,2026-02-21,CHEMICAL_TREATMENT,Scheduled wellhead maintenance and valve replacement,15.0,21033.63
EVT-003366,42-371-74923,Bennett 5V,Wink,2024-12-08,INSPECTION,Scheduled wellhead maintenance and valve replacement,41.8,16911.8
EVT-003367,42-371-74923,Bennett 5V,Wink,2026-05-05,CHEMICAL_TREATMENT,Annual safety valve inspection and function test completed,38.5,4171.17
EVT-003368,42-371-74923,Bennett 5V,Wink,2025-11-10,CHEMICAL_TREATMENT,Routine tubing pressure test and casing inspection,37.8,1340.71
EVT-003369,42-389-92976,Foster 4H,Reeves County,2026-05-07,MAINTENANCE,Routine tubing pressure test and casing inspection,27.6,16305.13
EVT-003370,42-389-92976,Foster 4H,Reeves County,2022-07-07,INSPECTION,Quarterly ESP system diagnostic and vibration analysis completed,10.0,9616.64
EVT-003371,42-389-92976,Foster 4H,Reeves County,2026-04-20,MAINTENANCE,Annual safety valve inspection and function test completed,11.1,8174.62
EVT-003372,42-389-92976,Foster 4H,Reeves County,2022-07-13,CHEMICAL_TREATMENT,Annual safety valve inspection and function test completed,27.0,725.11
EVT-003373,42-475-98513,Nelson 9H,Kermit,2025-09-17,CHEMICAL_TREATMENT,Scheduled wellhead maintenance and valve replacement,2.7,3626.68
EVT-003374,42-475-98513,Nelson 9H,Kermit,2024-05-29,CHEMICAL_TREATMENT,Surface facility maintenance including separator cleaning and meter calibration,30.6,4299.29
EVT-003375,42-301-57879,Wood 9H,Van Horn,2025-05-12,MAINTENANCE,Routine tubing pressure test and casing inspection,4.9,13887.21
EVT-003376,42-301-57879,Wood 9H,Van Horn,2026-03-27,MAINTENANCE,Quarterly ESP system diagnostic and vibration analysis completed,11.1,9625.15
EVT-003377,42-301-57879,Wood 9H,Van Horn,2025-09-21,INSPECTION,Scheduled wellhead maintenance and valve replacement,43.4,21232.68
EVT-003378,42-389-31709,Mitchell 5H,Orla,2025-11-23,CHEMICAL_TREATMENT,Quarterly ESP system diagnostic and vibration analysis completed,46.8,18008.77
EVT-003379,42-371-70243,Williams 9H,Grandfalls,2025-04-17,INSPECTION,Corrosion coupon retrieval and analysis - 2 mpy average rate,24.5,4644.77
EVT-003380,42-371-70243,Williams 9H,Grandfalls,2023-07-17,INSPECTION,Routine tubing pressure test and casing inspection,5.1,15599.33
EVT-003381,42-371-70243,Williams 9H,Grandfalls,2024-08-28,MAINTENANCE,Routine tubing pressure test and casing inspection,42.3,10358.76
EVT-003382,42-389-34460,Collins 4H,Balmorhea,2023-12-21,CHEMICAL_TREATMENT,Routine tubing pressure test and casing inspection,12.2,7612.73
EVT-003383,42-389-98078,Owens 1H,Orla,2025-01-22,CHEMICAL_TREATMENT,Scheduled wellhead maintenance and valve replacement,11.7,24143.12
EVT-003384,42-389-98078,Owens 1H,Orla,2025-06-28,INSPECTION,Quarterly ESP system diagnostic and vibration analysis completed,24.0,12148.15
EVT-003385,42-389-98078,Owens 1H,Orla,2026-02-08,CHEMICAL_TREATMENT,Routine preventive maintenance on ESP system including motor inspection and cable check,46.0,8077.26
EVT-003386,42-389-36562,Evans 8H,Coyanosa,2025-08-13,INSPECTION,Corrosion coupon retrieval and analysis - 2 mpy average rate,18.8,17857.94
EVT-003387,42-389-36562,Evans 8H,Coyanosa,2023-10-20,INSPECTION,Routine preventive maintenance on ESP system including motor inspection and cable check,39.7,14191.34
EVT-003388,42-109-40593,Williams 8H,Kermit,2024-11-03,INSPECTION,Annual safety valve inspection and function test completed,7.0,20811.57
EVT-003389,42-109-40593,Williams 8H,Kermit,2026-04-26,CHEMICAL_TREATMENT,Annual safety valve inspection and function test completed,27.7,11584.57
EVT-003390,42-109-40593,Williams 8H,Kermit,2025-02-22,MAINTENANCE,Annual safety valve inspection and function test completed,13.3,20927.24
EVT-003391,42-109-40593,Williams 8H,Kermit,2025-08-18,INSPECTION,Surface facility maintenance including separator cleaning and meter calibration,25.1,4592.59
EVT-003392,42-389-50788,Henderson 1H,Mentone,2025-04-09,CHEMICAL_TREATMENT,Routine preventive maintenance on ESP system including motor inspection and cable check,45.0,12485.62
EVT-003393,42-389-50788,Henderson 1H,Mentone,2024-08-18,MAINTENANCE,Routine preventive maintenance on ESP system including motor inspection and cable check,41.9,1299.0
EVT-003394,42-389-50788,Henderson 1H,Mentone,2023-05-06,CHEMICAL_TREATMENT,Annual safety valve inspection and function test completed,19.5,14834.74
EVT-003395,42-371-67282,Edwards 3V,Culberson County,2024-03-24,INSPECTION,Routine preventive maintenance on ESP system including motor inspection and cable check,13.8,10706.66
EVT-003396,42-389-93344,Reed 5V,Red Hills,2026-02-22,CHEMICAL_TREATMENT,Surface facility maintenance including separator cleaning and meter calibration,34.1,24423.88
EVT-003397,42-389-93344,Reed 5V,Red Hills,2025-01-07,INSPECTION,Scheduled wellhead maintenance and valve replacement,8.4,24390.94
EVT-003398,42-389-93344,Reed 5V,Red Hills,2025-03-09,MAINTENANCE,Routine preventive maintenance on ESP system including motor inspection and cable check,3.8,8253.21
EVT-003399,42-475-43506,Russell 9V,Balmorhea,2025-04-13,INSPECTION,Surface facility maintenance including separator cleaning and meter calibration,38.0,5296.66
EVT-003400,42-475-43506,Russell 9V,Balmorhea,2026-03-28,MAINTENANCE,Routine preventive maintenance on ESP system including motor inspection and cable check,30.2,9897.7
EVT-003401,42-475-43506,Russell 9V,Balmorhea,2025-05-14,MAINTENANCE,Surface facility maintenance including separator cleaning and meter calibration,25.7,15448.29
EVT-003402,42-109-91670,Harrison 7H,Fort Stockton,2024-01-09,MAINTENANCE,Quarterly ESP system diagnostic and vibration analysis completed,14.9,12644.57
EVT-003403,42-109-91670,Harrison 7H,Fort Stockton,2023-08-06,CHEMICAL_TREATMENT,Surface facility maintenance including separator cleaning and meter calibration,35.7,24622.46
EVT-003404,42-109-91670,Harrison 7H,Fort Stockton,2023-06-23,INSPECTION,Routine preventive maintenance on ESP system including motor inspection and cable check,45.2,8680.69
EVT-003405,42-475-80277,Fisher 3H,Coyanosa,2024-11-01,WORKOVER,"Tubing leak detected at depth, production ceased for workover",293.9,1494123.87
EVT-003406,42-475-80277,Fisher 3H,Coyanosa,2025-03-17,FAILURE,"Hole in tubing at 6500ft, severe production loss and gas migration",440.9,651299.75
EVT-003407,42-475-80277,Fisher 3H,Coyanosa,2025-02-26,EQUIPMENT_CHANGE,"VSD drive failure causing ESP shutdown, replacement ordered",93.8,104124.57
EVT-003408,42-475-80277,Fisher 3H,Coyanosa,2025-05-22,EQUIPMENT_CHANGE,Complete ESP system failure - motor burnout and pump lockup,52.3,61109.64
EVT-003409,42-475-80277,Fisher 3H,Coyanosa,2025-10-07,FAILURE,"Hole in tubing at 6500ft, severe production loss and gas migration",380.4,668411.18
EVT-003410,42-475-80277,Fisher 3H,Coyanosa,2025-03-30,FAILURE,"Casing collapse detected during pressure test, integrity compromised",47.4,96296.44
EVT-003411,42-475-80277,Fisher 3H,Coyanosa,2026-04-02,WORKOVER,"VSD drive failure causing ESP shutdown, replacement ordered",466.3,235446.31
EVT-003412,42-475-80277,Fisher 3H,Coyanosa,2025-09-12,FAILURE,Gas lift valve failure causing complete loss of artificial lift,460.3,83058.35
EVT-003413,42-475-80277,Fisher 3H,Coyanosa,2026-06-01,FAILURE,Electrical cable failure on ESP causing complete shutdown,420.2,564689.45
EVT-003414,42-475-80277,Fisher 3H,Coyanosa,2026-05-16,FAILURE,"Tubing leak detected at depth, production ceased for workover",257.3,766657.94
EVT-003415,42-475-65300,Parker 11V,Wink,2024-01-03,MAINTENANCE,Routine tubing pressure test and casing inspection,8.2,20557.27
EVT-003416,42-475-65300,Parker 11V,Wink,2025-07-29,CHEMICAL_TREATMENT,Routine preventive maintenance on ESP system including motor inspection and cable check,30.1,21820.89
EVT-003417,42-475-65300,Parker 11V,Wink,2023-12-06,INSPECTION,Surface facility maintenance including separator cleaning and meter calibration,44.0,13161.68
EVT-003418,42-475-65300,Parker 11V,Wink,2024-02-27,MAINTENANCE,Quarterly ESP system diagnostic and vibration analysis completed,20.0,22002.07
EVT-003419,42-389-32625,Gibson 9H,Van Horn,2024-11-11,MAINTENANCE,Annual safety valve inspection and function test completed,37.3,2315.26
EVT-003420,42-109-61594,Gray 6H,Grandfalls,2025-08-24,CHEMICAL_TREATMENT,Scheduled wellhead maintenance and valve replacement,25.8,22888.41
EVT-003421,42-109-61594,Gray 6H,Grandfalls,2025-06-01,INSPECTION,Corrosion coupon retrieval and analysis - 2 mpy average rate,16.8,9058.56
EVT-003422,42-109-61594,Gray 6H,Grandfalls,2025-11-11,MAINTENANCE,Corrosion coupon retrieval and analysis - 2 mpy average rate,2.2,20136.55
EVT-003423,42-109-61594,Gray 6H,Grandfalls,2025-04-27,CHEMICAL_TREATMENT,Quarterly ESP system diagnostic and vibration analysis completed,35.3,3055.92
EVT-003424,42-389-51873,Davis 10H,Grandfalls,2022-03-09,FAILURE,"Rod parting at depth, well dead, workover rig scheduled",140.3,471334.14
EVT-003425,42-389-51873,Davis 10H,Grandfalls,2023-12-23,FAILURE,"Downhole pump seized due to severe sand production, pulling unit dispatched",456.3,584708.24
EVT-003426,42-389-51873,Davis 10H,Grandfalls,2025-06-12,EQUIPMENT_CHANGE,"Rod parting at depth, well dead, workover rig scheduled",75.4,42355.75
EVT-003427,42-389-51873,Davis 10H,Grandfalls,2024-02-02,WORKOVER,"VSD drive failure causing ESP shutdown, replacement ordered",659.0,1566885.42
EVT-003428,42-389-51873,Davis 10H,Grandfalls,2025-10-17,EQUIPMENT_CHANGE,"Downhole pump seized due to severe sand production, pulling unit dispatched",94.0,291237.76
EVT-003429,42-389-51873,Davis 10H,Grandfalls,2025-11-11,FAILURE,Complete ESP system failure - motor burnout and pump lockup,64.4,43939.33
EVT-003430,42-389-51873,Davis 10H,Grandfalls,2024-04-19,EQUIPMENT_CHANGE,"ESP motor failure due to overheating, well shut-in pending replacement",25.2,216800.81
EVT-003431,42-389-51873,Davis 10H,Grandfalls,2026-06-25,FAILURE,"ESP motor failure due to overheating, well shut-in pending replacement",120.0,159757.72
EVT-003432,42-389-51873,Davis 10H,Grandfalls,2026-06-05,FAILURE,"Severe corrosion-induced tubing failure, well flowing up annulus",245.9,387357.53
EVT-003433,42-389-39528,Hill 4H,Grandfalls,2023-09-11,MAINTENANCE,Surface facility maintenance including separator cleaning and meter calibration,10.3,21935.71
EVT-003434,42-389-39528,Hill 4H,Grandfalls,2024-07-25,INSPECTION,Routine tubing pressure test and casing inspection,2.0,13554.01
EVT-003435,42-475-70888,Howard 7H,Loving,2026-01-26,EQUIPMENT_CHANGE,"Severe corrosion-induced tubing failure, well flowing up annulus",28.2,210488.7
EVT-003436,42-475-70888,Howard 7H,Loving,2025-02-25,EQUIPMENT_CHANGE,"ESP motor failure due to overheating, well shut-in pending replacement",115.7,266636.55
EVT-003437,42-475-70888,Howard 7H,Loving,2025-04-24,WORKOVER,"VSD drive failure causing ESP shutdown, replacement ordered",625.0,1405766.25
EVT-003438,42-475-70888,Howard 7H,Loving,2025-07-26,EQUIPMENT_CHANGE,Complete ESP system failure - motor burnout and pump lockup,85.5,159219.3
EVT-003439,42-475-70888,Howard 7H,Loving,2025-03-06,FAILURE,"Downhole pump seized due to severe sand production, pulling unit dispatched",429.5,267814.76
EVT-003440,42-475-70888,Howard 7H,Loving,2025-07-01,FAILURE,Electrical cable failure on ESP causing complete shutdown,64.3,626773.39
EVT-003441,42-475-70888,Howard 7H,Loving,2025-05-07,FAILURE,"Casing collapse detected during pressure test, integrity compromised",477.3,542800.76
EVT-003442,42-475-70888,Howard 7H,Loving,2026-06-16,FAILURE,"Casing collapse detected during pressure test, integrity compromised",442.2,598319.6
EVT-003443,42-475-70888,Howard 7H,Loving,2026-07-04,FAILURE,Complete ESP system failure - motor burnout and pump lockup,222.1,91752.81
EVT-003444,42-109-58053,Morris 4V,Wink,2024-12-12,CHEMICAL_TREATMENT,Routine tubing pressure test and casing inspection,20.0,13103.1
EVT-003445,42-109-58053,Morris 4V,Wink,2025-02-06,INSPECTION,Routine preventive maintenance on ESP system including motor inspection and cable check,29.8,10181.4
EVT-003446,42-109-58053,Morris 4V,Wink,2025-08-20,CHEMICAL_TREATMENT,Surface facility maintenance including separator cleaning and meter calibration,46.3,12579.0
EVT-003447,42-371-79271,University 6H,Pecos Valley,2024-08-21,MAINTENANCE,Routine preventive maintenance on ESP system including motor inspection and cable check,18.0,9193.55
EVT-003448,42-371-79271,University 6H,Pecos Valley,2026-01-31,INSPECTION,Surface facility maintenance including separator cleaning and meter calibration,24.5,6419.14
EVT-003449,42-389-84234,Simmons 5V,Delaware Basin,2026-04-14,MAINTENANCE,Annual safety valve inspection and function test completed,22.4,6126.36
EVT-003450,42-389-84234,Simmons 5V,Delaware Basin,2026-02-08,MAINTENANCE,Scheduled wellhead maintenance and valve replacement,5.0,17697.64
EVT-003451,42-389-84234,Simmons 5V,Delaware Basin,2025-11-16,INSPECTION,Routine tubing pressure test and casing inspection,3.8,9894.11
EVT-003452,42-389-84234,Simmons 5V,Delaware Basin,2025-05-23,MAINTENANCE,Annual safety valve inspection and function test completed,13.7,22871.35
EVT-003453,42-389-56406,Scott 6H,Van Horn,2024-11-12,EQUIPMENT_CHANGE,"Christmas tree valve failure, emergency well control initiated",143.9,128227.73
EVT-003454,42-389-56406,Scott 6H,Van Horn,2024-05-23,WORKOVER,Gas lift valve failure causing complete loss of artificial lift,147.8,441441.11
EVT-003455,42-389-56406,Scott 6H,Van Horn,2026-05-29,FAILURE,"Christmas tree valve failure, emergency well control initiated",467.4,679937.11
EVT-003456,42-389-56406,Scott 6H,Van Horn,2026-05-21,FAILURE,"VSD drive failure causing ESP shutdown, replacement ordered",212.8,265367.73
EVT-003457,42-389-45722,Morgan 12H,Mentone,2024-01-10,INSPECTION,Surface facility maintenance including separator cleaning and meter calibration,41.3,4727.32
EVT-003458,42-109-71245,Hayes 8H,Loving,2025-03-26,WORKOVER,"Severe corrosion-induced tubing failure, well flowing up annulus",409.0,1064084.05
EVT-003459,42-109-71245,Hayes 8H,Loving,2025-08-18,EQUIPMENT_CHANGE,"Tubing leak detected at depth, production ceased for workover",69.2,193399.01
EVT-003460,42-109-71245,Hayes 8H,Loving,2026-02-10,EQUIPMENT_CHANGE,Complete ESP system failure - motor burnout and pump lockup,76.1,292166.67
EVT-003461,42-109-71245,Hayes 8H,Loving,2025-11-11,WORKOVER,"Christmas tree valve failure, emergency well control initiated",507.6,1607156.28
EVT-003462,42-109-71245,Hayes 8H,Loving,2026-01-31,EQUIPMENT_CHANGE,Gas lift valve failure causing complete loss of artificial lift,129.6,263737.25
EVT-003463,42-109-71245,Hayes 8H,Loving,2025-12-14,WORKOVER,"Downhole pump seized due to severe sand production, pulling unit dispatched",530.7,1700323.83
EVT-003464,42-109-71245,Hayes 8H,Loving,2026-06-22,FAILURE,"Hole in tubing at 6500ft, severe production loss and gas migration",80.1,298192.81
EVT-003465,42-109-71245,Hayes 8H,Loving,2026-05-19,FAILURE,Gas lift valve failure causing complete loss of artificial lift,185.6,316539.07
EVT-003466,42-475-39307,Richardson 6H,Van Horn,2025-07-14,FAILURE,Complete ESP system failure - motor burnout and pump lockup,382.0,730348.31
EVT-003467,42-475-39307,Richardson 6H,Van Horn,2026-06-14,EQUIPMENT_CHANGE,"ESP motor failure due to overheating, well shut-in pending replacement",104.0,148969.36
EVT-003468,42-475-39307,Richardson 6H,Van Horn,2025-07-20,FAILURE,Electrical cable failure on ESP causing complete shutdown,85.2,568939.72
EVT-003469,42-475-39307,Richardson 6H,Van Horn,2025-05-15,FAILURE,"Hole in tubing at 6500ft, severe production loss and gas migration",416.4,99121.23
EVT-003470,42-475-39307,Richardson 6H,Van Horn,2025-07-11,FAILURE,Complete ESP system failure - motor burnout and pump lockup,111.0,201227.01
EVT-003471,42-475-39307,Richardson 6H,Van Horn,2025-05-11,EQUIPMENT_CHANGE,Gas lift valve failure causing complete loss of artificial lift,134.3,185795.72
EVT-003472,42-475-39307,Richardson 6H,Van Horn,2026-05-18,FAILURE,Electrical cable failure on ESP causing complete shutdown,445.0,79088.87
EVT-003473,42-475-39307,Richardson 6H,Van Horn,2026-05-25,FAILURE,"Downhole pump seized due to severe sand production, pulling unit dispatched",360.2,164978.31
EVT-003474,42-475-86219,Baker 12H,Van Horn,2024-05-27,CHEMICAL_TREATMENT,Quarterly ESP system diagnostic and vibration analysis completed,41.9,3577.15
EVT-003475,42-475-86219,Baker 12H,Van Horn,2023-12-27,MAINTENANCE,Surface facility maintenance including separator cleaning and meter calibration,13.8,19795.92
EVT-003476,42-475-86219,Baker 12H,Van Horn,2023-10-11,INSPECTION,Routine tubing pressure test and casing inspection,29.5,9661.99
EVT-003477,42-301-42576,Gibson 2H,Culberson County,2024-11-25,INSPECTION,Routine preventive maintenance on ESP system including motor inspection and cable check,45.5,11736.04
EVT-003478,42-301-42576,Gibson 2H,Culberson County,2023-07-11,MAINTENANCE,Corrosion coupon retrieval and analysis - 2 mpy average rate,14.2,22900.57
EVT-003479,42-301-42576,Gibson 2H,Culberson County,2024-06-09,INSPECTION,Routine preventive maintenance on ESP system including motor inspection and cable check,24.8,9208.14
EVT-003480,42-301-42576,Gibson 2H,Culberson County,2024-08-14,CHEMICAL_TREATMENT,Annual safety valve inspection and function test completed,37.1,15186.79
EVT-003481,42-301-72743,Jenkins 1H,Buena Vista,2025-11-05,INSPECTION,Routine preventive maintenance on ESP system including motor inspection and cable check,14.1,6894.42
EVT-003482,42-301-72743,Jenkins 1H,Buena Vista,2026-03-25,MAINTENANCE,Routine preventive maintenance on ESP system including motor inspection and cable check,26.5,10801.74
EVT-003483,42-301-72743,Jenkins 1H,Buena Vista,2025-11-28,MAINTENANCE,Scheduled wellhead maintenance and valve replacement,21.1,4048.99
EVT-003484,42-301-72743,Jenkins 1H,Buena Vista,2025-06-11,MAINTENANCE,Annual safety valve inspection and function test completed,28.8,21939.22
EVT-003485,42-371-42046,Hill 12H,Imperial,2025-08-07,INSPECTION,"Increasing water cut trend noted, zone isolation evaluation in progress",33.6,14737.37
EVT-003486,42-371-42046,Hill 12H,Imperial,2025-02-14,CHEMICAL_TREATMENT,"Scale buildup detected in tubing, chemical squeeze scheduled",40.9,1097.25
EVT-003487,42-371-42046,Hill 12H,Imperial,2025-03-17,CHEMICAL_TREATMENT,Emulsion issues at separator requiring increased demulsifier dosage,29.3,3492.43
EVT-003488,42-371-42046,Hill 12H,Imperial,2024-03-27,MAINTENANCE,"Intermittent ESP trips due to gas slugging, VSD ramp adjusted",47.5,15343.13
EVT-003489,42-371-42046,Hill 12H,Imperial,2026-05-18,EQUIPMENT_CHANGE,"Intermittent ESP trips due to gas slugging, VSD ramp adjusted",97.6,231932.81
EVT-003490,42-475-57385,Bailey 10H,Balmorhea,2026-04-27,INSPECTION,Corrosion coupon retrieval and analysis - 2 mpy average rate,38.1,18433.4
EVT-003491,42-475-57385,Bailey 10H,Balmorhea,2025-06-10,INSPECTION,Corrosion coupon retrieval and analysis - 2 mpy average rate,12.0,16506.01
EVT-003492,42-475-57385,Bailey 10H,Balmorhea,2026-06-13,INSPECTION,Corrosion coupon retrieval and analysis - 2 mpy average rate,36.5,19645.05
EVT-003493,42-109-69986,Cox 11H,Culberson County,2025-12-01,INSPECTION,Surface facility maintenance including separator cleaning and meter calibration,42.9,12541.35
EVT-003494,42-109-69986,Cox 11H,Culberson County,2026-05-06,MAINTENANCE,Corrosion coupon retrieval and analysis - 2 mpy average rate,27.3,21030.18
EVT-003495,42-495-50110,Ward 9H,Red Hills,2025-12-30,MAINTENANCE,Routine preventive maintenance on ESP system including motor inspection and cable check,14.1,24302.26
EVT-003496,42-495-33268,Hughes 10H,Mentone,2026-03-13,INSPECTION,Corrosion coupon retrieval and analysis - 2 mpy average rate,35.2,24277.21
EVT-003497,42-495-33268,Hughes 10H,Mentone,2026-04-03,CHEMICAL_TREATMENT,Routine tubing pressure test and casing inspection,20.5,24999.74
EVT-003498,42-495-33268,Hughes 10H,Mentone,2026-03-10,INSPECTION,Scheduled wellhead maintenance and valve replacement,18.3,4352.14
EVT-003499,42-495-33268,Hughes 10H,Mentone,2025-08-18,CHEMICAL_TREATMENT,Corrosion coupon retrieval and analysis - 2 mpy average rate,19.5,6945.95
EVT-003500,42-371-31554,Howard 11H,Reeves County,2023-10-20,EQUIPMENT_CHANGE,"Paraffin accumulation restricting flow, hot oil treatment performed",92.2,243534.1
EVT-003501,42-371-31554,Howard 11H,Reeves County,2023-06-08,CHEMICAL_TREATMENT,"Sand production increasing, pump wear accelerating",31.9,11468.91
EVT-003502,42-371-31554,Howard 11H,Reeves County,2025-05-28,EQUIPMENT_CHANGE,"Sand production increasing, pump wear accelerating",40.5,174799.38
EVT-003503,42-371-31554,Howard 11H,Reeves County,2025-08-05,MAINTENANCE,"Intermittent ESP trips due to gas slugging, VSD ramp adjusted",4.5,21903.69
EVT-003504,42-371-31554,Howard 11H,Reeves County,2026-05-06,EQUIPMENT_CHANGE,"Intermittent ESP trips due to gas slugging, VSD ramp adjusted",127.8,187887.69
EVT-003505,42-389-67467,State 7V,Orla,2025-03-10,MAINTENANCE,Surface facility maintenance including separator cleaning and meter calibration,15.6,7266.69
EVT-003506,42-475-42293,Bailey 10V,Buena Vista,2025-01-24,MAINTENANCE,Scheduled wellhead maintenance and valve replacement,26.0,12858.58
EVT-003507,42-475-42293,Bailey 10V,Buena Vista,2026-05-04,INSPECTION,Routine tubing pressure test and casing inspection,22.5,8978.72
EVT-003508,42-475-33278,Moore 12H,Buena Vista,2025-12-13,FAILURE,"Christmas tree valve failure, emergency well control initiated",58.1,509246.59
EVT-003509,42-475-33278,Moore 12H,Buena Vista,2025-06-09,EQUIPMENT_CHANGE,"Downhole pump seized due to severe sand production, pulling unit dispatched",42.4,97432.0
EVT-003510,42-475-33278,Moore 12H,Buena Vista,2025-06-06,FAILURE,"Rod parting at depth, well dead, workover rig scheduled",413.1,642830.47
EVT-003511,42-475-33278,Moore 12H,Buena Vista,2026-04-24,EQUIPMENT_CHANGE,"Casing collapse detected during pressure test, integrity compromised",167.3,79079.12
EVT-003512,42-475-33278,Moore 12H,Buena Vista,2025-09-27,FAILURE,"VSD drive failure causing ESP shutdown, replacement ordered",87.0,280780.62
EVT-003513,42-475-33278,Moore 12H,Buena Vista,2026-07-03,FAILURE,Complete ESP system failure - motor burnout and pump lockup,141.7,674429.58
EVT-003514,42-475-33278,Moore 12H,Buena Vista,2026-06-17,FAILURE,"Hole in tubing at 6500ft, severe production loss and gas migration",55.0,56310.36
EVT-003515,42-475-83554,Price 12H,Reeves County,2024-09-21,CHEMICAL_TREATMENT,Scheduled wellhead maintenance and valve replacement,13.6,15468.87
EVT-003516,42-475-83554,Price 12H,Reeves County,2025-06-28,CHEMICAL_TREATMENT,Routine preventive maintenance on ESP system including motor inspection and cable check,9.9,12928.31
EVT-003517,42-475-83554,Price 12H,Reeves County,2025-09-28,INSPECTION,Scheduled wellhead maintenance and valve replacement,41.3,15191.61
EVT-003518,42-475-83554,Price 12H,Reeves County,2024-12-25,MAINTENANCE,Scheduled wellhead maintenance and valve replacement,32.5,13843.49
EVT-003519,42-371-44860,Cox 3V,Buena Vista,2025-08-19,CHEMICAL_TREATMENT,Scheduled wellhead maintenance and valve replacement,16.8,17118.15
EVT-003520,42-371-44860,Cox 3V,Buena Vista,2026-02-02,MAINTENANCE,Routine preventive maintenance on ESP system including motor inspection and cable check,18.1,20625.55
EVT-003521,42-109-65456,Ross 9H,Coyanosa,2024-05-09,CHEMICAL_TREATMENT,Corrosion coupon retrieval and analysis - 2 mpy average rate,34.2,7735.04
EVT-003522,42-389-81457,Roberts 6H,Ward-Estes,2024-07-01,CHEMICAL_TREATMENT,Corrosion coupon retrieval and analysis - 2 mpy average rate,13.0,5807.27
EVT-003523,42-371-42360,Sullivan 11H,Van Horn,2026-05-11,INSPECTION,Routine preventive maintenance on ESP system including motor inspection and cable check,14.7,18367.17
EVT-003524,42-371-42360,Sullivan 11H,Van Horn,2026-04-15,MAINTENANCE,Routine preventive maintenance on ESP system including motor inspection and cable check,9.1,13311.89
EVT-003525,42-371-59627,Patterson 9H,Balmorhea,2025-03-05,MAINTENANCE,Routine preventive maintenance on ESP system including motor inspection and cable check,11.2,11753.81
EVT-003526,42-371-59627,Patterson 9H,Balmorhea,2025-09-19,INSPECTION,Quarterly ESP system diagnostic and vibration analysis completed,29.6,8533.16
EVT-003527,42-389-82985,Mitchell 3V,Wink,2026-04-05,CHEMICAL_TREATMENT,Scheduled wellhead maintenance and valve replacement,14.9,19023.34
EVT-003528,42-389-82985,Mitchell 3V,Wink,2026-02-13,INSPECTION,Routine tubing pressure test and casing inspection,22.1,786.79
EVT-003529,42-389-82985,Mitchell 3V,Wink,2025-11-04,MAINTENANCE,Surface facility maintenance including separator cleaning and meter calibration,21.2,5497.14
EVT-003530,42-389-82985,Mitchell 3V,Wink,2026-03-19,CHEMICAL_TREATMENT,Annual safety valve inspection and function test completed,28.0,1217.22
EVT-003531,42-389-48322,Ranch 4H,Monahans,2025-12-30,FAILURE,Complete ESP system failure - motor burnout and pump lockup,274.9,431331.25
EVT-003532,42-389-48322,Ranch 4H,Monahans,2023-03-09,FAILURE,"Rod parting at depth, well dead, workover rig scheduled",54.5,147545.38
EVT-003533,42-389-48322,Ranch 4H,Monahans,2025-06-05,FAILURE,"Hole in tubing at 6500ft, severe production loss and gas migration",50.8,357984.34
EVT-003534,42-389-48322,Ranch 4H,Monahans,2025-12-08,EQUIPMENT_CHANGE,"Casing collapse detected during pressure test, integrity compromised",150.3,177374.87
EVT-003535,42-389-48322,Ranch 4H,Monahans,2023-10-19,WORKOVER,"ESP motor failure due to overheating, well shut-in pending replacement",337.7,383115.63
EVT-003536,42-389-48322,Ranch 4H,Monahans,2024-09-15,EQUIPMENT_CHANGE,"Severe corrosion-induced tubing failure, well flowing up annulus",124.3,184624.45
EVT-003537,42-389-48322,Ranch 4H,Monahans,2025-10-28,FAILURE,"Tubing leak detected at depth, production ceased for workover",196.7,334000.1
EVT-003538,42-389-48322,Ranch 4H,Monahans,2026-06-20,FAILURE,"Christmas tree valve failure, emergency well control initiated",63.2,246105.79
EVT-003539,42-389-48322,Ranch 4H,Monahans,2026-06-21,FAILURE,"Casing collapse detected during pressure test, integrity compromised",440.0,350692.39
EVT-003540,42-371-59294,Murphy 8H,Fort Stockton,2025-05-19,INSPECTION,Routine tubing pressure test and casing inspection,27.6,23072.11
EVT-003541,42-371-59294,Murphy 8H,Fort Stockton,2026-03-20,INSPECTION,Corrosion coupon retrieval and analysis - 2 mpy average rate,22.2,17839.44
EVT-003542,42-495-79968,Myers 3H,Orla,2025-01-21,FAILURE,Complete ESP system failure - motor burnout and pump lockup,244.1,674786.44
EVT-003543,42-495-79968,Myers 3H,Orla,2025-10-04,FAILURE,"Christmas tree valve failure, emergency well control initiated",42.6,749003.38
EVT-003544,42-495-79968,Myers 3H,Orla,2025-08-02,FAILURE,Complete ESP system failure - motor burnout and pump lockup,72.2,52117.22
EVT-003545,42-495-79968,Myers 3H,Orla,2024-07-01,EQUIPMENT_CHANGE,Complete ESP system failure - motor burnout and pump lockup,102.7,168901.11
EVT-003546,42-495-79968,Myers 3H,Orla,2025-11-15,FAILURE,Complete ESP system failure - motor burnout and pump lockup,468.4,92136.57
EVT-003547,42-495-79968,Myers 3H,Orla,2025-11-04,WORKOVER,"Downhole pump seized due to severe sand production, pulling unit dispatched",653.8,504776.15
EVT-003548,42-495-79968,Myers 3H,Orla,2026-05-27,FAILURE,Electrical cable failure on ESP causing complete shutdown,71.9,589635.28
EVT-003549,42-495-79968,Myers 3H,Orla,2026-06-28,FAILURE,"VSD drive failure causing ESP shutdown, replacement ordered",109.4,102273.67
EVT-003550,42-495-34436,Cooper 1H,Wink,2025-11-04,MAINTENANCE,Surface facility maintenance including separator cleaning and meter calibration,26.1,15043.79
EVT-003551,42-495-34436,Cooper 1H,Wink,2024-09-01,INSPECTION,Scheduled wellhead maintenance and valve replacement,9.1,7394.63
EVT-003552,42-301-34290,Perry 8V,Loving,2024-08-02,MAINTENANCE,Scheduled wellhead maintenance and valve replacement,32.8,6347.32
EVT-003553,42-301-34290,Perry 8V,Loving,2025-11-14,CHEMICAL_TREATMENT,Routine preventive maintenance on ESP system including motor inspection and cable check,16.1,13803.61
EVT-003554,42-301-34290,Perry 8V,Loving,2025-02-03,CHEMICAL_TREATMENT,Annual safety valve inspection and function test completed,20.3,15306.55
EVT-003555,42-371-78215,Brooks 7H,Delaware Basin,2026-05-22,CHEMICAL_TREATMENT,Annual safety valve inspection and function test completed,8.6,3754.45
EVT-003556,42-371-44681,Perry 1H,Wink,2025-09-24,CHEMICAL_TREATMENT,Routine preventive maintenance on ESP system including motor inspection and cable check,45.7,15673.42
EVT-003557,42-371-44681,Perry 1H,Wink,2026-02-26,CHEMICAL_TREATMENT,Annual safety valve inspection and function test completed,4.5,16253.43
EVT-003558,42-109-96469,Peterson 12H,Balmorhea,2026-01-25,WORKOVER,"Downhole pump seized due to severe sand production, pulling unit dispatched",154.6,1659650.97
EVT-003559,42-109-96469,Peterson 12H,Balmorhea,2026-03-16,FAILURE,"VSD drive failure causing ESP shutdown, replacement ordered",355.4,498895.53
EVT-003560,42-109-96469,Peterson 12H,Balmorhea,2026-03-18,WORKOVER,"Casing collapse detected during pressure test, integrity compromised",402.6,1849676.38
EVT-003561,42-109-96469,Peterson 12H,Balmorhea,2026-06-05,FAILURE,"Tubing leak detected at depth, production ceased for workover",424.9,199313.48
EVT-003562,42-109-96469,Peterson 12H,Balmorhea,2026-06-25,FAILURE,"Tubing leak detected at depth, production ceased for workover",353.0,461062.7
EVT-003563,42-495-92781,Patterson 2H,Culberson County,2025-11-11,INSPECTION,Quarterly ESP system diagnostic and vibration analysis completed,7.8,11982.37
EVT-003564,42-475-89394,Powell 3H,Imperial,2025-08-07,INSPECTION,Emulsion issues at separator requiring increased demulsifier dosage,42.1,22747.15
EVT-003565,42-475-89394,Powell 3H,Imperial,2026-05-09,CHEMICAL_TREATMENT,Emulsion issues at separator requiring increased demulsifier dosage,32.3,8670.4
EVT-003566,42-475-89394,Powell 3H,Imperial,2025-06-19,INSPECTION,"Elevated motor temperature detected, monitoring increased frequency",27.1,13822.89
EVT-003567,42-475-89394,Powell 3H,Imperial,2026-06-22,FAILURE,"Gas lift valve partially plugged, reduced injection efficiency",156.3,374816.46
EVT-003568,42-389-61310,Alexander 11H,Orla,2026-06-12,MAINTENANCE,"Scale buildup detected in tubing, chemical squeeze scheduled",46.3,10748.09
EVT-003569,42-389-61310,Alexander 11H,Orla,2025-07-26,MAINTENANCE,"Intermittent ESP trips due to gas slugging, VSD ramp adjusted",6.8,9887.69
EVT-003570,42-389-61310,Alexander 11H,Orla,2026-04-24,FAILURE,"Sand production increasing, pump wear accelerating",157.9,306896.85
EVT-003571,42-389-74262,Clayton 12H,Buena Vista,2023-06-19,MAINTENANCE,Surface facility maintenance including separator cleaning and meter calibration,22.3,13565.88
EVT-003572,42-475-49053,Clayton 5H,Fort Stockton,2025-12-24,MAINTENANCE,Scheduled wellhead maintenance and valve replacement,19.5,18086.31
EVT-003573,42-475-49053,Clayton 5H,Fort Stockton,2026-02-24,MAINTENANCE,Corrosion coupon retrieval and analysis - 2 mpy average rate,9.9,2205.71
EVT-003574,42-475-89680,Morris 12V,Monahans,2026-02-02,CHEMICAL_TREATMENT,Surface facility maintenance including separator cleaning and meter calibration,42.2,12832.09
EVT-003575,42-475-89680,Morris 12V,Monahans,2026-02-02,MAINTENANCE,Annual safety valve inspection and function test completed,27.1,13977.33
EVT-003576,42-475-89680,Morris 12V,Monahans,2025-10-12,MAINTENANCE,Annual safety valve inspection and function test completed,6.9,5381.67
EVT-003577,42-109-77298,Moore 5H,Buena Vista,2026-04-21,MAINTENANCE,Routine preventive maintenance on ESP system including motor inspection and cable check,47.7,13676.5
EVT-003578,42-109-77298,Moore 5H,Buena Vista,2025-09-12,MAINTENANCE,Scheduled wellhead maintenance and valve replacement,46.1,23761.15
EVT-003579,42-109-77298,Moore 5H,Buena Vista,2025-11-14,CHEMICAL_TREATMENT,Routine preventive maintenance on ESP system including motor inspection and cable check,12.8,20689.92
EVT-003580,42-109-77298,Moore 5H,Buena Vista,2025-09-01,CHEMICAL_TREATMENT,Corrosion coupon retrieval and analysis - 2 mpy average rate,28.5,16185.43
EVT-003581,42-389-37816,Fisher 10H,Fort Stockton,2025-05-26,WORKOVER,"Downhole pump seized due to severe sand production, pulling unit dispatched",205.0,1486636.16
EVT-003582,42-389-37816,Fisher 10H,Fort Stockton,2025-12-05,FAILURE,"Rod parting at depth, well dead, workover rig scheduled",385.1,485832.15
EVT-003583,42-389-37816,Fisher 10H,Fort Stockton,2026-04-19,WORKOVER,"VSD drive failure causing ESP shutdown, replacement ordered",442.4,1966627.68
EVT-003584,42-389-37816,Fisher 10H,Fort Stockton,2026-06-13,FAILURE,"ESP motor failure due to overheating, well shut-in pending replacement",95.3,161959.32
EVT-003585,42-389-37816,Fisher 10H,Fort Stockton,2026-05-20,FAILURE,"VSD drive failure causing ESP shutdown, replacement ordered",273.4,645562.34
EVT-003586,42-389-90889,Hill 2H,Fort Stockton,2023-06-02,MAINTENANCE,Surface facility maintenance including separator cleaning and meter calibration,20.7,4497.85
EVT-003587,42-389-90889,Hill 2H,Fort Stockton,2023-02-23,MAINTENANCE,Corrosion coupon retrieval and analysis - 2 mpy average rate,21.4,23361.21
EVT-003588,42-389-90889,Hill 2H,Fort Stockton,2023-08-05,MAINTENANCE,Surface facility maintenance including separator cleaning and meter calibration,38.6,22117.24
EVT-003589,42-389-90889,Hill 2H,Fort Stockton,2025-02-04,INSPECTION,Quarterly ESP system diagnostic and vibration analysis completed,15.8,6775.62
EVT-003590,42-389-93784,Morris 5V,Loving,2024-09-20,CHEMICAL_TREATMENT,Surface facility maintenance including separator cleaning and meter calibration,33.8,6688.42
EVT-003591,42-389-93784,Morris 5V,Loving,2024-09-05,MAINTENANCE,Scheduled wellhead maintenance and valve replacement,29.0,20963.06
EVT-003592,42-389-93784,Morris 5V,Loving,2023-12-01,INSPECTION,Routine tubing pressure test and casing inspection,24.2,12874.25
EVT-003593,42-495-97542,Wallace 11H,Imperial,2025-12-31,CHEMICAL_TREATMENT,Corrosion coupon retrieval and analysis - 2 mpy average rate,3.2,2867.29
EVT-003594,42-495-97542,Wallace 11H,Imperial,2025-04-20,MAINTENANCE,Routine preventive maintenance on ESP system including motor inspection and cable check,20.0,8490.85
EVT-003595,42-495-97542,Wallace 11H,Imperial,2025-09-28,INSPECTION,Corrosion coupon retrieval and analysis - 2 mpy average rate,17.4,22707.44
EVT-003596,42-495-97542,Wallace 11H,Imperial,2026-02-09,MAINTENANCE,Quarterly ESP system diagnostic and vibration analysis completed,30.4,21321.46
EVT-003597,42-475-37255,Graham 11H,Van Horn,2025-09-15,INSPECTION,Quarterly ESP system diagnostic and vibration analysis completed,22.3,3679.42
EVT-003598,42-475-37255,Graham 11H,Van Horn,2025-09-20,MAINTENANCE,Corrosion coupon retrieval and analysis - 2 mpy average rate,22.2,16895.22
EVT-003599,42-475-97771,Hill 2H,Pecos Valley,2025-06-17,INSPECTION,Routine preventive maintenance on ESP system including motor inspection and cable check,20.7,3530.35
EVT-003600,42-109-81043,Hamilton 2H,Reeves County,2025-06-12,MAINTENANCE,Scheduled wellhead maintenance and valve replacement,40.7,3791.02
EVT-003601,42-109-81043,Hamilton 2H,Reeves County,2025-12-31,CHEMICAL_TREATMENT,Quarterly ESP system diagnostic and vibration analysis completed,35.0,16842.98
EVT-003602,42-109-81043,Hamilton 2H,Reeves County,2026-03-25,MAINTENANCE,Quarterly ESP system diagnostic and vibration analysis completed,38.8,7788.35
EVT-003603,42-389-56007,Cooper 10H,Orla,2026-03-29,MAINTENANCE,Corrosion coupon retrieval and analysis - 2 mpy average rate,20.0,14666.2
EVT-003604,42-389-56007,Cooper 10H,Orla,2025-03-03,CHEMICAL_TREATMENT,Routine tubing pressure test and casing inspection,44.3,11389.87
EVT-003605,42-389-56007,Cooper 10H,Orla,2026-01-07,INSPECTION,Surface facility maintenance including separator cleaning and meter calibration,17.9,18532.16
EVT-003606,42-109-74849,Sanders 3H,Red Hills,2025-11-21,INSPECTION,Annual safety valve inspection and function test completed,9.5,10087.55
EVT-003607,42-109-74849,Sanders 3H,Red Hills,2025-09-30,CHEMICAL_TREATMENT,Quarterly ESP system diagnostic and vibration analysis completed,36.5,23485.68
EVT-003608,42-109-74849,Sanders 3H,Red Hills,2025-09-25,CHEMICAL_TREATMENT,Routine tubing pressure test and casing inspection,47.6,10338.07
EVT-003609,42-109-41428,Foster 1H,Coyanosa,2025-05-12,INSPECTION,Routine preventive maintenance on ESP system including motor inspection and cable check,8.1,12815.25
EVT-003610,42-109-41428,Foster 1H,Coyanosa,2025-07-05,CHEMICAL_TREATMENT,Corrosion coupon retrieval and analysis - 2 mpy average rate,12.5,4185.39
EVT-003611,42-109-41428,Foster 1H,Coyanosa,2026-03-20,INSPECTION,Routine preventive maintenance on ESP system including motor inspection and cable check,25.7,14424.44
EVT-003612,42-475-34810,Reed 12V,Balmorhea,2025-08-22,CHEMICAL_TREATMENT,Annual safety valve inspection and function test completed,15.5,9148.78
EVT-003613,42-475-34810,Reed 12V,Balmorhea,2025-08-04,INSPECTION,Surface facility maintenance including separator cleaning and meter calibration,42.2,2442.32
EVT-003614,42-475-52671,University 5H,Mentone,2026-04-18,MAINTENANCE,Quarterly ESP system diagnostic and vibration analysis completed,8.5,4984.31
EVT-003615,42-475-52671,University 5H,Mentone,2023-09-24,INSPECTION,Surface facility maintenance including separator cleaning and meter calibration,3.1,3537.73
EVT-003616,42-389-47643,Hart 8H,Monahans,2024-07-21,CHEMICAL_TREATMENT,Annual safety valve inspection and function test completed,4.6,3563.48
EVT-003617,42-389-47643,Hart 8H,Monahans,2025-08-25,MAINTENANCE,Quarterly ESP system diagnostic and vibration analysis completed,36.3,4563.99
EVT-003618,42-109-80800,Moore 7H,Coyanosa,2026-02-07,CHEMICAL_TREATMENT,Quarterly ESP system diagnostic and vibration analysis completed,37.4,3291.89
EVT-003619,42-109-80800,Moore 7H,Coyanosa,2025-09-25,INSPECTION,Routine preventive maintenance on ESP system including motor inspection and cable check,39.7,17669.92
EVT-003620,42-109-80800,Moore 7H,Coyanosa,2023-03-07,INSPECTION,Corrosion coupon retrieval and analysis - 2 mpy average rate,16.5,5173.44
EVT-003621,42-475-66101,Price 10H,Wink,2025-02-22,INSPECTION,Routine preventive maintenance on ESP system including motor inspection and cable check,14.1,21769.84
EVT-003622,42-389-62908,Bryant 1V,Kermit,2025-08-09,INSPECTION,Scheduled wellhead maintenance and valve replacement,8.9,9309.13
EVT-003623,42-389-62908,Bryant 1V,Kermit,2026-03-03,MAINTENANCE,Annual safety valve inspection and function test completed,32.9,1816.75
EVT-003624,42-389-62908,Bryant 1V,Kermit,2026-03-02,CHEMICAL_TREATMENT,Routine tubing pressure test and casing inspection,8.8,6366.83
EVT-003625,42-389-62908,Bryant 1V,Kermit,2026-02-18,CHEMICAL_TREATMENT,Quarterly ESP system diagnostic and vibration analysis completed,24.4,1974.49
EVT-003626,42-109-49947,Campbell 9H,Imperial,2024-03-17,INSPECTION,Routine preventive maintenance on ESP system including motor inspection and cable check,3.1,12861.14
EVT-003627,42-109-49947,Campbell 9H,Imperial,2024-06-01,INSPECTION,Scheduled wellhead maintenance and valve replacement,29.2,15157.39
EVT-003628,42-389-30643,Williams 4V,Culberson County,2026-02-14,MAINTENANCE,Routine preventive maintenance on ESP system including motor inspection and cable check,37.4,14939.56
EVT-003629,42-475-59272,Russell 8V,Red Hills,2025-12-10,INSPECTION,Quarterly ESP system diagnostic and vibration analysis completed,22.9,11462.04
EVT-003630,42-475-59272,Russell 8V,Red Hills,2026-02-17,MAINTENANCE,Surface facility maintenance including separator cleaning and meter calibration,4.6,12674.35
EVT-003631,42-475-59272,Russell 8V,Red Hills,2025-12-19,CHEMICAL_TREATMENT,Scheduled wellhead maintenance and valve replacement,33.8,18484.7
EVT-003632,42-475-59272,Russell 8V,Red Hills,2025-11-07,CHEMICAL_TREATMENT,Routine preventive maintenance on ESP system including motor inspection and cable check,44.0,22282.82
EVT-003633,42-389-68382,State 5H,Culberson County,2024-06-01,INSPECTION,Surface facility maintenance including separator cleaning and meter calibration,42.2,18027.05
EVT-003634,42-389-93871,Alexander 6H,Kermit,2026-06-06,MAINTENANCE,Routine preventive maintenance on ESP system including motor inspection and cable check,2.2,17877.25
EVT-003635,42-389-93871,Alexander 6H,Kermit,2026-04-22,MAINTENANCE,Routine tubing pressure test and casing inspection,2.0,19842.65
EVT-003636,42-389-93871,Alexander 6H,Kermit,2025-11-21,MAINTENANCE,Scheduled wellhead maintenance and valve replacement,19.1,5686.1
EVT-003637,42-389-93871,Alexander 6H,Kermit,2025-04-18,INSPECTION,Corrosion coupon retrieval and analysis - 2 mpy average rate,42.9,22376.48
EVT-003638,42-371-36334,Simmons 2H,Orla,2025-11-21,MAINTENANCE,Quarterly ESP system diagnostic and vibration analysis completed,31.4,4496.32
EVT-003639,42-475-55646,Reed 10H,Coyanosa,2025-05-28,EQUIPMENT_CHANGE,"Increasing water cut trend noted, zone isolation evaluation in progress",112.7,255704.57
EVT-003640,42-475-55646,Reed 10H,Coyanosa,2026-01-20,CHEMICAL_TREATMENT,"Sand production increasing, pump wear accelerating",33.8,24132.78
EVT-003641,42-475-55646,Reed 10H,Coyanosa,2026-04-27,FAILURE,"Scale buildup detected in tubing, chemical squeeze scheduled",418.1,260985.22
EVT-003642,42-389-46366,Price 11H,Coyanosa,2024-10-30,INSPECTION,Quarterly ESP system diagnostic and vibration analysis completed,2.5,18508.96
EVT-003643,42-109-60216,Martin 6H,Loving,2025-09-18,MAINTENANCE,Scheduled wellhead maintenance and valve replacement,19.4,4891.53
EVT-003644,42-109-60216,Martin 6H,Loving,2026-03-04,CHEMICAL_TREATMENT,Routine preventive maintenance on ESP system including motor inspection and cable check,5.3,12847.15
EVT-003645,42-109-60216,Martin 6H,Loving,2025-06-30,CHEMICAL_TREATMENT,Routine tubing pressure test and casing inspection,13.0,6664.34
EVT-003646,42-495-74875,Cattle Co 6H,Buena Vista,2025-01-08,CHEMICAL_TREATMENT,Scheduled wellhead maintenance and valve replacement,23.2,18847.07
EVT-003647,42-371-90106,Campbell 5V,Culberson County,2024-10-25,CHEMICAL_TREATMENT,"Paraffin accumulation restricting flow, hot oil treatment performed",2.1,9878.99
EVT-003648,42-371-90106,Campbell 5V,Culberson County,2025-09-26,CHEMICAL_TREATMENT,"Gas lift valve partially plugged, reduced injection efficiency",37.0,14237.82
EVT-003649,42-371-90106,Campbell 5V,Culberson County,2025-05-19,EQUIPMENT_CHANGE,"Scale buildup detected in tubing, chemical squeeze scheduled",118.6,264372.2
EVT-003650,42-371-90106,Campbell 5V,Culberson County,2026-06-15,MAINTENANCE,Emulsion issues at separator requiring increased demulsifier dosage,31.5,7510.4
EVT-003651,42-371-90106,Campbell 5V,Culberson County,2026-01-20,CHEMICAL_TREATMENT,"Scale buildup detected in tubing, chemical squeeze scheduled",11.4,15140.35
EVT-003652,42-371-90106,Campbell 5V,Culberson County,2026-06-06,FAILURE,"Sand production increasing, pump wear accelerating",25.7,477118.03
EVT-003653,42-371-73352,Turner 6H,Orla,2025-12-23,CHEMICAL_TREATMENT,Surface facility maintenance including separator cleaning and meter calibration,39.9,706.32
EVT-003654,42-371-73352,Turner 6H,Orla,2026-03-31,MAINTENANCE,Routine tubing pressure test and casing inspection,37.9,7492.09
EVT-003655,42-371-73352,Turner 6H,Orla,2025-07-13,MAINTENANCE,Quarterly ESP system diagnostic and vibration analysis completed,13.9,8843.62
EVT-003656,42-371-73352,Turner 6H,Orla,2026-03-02,INSPECTION,Routine preventive maintenance on ESP system including motor inspection and cable check,23.2,5682.57
EVT-003657,42-495-41141,Wallace 10H,Toyah,2025-02-21,CHEMICAL_TREATMENT,Annual safety valve inspection and function test completed,19.9,7662.36
EVT-003658,42-495-41141,Wallace 10H,Toyah,2025-03-02,MAINTENANCE,Quarterly ESP system diagnostic and vibration analysis completed,15.0,11311.48
EVT-003659,42-475-34910,Russell 10H,Wink,2026-04-12,MAINTENANCE,"Scale buildup detected in tubing, chemical squeeze scheduled",38.0,18462.83
EVT-003660,42-475-34910,Russell 10H,Wink,2024-08-16,CHEMICAL_TREATMENT,"Gas lift valve partially plugged, reduced injection efficiency",3.8,9388.47
EVT-003661,42-475-34910,Russell 10H,Wink,2024-10-11,INSPECTION,"Scale buildup detected in tubing, chemical squeeze scheduled",28.4,14990.08
EVT-003662,42-475-34910,Russell 10H,Wink,2024-03-12,MAINTENANCE,"Gas lift valve partially plugged, reduced injection efficiency",28.7,23844.4
EVT-003663,42-475-34910,Russell 10H,Wink,2023-06-22,EQUIPMENT_CHANGE,"Increasing water cut trend noted, zone isolation evaluation in progress",58.8,239939.88
EVT-003664,42-475-34910,Russell 10H,Wink,2025-06-17,CHEMICAL_TREATMENT,"Intermittent ESP trips due to gas slugging, VSD ramp adjusted",36.5,24616.3
EVT-003665,42-475-34910,Russell 10H,Wink,2026-06-20,FAILURE,"Scale buildup detected in tubing, chemical squeeze scheduled",60.5,433444.05
EVT-003666,42-109-89781,University 12H,Coyanosa,2026-02-12,MAINTENANCE,Annual safety valve inspection and function test completed,30.1,3880.36
EVT-003667,42-109-89781,University 12H,Coyanosa,2025-11-12,CHEMICAL_TREATMENT,Quarterly ESP system diagnostic and vibration analysis completed,16.3,6444.57
EVT-003668,42-371-85603,Cooper 4H,Loving,2025-10-06,INSPECTION,Quarterly ESP system diagnostic and vibration analysis completed,13.6,20242.53
EVT-003669,42-371-85603,Cooper 4H,Loving,2026-06-11,MAINTENANCE,Annual safety valve inspection and function test completed,28.8,12367.16
EVT-003670,42-371-85603,Cooper 4H,Loving,2026-03-16,CHEMICAL_TREATMENT,Routine preventive maintenance on ESP system including motor inspection and cable check,27.4,13594.25
EVT-003671,42-371-85603,Cooper 4H,Loving,2026-05-28,CHEMICAL_TREATMENT,Scheduled wellhead maintenance and valve replacement,25.2,20496.21
EVT-003672,42-389-73724,Johnson 10V,Mentone,2022-07-02,INSPECTION,Annual safety valve inspection and function test completed,33.2,7372.38
EVT-003673,42-389-73724,Johnson 10V,Mentone,2023-09-25,CHEMICAL_TREATMENT,Surface facility maintenance including separator cleaning and meter calibration,3.8,718.68
EVT-003674,42-389-73724,Johnson 10V,Mentone,2025-01-17,MAINTENANCE,Annual safety valve inspection and function test completed,6.0,12798.08
EVT-003675,42-371-63323,Hart 1H,Monahans,2025-07-03,INSPECTION,Routine tubing pressure test and casing inspection,41.9,1793.91
EVT-003676,42-371-63323,Hart 1H,Monahans,2026-05-14,MAINTENANCE,Annual safety valve inspection and function test completed,5.8,12376.98
EVT-003677,42-495-88491,Taylor 4H,Red Hills,2024-01-20,EQUIPMENT_CHANGE,Emulsion issues at separator requiring increased demulsifier dosage,133.8,124173.92
EVT-003678,42-495-88491,Taylor 4H,Red Hills,2023-11-02,INSPECTION,"Elevated motor temperature detected, monitoring increased frequency",41.4,5687.94
EVT-003679,42-495-88491,Taylor 4H,Red Hills,2026-06-15,CHEMICAL_TREATMENT,"Increasing water cut trend noted, zone isolation evaluation in progress",19.2,22131.95
EVT-003680,42-495-88491,Taylor 4H,Red Hills,2024-08-12,CHEMICAL_TREATMENT,"Intermittent ESP trips due to gas slugging, VSD ramp adjusted",22.5,5427.73
EVT-003681,42-495-88491,Taylor 4H,Red Hills,2025-09-28,MAINTENANCE,Emulsion issues at separator requiring increased demulsifier dosage,16.2,4513.85
EVT-003682,42-495-88491,Taylor 4H,Red Hills,2026-03-04,MAINTENANCE,"Scale buildup detected in tubing, chemical squeeze scheduled",39.7,7360.7
EVT-003683,42-495-88491,Taylor 4H,Red Hills,2026-06-01,FAILURE,"Paraffin accumulation restricting flow, hot oil treatment performed",67.1,674631.5
EVT-003684,42-475-81129,Phillips 11V,Coyanosa,2024-11-30,CHEMICAL_TREATMENT,Quarterly ESP system diagnostic and vibration analysis completed,47.5,8589.37
EVT-003685,42-475-81129,Phillips 11V,Coyanosa,2025-06-06,INSPECTION,Scheduled wellhead maintenance and valve replacement,28.3,20751.56
EVT-003686,42-475-81129,Phillips 11V,Coyanosa,2023-11-24,MAINTENANCE,Corrosion coupon retrieval and analysis - 2 mpy average rate,27.9,2182.5
EVT-003687,42-301-68249,Price 1H,Toyah,2025-10-22,MAINTENANCE,Annual safety valve inspection and function test completed,33.9,7186.0
EVT-003688,42-301-68249,Price 1H,Toyah,2026-04-03,CHEMICAL_TREATMENT,Surface facility maintenance including separator cleaning and meter calibration,34.2,799.35
EVT-003689,42-301-68249,Price 1H,Toyah,2026-01-28,CHEMICAL_TREATMENT,Annual safety valve inspection and function test completed,44.8,23249.66
EVT-003690,42-301-68249,Price 1H,Toyah,2025-09-24,INSPECTION,Surface facility maintenance including separator cleaning and meter calibration,10.3,5140.72
EVT-003691,42-371-71806,University 10H,Kermit,2026-03-14,MAINTENANCE,Surface facility maintenance including separator cleaning and meter calibration,4.9,8771.75
EVT-003692,42-371-71806,University 10H,Kermit,2024-02-21,INSPECTION,Quarterly ESP system diagnostic and vibration analysis completed,14.5,22008.96
EVT-003693,42-371-71806,University 10H,Kermit,2024-07-08,CHEMICAL_TREATMENT,Surface facility maintenance including separator cleaning and meter calibration,24.3,10269.37
EVT-003694,42-389-39887,Woods 1H,Ward-Estes,2023-07-19,CHEMICAL_TREATMENT,Quarterly ESP system diagnostic and vibration analysis completed,44.0,21104.78
EVT-003695,42-389-39887,Woods 1H,Ward-Estes,2026-04-30,INSPECTION,Routine preventive maintenance on ESP system including motor inspection and cable check,29.2,23804.94
EVT-003696,42-389-39887,Woods 1H,Ward-Estes,2023-08-29,INSPECTION,Routine preventive maintenance on ESP system including motor inspection and cable check,5.3,1899.45
EVT-003697,42-301-82255,Barnes 12H,Reeves County,2026-02-17,INSPECTION,Surface facility maintenance including separator cleaning and meter calibration,39.2,9443.27
EVT-003698,42-495-37486,Jordan 11H,Buena Vista,2025-12-18,INSPECTION,Surface facility maintenance including separator cleaning and meter calibration,24.6,1703.61
EVT-003699,42-495-37486,Jordan 11H,Buena Vista,2024-08-02,INSPECTION,Quarterly ESP system diagnostic and vibration analysis completed,29.5,22263.45
EVT-003700,42-495-37486,Jordan 11H,Buena Vista,2026-01-08,MAINTENANCE,Routine tubing pressure test and casing inspection,45.1,4771.03
EVT-003701,42-301-39722,Harris 3H,Mentone,2025-06-28,MAINTENANCE,Quarterly ESP system diagnostic and vibration analysis completed,19.7,4484.74
EVT-003702,42-301-66467,Sanders 8H,Delaware Basin,2026-03-11,FAILURE,Complete ESP system failure - motor burnout and pump lockup,313.9,115492.76
EVT-003703,42-301-66467,Sanders 8H,Delaware Basin,2026-05-15,EQUIPMENT_CHANGE,"ESP motor failure due to overheating, well shut-in pending replacement",68.2,251528.19
EVT-003704,42-301-66467,Sanders 8H,Delaware Basin,2026-03-29,FAILURE,Electrical cable failure on ESP causing complete shutdown,106.0,757148.34
EVT-003705,42-301-66467,Sanders 8H,Delaware Basin,2026-06-24,FAILURE,"Casing collapse detected during pressure test, integrity compromised",66.2,270957.44
EVT-003706,42-301-66467,Sanders 8H,Delaware Basin,2026-06-27,FAILURE,"Tubing leak detected at depth, production ceased for workover",181.5,66803.39
EVT-003707,42-301-81795,Gibson 10V,Mentone,2025-08-12,CHEMICAL_TREATMENT,Surface facility maintenance including separator cleaning and meter calibration,27.5,2269.66
EVT-003708,42-371-72247,Wallace 9V,Van Horn,2025-12-23,MAINTENANCE,Corrosion coupon retrieval and analysis - 2 mpy average rate,15.9,19049.53
EVT-003709,42-371-72247,Wallace 9V,Van Horn,2022-12-01,CHEMICAL_TREATMENT,Annual safety valve inspection and function test completed,45.3,6817.92
EVT-003710,42-371-72247,Wallace 9V,Van Horn,2026-05-27,MAINTENANCE,Routine tubing pressure test and casing inspection,9.2,14810.26
EVT-003711,42-371-72247,Wallace 9V,Van Horn,2024-09-19,CHEMICAL_TREATMENT,Scheduled wellhead maintenance and valve replacement,20.7,23282.94
EVT-003712,42-475-51443,Graham 1V,Wink,2025-08-06,INSPECTION,Annual safety valve inspection and function test completed,12.5,21368.85
EVT-003713,42-475-87677,Jackson 5V,Mentone,2025-02-08,MAINTENANCE,Routine tubing pressure test and casing inspection,28.7,23453.8
EVT-003714,42-475-87677,Jackson 5V,Mentone,2025-07-23,MAINTENANCE,Routine tubing pressure test and casing inspection,32.8,16716.84
EVT-003715,42-301-70645,Cooper 11H,Grandfalls,2025-11-26,INSPECTION,Routine tubing pressure test and casing inspection,2.8,23194.55
EVT-003716,42-301-70645,Cooper 11H,Grandfalls,2026-03-09,CHEMICAL_TREATMENT,Annual safety valve inspection and function test completed,37.4,19798.51
EVT-003717,42-389-53998,Minerals 11V,Culberson County,2025-12-05,MAINTENANCE,Surface facility maintenance including separator cleaning and meter calibration,4.8,19008.97
EVT-003718,42-389-53998,Minerals 11V,Culberson County,2025-10-28,CHEMICAL_TREATMENT,Routine preventive maintenance on ESP system including motor inspection and cable check,45.5,19522.36
EVT-003719,42-109-46478,Butler 2H,Balmorhea,2024-01-08,INSPECTION,Routine tubing pressure test and casing inspection,9.6,20596.07
EVT-003720,42-495-39038,Ramirez 8H,Kermit,2026-05-19,FAILURE,"Downhole pump seized due to severe sand production, pulling unit dispatched",459.6,644579.11
EVT-003721,42-495-39038,Ramirez 8H,Kermit,2026-02-26,WORKOVER,"Christmas tree valve failure, emergency well control initiated",469.1,930471.57
EVT-003722,42-495-39038,Ramirez 8H,Kermit,2026-02-27,WORKOVER,"Downhole pump seized due to severe sand production, pulling unit dispatched",684.3,835203.89
EVT-003723,42-495-39038,Ramirez 8H,Kermit,2026-05-28,WORKOVER,"Rod parting at depth, well dead, workover rig scheduled",93.6,1362790.46
EVT-003724,42-495-39038,Ramirez 8H,Kermit,2026-05-18,WORKOVER,"Hole in tubing at 6500ft, severe production loss and gas migration",496.4,1321944.17
EVT-003725,42-495-39038,Ramirez 8H,Kermit,2026-05-17,FAILURE,Gas lift valve failure causing complete loss of artificial lift,90.8,654776.63
EVT-003726,42-495-39038,Ramirez 8H,Kermit,2026-05-15,FAILURE,"Rod parting at depth, well dead, workover rig scheduled",399.5,74754.92
EVT-003727,42-495-39038,Ramirez 8H,Kermit,2026-02-20,FAILURE,"Rod parting at depth, well dead, workover rig scheduled",168.3,697390.84
EVT-003728,42-495-39038,Ramirez 8H,Kermit,2026-06-13,FAILURE,Electrical cable failure on ESP causing complete shutdown,208.4,381653.81
EVT-003729,42-495-39038,Ramirez 8H,Kermit,2026-07-07,FAILURE,Gas lift valve failure causing complete loss of artificial lift,309.5,425837.36
EVT-003730,42-389-81736,Wilson 10H,Mentone,2025-11-24,CHEMICAL_TREATMENT,Corrosion coupon retrieval and analysis - 2 mpy average rate,34.6,13819.13
EVT-003731,42-389-40357,Resources 3V,Van Horn,2025-03-17,FAILURE,"ESP motor failure due to overheating, well shut-in pending replacement",145.7,323090.55
EVT-003732,42-389-40357,Resources 3V,Van Horn,2023-05-14,EQUIPMENT_CHANGE,"Christmas tree valve failure, emergency well control initiated",36.0,105952.51
EVT-003733,42-389-40357,Resources 3V,Van Horn,2025-07-07,EQUIPMENT_CHANGE,"VSD drive failure causing ESP shutdown, replacement ordered",13.2,200932.73
EVT-003734,42-389-40357,Resources 3V,Van Horn,2024-10-09,FAILURE,"VSD drive failure causing ESP shutdown, replacement ordered",133.4,388455.26
EVT-003735,42-389-40357,Resources 3V,Van Horn,2023-05-25,EQUIPMENT_CHANGE,"Downhole pump seized due to severe sand production, pulling unit dispatched",122.2,79824.59
EVT-003736,42-389-40357,Resources 3V,Van Horn,2025-08-26,EQUIPMENT_CHANGE,Complete ESP system failure - motor burnout and pump lockup,94.8,67805.51
EVT-003737,42-389-40357,Resources 3V,Van Horn,2025-08-27,WORKOVER,"Casing collapse detected during pressure test, integrity compromised",354.3,1723959.09
EVT-003738,42-389-40357,Resources 3V,Van Horn,2026-06-05,FAILURE,"Severe corrosion-induced tubing failure, well flowing up annulus",39.6,25676.0
EVT-003739,42-389-40357,Resources 3V,Van Horn,2026-06-01,FAILURE,"Christmas tree valve failure, emergency well control initiated",219.8,358831.41
EVT-003740,42-301-76454,Coleman 9H,Grandfalls,2025-09-21,INSPECTION,Annual safety valve inspection and function test completed,12.6,13029.47
EVT-003741,42-301-76454,Coleman 9H,Grandfalls,2026-05-25,CHEMICAL_TREATMENT,Routine tubing pressure test and casing inspection,13.8,24913.13
EVT-003742,42-389-67915,Gray 8H,Delaware Basin,2025-10-29,CHEMICAL_TREATMENT,Routine tubing pressure test and casing inspection,24.2,23016.84
EVT-003743,42-389-67915,Gray 8H,Delaware Basin,2023-09-29,INSPECTION,Surface facility maintenance including separator cleaning and meter calibration,30.9,6658.17
EVT-003744,42-389-67915,Gray 8H,Delaware Basin,2025-04-07,INSPECTION,Quarterly ESP system diagnostic and vibration analysis completed,20.8,5715.1
EVT-003745,42-389-67915,Gray 8H,Delaware Basin,2023-08-30,INSPECTION,Quarterly ESP system diagnostic and vibration analysis completed,29.5,23756.26
EVT-003746,42-389-69838,Wilson 12H,Red Hills,2024-11-30,INSPECTION,Scheduled wellhead maintenance and valve replacement,18.4,24418.77
EVT-003747,42-475-51349,Barnes 12V,Wink,2023-06-14,CHEMICAL_TREATMENT,Surface facility maintenance including separator cleaning and meter calibration,38.1,3338.68
EVT-003748,42-475-51349,Barnes 12V,Wink,2025-08-14,INSPECTION,Routine tubing pressure test and casing inspection,19.3,9258.04
EVT-003749,42-389-72516,Cox 7H,Coyanosa,2023-05-17,FAILURE,"Hole in tubing at 6500ft, severe production loss and gas migration",103.7,552431.83
EVT-003750,42-389-72516,Cox 7H,Coyanosa,2023-10-29,WORKOVER,"Rod parting at depth, well dead, workover rig scheduled",656.4,716173.45
EVT-003751,42-389-72516,Cox 7H,Coyanosa,2024-07-20,FAILURE,"Casing collapse detected during pressure test, integrity compromised",369.2,266042.37
EVT-003752,42-389-72516,Cox 7H,Coyanosa,2026-06-05,WORKOVER,"Casing collapse detected during pressure test, integrity compromised",228.1,1227274.97
EVT-003753,42-389-72516,Cox 7H,Coyanosa,2025-08-11,EQUIPMENT_CHANGE,"Christmas tree valve failure, emergency well control initiated",131.7,294589.14
EVT-003754,42-389-72516,Cox 7H,Coyanosa,2026-05-29,WORKOVER,"Severe corrosion-induced tubing failure, well flowing up annulus",111.0,1276653.69
EVT-003755,42-389-72516,Cox 7H,Coyanosa,2026-06-30,FAILURE,"VSD drive failure causing ESP shutdown, replacement ordered",130.5,443599.39
EVT-003756,42-389-72516,Cox 7H,Coyanosa,2026-06-19,FAILURE,"VSD drive failure causing ESP shutdown, replacement ordered",438.4,245826.85
EVT-003757,42-389-74742,Minerals 5V,Mentone,2023-10-21,CHEMICAL_TREATMENT,"Sand production increasing, pump wear accelerating",40.5,4510.24
EVT-003758,42-389-74742,Minerals 5V,Mentone,2022-09-29,EQUIPMENT_CHANGE,"Increasing water cut trend noted, zone isolation evaluation in progress",106.1,129104.59
EVT-003759,42-389-74742,Minerals 5V,Mentone,2022-12-15,INSPECTION,"Gas lift valve partially plugged, reduced injection efficiency",17.6,20995.64
EVT-003760,42-389-74742,Minerals 5V,Mentone,2023-05-05,CHEMICAL_TREATMENT,"Gas lift valve partially plugged, reduced injection efficiency",40.5,15852.32
EVT-003761,42-389-74742,Minerals 5V,Mentone,2026-04-19,INSPECTION,"Paraffin accumulation restricting flow, hot oil treatment performed",38.6,14301.89
EVT-003762,42-389-74742,Minerals 5V,Mentone,2026-05-31,EQUIPMENT_CHANGE,"Intermittent ESP trips due to gas slugging, VSD ramp adjusted",50.0,43763.12
EVT-003763,42-389-69015,Reed 10V,Coyanosa,2026-05-02,INSPECTION,Routine preventive maintenance on ESP system including motor inspection and cable check,16.5,7156.49
EVT-003764,42-389-69015,Reed 10V,Coyanosa,2025-10-15,INSPECTION,Corrosion coupon retrieval and analysis - 2 mpy average rate,44.7,6480.09
EVT-003765,42-389-69015,Reed 10V,Coyanosa,2026-06-04,MAINTENANCE,Routine preventive maintenance on ESP system including motor inspection and cable check,27.0,6708.42
EVT-003766,42-301-72086,Simmons 8H,Kermit,2026-01-10,CHEMICAL_TREATMENT,Annual safety valve inspection and function test completed,11.2,2960.98
EVT-003767,42-301-72086,Simmons 8H,Kermit,2025-06-28,MAINTENANCE,Scheduled wellhead maintenance and valve replacement,23.6,24438.72
EVT-003768,42-301-72086,Simmons 8H,Kermit,2025-03-29,MAINTENANCE,Surface facility maintenance including separator cleaning and meter calibration,10.8,20944.67
EVT-003769,42-475-39225,Hill 9H,Loving,2025-11-02,MAINTENANCE,"Intermittent ESP trips due to gas slugging, VSD ramp adjusted",15.9,23330.38
EVT-003770,42-475-39225,Hill 9H,Loving,2026-04-09,INSPECTION,"Paraffin accumulation restricting flow, hot oil treatment performed",24.4,6720.54
EVT-003771,42-475-39225,Hill 9H,Loving,2026-04-28,FAILURE,"Increasing water cut trend noted, zone isolation evaluation in progress",351.9,471379.3
EVT-003772,42-495-43242,White 12H,Imperial,2024-06-26,CHEMICAL_TREATMENT,"Increasing water cut trend noted, zone isolation evaluation in progress",35.6,16789.34
EVT-003773,42-495-43242,White 12H,Imperial,2026-02-24,CHEMICAL_TREATMENT,"Paraffin accumulation restricting flow, hot oil treatment performed",27.8,21240.71
EVT-003774,42-495-43242,White 12H,Imperial,2026-05-17,FAILURE,"Intermittent ESP trips due to gas slugging, VSD ramp adjusted",300.6,94689.66
EVT-003775,42-475-50571,Griffin 12H,Mentone,2026-02-05,INSPECTION,Routine preventive maintenance on ESP system including motor inspection and cable check,40.5,24155.54
EVT-003776,42-475-50571,Griffin 12H,Mentone,2026-05-14,INSPECTION,Routine tubing pressure test and casing inspection,18.2,20287.14
EVT-003777,42-475-50571,Griffin 12H,Mentone,2026-01-08,MAINTENANCE,Surface facility maintenance including separator cleaning and meter calibration,12.2,21464.15
EVT-003778,42-475-50571,Griffin 12H,Mentone,2026-02-13,INSPECTION,Surface facility maintenance including separator cleaning and meter calibration,21.4,23597.4
EVT-003779,42-389-93833,Ford 10H,Mentone,2025-08-23,MAINTENANCE,Routine tubing pressure test and casing inspection,10.6,7084.28
EVT-003780,42-389-67172,Cook 7H,Coyanosa,2025-09-07,INSPECTION,Routine tubing pressure test and casing inspection,36.2,14287.41
EVT-003781,42-389-67172,Cook 7H,Coyanosa,2023-02-20,CHEMICAL_TREATMENT,Corrosion coupon retrieval and analysis - 2 mpy average rate,26.5,15577.92
EVT-003782,42-389-67172,Cook 7H,Coyanosa,2025-01-17,INSPECTION,Routine preventive maintenance on ESP system including motor inspection and cable check,14.8,11227.65
EVT-003783,42-389-47824,Perry 8H,Culberson County,2023-06-04,INSPECTION,Routine tubing pressure test and casing inspection,36.3,17241.84
EVT-003784,42-389-47824,Perry 8H,Culberson County,2023-07-17,INSPECTION,Routine tubing pressure test and casing inspection,33.1,15484.07
EVT-003785,42-371-36368,Davis 11H,Mentone,2025-11-21,INSPECTION,"Sand production increasing, pump wear accelerating",3.0,21486.28
EVT-003786,42-371-36368,Davis 11H,Mentone,2026-03-06,INSPECTION,Emulsion issues at separator requiring increased demulsifier dosage,20.2,18494.94
EVT-003787,42-371-36368,Davis 11H,Mentone,2025-12-27,MAINTENANCE,"Elevated motor temperature detected, monitoring increased frequency",37.2,7244.13
EVT-003788,42-371-36368,Davis 11H,Mentone,2026-05-23,CHEMICAL_TREATMENT,"Paraffin accumulation restricting flow, hot oil treatment performed",18.4,20922.53
EVT-003789,42-371-36368,Davis 11H,Mentone,2026-05-20,INSPECTION,"Scale buildup detected in tubing, chemical squeeze scheduled",11.5,848.14
EVT-003790,42-371-36368,Davis 11H,Mentone,2026-06-14,FAILURE,Emulsion issues at separator requiring increased demulsifier dosage,450.5,288304.71
EVT-003791,42-389-73911,Reynolds 12H,Grandfalls,2026-06-02,FAILURE,"Christmas tree valve failure, emergency well control initiated",396.2,85724.18
EVT-003792,42-389-73911,Reynolds 12H,Grandfalls,2026-04-20,WORKOVER,"Downhole pump seized due to severe sand production, pulling unit dispatched",384.3,1872356.31
EVT-003793,42-389-73911,Reynolds 12H,Grandfalls,2026-04-01,FAILURE,"Casing collapse detected during pressure test, integrity compromised",161.4,383284.99
EVT-003794,42-389-73911,Reynolds 12H,Grandfalls,2026-01-13,EQUIPMENT_CHANGE,"Hole in tubing at 6500ft, severe production loss and gas migration",134.9,257366.98
EVT-003795,42-389-73911,Reynolds 12H,Grandfalls,2026-03-29,FAILURE,"ESP motor failure due to overheating, well shut-in pending replacement",290.8,210786.57
EVT-003796,42-389-73911,Reynolds 12H,Grandfalls,2026-01-02,EQUIPMENT_CHANGE,"Tubing leak detected at depth, production ceased for workover",154.0,190817.1
EVT-003797,42-389-73911,Reynolds 12H,Grandfalls,2026-05-16,FAILURE,"Hole in tubing at 6500ft, severe production loss and gas migration",268.5,598275.39
EVT-003798,42-389-73911,Reynolds 12H,Grandfalls,2026-05-19,FAILURE,Gas lift valve failure causing complete loss of artificial lift,473.8,75746.72
EVT-003799,42-475-79411,Murphy 6H,Kermit,2025-08-25,CHEMICAL_TREATMENT,Scheduled wellhead maintenance and valve replacement,24.1,12981.04
EVT-003800,42-475-36076,Nelson 5V,Loving,2025-06-10,CHEMICAL_TREATMENT,Corrosion coupon retrieval and analysis - 2 mpy average rate,36.8,1774.36
EVT-003801,42-475-54380,Harrison 1H,Wink,2025-09-06,MAINTENANCE,Scheduled wellhead maintenance and valve replacement,30.3,4075.14
EVT-003802,42-389-57854,Washington 7H,Grandfalls,2026-02-17,MAINTENANCE,Routine preventive maintenance on ESP system including motor inspection and cable check,13.3,20191.23
EVT-003803,42-389-57854,Washington 7H,Grandfalls,2026-02-27,MAINTENANCE,Quarterly ESP system diagnostic and vibration analysis completed,40.8,13190.65
EVT-003804,42-389-57854,Washington 7H,Grandfalls,2026-06-13,CHEMICAL_TREATMENT,Corrosion coupon retrieval and analysis - 2 mpy average rate,47.1,21356.05
EVT-003805,42-475-89000,Thompson 7H,Kermit,2025-04-25,INSPECTION,Corrosion coupon retrieval and analysis - 2 mpy average rate,3.4,19689.34
EVT-003806,42-109-36829,Nelson 3H,Buena Vista,2023-12-28,INSPECTION,Scheduled wellhead maintenance and valve replacement,27.3,11229.45
EVT-003807,42-475-94092,Bennett 11V,Grandfalls,2025-12-16,INSPECTION,Corrosion coupon retrieval and analysis - 2 mpy average rate,38.7,17337.45
EVT-003808,42-389-70862,Beal 4V,Buena Vista,2024-03-04,INSPECTION,Corrosion coupon retrieval and analysis - 2 mpy average rate,35.6,2489.61
EVT-003809,42-389-70862,Beal 4V,Buena Vista,2025-07-11,INSPECTION,Corrosion coupon retrieval and analysis - 2 mpy average rate,6.8,7243.1
EVT-003810,42-389-70862,Beal 4V,Buena Vista,2023-06-17,INSPECTION,Routine tubing pressure test and casing inspection,11.5,13411.15
EVT-003811,42-495-33581,Kelly 5H,Van Horn,2026-05-16,INSPECTION,Corrosion coupon retrieval and analysis - 2 mpy average rate,31.0,19642.95
EVT-003812,42-495-33581,Kelly 5H,Van Horn,2025-11-29,INSPECTION,Routine tubing pressure test and casing inspection,2.1,24249.75
EVT-003813,42-495-33581,Kelly 5H,Van Horn,2026-05-30,MAINTENANCE,Surface facility maintenance including separator cleaning and meter calibration,14.4,5811.85
EVT-003814,42-475-46880,Resources 6H,Fort Stockton,2024-12-25,WORKOVER,"ESP motor failure due to overheating, well shut-in pending replacement",463.9,1704658.92
EVT-003815,42-475-46880,Resources 6H,Fort Stockton,2024-11-04,FAILURE,"Downhole pump seized due to severe sand production, pulling unit dispatched",228.2,444969.37
EVT-003816,42-475-46880,Resources 6H,Fort Stockton,2025-10-14,FAILURE,"Hole in tubing at 6500ft, severe production loss and gas migration",196.0,766485.21
EVT-003817,42-475-46880,Resources 6H,Fort Stockton,2024-12-24,EQUIPMENT_CHANGE,"Severe corrosion-induced tubing failure, well flowing up annulus",151.4,81115.2
EVT-003818,42-475-46880,Resources 6H,Fort Stockton,2024-01-15,WORKOVER,Gas lift valve failure causing complete loss of artificial lift,90.1,693218.93
EVT-003819,42-475-46880,Resources 6H,Fort Stockton,2024-08-01,FAILURE,"Tubing leak detected at depth, production ceased for workover",406.9,241149.86
EVT-003820,42-475-46880,Resources 6H,Fort Stockton,2025-06-16,WORKOVER,"Hole in tubing at 6500ft, severe production loss and gas migration",454.7,1121490.82
EVT-003821,42-475-46880,Resources 6H,Fort Stockton,2026-05-24,FAILURE,"Rod parting at depth, well dead, workover rig scheduled",445.5,697493.18
EVT-003822,42-475-46880,Resources 6H,Fort Stockton,2026-06-23,FAILURE,Gas lift valve failure causing complete loss of artificial lift,144.4,448814.71
EVT-003823,42-389-65060,Coleman 10H,Fort Stockton,2023-09-01,MAINTENANCE,Surface facility maintenance including separator cleaning and meter calibration,22.3,9027.11
EVT-003824,42-389-65060,Coleman 10H,Fort Stockton,2024-06-12,CHEMICAL_TREATMENT,Quarterly ESP system diagnostic and vibration analysis completed,14.2,9940.1
EVT-003825,42-389-92425,West 9H,Monahans,2025-01-23,INSPECTION,Quarterly ESP system diagnostic and vibration analysis completed,18.0,4248.35
EVT-003826,42-475-51804,Hughes 9H,Delaware Basin,2025-10-23,MAINTENANCE,Quarterly ESP system diagnostic and vibration analysis completed,8.8,19216.62
EVT-003827,42-475-51804,Hughes 9H,Delaware Basin,2025-04-22,CHEMICAL_TREATMENT,Routine tubing pressure test and casing inspection,15.1,15851.8
EVT-003828,42-475-51804,Hughes 9H,Delaware Basin,2025-10-29,INSPECTION,Annual safety valve inspection and function test completed,5.5,2468.88
EVT-003829,42-389-51491,Ranch 4H,Balmorhea,2024-10-11,INSPECTION,Routine tubing pressure test and casing inspection,3.2,17716.22
EVT-003830,42-389-51491,Ranch 4H,Balmorhea,2024-05-29,CHEMICAL_TREATMENT,Surface facility maintenance including separator cleaning and meter calibration,29.5,1427.97
EVT-003831,42-389-51491,Ranch 4H,Balmorhea,2025-09-07,CHEMICAL_TREATMENT,Corrosion coupon retrieval and analysis - 2 mpy average rate,33.9,6375.34
EVT-003832,42-475-45292,Reed 8H,Buena Vista,2026-04-26,FAILURE,"VSD drive failure causing ESP shutdown, replacement ordered",94.0,433624.16
EVT-003833,42-475-45292,Reed 8H,Buena Vista,2026-02-25,EQUIPMENT_CHANGE,Gas lift valve failure causing complete loss of artificial lift,28.1,72372.99
EVT-003834,42-475-45292,Reed 8H,Buena Vista,2025-11-23,FAILURE,Complete ESP system failure - motor burnout and pump lockup,138.4,673375.69
EVT-003835,42-475-45292,Reed 8H,Buena Vista,2025-12-05,EQUIPMENT_CHANGE,"Casing collapse detected during pressure test, integrity compromised",82.4,244310.29
EVT-003836,42-475-45292,Reed 8H,Buena Vista,2025-11-08,FAILURE,Gas lift valve failure causing complete loss of artificial lift,181.6,499358.68
EVT-003837,42-475-45292,Reed 8H,Buena Vista,2025-12-27,WORKOVER,"Severe corrosion-induced tubing failure, well flowing up annulus",407.3,1598410.54
EVT-003838,42-475-45292,Reed 8H,Buena Vista,2025-12-03,WORKOVER,"ESP motor failure due to overheating, well shut-in pending replacement",65.5,1709207.27
EVT-003839,42-475-45292,Reed 8H,Buena Vista,2026-06-14,FAILURE,"Casing collapse detected during pressure test, integrity compromised",466.9,567053.83
EVT-003840,42-475-45292,Reed 8H,Buena Vista,2026-05-18,FAILURE,"Severe corrosion-induced tubing failure, well flowing up annulus",91.4,522563.52
EVT-003841,42-475-45292,Reed 8H,Buena Vista,2026-07-09,FAILURE,"Christmas tree valve failure, emergency well control initiated",440.6,754083.15
EVT-003842,42-475-85824,Wallace 8H,Mentone,2025-05-20,MAINTENANCE,Routine tubing pressure test and casing inspection,28.3,17506.37
EVT-003843,42-475-85824,Wallace 8H,Mentone,2026-01-16,MAINTENANCE,Quarterly ESP system diagnostic and vibration analysis completed,26.9,8062.72
EVT-003844,42-475-85824,Wallace 8H,Mentone,2024-10-31,INSPECTION,Routine tubing pressure test and casing inspection,27.0,9302.61
EVT-003845,42-475-85129,Ranch 2H,Pecos Valley,2026-03-24,MAINTENANCE,Routine tubing pressure test and casing inspection,34.7,13893.91
EVT-003846,42-475-85129,Ranch 2H,Pecos Valley,2026-04-10,INSPECTION,Routine tubing pressure test and casing inspection,45.9,21088.8
EVT-003847,42-389-52347,Harris 1H,Monahans,2026-03-04,INSPECTION,Annual safety valve inspection and function test completed,7.0,10958.63
EVT-003848,42-389-52347,Harris 1H,Monahans,2026-01-12,MAINTENANCE,Annual safety valve inspection and function test completed,21.5,15314.44
EVT-003849,42-109-70953,Hill 3H,Mentone,2026-02-07,FAILURE,"Downhole pump seized due to severe sand production, pulling unit dispatched",467.4,173418.89
EVT-003850,42-109-70953,Hill 3H,Mentone,2025-05-29,FAILURE,Electrical cable failure on ESP causing complete shutdown,143.6,50348.14
EVT-003851,42-109-70953,Hill 3H,Mentone,2024-07-20,WORKOVER,"Christmas tree valve failure, emergency well control initiated",100.4,691402.75
EVT-003852,42-109-70953,Hill 3H,Mentone,2026-01-14,FAILURE,"Christmas tree valve failure, emergency well control initiated",43.4,388011.28
EVT-003853,42-109-70953,Hill 3H,Mentone,2025-07-29,WORKOVER,Complete ESP system failure - motor burnout and pump lockup,686.8,1599252.88
EVT-003854,42-109-70953,Hill 3H,Mentone,2025-08-20,FAILURE,"Rod parting at depth, well dead, workover rig scheduled",228.7,247820.72
EVT-003855,42-109-70953,Hill 3H,Mentone,2025-07-04,FAILURE,"Christmas tree valve failure, emergency well control initiated",435.5,397220.21
EVT-003856,42-109-70953,Hill 3H,Mentone,2026-04-26,EQUIPMENT_CHANGE,Electrical cable failure on ESP causing complete shutdown,135.3,154935.66
EVT-003857,42-109-70953,Hill 3H,Mentone,2026-06-05,FAILURE,"ESP motor failure due to overheating, well shut-in pending replacement",232.5,456861.91
EVT-003858,42-109-70953,Hill 3H,Mentone,2026-06-14,FAILURE,"ESP motor failure due to overheating, well shut-in pending replacement",209.0,726788.71
EVT-003859,42-495-97065,Patterson 7H,Wink,2024-10-18,MAINTENANCE,Emulsion issues at separator requiring increased demulsifier dosage,29.6,14178.74
EVT-003860,42-495-97065,Patterson 7H,Wink,2025-09-01,INSPECTION,"Elevated motor temperature detected, monitoring increased frequency",34.8,9912.65
EVT-003861,42-495-97065,Patterson 7H,Wink,2026-05-05,EQUIPMENT_CHANGE,"Intermittent ESP trips due to gas slugging, VSD ramp adjusted",165.6,31624.48
EVT-003862,42-389-97127,Wheeler 5V,Red Hills,2024-10-26,MAINTENANCE,Scheduled wellhead maintenance and valve replacement,8.9,6478.26
EVT-003863,42-389-97127,Wheeler 5V,Red Hills,2024-05-10,MAINTENANCE,Corrosion coupon retrieval and analysis - 2 mpy average rate,7.3,7287.0
EVT-003864,42-389-97127,Wheeler 5V,Red Hills,2026-05-19,MAINTENANCE,Routine tubing pressure test and casing inspection,22.3,24651.36
EVT-003865,42-389-97127,Wheeler 5V,Red Hills,2025-05-30,MAINTENANCE,Surface facility maintenance including separator cleaning and meter calibration,22.7,3555.59
EVT-003866,42-301-43958,Hayes 1H,Delaware Basin,2026-03-10,MAINTENANCE,Annual safety valve inspection and function test completed,13.9,14306.58
EVT-003867,42-301-43958,Hayes 1H,Delaware Basin,2025-05-06,CHEMICAL_TREATMENT,Routine tubing pressure test and casing inspection,20.1,24544.47
EVT-003868,42-301-43958,Hayes 1H,Delaware Basin,2025-07-28,INSPECTION,Quarterly ESP system diagnostic and vibration analysis completed,23.4,15065.59
EVT-003869,42-301-43958,Hayes 1H,Delaware Basin,2025-10-12,MAINTENANCE,Scheduled wellhead maintenance and valve replacement,21.1,8049.72
EVT-003870,42-389-37492,Long 11H,Red Hills,2025-09-24,MAINTENANCE,Quarterly ESP system diagnostic and vibration analysis completed,22.4,11048.72
EVT-003871,42-389-37492,Long 11H,Red Hills,2025-01-26,CHEMICAL_TREATMENT,Surface facility maintenance including separator cleaning and meter calibration,32.8,5049.54
EVT-003872,42-389-37492,Long 11H,Red Hills,2025-05-10,INSPECTION,Annual safety valve inspection and function test completed,21.0,1550.04
EVT-003873,42-389-37492,Long 11H,Red Hills,2026-02-19,INSPECTION,Annual safety valve inspection and function test completed,22.1,10406.05
EVT-003874,42-109-98354,Fisher 4H,Loving,2026-03-19,CHEMICAL_TREATMENT,Scheduled wellhead maintenance and valve replacement,2.1,22296.41
EVT-003875,42-109-98354,Fisher 4H,Loving,2024-10-27,CHEMICAL_TREATMENT,Scheduled wellhead maintenance and valve replacement,31.1,23491.7
EVT-003876,42-371-83264,Roberts 3H,Pecos Valley,2025-08-02,EQUIPMENT_CHANGE,"VSD drive failure causing ESP shutdown, replacement ordered",61.9,217820.85
EVT-003877,42-371-83264,Roberts 3H,Pecos Valley,2025-06-02,FAILURE,"Casing collapse detected during pressure test, integrity compromised",287.2,350014.91
EVT-003878,42-371-83264,Roberts 3H,Pecos Valley,2025-07-14,FAILURE,Gas lift valve failure causing complete loss of artificial lift,281.1,112604.21
EVT-003879,42-371-83264,Roberts 3H,Pecos Valley,2024-10-31,FAILURE,Complete ESP system failure - motor burnout and pump lockup,132.5,155029.19
EVT-003880,42-371-83264,Roberts 3H,Pecos Valley,2026-06-11,EQUIPMENT_CHANGE,"Downhole pump seized due to severe sand production, pulling unit dispatched",105.3,158371.53
EVT-003881,42-371-83264,Roberts 3H,Pecos Valley,2025-07-04,WORKOVER,"Casing collapse detected during pressure test, integrity compromised",220.4,1796372.41
EVT-003882,42-371-83264,Roberts 3H,Pecos Valley,2026-05-30,FAILURE,Complete ESP system failure - motor burnout and pump lockup,267.4,622444.2
EVT-003883,42-371-83264,Roberts 3H,Pecos Valley,2026-06-07,FAILURE,Complete ESP system failure - motor burnout and pump lockup,216.2,426627.98
EVT-003884,42-389-53437,Davis 3H,Orla,2024-03-31,INSPECTION,Corrosion coupon retrieval and analysis - 2 mpy average rate,40.7,1692.42
EVT-003885,42-371-85739,Phillips 1H,Culberson County,2026-05-23,CHEMICAL_TREATMENT,Corrosion coupon retrieval and analysis - 2 mpy average rate,7.8,5802.26
EVT-003886,42-371-85739,Phillips 1H,Culberson County,2026-04-21,CHEMICAL_TREATMENT,Corrosion coupon retrieval and analysis - 2 mpy average rate,46.7,23225.71
EVT-003887,42-371-85739,Phillips 1H,Culberson County,2025-09-05,MAINTENANCE,Scheduled wellhead maintenance and valve replacement,11.9,5856.46
EVT-003888,42-371-85739,Phillips 1H,Culberson County,2025-02-16,MAINTENANCE,Corrosion coupon retrieval and analysis - 2 mpy average rate,27.0,9320.33
EVT-003889,42-475-35535,Beal 1H,Ward-Estes,2026-04-08,CHEMICAL_TREATMENT,Scheduled wellhead maintenance and valve replacement,25.7,18162.78
EVT-003890,42-475-35535,Beal 1H,Ward-Estes,2026-06-02,CHEMICAL_TREATMENT,Quarterly ESP system diagnostic and vibration analysis completed,46.8,1203.24
EVT-003891,42-475-35535,Beal 1H,Ward-Estes,2025-12-24,INSPECTION,Scheduled wellhead maintenance and valve replacement,46.9,2438.18
EVT-003892,42-495-99884,Butler 5H,Mentone,2026-05-06,INSPECTION,Annual safety valve inspection and function test completed,38.2,18770.83
EVT-003893,42-495-99884,Butler 5H,Mentone,2025-12-04,MAINTENANCE,Annual safety valve inspection and function test completed,2.0,18991.72
EVT-003894,42-371-55477,Cattle Co 11V,Loving,2023-11-09,MAINTENANCE,Annual safety valve inspection and function test completed,45.8,8944.16
EVT-003895,42-371-55477,Cattle Co 11V,Loving,2023-10-24,CHEMICAL_TREATMENT,Routine tubing pressure test and casing inspection,24.6,14572.85
EVT-003896,42-371-55477,Cattle Co 11V,Loving,2025-12-27,INSPECTION,Quarterly ESP system diagnostic and vibration analysis completed,37.7,18942.62
EVT-003897,42-371-96952,Bailey 8V,Loving,2025-09-27,MAINTENANCE,"Increasing water cut trend noted, zone isolation evaluation in progress",26.5,23510.04
EVT-003898,42-371-96952,Bailey 8V,Loving,2026-06-12,CHEMICAL_TREATMENT,"Scale buildup detected in tubing, chemical squeeze scheduled",28.7,10336.03
EVT-003899,42-371-96952,Bailey 8V,Loving,2025-09-24,CHEMICAL_TREATMENT,"Scale buildup detected in tubing, chemical squeeze scheduled",40.8,2260.0
EVT-003900,42-371-96952,Bailey 8V,Loving,2026-02-22,CHEMICAL_TREATMENT,"Elevated motor temperature detected, monitoring increased frequency",7.5,22679.6
EVT-003901,42-371-96952,Bailey 8V,Loving,2026-02-16,EQUIPMENT_CHANGE,"Paraffin accumulation restricting flow, hot oil treatment performed",37.3,152771.58
EVT-003902,42-371-96952,Bailey 8V,Loving,2026-05-28,EQUIPMENT_CHANGE,"Elevated motor temperature detected, monitoring increased frequency",142.1,243705.12
EVT-003903,42-389-46827,Bass 9H,Toyah,2026-05-01,CHEMICAL_TREATMENT,Scheduled wellhead maintenance and valve replacement,45.6,8199.94
EVT-003904,42-371-52004,Coleman 2H,Balmorhea,2025-12-27,INSPECTION,Surface facility maintenance including separator cleaning and meter calibration,33.1,1603.85
EVT-003905,42-371-52004,Coleman 2H,Balmorhea,2026-01-04,CHEMICAL_TREATMENT,Annual safety valve inspection and function test completed,15.8,2501.23
EVT-003906,42-301-35694,Cox 10H,Buena Vista,2025-06-21,CHEMICAL_TREATMENT,Corrosion coupon retrieval and analysis - 2 mpy average rate,4.3,19601.82
EVT-003907,42-301-35694,Cox 10H,Buena Vista,2025-05-27,INSPECTION,Surface facility maintenance including separator cleaning and meter calibration,45.9,6009.97
EVT-003908,42-389-86996,Fisher 8H,Pecos Valley,2023-11-15,CHEMICAL_TREATMENT,Scheduled wellhead maintenance and valve replacement,2.5,17188.63
EVT-003909,42-301-58673,Bass 2V,Loving,2026-04-16,MAINTENANCE,Quarterly ESP system diagnostic and vibration analysis completed,41.8,1751.29
EVT-003910,42-301-35831,Williams 7H,Culberson County,2026-06-06,MAINTENANCE,Annual safety valve inspection and function test completed,13.2,9058.81
EVT-003911,42-495-55506,Cattle Co 10H,Buena Vista,2026-03-30,INSPECTION,Corrosion coupon retrieval and analysis - 2 mpy average rate,30.8,9360.57
EVT-003912,42-495-55506,Cattle Co 10H,Buena Vista,2026-04-03,INSPECTION,Corrosion coupon retrieval and analysis - 2 mpy average rate,47.2,2871.64
EVT-003913,42-495-55506,Cattle Co 10H,Buena Vista,2026-02-23,CHEMICAL_TREATMENT,Routine tubing pressure test and casing inspection,45.8,7161.94
EVT-003914,42-495-41296,Ford 6H,Buena Vista,2023-02-03,MAINTENANCE,Surface facility maintenance including separator cleaning and meter calibration,33.5,8792.5
EVT-003915,42-495-41296,Ford 6H,Buena Vista,2023-03-07,INSPECTION,Routine preventive maintenance on ESP system including motor inspection and cable check,25.4,15615.84
EVT-003916,42-475-72260,Anderson 12H,Grandfalls,2026-01-05,INSPECTION,Scheduled wellhead maintenance and valve replacement,3.0,11237.98
EVT-003917,42-475-72260,Anderson 12H,Grandfalls,2026-01-27,CHEMICAL_TREATMENT,Annual safety valve inspection and function test completed,42.7,19522.83
EVT-003918,42-371-80780,Cattle Co 7H,Red Hills,2026-02-13,INSPECTION,Surface facility maintenance including separator cleaning and meter calibration,46.8,2466.48
EVT-003919,42-371-80780,Cattle Co 7H,Red Hills,2026-01-03,MAINTENANCE,Corrosion coupon retrieval and analysis - 2 mpy average rate,39.1,5918.89
EVT-003920,42-371-80780,Cattle Co 7H,Red Hills,2026-04-26,CHEMICAL_TREATMENT,Routine tubing pressure test and casing inspection,40.8,10636.9
EVT-003921,42-371-80780,Cattle Co 7H,Red Hills,2026-04-15,MAINTENANCE,Quarterly ESP system diagnostic and vibration analysis completed,3.5,20965.21
EVT-003922,42-389-60785,Johnson 7H,Ward-Estes,2025-10-05,MAINTENANCE,Annual safety valve inspection and function test completed,30.3,7029.35
EVT-003923,42-389-60785,Johnson 7H,Ward-Estes,2025-11-10,CHEMICAL_TREATMENT,Scheduled wellhead maintenance and valve replacement,47.1,1755.69
EVT-003924,42-389-60785,Johnson 7H,Ward-Estes,2026-06-01,MAINTENANCE,Routine preventive maintenance on ESP system including motor inspection and cable check,3.8,8450.27
EVT-003925,42-389-60785,Johnson 7H,Ward-Estes,2025-05-18,CHEMICAL_TREATMENT,Corrosion coupon retrieval and analysis - 2 mpy average rate,46.3,18358.88
EVT-003926,42-475-41157,Jordan 6H,Grandfalls,2025-06-23,EQUIPMENT_CHANGE,"Scale buildup detected in tubing, chemical squeeze scheduled",71.1,54337.54
EVT-003927,42-475-41157,Jordan 6H,Grandfalls,2025-07-29,CHEMICAL_TREATMENT,"Paraffin accumulation restricting flow, hot oil treatment performed",18.0,14994.6
EVT-003928,42-475-41157,Jordan 6H,Grandfalls,2026-04-17,FAILURE,"Intermittent ESP trips due to gas slugging, VSD ramp adjusted",90.6,92619.34
EVT-003929,42-301-88077,Washington 8H,Loving,2022-12-16,INSPECTION,Corrosion coupon retrieval and analysis - 2 mpy average rate,27.4,14117.84
EVT-003930,42-301-88077,Washington 8H,Loving,2022-09-10,INSPECTION,Routine preventive maintenance on ESP system including motor inspection and cable check,17.9,16423.91
EVT-003931,42-301-88077,Washington 8H,Loving,2024-04-06,CHEMICAL_TREATMENT,Annual safety valve inspection and function test completed,7.7,19573.78
EVT-003932,42-301-88077,Washington 8H,Loving,2025-02-04,MAINTENANCE,Quarterly ESP system diagnostic and vibration analysis completed,41.1,9649.23
EVT-003933,42-109-73452,Minerals 5H,Culberson County,2025-06-13,CHEMICAL_TREATMENT,"Intermittent ESP trips due to gas slugging, VSD ramp adjusted",47.9,23757.39
EVT-003934,42-109-73452,Minerals 5H,Culberson County,2026-06-12,MAINTENANCE,"Sand production increasing, pump wear accelerating",23.3,1266.66
EVT-003935,42-109-73452,Minerals 5H,Culberson County,2026-03-07,EQUIPMENT_CHANGE,"Elevated motor temperature detected, monitoring increased frequency",18.7,70009.45
EVT-003936,42-109-73452,Minerals 5H,Culberson County,2026-05-08,FAILURE,Emulsion issues at separator requiring increased demulsifier dosage,234.7,42841.81
EVT-003937,42-495-69179,Morgan 12V,Balmorhea,2024-09-19,CHEMICAL_TREATMENT,"Elevated motor temperature detected, monitoring increased frequency",30.9,24195.48
EVT-003938,42-495-69179,Morgan 12V,Balmorhea,2024-02-08,CHEMICAL_TREATMENT,"Sand production increasing, pump wear accelerating",47.1,22638.41
EVT-003939,42-495-69179,Morgan 12V,Balmorhea,2024-03-14,INSPECTION,"Sand production increasing, pump wear accelerating",24.3,5385.12
EVT-003940,42-495-69179,Morgan 12V,Balmorhea,2024-09-09,MAINTENANCE,"Gas lift valve partially plugged, reduced injection efficiency",17.0,1499.37
EVT-003941,42-495-69179,Morgan 12V,Balmorhea,2026-06-08,EQUIPMENT_CHANGE,"Gas lift valve partially plugged, reduced injection efficiency",94.7,17777.64
EVT-003942,42-389-35068,Nelson 5H,Fort Stockton,2026-02-26,MAINTENANCE,Scheduled wellhead maintenance and valve replacement,21.6,16723.75
EVT-003943,42-371-86347,Patterson 3H,Van Horn,2025-06-25,CHEMICAL_TREATMENT,Annual safety valve inspection and function test completed,27.7,11651.37
EVT-003944,42-371-47991,Graham 10H,Van Horn,2026-01-19,EQUIPMENT_CHANGE,"Elevated motor temperature detected, monitoring increased frequency",139.5,249324.57
EVT-003945,42-371-47991,Graham 10H,Van Horn,2025-09-29,INSPECTION,"Sand production increasing, pump wear accelerating",16.1,23124.16
EVT-003946,42-371-47991,Graham 10H,Van Horn,2024-04-22,CHEMICAL_TREATMENT,Emulsion issues at separator requiring increased demulsifier dosage,13.1,10928.63
EVT-003947,42-371-47991,Graham 10H,Van Horn,2025-04-04,EQUIPMENT_CHANGE,"Sand production increasing, pump wear accelerating",84.8,132048.61
EVT-003948,42-371-47991,Graham 10H,Van Horn,2026-05-28,EQUIPMENT_CHANGE,"Sand production increasing, pump wear accelerating",87.2,52762.83
EVT-003949,42-475-58885,Morgan 7H,Pecos Valley,2025-07-09,CHEMICAL_TREATMENT,"Intermittent ESP trips due to gas slugging, VSD ramp adjusted",28.0,15611.34
EVT-003950,42-475-58885,Morgan 7H,Pecos Valley,2024-07-29,CHEMICAL_TREATMENT,"Elevated motor temperature detected, monitoring increased frequency",19.2,15844.62
EVT-003951,42-475-58885,Morgan 7H,Pecos Valley,2024-12-13,INSPECTION,"Scale buildup detected in tubing, chemical squeeze scheduled",22.4,21959.78
EVT-003952,42-475-58885,Morgan 7H,Pecos Valley,2024-08-21,CHEMICAL_TREATMENT,"Scale buildup detected in tubing, chemical squeeze scheduled",36.8,17211.63
EVT-003953,42-475-58885,Morgan 7H,Pecos Valley,2026-04-23,EQUIPMENT_CHANGE,"Increasing water cut trend noted, zone isolation evaluation in progress",104.4,32966.56
EVT-003954,42-495-46849,Ward 5H,Balmorhea,2025-08-14,CHEMICAL_TREATMENT,Scheduled wellhead maintenance and valve replacement,11.2,9669.44
EVT-003955,42-495-46849,Ward 5H,Balmorhea,2025-09-04,INSPECTION,Quarterly ESP system diagnostic and vibration analysis completed,25.2,16325.06
EVT-003956,42-475-52746,University 4H,Culberson County,2025-11-11,CHEMICAL_TREATMENT,Corrosion coupon retrieval and analysis - 2 mpy average rate,38.3,5494.01
EVT-003957,42-475-52746,University 4H,Culberson County,2026-01-19,INSPECTION,Corrosion coupon retrieval and analysis - 2 mpy average rate,3.1,17506.22
EVT-003958,42-389-53616,Flores 9H,Red Hills,2025-12-10,CHEMICAL_TREATMENT,Surface facility maintenance including separator cleaning and meter calibration,45.3,2886.93
EVT-003959,42-475-97033,Baker 5H,Pecos Valley,2024-04-18,EQUIPMENT_CHANGE,"Christmas tree valve failure, emergency well control initiated",40.0,209391.87
EVT-003960,42-475-97033,Baker 5H,Pecos Valley,2025-12-29,WORKOVER,"Severe corrosion-induced tubing failure, well flowing up annulus",564.1,307574.27
EVT-003961,42-475-97033,Baker 5H,Pecos Valley,2023-09-27,WORKOVER,"Casing collapse detected during pressure test, integrity compromised",95.8,416270.62
EVT-003962,42-475-97033,Baker 5H,Pecos Valley,2025-08-22,EQUIPMENT_CHANGE,"Downhole pump seized due to severe sand production, pulling unit dispatched",93.6,39044.47
EVT-003963,42-475-97033,Baker 5H,Pecos Valley,2026-06-15,FAILURE,"ESP motor failure due to overheating, well shut-in pending replacement",25.6,320291.14
EVT-003964,42-475-97033,Baker 5H,Pecos Valley,2026-05-29,FAILURE,Complete ESP system failure - motor burnout and pump lockup,139.7,245130.54
EVT-003965,42-371-84332,Baker 7H,Van Horn,2026-04-16,CHEMICAL_TREATMENT,Annual safety valve inspection and function test completed,19.9,6470.11
EVT-003966,42-371-84332,Baker 7H,Van Horn,2026-05-25,MAINTENANCE,Corrosion coupon retrieval and analysis - 2 mpy average rate,31.6,1248.38
EVT-003967,42-389-40962,Barnes 10H,Monahans,2026-01-12,INSPECTION,Annual safety valve inspection and function test completed,47.3,19399.22
EVT-003968,42-389-40962,Barnes 10H,Monahans,2026-03-25,CHEMICAL_TREATMENT,Corrosion coupon retrieval and analysis - 2 mpy average rate,34.8,6615.03
EVT-003969,42-389-40962,Barnes 10H,Monahans,2026-03-16,CHEMICAL_TREATMENT,Annual safety valve inspection and function test completed,15.0,11682.04
EVT-003970,42-389-40962,Barnes 10H,Monahans,2026-05-11,CHEMICAL_TREATMENT,Routine preventive maintenance on ESP system including motor inspection and cable check,23.0,16111.31
EVT-003971,42-389-59225,White 8H,Wink,2025-03-24,INSPECTION,Annual safety valve inspection and function test completed,36.5,14710.17
EVT-003972,42-389-59225,White 8H,Wink,2026-05-01,INSPECTION,Scheduled wellhead maintenance and valve replacement,43.1,23716.48
EVT-003973,42-389-59225,White 8H,Wink,2025-12-01,CHEMICAL_TREATMENT,Routine preventive maintenance on ESP system including motor inspection and cable check,40.6,8600.8
EVT-003974,42-389-59225,White 8H,Wink,2026-03-07,INSPECTION,Routine tubing pressure test and casing inspection,4.2,2568.72
EVT-003975,42-389-69675,Campbell 4H,Buena Vista,2025-07-15,CHEMICAL_TREATMENT,Corrosion coupon retrieval and analysis - 2 mpy average rate,10.0,21361.28
EVT-003976,42-389-69675,Campbell 4H,Buena Vista,2025-03-08,MAINTENANCE,Scheduled wellhead maintenance and valve replacement,37.2,7784.1
EVT-003977,42-109-60763,Wallace 3H,Loving,2025-07-25,INSPECTION,Routine preventive maintenance on ESP system including motor inspection and cable check,37.2,10089.48
EVT-003978,42-109-60763,Wallace 3H,Loving,2023-10-23,MAINTENANCE,Quarterly ESP system diagnostic and vibration analysis completed,18.9,10490.54
EVT-003979,42-301-76441,Bryant 6H,Ward-Estes,2024-09-20,CHEMICAL_TREATMENT,Surface facility maintenance including separator cleaning and meter calibration,30.0,5547.44
EVT-003980,42-371-49973,Wilson 10H,Red Hills,2026-04-24,FAILURE,Electrical cable failure on ESP causing complete shutdown,328.4,142318.49
EVT-003981,42-371-49973,Wilson 10H,Red Hills,2024-07-09,FAILURE,"Tubing leak detected at depth, production ceased for workover",127.4,564626.52
EVT-003982,42-371-49973,Wilson 10H,Red Hills,2026-03-07,EQUIPMENT_CHANGE,Gas lift valve failure causing complete loss of artificial lift,66.9,202404.86
EVT-003983,42-371-49973,Wilson 10H,Red Hills,2025-12-15,EQUIPMENT_CHANGE,"ESP motor failure due to overheating, well shut-in pending replacement",52.9,22543.29
EVT-003984,42-371-49973,Wilson 10H,Red Hills,2026-03-28,EQUIPMENT_CHANGE,"Severe corrosion-induced tubing failure, well flowing up annulus",42.0,38399.8
EVT-003985,42-371-49973,Wilson 10H,Red Hills,2024-10-06,WORKOVER,"Rod parting at depth, well dead, workover rig scheduled",580.8,1777438.06
EVT-003986,42-371-49973,Wilson 10H,Red Hills,2025-10-28,FAILURE,"Casing collapse detected during pressure test, integrity compromised",52.8,449049.31
EVT-003987,42-371-49973,Wilson 10H,Red Hills,2026-05-19,FAILURE,"Hole in tubing at 6500ft, severe production loss and gas migration",423.0,394002.83
EVT-003988,42-371-49973,Wilson 10H,Red Hills,2026-06-07,FAILURE,"Rod parting at depth, well dead, workover rig scheduled",81.3,471699.56
EVT-003989,42-389-58698,Harris 2V,Coyanosa,2026-04-19,MAINTENANCE,Surface facility maintenance including separator cleaning and meter calibration,41.4,2217.63
EVT-003990,42-389-58698,Harris 2V,Coyanosa,2026-06-02,INSPECTION,Routine preventive maintenance on ESP system including motor inspection and cable check,19.0,4209.12
EVT-003991,42-109-30211,Hill 3H,Reeves County,2025-11-27,MAINTENANCE,Surface facility maintenance including separator cleaning and meter calibration,20.0,24876.32
EVT-003992,42-109-30211,Hill 3H,Reeves County,2025-07-18,MAINTENANCE,Quarterly ESP system diagnostic and vibration analysis completed,35.2,22032.98
EVT-003993,42-109-30211,Hill 3H,Reeves County,2024-11-05,CHEMICAL_TREATMENT,Quarterly ESP system diagnostic and vibration analysis completed,35.9,18443.87
EVT-003994,42-109-30211,Hill 3H,Reeves County,2025-07-10,MAINTENANCE,Routine preventive maintenance on ESP system including motor inspection and cable check,18.1,24085.7
EVT-003995,42-371-70051,Resources 11H,Coyanosa,2026-03-26,INSPECTION,Corrosion coupon retrieval and analysis - 2 mpy average rate,25.9,7371.29
EVT-003996,42-371-70051,Resources 11H,Coyanosa,2026-04-02,MAINTENANCE,Scheduled wellhead maintenance and valve replacement,41.0,2150.71
EVT-003997,42-371-70051,Resources 11H,Coyanosa,2026-06-15,MAINTENANCE,Routine preventive maintenance on ESP system including motor inspection and cable check,11.4,20246.8
EVT-003998,42-495-75974,Davis 2V,Wink,2023-03-07,CHEMICAL_TREATMENT,Surface facility maintenance including separator cleaning and meter calibration,24.2,9453.99
EVT-003999,42-495-75974,Davis 2V,Wink,2026-03-12,MAINTENANCE,Corrosion coupon retrieval and analysis - 2 mpy average rate,31.4,20221.22
EVT-004000,42-495-75974,Davis 2V,Wink,2022-06-16,MAINTENANCE,Routine preventive maintenance on ESP system including motor inspection and cable check,17.2,2453.63
EVT-004001,42-495-75974,Davis 2V,Wink,2024-04-21,MAINTENANCE,Quarterly ESP system diagnostic and vibration analysis completed,32.8,15125.5
EVT-004002,42-495-68955,Anderson 7H,Coyanosa,2026-02-13,CHEMICAL_TREATMENT,Scheduled wellhead maintenance and valve replacement,38.5,12175.57
EVT-004003,42-495-68955,Anderson 7H,Coyanosa,2026-01-01,CHEMICAL_TREATMENT,Annual safety valve inspection and function test completed,3.4,18993.09
EVT-004004,42-495-68955,Anderson 7H,Coyanosa,2026-02-24,CHEMICAL_TREATMENT,Surface facility maintenance including separator cleaning and meter calibration,44.5,3631.17
EVT-004005,42-495-68955,Anderson 7H,Coyanosa,2026-05-10,CHEMICAL_TREATMENT,Routine preventive maintenance on ESP system including motor inspection and cable check,44.7,1261.26
EVT-004006,42-109-38692,Wheeler 7H,Orla,2024-06-29,CHEMICAL_TREATMENT,Quarterly ESP system diagnostic and vibration analysis completed,32.8,10826.72
EVT-004007,42-109-38692,Wheeler 7H,Orla,2025-03-30,MAINTENANCE,Routine preventive maintenance on ESP system including motor inspection and cable check,37.5,22392.19
EVT-004008,42-109-38692,Wheeler 7H,Orla,2025-12-25,MAINTENANCE,Routine tubing pressure test and casing inspection,43.3,17793.03
EVT-004009,42-109-86363,Baker 10H,Van Horn,2026-03-06,INSPECTION,Quarterly ESP system diagnostic and vibration analysis completed,3.3,5871.19
EVT-004010,42-109-86363,Baker 10H,Van Horn,2026-03-13,CHEMICAL_TREATMENT,Routine tubing pressure test and casing inspection,23.1,19383.37
EVT-004011,42-109-86363,Baker 10H,Van Horn,2026-06-07,INSPECTION,Scheduled wellhead maintenance and valve replacement,16.1,1360.92
EVT-004012,42-109-86363,Baker 10H,Van Horn,2026-04-29,INSPECTION,Annual safety valve inspection and function test completed,19.5,17472.57
EVT-004013,42-109-51410,Simmons 9H,Ward-Estes,2025-09-08,CHEMICAL_TREATMENT,Scheduled wellhead maintenance and valve replacement,44.6,22778.02
EVT-004014,42-371-61108,Woods 2V,Monahans,2023-11-18,CHEMICAL_TREATMENT,Routine preventive maintenance on ESP system including motor inspection and cable check,18.1,10562.02
EVT-004015,42-389-38593,Foster 5H,Fort Stockton,2024-04-04,INSPECTION,Routine tubing pressure test and casing inspection,18.6,22384.52
EVT-004016,42-389-38593,Foster 5H,Fort Stockton,2023-12-20,MAINTENANCE,Routine preventive maintenance on ESP system including motor inspection and cable check,5.6,20564.57
EVT-004017,42-389-38593,Foster 5H,Fort Stockton,2024-03-10,MAINTENANCE,Routine preventive maintenance on ESP system including motor inspection and cable check,29.5,17669.14
EVT-004018,42-389-85164,Reynolds 6H,Reeves County,2026-06-09,INSPECTION,Quarterly ESP system diagnostic and vibration analysis completed,26.3,9838.63
EVT-004019,42-389-85164,Reynolds 6H,Reeves County,2024-07-05,MAINTENANCE,Routine tubing pressure test and casing inspection,2.7,19243.75
EVT-004020,42-389-85164,Reynolds 6H,Reeves County,2025-02-12,CHEMICAL_TREATMENT,Annual safety valve inspection and function test completed,34.9,14614.37
EVT-004021,42-389-85164,Reynolds 6H,Reeves County,2024-02-09,INSPECTION,Annual safety valve inspection and function test completed,14.7,5625.76
EVT-004022,42-389-41793,Parker 9H,Kermit,2024-03-17,INSPECTION,Annual safety valve inspection and function test completed,16.8,5843.5
EVT-004023,42-389-41793,Parker 9H,Kermit,2024-06-09,MAINTENANCE,Surface facility maintenance including separator cleaning and meter calibration,10.7,4214.8
EVT-004024,42-389-41793,Parker 9H,Kermit,2024-05-18,CHEMICAL_TREATMENT,Annual safety valve inspection and function test completed,41.7,20013.11
EVT-004025,42-109-34122,Rivera 8V,Pecos Valley,2025-03-15,INSPECTION,Routine preventive maintenance on ESP system including motor inspection and cable check,13.7,16626.82
EVT-004026,42-495-57202,Watson 5H,Loving,2024-09-13,CHEMICAL_TREATMENT,Surface facility maintenance including separator cleaning and meter calibration,17.0,20001.7
EVT-004027,42-495-57202,Watson 5H,Loving,2024-10-28,CHEMICAL_TREATMENT,Annual safety valve inspection and function test completed,15.4,16377.72
EVT-004028,42-389-75591,Ranch 12V,Van Horn,2025-06-24,INSPECTION,Routine tubing pressure test and casing inspection,45.8,20379.5
EVT-004029,42-389-75591,Ranch 12V,Van Horn,2024-05-10,INSPECTION,Quarterly ESP system diagnostic and vibration analysis completed,13.0,4357.07
EVT-004030,42-389-75591,Ranch 12V,Van Horn,2024-05-23,INSPECTION,Corrosion coupon retrieval and analysis - 2 mpy average rate,21.0,17372.74
EVT-004031,42-389-75591,Ranch 12V,Van Horn,2023-10-09,INSPECTION,Routine preventive maintenance on ESP system including motor inspection and cable check,17.6,5769.36
EVT-004032,42-389-48941,Woods 11H,Monahans,2026-06-02,CHEMICAL_TREATMENT,Annual safety valve inspection and function test completed,46.9,6160.35
EVT-004033,42-389-48941,Woods 11H,Monahans,2026-04-04,INSPECTION,Scheduled wellhead maintenance and valve replacement,7.6,12338.03
EVT-004034,42-389-84815,Harrison 9H,Fort Stockton,2023-09-20,MAINTENANCE,Annual safety valve inspection and function test completed,24.4,14389.69
EVT-004035,42-389-84815,Harrison 9H,Fort Stockton,2024-09-04,CHEMICAL_TREATMENT,Quarterly ESP system diagnostic and vibration analysis completed,43.6,5744.26
EVT-004036,42-389-84815,Harrison 9H,Fort Stockton,2026-03-25,CHEMICAL_TREATMENT,Corrosion coupon retrieval and analysis - 2 mpy average rate,25.6,23610.72
EVT-004037,42-475-42240,Graham 5H,Orla,2023-08-12,FAILURE,"ESP motor failure due to overheating, well shut-in pending replacement",71.6,313768.6
EVT-004038,42-475-42240,Graham 5H,Orla,2024-03-01,FAILURE,"Severe corrosion-induced tubing failure, well flowing up annulus",205.6,520833.92
EVT-004039,42-475-42240,Graham 5H,Orla,2024-03-04,EQUIPMENT_CHANGE,"Casing collapse detected during pressure test, integrity compromised",135.3,167500.86
EVT-004040,42-475-42240,Graham 5H,Orla,2024-01-30,FAILURE,"Casing collapse detected during pressure test, integrity compromised",91.4,647166.66
EVT-004041,42-475-42240,Graham 5H,Orla,2024-09-17,FAILURE,Gas lift valve failure causing complete loss of artificial lift,295.3,533313.54
EVT-004042,42-475-42240,Graham 5H,Orla,2024-06-07,FAILURE,Electrical cable failure on ESP causing complete shutdown,315.2,564735.45
EVT-004043,42-475-42240,Graham 5H,Orla,2022-12-29,FAILURE,Electrical cable failure on ESP causing complete shutdown,343.1,189897.18
EVT-004044,42-475-42240,Graham 5H,Orla,2026-06-30,FAILURE,"Downhole pump seized due to severe sand production, pulling unit dispatched",353.8,344796.34
EVT-004045,42-475-42240,Graham 5H,Orla,2026-06-26,FAILURE,"Downhole pump seized due to severe sand production, pulling unit dispatched",29.7,215342.47
EVT-004046,42-495-80299,James 12V,Kermit,2025-12-25,CHEMICAL_TREATMENT,Surface facility maintenance including separator cleaning and meter calibration,21.6,18084.65
EVT-004047,42-475-54370,Beal 6H,Loving,2026-02-22,INSPECTION,Annual safety valve inspection and function test completed,35.0,18535.96
EVT-004048,42-475-54370,Beal 6H,Loving,2025-08-05,CHEMICAL_TREATMENT,Routine preventive maintenance on ESP system including motor inspection and cable check,19.6,24460.65
EVT-004049,42-475-54370,Beal 6H,Loving,2026-01-01,INSPECTION,Quarterly ESP system diagnostic and vibration analysis completed,37.4,670.34
EVT-004050,42-475-54370,Beal 6H,Loving,2025-10-08,CHEMICAL_TREATMENT,Annual safety valve inspection and function test completed,18.7,11177.44
EVT-004051,42-475-80038,Simmons 1H,Red Hills,2025-11-26,INSPECTION,Surface facility maintenance including separator cleaning and meter calibration,37.8,931.52
EVT-004052,42-475-80038,Simmons 1H,Red Hills,2026-05-06,MAINTENANCE,Routine tubing pressure test and casing inspection,2.4,16795.09
EVT-004053,42-389-73420,Mitchell 11H,Loving,2026-03-19,CHEMICAL_TREATMENT,Annual safety valve inspection and function test completed,14.9,11183.95
EVT-004054,42-389-73420,Mitchell 11H,Loving,2026-03-27,MAINTENANCE,Scheduled wellhead maintenance and valve replacement,13.6,5193.59
EVT-004055,42-389-73420,Mitchell 11H,Loving,2025-11-28,INSPECTION,Quarterly ESP system diagnostic and vibration analysis completed,38.3,23847.81
EVT-004056,42-389-39103,Sanders 3H,Coyanosa,2025-09-05,MAINTENANCE,Quarterly ESP system diagnostic and vibration analysis completed,28.6,10217.53
EVT-004057,42-109-87965,Morgan 9H,Monahans,2025-02-06,INSPECTION,Quarterly ESP system diagnostic and vibration analysis completed,4.1,16017.38
EVT-004058,42-109-87965,Morgan 9H,Monahans,2025-03-13,CHEMICAL_TREATMENT,Routine tubing pressure test and casing inspection,23.8,4543.64
EVT-004059,42-109-87965,Morgan 9H,Monahans,2026-03-24,MAINTENANCE,Routine tubing pressure test and casing inspection,43.8,14814.62
EVT-004060,42-475-68112,Coleman 10V,Imperial,2023-08-26,MAINTENANCE,Scheduled wellhead maintenance and valve replacement,27.0,17004.5
EVT-004061,42-475-68112,Coleman 10V,Imperial,2026-03-17,CHEMICAL_TREATMENT,Scheduled wellhead maintenance and valve replacement,12.0,4077.46
EVT-004062,42-475-68112,Coleman 10V,Imperial,2023-12-16,MAINTENANCE,Scheduled wellhead maintenance and valve replacement,29.2,2703.78
EVT-004063,42-389-43926,Davis 1H,Red Hills,2026-03-26,CHEMICAL_TREATMENT,"Intermittent ESP trips due to gas slugging, VSD ramp adjusted",29.8,6213.48
EVT-004064,42-389-43926,Davis 1H,Red Hills,2026-01-22,EQUIPMENT_CHANGE,"Scale buildup detected in tubing, chemical squeeze scheduled",77.3,261062.84
EVT-004065,42-389-43926,Davis 1H,Red Hills,2026-06-21,EQUIPMENT_CHANGE,"Gas lift valve partially plugged, reduced injection efficiency",24.8,239741.27
EVT-004066,42-389-92352,Foster 10H,Buena Vista,2025-02-13,EQUIPMENT_CHANGE,Emulsion issues at separator requiring increased demulsifier dosage,140.2,240471.62
EVT-004067,42-389-92352,Foster 10H,Buena Vista,2026-02-12,INSPECTION,"Intermittent ESP trips due to gas slugging, VSD ramp adjusted",43.8,4123.56
EVT-004068,42-389-92352,Foster 10H,Buena Vista,2026-06-06,INSPECTION,"Increasing water cut trend noted, zone isolation evaluation in progress",31.2,18861.4
EVT-004069,42-389-92352,Foster 10H,Buena Vista,2025-12-10,CHEMICAL_TREATMENT,Emulsion issues at separator requiring increased demulsifier dosage,44.9,13662.45
EVT-004070,42-389-92352,Foster 10H,Buena Vista,2025-02-21,EQUIPMENT_CHANGE,"Paraffin accumulation restricting flow, hot oil treatment performed",117.2,177234.19
EVT-004071,42-389-92352,Foster 10H,Buena Vista,2026-05-12,EQUIPMENT_CHANGE,"Scale buildup detected in tubing, chemical squeeze scheduled",36.7,78390.79
EVT-004072,42-389-65557,State 2H,Kermit,2024-11-21,CHEMICAL_TREATMENT,"Paraffin accumulation restricting flow, hot oil treatment performed",26.8,20923.56
EVT-004073,42-389-65557,State 2H,Kermit,2022-04-16,CHEMICAL_TREATMENT,"Elevated motor temperature detected, monitoring increased frequency",20.9,13166.4
EVT-004074,42-389-65557,State 2H,Kermit,2025-02-03,EQUIPMENT_CHANGE,"Intermittent ESP trips due to gas slugging, VSD ramp adjusted",94.6,131282.89
EVT-004075,42-389-65557,State 2H,Kermit,2026-01-02,MAINTENANCE,"Increasing water cut trend noted, zone isolation evaluation in progress",17.2,16659.15
EVT-004076,42-389-65557,State 2H,Kermit,2023-06-27,CHEMICAL_TREATMENT,"Paraffin accumulation restricting flow, hot oil treatment performed",25.8,14543.78
EVT-004077,42-389-65557,State 2H,Kermit,2026-01-29,EQUIPMENT_CHANGE,"Gas lift valve partially plugged, reduced injection efficiency",42.8,173844.27
EVT-004078,42-389-65557,State 2H,Kermit,2026-06-04,EQUIPMENT_CHANGE,"Paraffin accumulation restricting flow, hot oil treatment performed",28.3,203686.66
EVT-004079,42-475-71426,Myers 1H,Reeves County,2025-07-19,EQUIPMENT_CHANGE,"Increasing water cut trend noted, zone isolation evaluation in progress",144.3,31459.69
EVT-004080,42-475-71426,Myers 1H,Reeves County,2023-12-28,EQUIPMENT_CHANGE,"Gas lift valve partially plugged, reduced injection efficiency",43.6,192374.29
EVT-004081,42-475-71426,Myers 1H,Reeves County,2024-07-27,EQUIPMENT_CHANGE,"Intermittent ESP trips due to gas slugging, VSD ramp adjusted",92.3,217735.94
EVT-004082,42-475-71426,Myers 1H,Reeves County,2024-06-30,INSPECTION,"Sand production increasing, pump wear accelerating",41.1,21402.55
EVT-004083,42-475-71426,Myers 1H,Reeves County,2025-03-15,INSPECTION,"Intermittent ESP trips due to gas slugging, VSD ramp adjusted",46.0,12722.28
EVT-004084,42-475-71426,Myers 1H,Reeves County,2022-06-22,CHEMICAL_TREATMENT,"Sand production increasing, pump wear accelerating",29.0,20667.0
EVT-004085,42-475-71426,Myers 1H,Reeves County,2026-05-02,EQUIPMENT_CHANGE,"Scale buildup detected in tubing, chemical squeeze scheduled",78.9,153597.63
EVT-004086,42-389-49722,Watson 7H,Delaware Basin,2026-01-30,INSPECTION,Annual safety valve inspection and function test completed,16.7,2425.51
EVT-004087,42-389-49722,Watson 7H,Delaware Basin,2025-09-25,INSPECTION,Annual safety valve inspection and function test completed,9.6,7140.45
EVT-004088,42-475-34306,Ranch 5H,Orla,2025-11-06,INSPECTION,Routine preventive maintenance on ESP system including motor inspection and cable check,24.5,17413.79
EVT-004089,42-389-84003,Rogers 1H,Coyanosa,2026-03-13,INSPECTION,Routine tubing pressure test and casing inspection,29.0,15863.32
EVT-004090,42-495-42595,Harris 5H,Van Horn,2026-05-08,MAINTENANCE,Surface facility maintenance including separator cleaning and meter calibration,19.8,8996.29
EVT-004091,42-371-51177,Minerals 11H,Mentone,2026-05-17,MAINTENANCE,Routine preventive maintenance on ESP system including motor inspection and cable check,29.0,8215.82
EVT-004092,42-371-51177,Minerals 11H,Mentone,2026-04-20,MAINTENANCE,Routine preventive maintenance on ESP system including motor inspection and cable check,47.0,12550.13
EVT-004093,42-371-51177,Minerals 11H,Mentone,2026-03-04,INSPECTION,Corrosion coupon retrieval and analysis - 2 mpy average rate,37.6,16192.28
EVT-004094,42-371-51177,Minerals 11H,Mentone,2026-02-03,INSPECTION,Routine preventive maintenance on ESP system including motor inspection and cable check,11.4,8934.16
EVT-004095,42-389-93936,Myers 7H,Grandfalls,2025-03-14,MAINTENANCE,Scheduled wellhead maintenance and valve replacement,35.8,8400.52
EVT-004096,42-495-65183,Wheeler 2H,Loving,2025-07-21,MAINTENANCE,Routine preventive maintenance on ESP system including motor inspection and cable check,32.2,16781.64
EVT-004097,42-495-65183,Wheeler 2H,Loving,2025-08-16,INSPECTION,Corrosion coupon retrieval and analysis - 2 mpy average rate,39.1,8496.3
EVT-004098,42-389-52936,Powell 5H,Orla,2025-07-10,CHEMICAL_TREATMENT,Quarterly ESP system diagnostic and vibration analysis completed,23.8,5017.54
EVT-004099,42-389-52936,Powell 5H,Orla,2025-02-10,CHEMICAL_TREATMENT,Annual safety valve inspection and function test completed,36.7,14938.79
EVT-004100,42-389-66935,Green 7H,Van Horn,2025-07-15,MAINTENANCE,Quarterly ESP system diagnostic and vibration analysis completed,42.8,14971.06
EVT-004101,42-389-30529,King 12H,Wink,2025-07-08,INSPECTION,Surface facility maintenance including separator cleaning and meter calibration,40.3,6046.66
EVT-004102,42-389-30529,King 12H,Wink,2025-05-25,MAINTENANCE,Corrosion coupon retrieval and analysis - 2 mpy average rate,11.2,24473.05
EVT-004103,42-389-30529,King 12H,Wink,2025-04-11,INSPECTION,Quarterly ESP system diagnostic and vibration analysis completed,32.1,17214.53
EVT-004104,42-389-30529,King 12H,Wink,2025-05-15,INSPECTION,Scheduled wellhead maintenance and valve replacement,21.7,2770.33
EVT-004105,42-389-43277,Collins 1H,Grandfalls,2026-04-24,MAINTENANCE,Annual safety valve inspection and function test completed,11.1,16351.73
EVT-004106,42-389-43277,Collins 1H,Grandfalls,2026-03-01,INSPECTION,Annual safety valve inspection and function test completed,4.3,13933.88
EVT-004107,42-475-77560,Powell 4H,Monahans,2026-05-25,INSPECTION,Routine preventive maintenance on ESP system including motor inspection and cable check,26.1,7083.22
EVT-004108,42-475-77560,Powell 4H,Monahans,2025-10-08,INSPECTION,Quarterly ESP system diagnostic and vibration analysis completed,41.0,14003.21
EVT-004109,42-475-35861,White 7H,Monahans,2026-02-13,CHEMICAL_TREATMENT,Routine tubing pressure test and casing inspection,30.5,11282.29
EVT-004110,42-475-35861,White 7H,Monahans,2025-11-06,INSPECTION,Quarterly ESP system diagnostic and vibration analysis completed,43.6,19438.19
EVT-004111,42-475-35861,White 7H,Monahans,2025-12-13,CHEMICAL_TREATMENT,Routine tubing pressure test and casing inspection,4.7,12305.89
EVT-004112,42-475-35861,White 7H,Monahans,2026-03-26,CHEMICAL_TREATMENT,Routine tubing pressure test and casing inspection,18.5,17656.24
EVT-004113,42-301-90377,Cooper 10H,Buena Vista,2025-09-06,CHEMICAL_TREATMENT,Quarterly ESP system diagnostic and vibration analysis completed,18.1,5352.1
EVT-004114,42-301-90377,Cooper 10H,Buena Vista,2025-11-13,CHEMICAL_TREATMENT,Corrosion coupon retrieval and analysis - 2 mpy average rate,8.5,22502.82
EVT-004115,42-301-90377,Cooper 10H,Buena Vista,2025-08-27,CHEMICAL_TREATMENT,Corrosion coupon retrieval and analysis - 2 mpy average rate,13.6,22699.69
EVT-004116,42-301-90377,Cooper 10H,Buena Vista,2024-10-09,CHEMICAL_TREATMENT,Scheduled wellhead maintenance and valve replacement,44.5,14476.36
EVT-004117,42-301-66896,Kelly 3H,Coyanosa,2024-02-29,CHEMICAL_TREATMENT,Scheduled wellhead maintenance and valve replacement,42.8,7290.24
EVT-004118,42-301-66896,Kelly 3H,Coyanosa,2024-02-15,INSPECTION,Annual safety valve inspection and function test completed,35.7,1293.92
EVT-004119,42-301-66896,Kelly 3H,Coyanosa,2026-01-28,MAINTENANCE,Routine tubing pressure test and casing inspection,14.1,11293.9
EVT-004120,42-389-63382,Cooper 12V,Reeves County,2025-12-04,CHEMICAL_TREATMENT,Corrosion coupon retrieval and analysis - 2 mpy average rate,2.5,20162.18
EVT-004121,42-389-63382,Cooper 12V,Reeves County,2025-08-01,MAINTENANCE,Routine tubing pressure test and casing inspection,8.7,12431.03
EVT-004122,42-495-68159,White 7H,Mentone,2026-03-15,INSPECTION,Routine tubing pressure test and casing inspection,28.3,3723.15
EVT-004123,42-301-99337,Jordan 5H,Monahans,2025-05-29,CHEMICAL_TREATMENT,Routine preventive maintenance on ESP system including motor inspection and cable check,6.8,3322.06
EVT-004124,42-301-99337,Jordan 5H,Monahans,2025-04-24,MAINTENANCE,Scheduled wellhead maintenance and valve replacement,35.2,4233.19
EVT-004125,42-301-99337,Jordan 5H,Monahans,2026-03-26,MAINTENANCE,Corrosion coupon retrieval and analysis - 2 mpy average rate,11.7,12865.41
EVT-004126,42-371-78382,University 10V,Delaware Basin,2026-03-27,CHEMICAL_TREATMENT,Corrosion coupon retrieval and analysis - 2 mpy average rate,32.0,4389.41
EVT-004127,42-371-78382,University 10V,Delaware Basin,2024-08-14,MAINTENANCE,Annual safety valve inspection and function test completed,26.8,5334.87
EVT-004128,42-495-50892,Wood 10H,Monahans,2026-05-27,MAINTENANCE,"Paraffin accumulation restricting flow, hot oil treatment performed",22.5,13146.26
EVT-004129,42-495-50892,Wood 10H,Monahans,2026-05-08,MAINTENANCE,"Increasing water cut trend noted, zone isolation evaluation in progress",14.3,21837.48
EVT-004130,42-495-50892,Wood 10H,Monahans,2026-04-18,EQUIPMENT_CHANGE,"Elevated motor temperature detected, monitoring increased frequency",167.4,267472.93
EVT-004131,42-495-50892,Wood 10H,Monahans,2025-06-01,EQUIPMENT_CHANGE,Emulsion issues at separator requiring increased demulsifier dosage,18.4,217468.88
EVT-004132,42-495-50892,Wood 10H,Monahans,2025-07-07,MAINTENANCE,"Scale buildup detected in tubing, chemical squeeze scheduled",15.2,15375.63
EVT-004133,42-495-50892,Wood 10H,Monahans,2026-06-11,CHEMICAL_TREATMENT,Emulsion issues at separator requiring increased demulsifier dosage,28.3,6174.24
EVT-004134,42-495-50892,Wood 10H,Monahans,2026-06-15,EQUIPMENT_CHANGE,"Elevated motor temperature detected, monitoring increased frequency",123.1,115853.52
EVT-004135,42-109-35297,Hart 5H,Balmorhea,2025-12-02,INSPECTION,"Sand production increasing, pump wear accelerating",29.5,8828.33
EVT-004136,42-109-35297,Hart 5H,Balmorhea,2025-12-04,CHEMICAL_TREATMENT,"Scale buildup detected in tubing, chemical squeeze scheduled",2.9,6868.66
EVT-004137,42-109-35297,Hart 5H,Balmorhea,2026-02-07,EQUIPMENT_CHANGE,"Gas lift valve partially plugged, reduced injection efficiency",154.1,237154.15
EVT-004138,42-109-35297,Hart 5H,Balmorhea,2026-02-17,MAINTENANCE,"Increasing water cut trend noted, zone isolation evaluation in progress",34.5,8496.56
EVT-004139,42-109-35297,Hart 5H,Balmorhea,2026-04-26,EQUIPMENT_CHANGE,Emulsion issues at separator requiring increased demulsifier dosage,20.1,219293.64
EVT-004140,42-475-33969,Rogers 11H,Monahans,2025-08-09,EQUIPMENT_CHANGE,"Hole in tubing at 6500ft, severe production loss and gas migration",23.2,290816.1
EVT-004141,42-475-33969,Rogers 11H,Monahans,2026-06-04,FAILURE,"VSD drive failure causing ESP shutdown, replacement ordered",299.3,473135.16
EVT-004142,42-475-33969,Rogers 11H,Monahans,2026-05-25,FAILURE,Complete ESP system failure - motor burnout and pump lockup,428.2,79355.66
EVT-004143,42-475-33969,Rogers 11H,Monahans,2026-06-21,FAILURE,"Rod parting at depth, well dead, workover rig scheduled",84.4,149296.65
EVT-004144,42-475-37542,Cole 3H,Delaware Basin,2026-01-02,MAINTENANCE,Routine preventive maintenance on ESP system including motor inspection and cable check,7.4,7243.16
EVT-004145,42-475-37542,Cole 3H,Delaware Basin,2025-12-10,INSPECTION,Quarterly ESP system diagnostic and vibration analysis completed,39.9,8628.22
EVT-004146,42-389-77342,Woods 2H,Ward-Estes,2026-04-18,INSPECTION,Quarterly ESP system diagnostic and vibration analysis completed,21.0,11923.75
EVT-004147,42-389-44040,Resources 4V,Van Horn,2025-09-17,CHEMICAL_TREATMENT,Routine tubing pressure test and casing inspection,46.6,16024.31
EVT-004148,42-389-44040,Resources 4V,Van Horn,2025-10-29,MAINTENANCE,Scheduled wellhead maintenance and valve replacement,17.1,7121.38
EVT-004149,42-389-44040,Resources 4V,Van Horn,2025-07-01,MAINTENANCE,Scheduled wellhead maintenance and valve replacement,14.3,8032.96
EVT-004150,42-495-77084,Howard 3H,Fort Stockton,2026-05-16,MAINTENANCE,Routine preventive maintenance on ESP system including motor inspection and cable check,38.0,921.83
EVT-004151,42-495-77084,Howard 3H,Fort Stockton,2025-12-16,INSPECTION,Scheduled wellhead maintenance and valve replacement,16.5,11969.91
EVT-004152,42-475-71714,Hayes 3H,Red Hills,2025-04-14,MAINTENANCE,Scheduled wellhead maintenance and valve replacement,2.4,5538.37
EVT-004153,42-109-50787,Hayes 1H,Ward-Estes,2022-05-28,INSPECTION,Scheduled wellhead maintenance and valve replacement,35.6,11910.05
EVT-004154,42-109-50787,Hayes 1H,Ward-Estes,2022-07-02,MAINTENANCE,Annual safety valve inspection and function test completed,43.2,13260.73
EVT-004155,42-109-50787,Hayes 1H,Ward-Estes,2025-10-31,CHEMICAL_TREATMENT,Corrosion coupon retrieval and analysis - 2 mpy average rate,2.8,24999.61
EVT-004156,42-475-67980,Johnson 9H,Ward-Estes,2025-10-17,INSPECTION,Routine preventive maintenance on ESP system including motor inspection and cable check,31.6,21219.34
EVT-004157,42-371-71973,Gray 1V,Orla,2025-12-27,FAILURE,"Christmas tree valve failure, emergency well control initiated",88.4,705908.97
EVT-004158,42-371-71973,Gray 1V,Orla,2025-08-26,WORKOVER,"Severe corrosion-induced tubing failure, well flowing up annulus",467.4,1507514.05
EVT-004159,42-371-71973,Gray 1V,Orla,2026-06-22,FAILURE,Gas lift valve failure causing complete loss of artificial lift,32.3,364513.87
EVT-004160,42-371-71973,Gray 1V,Orla,2026-05-26,FAILURE,"Rod parting at depth, well dead, workover rig scheduled",325.7,461705.07
EVT-004161,42-389-47784,Clayton 6H,Van Horn,2025-11-12,CHEMICAL_TREATMENT,Scheduled wellhead maintenance and valve replacement,4.2,8230.18
EVT-004162,42-495-72160,Davis 11H,Pecos Valley,2026-06-02,MAINTENANCE,Scheduled wellhead maintenance and valve replacement,34.2,11308.31
EVT-004163,42-495-72160,Davis 11H,Pecos Valley,2026-05-22,INSPECTION,Routine tubing pressure test and casing inspection,37.8,11368.36
EVT-004164,42-495-72160,Davis 11H,Pecos Valley,2026-01-08,INSPECTION,Scheduled wellhead maintenance and valve replacement,2.1,5539.22
EVT-004165,42-475-80475,Anderson 9V,Delaware Basin,2025-11-14,MAINTENANCE,Routine preventive maintenance on ESP system including motor inspection and cable check,10.4,2621.86
EVT-004166,42-389-81214,Phillips 9V,Grandfalls,2025-07-19,INSPECTION,Corrosion coupon retrieval and analysis - 2 mpy average rate,47.3,18742.49
EVT-004167,42-389-81214,Phillips 9V,Grandfalls,2024-08-26,CHEMICAL_TREATMENT,Routine preventive maintenance on ESP system including motor inspection and cable check,18.3,19403.7
EVT-004168,42-109-88648,Harrison 12H,Culberson County,2023-11-02,CHEMICAL_TREATMENT,Corrosion coupon retrieval and analysis - 2 mpy average rate,15.5,22358.85
EVT-004169,42-109-88648,Harrison 12H,Culberson County,2024-12-17,MAINTENANCE,Annual safety valve inspection and function test completed,31.7,2730.68
EVT-004170,42-109-88648,Harrison 12H,Culberson County,2024-09-29,MAINTENANCE,Corrosion coupon retrieval and analysis - 2 mpy average rate,41.2,14593.65
EVT-004171,42-109-88648,Harrison 12H,Culberson County,2024-01-05,CHEMICAL_TREATMENT,Annual safety valve inspection and function test completed,47.2,20026.23
EVT-004172,42-109-96448,Collins 10H,Toyah,2025-02-04,CHEMICAL_TREATMENT,Routine tubing pressure test and casing inspection,3.7,3276.78
EVT-004173,42-389-75178,Martin 3V,Wink,2025-07-07,INSPECTION,Routine tubing pressure test and casing inspection,5.7,9747.56
EVT-004174,42-389-75178,Martin 3V,Wink,2023-11-08,CHEMICAL_TREATMENT,Corrosion coupon retrieval and analysis - 2 mpy average rate,35.4,19085.64
EVT-004175,42-389-75178,Martin 3V,Wink,2025-01-23,MAINTENANCE,Scheduled wellhead maintenance and valve replacement,2.3,19584.76
EVT-004176,42-475-78752,Patterson 7V,Reeves County,2024-10-05,INSPECTION,Quarterly ESP system diagnostic and vibration analysis completed,30.5,10068.8
EVT-004177,42-475-78752,Patterson 7V,Reeves County,2024-03-21,INSPECTION,Annual safety valve inspection and function test completed,14.5,7500.55
EVT-004178,42-389-80516,Myers 7V,Delaware Basin,2024-08-11,CHEMICAL_TREATMENT,Routine tubing pressure test and casing inspection,47.9,23417.75
EVT-004179,42-389-80516,Myers 7V,Delaware Basin,2026-04-11,MAINTENANCE,Scheduled wellhead maintenance and valve replacement,19.4,22581.54
EVT-004180,42-389-80516,Myers 7V,Delaware Basin,2025-04-02,MAINTENANCE,Routine tubing pressure test and casing inspection,2.9,10362.38
EVT-004181,42-475-34903,Price 2H,Loving,2025-05-30,INSPECTION,Annual safety valve inspection and function test completed,14.2,24585.5
EVT-004182,42-389-35836,Coleman 7H,Loving,2026-01-21,CHEMICAL_TREATMENT,Routine preventive maintenance on ESP system including motor inspection and cable check,14.0,16168.82
EVT-004183,42-389-35836,Coleman 7H,Loving,2025-09-24,INSPECTION,Surface facility maintenance including separator cleaning and meter calibration,11.9,10667.87
EVT-004184,42-475-77254,Turner 6H,Delaware Basin,2025-05-19,CHEMICAL_TREATMENT,Quarterly ESP system diagnostic and vibration analysis completed,42.5,14414.68
EVT-004185,42-475-77254,Turner 6H,Delaware Basin,2024-06-19,CHEMICAL_TREATMENT,Scheduled wellhead maintenance and valve replacement,46.3,12358.46
EVT-004186,42-475-77254,Turner 6H,Delaware Basin,2024-12-08,CHEMICAL_TREATMENT,Routine preventive maintenance on ESP system including motor inspection and cable check,13.9,21644.9
EVT-004187,42-475-77254,Turner 6H,Delaware Basin,2026-04-18,MAINTENANCE,Routine tubing pressure test and casing inspection,7.5,18719.09
EVT-004188,42-371-70572,Cattle Co 2H,Wink,2025-01-18,CHEMICAL_TREATMENT,Routine tubing pressure test and casing inspection,37.4,9696.75
EVT-004189,42-389-68905,Ramirez 1H,Van Horn,2026-03-15,INSPECTION,Quarterly ESP system diagnostic and vibration analysis completed,6.8,3103.58
EVT-004190,42-389-68905,Ramirez 1H,Van Horn,2023-04-22,MAINTENANCE,Routine tubing pressure test and casing inspection,24.2,8536.94
EVT-004191,42-389-68905,Ramirez 1H,Van Horn,2022-10-13,CHEMICAL_TREATMENT,Scheduled wellhead maintenance and valve replacement,25.5,24789.09
EVT-004192,42-389-40302,Wilson 2H,Coyanosa,2023-10-17,MAINTENANCE,Surface facility maintenance including separator cleaning and meter calibration,31.6,13400.29
EVT-004193,42-389-40696,Anderson 12H,Orla,2025-06-18,FAILURE,"Hole in tubing at 6500ft, severe production loss and gas migration",263.7,333231.93
EVT-004194,42-389-40696,Anderson 12H,Orla,2025-11-29,EQUIPMENT_CHANGE,"Hole in tubing at 6500ft, severe production loss and gas migration",29.9,91513.83
EVT-004195,42-389-40696,Anderson 12H,Orla,2025-01-16,EQUIPMENT_CHANGE,"VSD drive failure causing ESP shutdown, replacement ordered",139.3,202478.79
EVT-004196,42-389-40696,Anderson 12H,Orla,2025-05-03,FAILURE,"Hole in tubing at 6500ft, severe production loss and gas migration",267.7,534929.58
EVT-004197,42-389-40696,Anderson 12H,Orla,2026-06-07,FAILURE,"Christmas tree valve failure, emergency well control initiated",85.4,128369.15
EVT-004198,42-389-40696,Anderson 12H,Orla,2026-06-12,FAILURE,"Rod parting at depth, well dead, workover rig scheduled",262.8,758710.16
EVT-004199,42-371-52709,James 4H,Reeves County,2026-04-08,MAINTENANCE,Surface facility maintenance including separator cleaning and meter calibration,12.3,5505.7
EVT-004200,42-371-52709,James 4H,Reeves County,2024-12-15,MAINTENANCE,Corrosion coupon retrieval and analysis - 2 mpy average rate,23.4,14030.63
EVT-004201,42-371-52709,James 4H,Reeves County,2025-01-28,CHEMICAL_TREATMENT,Routine preventive maintenance on ESP system including motor inspection and cable check,19.3,11021.51
EVT-004202,42-371-52709,James 4H,Reeves County,2026-05-13,INSPECTION,Corrosion coupon retrieval and analysis - 2 mpy average rate,35.7,17728.27
EVT-004203,42-371-84140,Fisher 2V,Orla,2025-06-03,FAILURE,"Tubing leak detected at depth, production ceased for workover",38.7,641755.0
EVT-004204,42-371-84140,Fisher 2V,Orla,2026-01-22,WORKOVER,"Tubing leak detected at depth, production ceased for workover",214.3,1638484.58
EVT-004205,42-371-84140,Fisher 2V,Orla,2025-07-16,WORKOVER,"Casing collapse detected during pressure test, integrity compromised",558.6,1101046.82
EVT-004206,42-371-84140,Fisher 2V,Orla,2025-11-20,FAILURE,"Hole in tubing at 6500ft, severe production loss and gas migration",62.8,261519.5
EVT-004207,42-371-84140,Fisher 2V,Orla,2025-10-08,WORKOVER,"Rod parting at depth, well dead, workover rig scheduled",418.3,945190.34
EVT-004208,42-371-84140,Fisher 2V,Orla,2025-12-22,FAILURE,Gas lift valve failure causing complete loss of artificial lift,220.2,542025.22
EVT-004209,42-371-84140,Fisher 2V,Orla,2026-06-06,FAILURE,Gas lift valve failure causing complete loss of artificial lift,143.0,717778.25
EVT-004210,42-371-84140,Fisher 2V,Orla,2026-06-14,FAILURE,"Tubing leak detected at depth, production ceased for workover",414.8,52009.21
EVT-004211,42-495-93956,Hart 4H,Delaware Basin,2023-11-15,WORKOVER,"Severe corrosion-induced tubing failure, well flowing up annulus",265.0,355483.87
EVT-004212,42-495-93956,Hart 4H,Delaware Basin,2025-02-04,FAILURE,"Downhole pump seized due to severe sand production, pulling unit dispatched",293.1,241144.62
EVT-004213,42-495-93956,Hart 4H,Delaware Basin,2023-01-26,EQUIPMENT_CHANGE,"Downhole pump seized due to severe sand production, pulling unit dispatched",55.4,275120.13
EVT-004214,42-495-93956,Hart 4H,Delaware Basin,2024-10-08,EQUIPMENT_CHANGE,Electrical cable failure on ESP causing complete shutdown,149.5,30265.23
EVT-004215,42-495-93956,Hart 4H,Delaware Basin,2026-06-05,FAILURE,"ESP motor failure due to overheating, well shut-in pending replacement",90.3,60954.62
EVT-004216,42-495-93956,Hart 4H,Delaware Basin,2026-06-20,FAILURE,Electrical cable failure on ESP causing complete shutdown,246.4,614179.21
EVT-004217,42-371-65396,Kelly 6H,Buena Vista,2022-12-17,INSPECTION,Quarterly ESP system diagnostic and vibration analysis completed,11.7,11541.81
EVT-004218,42-495-52323,West 6H,Grandfalls,2025-05-24,CHEMICAL_TREATMENT,Scheduled wellhead maintenance and valve replacement,18.1,24386.73
EVT-004219,42-495-52323,West 6H,Grandfalls,2025-10-15,INSPECTION,Corrosion coupon retrieval and analysis - 2 mpy average rate,41.9,7359.84
EVT-004220,42-495-52323,West 6H,Grandfalls,2025-06-14,CHEMICAL_TREATMENT,Surface facility maintenance including separator cleaning and meter calibration,19.3,4956.82
EVT-004221,42-495-52323,West 6H,Grandfalls,2025-12-12,MAINTENANCE,Routine preventive maintenance on ESP system including motor inspection and cable check,7.4,22381.1
EVT-004222,42-301-42186,Hill 11H,Wink,2026-05-15,MAINTENANCE,Surface facility maintenance including separator cleaning and meter calibration,6.4,7238.87
EVT-004223,42-301-42186,Hill 11H,Wink,2025-06-24,MAINTENANCE,Surface facility maintenance including separator cleaning and meter calibration,39.9,24865.1
EVT-004224,42-301-42186,Hill 11H,Wink,2026-04-07,INSPECTION,Routine preventive maintenance on ESP system including motor inspection and cable check,20.9,16985.76
EVT-004225,42-475-85735,Campbell 6H,Wink,2025-02-04,MAINTENANCE,Annual safety valve inspection and function test completed,12.8,23850.23
EVT-004226,42-475-85735,Campbell 6H,Wink,2023-05-04,INSPECTION,Scheduled wellhead maintenance and valve replacement,41.3,7359.0
EVT-004227,42-475-85735,Campbell 6H,Wink,2024-10-01,MAINTENANCE,Routine tubing pressure test and casing inspection,36.7,13817.66
EVT-004228,42-475-35144,Griffin 1H,Monahans,2025-06-01,MAINTENANCE,"Increasing water cut trend noted, zone isolation evaluation in progress",10.6,11075.53
EVT-004229,42-475-35144,Griffin 1H,Monahans,2025-08-10,INSPECTION,"Scale buildup detected in tubing, chemical squeeze scheduled",27.5,19465.84
EVT-004230,42-475-35144,Griffin 1H,Monahans,2026-01-08,MAINTENANCE,"Increasing water cut trend noted, zone isolation evaluation in progress",43.9,3401.85
EVT-004231,42-475-35144,Griffin 1H,Monahans,2026-04-04,INSPECTION,"Paraffin accumulation restricting flow, hot oil treatment performed",20.0,7683.23
EVT-004232,42-475-35144,Griffin 1H,Monahans,2026-03-10,CHEMICAL_TREATMENT,"Increasing water cut trend noted, zone isolation evaluation in progress",33.4,21724.3
EVT-004233,42-475-35144,Griffin 1H,Monahans,2026-04-28,EQUIPMENT_CHANGE,"Sand production increasing, pump wear accelerating",49.9,112165.4
EVT-004234,42-475-91566,Flores 4H,Pecos Valley,2025-01-23,MAINTENANCE,Surface facility maintenance including separator cleaning and meter calibration,22.7,5362.72
EVT-004235,42-371-67613,Price 8H,Delaware Basin,2023-05-05,INSPECTION,Scheduled wellhead maintenance and valve replacement,4.9,18524.74
EVT-004236,42-371-67613,Price 8H,Delaware Basin,2025-05-17,CHEMICAL_TREATMENT,Annual safety valve inspection and function test completed,20.0,22407.8
EVT-004237,42-371-67613,Price 8H,Delaware Basin,2024-12-27,MAINTENANCE,Annual safety valve inspection and function test completed,39.7,16108.5
EVT-004238,42-495-62112,Barnes 5V,Monahans,2024-11-19,MAINTENANCE,Quarterly ESP system diagnostic and vibration analysis completed,20.3,11908.82
EVT-004239,42-495-62112,Barnes 5V,Monahans,2023-01-10,INSPECTION,Corrosion coupon retrieval and analysis - 2 mpy average rate,27.8,4044.59
EVT-004240,42-109-74778,Murphy 1H,Pecos Valley,2024-02-11,MAINTENANCE,Routine preventive maintenance on ESP system including motor inspection and cable check,24.3,12947.06
EVT-004241,42-109-74778,Murphy 1H,Pecos Valley,2023-08-09,INSPECTION,Annual safety valve inspection and function test completed,27.2,1929.88
EVT-004242,42-475-88975,Resources 3H,Culberson County,2023-12-20,INSPECTION,Routine preventive maintenance on ESP system including motor inspection and cable check,16.2,2024.04
EVT-004243,42-495-63211,Gibson 9H,Fort Stockton,2023-10-01,INSPECTION,Corrosion coupon retrieval and analysis - 2 mpy average rate,26.1,10807.32
EVT-004244,42-495-63211,Gibson 9H,Fort Stockton,2025-03-26,MAINTENANCE,Surface facility maintenance including separator cleaning and meter calibration,19.1,24285.98
EVT-004245,42-495-63211,Gibson 9H,Fort Stockton,2025-05-23,INSPECTION,Quarterly ESP system diagnostic and vibration analysis completed,20.4,10528.81
EVT-004246,42-475-88939,King 1V,Buena Vista,2025-11-02,MAINTENANCE,Routine tubing pressure test and casing inspection,5.6,21252.76
EVT-004247,42-475-88939,King 1V,Buena Vista,2026-03-17,INSPECTION,Surface facility maintenance including separator cleaning and meter calibration,5.5,12540.61
EVT-004248,42-475-88939,King 1V,Buena Vista,2025-12-18,CHEMICAL_TREATMENT,Annual safety valve inspection and function test completed,31.2,17876.65
EVT-004249,42-475-88939,King 1V,Buena Vista,2026-03-27,CHEMICAL_TREATMENT,Routine preventive maintenance on ESP system including motor inspection and cable check,12.5,13606.97
EVT-004250,42-389-69776,Jordan 4H,Kermit,2024-12-28,MAINTENANCE,Corrosion coupon retrieval and analysis - 2 mpy average rate,5.4,21244.67
EVT-004251,42-389-69776,Jordan 4H,Kermit,2025-11-06,MAINTENANCE,Scheduled wellhead maintenance and valve replacement,11.8,20023.81
EVT-004252,42-389-69776,Jordan 4H,Kermit,2025-12-09,MAINTENANCE,Routine preventive maintenance on ESP system including motor inspection and cable check,10.8,15378.05
EVT-004253,42-301-48625,Resources 8V,Imperial,2024-12-01,EQUIPMENT_CHANGE,"Rod parting at depth, well dead, workover rig scheduled",71.4,141738.14
EVT-004254,42-301-48625,Resources 8V,Imperial,2024-10-20,EQUIPMENT_CHANGE,"Severe corrosion-induced tubing failure, well flowing up annulus",17.9,67234.96
EVT-004255,42-301-48625,Resources 8V,Imperial,2026-03-31,FAILURE,"VSD drive failure causing ESP shutdown, replacement ordered",29.3,184294.15
EVT-004256,42-301-48625,Resources 8V,Imperial,2024-04-29,EQUIPMENT_CHANGE,Gas lift valve failure causing complete loss of artificial lift,52.2,78367.48
EVT-004257,42-301-48625,Resources 8V,Imperial,2022-11-15,WORKOVER,Complete ESP system failure - motor burnout and pump lockup,645.9,524361.09
EVT-004258,42-301-48625,Resources 8V,Imperial,2023-09-28,EQUIPMENT_CHANGE,"Severe corrosion-induced tubing failure, well flowing up annulus",81.1,220300.13
EVT-004259,42-301-48625,Resources 8V,Imperial,2023-11-19,WORKOVER,"Tubing leak detected at depth, production ceased for workover",298.8,1133921.0
EVT-004260,42-301-48625,Resources 8V,Imperial,2026-05-31,FAILURE,Gas lift valve failure causing complete loss of artificial lift,295.2,94169.37
EVT-004261,42-301-48625,Resources 8V,Imperial,2026-07-10,FAILURE,"Tubing leak detected at depth, production ceased for workover",371.3,528181.09
EVT-004262,42-389-51893,University 8H,Wink,2025-06-16,CHEMICAL_TREATMENT,Annual safety valve inspection and function test completed,44.7,19654.34
EVT-004263,42-389-51893,University 8H,Wink,2024-04-13,CHEMICAL_TREATMENT,Annual safety valve inspection and function test completed,43.1,22106.75
EVT-004264,42-301-86799,Hart 7V,Kermit,2025-04-07,INSPECTION,Routine tubing pressure test and casing inspection,31.9,11887.72
EVT-004265,42-109-63940,Owens 2H,Imperial,2024-10-09,INSPECTION,Corrosion coupon retrieval and analysis - 2 mpy average rate,3.9,20828.12
EVT-004266,42-109-63940,Owens 2H,Imperial,2025-10-26,INSPECTION,Corrosion coupon retrieval and analysis - 2 mpy average rate,33.8,17330.89
EVT-004267,42-109-63940,Owens 2H,Imperial,2025-04-09,CHEMICAL_TREATMENT,Routine tubing pressure test and casing inspection,25.2,6918.35
EVT-004268,42-389-62208,Sullivan 6H,Imperial,2026-03-05,FAILURE,"Hole in tubing at 6500ft, severe production loss and gas migration",441.5,384494.02
EVT-004269,42-389-62208,Sullivan 6H,Imperial,2026-05-31,FAILURE,"ESP motor failure due to overheating, well shut-in pending replacement",37.1,134703.57
EVT-004270,42-389-62208,Sullivan 6H,Imperial,2025-11-28,FAILURE,"Christmas tree valve failure, emergency well control initiated",326.0,749061.4
EVT-004271,42-389-62208,Sullivan 6H,Imperial,2026-02-25,FAILURE,"Severe corrosion-induced tubing failure, well flowing up annulus",379.7,638744.83
EVT-004272,42-389-62208,Sullivan 6H,Imperial,2025-11-22,FAILURE,"Rod parting at depth, well dead, workover rig scheduled",104.2,116907.23
EVT-004273,42-389-62208,Sullivan 6H,Imperial,2025-11-01,EQUIPMENT_CHANGE,Gas lift valve failure causing complete loss of artificial lift,54.2,76894.49
EVT-004274,42-389-62208,Sullivan 6H,Imperial,2026-05-04,WORKOVER,"VSD drive failure causing ESP shutdown, replacement ordered",537.3,556470.95
EVT-004275,42-389-62208,Sullivan 6H,Imperial,2026-02-22,FAILURE,"Hole in tubing at 6500ft, severe production loss and gas migration",399.0,425108.45
EVT-004276,42-389-62208,Sullivan 6H,Imperial,2026-06-23,FAILURE,"Casing collapse detected during pressure test, integrity compromised",435.7,66201.87
EVT-004277,42-389-62208,Sullivan 6H,Imperial,2026-06-04,FAILURE,Electrical cable failure on ESP causing complete shutdown,312.7,540547.08
EVT-004278,42-389-99607,Land Trust 2H,Ward-Estes,2024-12-21,MAINTENANCE,Routine tubing pressure test and casing inspection,40.4,7728.14
EVT-004279,42-389-99607,Land Trust 2H,Ward-Estes,2025-06-28,INSPECTION,Quarterly ESP system diagnostic and vibration analysis completed,42.3,4912.71
EVT-004280,42-389-99607,Land Trust 2H,Ward-Estes,2025-01-06,CHEMICAL_TREATMENT,Quarterly ESP system diagnostic and vibration analysis completed,42.1,20155.23
EVT-004281,42-389-99607,Land Trust 2H,Ward-Estes,2025-05-19,INSPECTION,Annual safety valve inspection and function test completed,25.2,5796.29
EVT-004282,42-301-51368,Campbell 4V,Grandfalls,2024-04-20,CHEMICAL_TREATMENT,Routine preventive maintenance on ESP system including motor inspection and cable check,8.8,13365.46
EVT-004283,42-301-51368,Campbell 4V,Grandfalls,2025-05-04,MAINTENANCE,Routine tubing pressure test and casing inspection,35.6,20052.95
EVT-004284,42-301-51368,Campbell 4V,Grandfalls,2024-09-18,CHEMICAL_TREATMENT,Annual safety valve inspection and function test completed,23.0,10753.93
EVT-004285,42-475-82450,Rivera 7H,Mentone,2025-07-25,MAINTENANCE,Quarterly ESP system diagnostic and vibration analysis completed,11.8,16410.72
EVT-004286,42-475-82450,Rivera 7H,Mentone,2026-01-24,INSPECTION,Routine preventive maintenance on ESP system including motor inspection and cable check,25.1,6444.23
EVT-004287,42-475-82450,Rivera 7H,Mentone,2025-10-26,MAINTENANCE,Quarterly ESP system diagnostic and vibration analysis completed,33.9,15649.0
EVT-004288,42-371-81222,Gray 2H,Delaware Basin,2026-02-17,INSPECTION,Routine preventive maintenance on ESP system including motor inspection and cable check,42.5,9761.04
EVT-004289,42-371-81222,Gray 2H,Delaware Basin,2025-11-30,INSPECTION,Quarterly ESP system diagnostic and vibration analysis completed,47.5,19647.54
EVT-004290,42-371-73272,Williams 1V,Balmorhea,2026-02-27,INSPECTION,Scheduled wellhead maintenance and valve replacement,27.7,12505.36
EVT-004291,42-475-75340,Beal 6H,Monahans,2026-04-20,MAINTENANCE,Annual safety valve inspection and function test completed,13.7,10741.91
EVT-004292,42-301-92324,Woods 7H,Van Horn,2025-09-18,CHEMICAL_TREATMENT,Routine tubing pressure test and casing inspection,21.3,20039.11
EVT-004293,42-301-92324,Woods 7H,Van Horn,2026-04-11,INSPECTION,Scheduled wellhead maintenance and valve replacement,48.0,7899.26
EVT-004294,42-301-92324,Woods 7H,Van Horn,2023-02-20,INSPECTION,Routine tubing pressure test and casing inspection,33.1,16517.48
EVT-004295,42-389-99520,Alexander 4V,Wink,2025-07-05,CHEMICAL_TREATMENT,Quarterly ESP system diagnostic and vibration analysis completed,46.1,10033.72
EVT-004296,42-389-99520,Alexander 4V,Wink,2026-05-24,CHEMICAL_TREATMENT,Surface facility maintenance including separator cleaning and meter calibration,18.2,21036.72
EVT-004297,42-109-82022,West 3H,Fort Stockton,2026-02-21,CHEMICAL_TREATMENT,Scheduled wellhead maintenance and valve replacement,42.0,3948.93
EVT-004298,42-475-75476,Diaz 12H,Wink,2025-04-03,MAINTENANCE,Annual safety valve inspection and function test completed,5.8,11140.64
EVT-004299,42-475-59958,Minerals 4V,Monahans,2024-01-06,CHEMICAL_TREATMENT,"Intermittent ESP trips due to gas slugging, VSD ramp adjusted",41.0,3265.68
EVT-004300,42-475-59958,Minerals 4V,Monahans,2024-07-18,CHEMICAL_TREATMENT,"Gas lift valve partially plugged, reduced injection efficiency",47.8,5708.39
EVT-004301,42-475-59958,Minerals 4V,Monahans,2025-12-24,EQUIPMENT_CHANGE,"Sand production increasing, pump wear accelerating",131.4,237467.49
EVT-004302,42-475-59958,Minerals 4V,Monahans,2026-05-02,EQUIPMENT_CHANGE,Emulsion issues at separator requiring increased demulsifier dosage,152.5,67739.67
EVT-004303,42-389-53491,University 5H,Mentone,2025-09-10,INSPECTION,Routine preventive maintenance on ESP system including motor inspection and cable check,21.5,5325.37
EVT-004304,42-389-53491,University 5H,Mentone,2024-10-23,INSPECTION,Scheduled wellhead maintenance and valve replacement,29.8,6850.39
EVT-004305,42-389-53491,University 5H,Mentone,2026-02-24,MAINTENANCE,Annual safety valve inspection and function test completed,22.4,12107.73
EVT-004306,42-371-95779,Ward 3H,Pecos Valley,2025-03-10,INSPECTION,Routine tubing pressure test and casing inspection,32.5,9827.31
EVT-004307,42-495-69107,Hart 12V,Pecos Valley,2026-05-12,CHEMICAL_TREATMENT,Surface facility maintenance including separator cleaning and meter calibration,24.4,9953.05
EVT-004308,42-495-69107,Hart 12V,Pecos Valley,2026-03-12,MAINTENANCE,Corrosion coupon retrieval and analysis - 2 mpy average rate,9.9,7682.71
EVT-004309,42-495-69107,Hart 12V,Pecos Valley,2026-03-17,CHEMICAL_TREATMENT,Corrosion coupon retrieval and analysis - 2 mpy average rate,15.9,21367.12
EVT-004310,42-495-69107,Hart 12V,Pecos Valley,2025-07-02,MAINTENANCE,Surface facility maintenance including separator cleaning and meter calibration,36.8,18450.41
EVT-004311,42-109-59274,Gray 5H,Coyanosa,2026-01-21,INSPECTION,Routine tubing pressure test and casing inspection,11.2,10021.64
EVT-004312,42-109-59274,Gray 5H,Coyanosa,2026-01-24,MAINTENANCE,Scheduled wellhead maintenance and valve replacement,35.3,12823.65
EVT-004313,42-109-59274,Gray 5H,Coyanosa,2025-12-25,CHEMICAL_TREATMENT,Quarterly ESP system diagnostic and vibration analysis completed,7.0,16950.79
EVT-004314,42-389-62268,Cattle Co 6H,Fort Stockton,2026-05-27,MAINTENANCE,Scheduled wellhead maintenance and valve replacement,23.0,23039.71
EVT-004315,42-389-77523,State 5H,Fort Stockton,2026-04-28,MAINTENANCE,Quarterly ESP system diagnostic and vibration analysis completed,45.5,5661.85
EVT-004316,42-389-77523,State 5H,Fort Stockton,2026-06-07,INSPECTION,Quarterly ESP system diagnostic and vibration analysis completed,11.7,15811.63
EVT-004317,42-389-77523,State 5H,Fort Stockton,2026-05-20,INSPECTION,Surface facility maintenance including separator cleaning and meter calibration,26.1,18183.23
EVT-004318,42-475-59400,Roberts 9H,Reeves County,2025-10-24,CHEMICAL_TREATMENT,"Sand production increasing, pump wear accelerating",38.0,5649.14
EVT-004319,42-475-59400,Roberts 9H,Reeves County,2026-02-03,INSPECTION,Emulsion issues at separator requiring increased demulsifier dosage,39.2,17410.4
EVT-004320,42-475-59400,Roberts 9H,Reeves County,2026-06-16,FAILURE,"Increasing water cut trend noted, zone isolation evaluation in progress",373.2,129781.57
EVT-004321,42-475-60241,Thompson 10H,Imperial,2025-08-08,CHEMICAL_TREATMENT,Scheduled wellhead maintenance and valve replacement,33.2,16144.56
EVT-004322,42-475-60241,Thompson 10H,Imperial,2023-06-08,MAINTENANCE,Routine preventive maintenance on ESP system including motor inspection and cable check,31.4,16512.22
EVT-004323,42-475-60241,Thompson 10H,Imperial,2025-07-04,MAINTENANCE,Annual safety valve inspection and function test completed,2.5,7868.79
EVT-004324,42-109-45014,Collins 11H,Coyanosa,2025-05-28,EQUIPMENT_CHANGE,"Hole in tubing at 6500ft, severe production loss and gas migration",54.7,137367.36
EVT-004325,42-109-45014,Collins 11H,Coyanosa,2025-07-15,FAILURE,"Christmas tree valve failure, emergency well control initiated",291.3,627042.29
EVT-004326,42-109-45014,Collins 11H,Coyanosa,2026-06-15,EQUIPMENT_CHANGE,"Tubing leak detected at depth, production ceased for workover",158.4,238284.26
EVT-004327,42-109-45014,Collins 11H,Coyanosa,2025-12-20,FAILURE,"Downhole pump seized due to severe sand production, pulling unit dispatched",374.8,621617.25
EVT-004328,42-109-45014,Collins 11H,Coyanosa,2025-05-16,FAILURE,"Christmas tree valve failure, emergency well control initiated",106.5,160123.73
EVT-004329,42-109-45014,Collins 11H,Coyanosa,2026-07-07,FAILURE,"Christmas tree valve failure, emergency well control initiated",300.8,519322.31
EVT-004330,42-109-45014,Collins 11H,Coyanosa,2026-05-31,FAILURE,"Hole in tubing at 6500ft, severe production loss and gas migration",364.9,166767.27
EVT-004331,42-495-49600,Wood 8V,Red Hills,2024-06-09,INSPECTION,Scheduled wellhead maintenance and valve replacement,30.4,22923.43
EVT-004332,42-495-49600,Wood 8V,Red Hills,2024-11-10,MAINTENANCE,Scheduled wellhead maintenance and valve replacement,2.2,24627.03
EVT-004333,42-371-64395,Scott 6H,Grandfalls,2024-12-16,MAINTENANCE,Corrosion coupon retrieval and analysis - 2 mpy average rate,40.8,22459.88
EVT-004334,42-371-64395,Scott 6H,Grandfalls,2024-08-27,MAINTENANCE,Routine tubing pressure test and casing inspection,32.8,21481.88
EVT-004335,42-371-64395,Scott 6H,Grandfalls,2024-09-09,MAINTENANCE,Corrosion coupon retrieval and analysis - 2 mpy average rate,35.1,15499.19
EVT-004336,42-371-64395,Scott 6H,Grandfalls,2024-04-27,CHEMICAL_TREATMENT,Routine preventive maintenance on ESP system including motor inspection and cable check,7.8,6522.22
EVT-004337,42-475-89593,King 6H,Mentone,2026-04-20,INSPECTION,Surface facility maintenance including separator cleaning and meter calibration,47.4,6618.11
EVT-004338,42-301-66842,Cole 5H,Grandfalls,2022-06-11,WORKOVER,"Downhole pump seized due to severe sand production, pulling unit dispatched",476.7,710035.88
EVT-004339,42-301-66842,Cole 5H,Grandfalls,2024-07-03,FAILURE,"Casing collapse detected during pressure test, integrity compromised",314.9,516679.4
EVT-004340,42-301-66842,Cole 5H,Grandfalls,2022-07-30,FAILURE,Electrical cable failure on ESP causing complete shutdown,410.7,425908.74
EVT-004341,42-301-66842,Cole 5H,Grandfalls,2024-06-10,FAILURE,Gas lift valve failure causing complete loss of artificial lift,226.5,521941.85
EVT-004342,42-301-66842,Cole 5H,Grandfalls,2026-06-14,EQUIPMENT_CHANGE,"Downhole pump seized due to severe sand production, pulling unit dispatched",126.0,200814.5
EVT-004343,42-301-66842,Cole 5H,Grandfalls,2025-10-01,WORKOVER,"Hole in tubing at 6500ft, severe production loss and gas migration",151.0,1500608.47
EVT-004344,42-301-66842,Cole 5H,Grandfalls,2024-06-21,EQUIPMENT_CHANGE,"Severe corrosion-induced tubing failure, well flowing up annulus",136.1,76047.27
EVT-004345,42-301-66842,Cole 5H,Grandfalls,2024-11-22,EQUIPMENT_CHANGE,"Casing collapse detected during pressure test, integrity compromised",16.6,86715.4
EVT-004346,42-301-66842,Cole 5H,Grandfalls,2026-07-08,FAILURE,"Downhole pump seized due to severe sand production, pulling unit dispatched",107.4,348718.65
EVT-004347,42-301-66842,Cole 5H,Grandfalls,2026-05-19,FAILURE,"ESP motor failure due to overheating, well shut-in pending replacement",44.0,443045.43
EVT-004348,42-371-61584,Foster 11H,Fort Stockton,2024-08-27,MAINTENANCE,Corrosion coupon retrieval and analysis - 2 mpy average rate,17.6,16382.22
EVT-004349,42-371-61584,Foster 11H,Fort Stockton,2023-06-19,INSPECTION,Surface facility maintenance including separator cleaning and meter calibration,41.3,5024.82
EVT-004350,42-371-61584,Foster 11H,Fort Stockton,2024-10-27,INSPECTION,Routine preventive maintenance on ESP system including motor inspection and cable check,34.9,5947.72
EVT-004351,42-371-61584,Foster 11H,Fort Stockton,2025-07-13,MAINTENANCE,Routine tubing pressure test and casing inspection,33.2,14978.17
EVT-004352,42-475-99581,Butler 6H,Culberson County,2025-06-22,INSPECTION,Routine tubing pressure test and casing inspection,26.7,13464.8
EVT-004353,42-475-99581,Butler 6H,Culberson County,2026-03-24,MAINTENANCE,Scheduled wellhead maintenance and valve replacement,10.5,17712.26
EVT-004354,42-475-99581,Butler 6H,Culberson County,2026-02-15,INSPECTION,Corrosion coupon retrieval and analysis - 2 mpy average rate,41.5,1417.76
EVT-004355,42-475-99581,Butler 6H,Culberson County,2025-04-24,CHEMICAL_TREATMENT,Routine preventive maintenance on ESP system including motor inspection and cable check,17.4,18245.51
EVT-004356,42-371-72437,Taylor 12H,Delaware Basin,2026-03-28,WORKOVER,"ESP motor failure due to overheating, well shut-in pending replacement",506.6,603772.51
EVT-004357,42-371-72437,Taylor 12H,Delaware Basin,2025-09-26,FAILURE,Electrical cable failure on ESP causing complete shutdown,311.3,579931.42
EVT-004358,42-371-72437,Taylor 12H,Delaware Basin,2026-05-19,FAILURE,"Christmas tree valve failure, emergency well control initiated",59.1,260729.36
EVT-004359,42-371-72437,Taylor 12H,Delaware Basin,2026-05-18,FAILURE,Complete ESP system failure - motor burnout and pump lockup,207.5,794475.87
EVT-004360,42-389-36528,Edwards 7V,Orla,2025-08-04,CHEMICAL_TREATMENT,Scheduled wellhead maintenance and valve replacement,40.3,4468.76
EVT-004361,42-389-36528,Edwards 7V,Orla,2025-04-01,INSPECTION,Routine tubing pressure test and casing inspection,41.2,19360.22
EVT-004362,42-301-60843,Bass 11V,Culberson County,2025-08-05,MAINTENANCE,Surface facility maintenance including separator cleaning and meter calibration,3.8,24223.83
EVT-004363,42-389-56143,Phillips 11V,Monahans,2026-05-22,EQUIPMENT_CHANGE,"Severe corrosion-induced tubing failure, well flowing up annulus",49.6,22425.02
EVT-004364,42-389-56143,Phillips 11V,Monahans,2025-03-31,FAILURE,"Christmas tree valve failure, emergency well control initiated",241.6,304787.5
EVT-004365,42-389-56143,Phillips 11V,Monahans,2026-02-19,WORKOVER,"Rod parting at depth, well dead, workover rig scheduled",428.1,1188977.03
EVT-004366,42-389-56143,Phillips 11V,Monahans,2025-09-11,FAILURE,Complete ESP system failure - motor burnout and pump lockup,200.8,651093.51
EVT-004367,42-389-56143,Phillips 11V,Monahans,2025-06-27,WORKOVER,"Casing collapse detected during pressure test, integrity compromised",275.0,1692383.95
EVT-004368,42-389-56143,Phillips 11V,Monahans,2025-04-25,EQUIPMENT_CHANGE,"Rod parting at depth, well dead, workover rig scheduled",13.0,188127.22
EVT-004369,42-389-56143,Phillips 11V,Monahans,2025-08-20,EQUIPMENT_CHANGE,"Downhole pump seized due to severe sand production, pulling unit dispatched",110.1,251500.07
EVT-004370,42-389-56143,Phillips 11V,Monahans,2025-01-28,FAILURE,"Casing collapse detected during pressure test, integrity compromised",205.3,154606.08
EVT-004371,42-389-56143,Phillips 11V,Monahans,2026-07-10,FAILURE,"Hole in tubing at 6500ft, severe production loss and gas migration",55.8,601706.15
EVT-004372,42-389-56143,Phillips 11V,Monahans,2026-06-14,FAILURE,"Hole in tubing at 6500ft, severe production loss and gas migration",198.8,39629.1
EVT-004373,42-109-69319,Henderson 1H,Grandfalls,2025-05-25,INSPECTION,Quarterly ESP system diagnostic and vibration analysis completed,3.6,19056.18
EVT-004374,42-109-69319,Henderson 1H,Grandfalls,2026-05-25,CHEMICAL_TREATMENT,Routine tubing pressure test and casing inspection,15.4,5352.04
EVT-004375,42-109-69319,Henderson 1H,Grandfalls,2026-05-19,CHEMICAL_TREATMENT,Routine tubing pressure test and casing inspection,44.7,826.55
EVT-004376,42-109-69319,Henderson 1H,Grandfalls,2026-04-22,CHEMICAL_TREATMENT,Scheduled wellhead maintenance and valve replacement,29.6,22603.21
EVT-004377,42-371-39244,Moore 7H,Van Horn,2026-01-18,INSPECTION,Annual safety valve inspection and function test completed,36.2,21698.39
EVT-004378,42-371-39244,Moore 7H,Van Horn,2025-09-12,INSPECTION,Corrosion coupon retrieval and analysis - 2 mpy average rate,8.1,7193.92
EVT-004379,42-371-39244,Moore 7H,Van Horn,2023-10-20,INSPECTION,Routine tubing pressure test and casing inspection,41.2,20001.17
EVT-004380,42-301-74359,Sullivan 12H,Pecos Valley,2024-04-21,CHEMICAL_TREATMENT,"Scale buildup detected in tubing, chemical squeeze scheduled",15.6,24064.32
EVT-004381,42-301-74359,Sullivan 12H,Pecos Valley,2025-02-03,EQUIPMENT_CHANGE,"Paraffin accumulation restricting flow, hot oil treatment performed",152.0,116227.07
EVT-004382,42-301-74359,Sullivan 12H,Pecos Valley,2025-06-14,INSPECTION,"Increasing water cut trend noted, zone isolation evaluation in progress",12.1,18984.02
EVT-004383,42-301-74359,Sullivan 12H,Pecos Valley,2024-08-27,INSPECTION,"Gas lift valve partially plugged, reduced injection efficiency",11.8,16994.5
EVT-004384,42-301-74359,Sullivan 12H,Pecos Valley,2022-07-14,EQUIPMENT_CHANGE,"Elevated motor temperature detected, monitoring increased frequency",124.5,129028.03
EVT-004385,42-301-74359,Sullivan 12H,Pecos Valley,2024-12-26,MAINTENANCE,"Paraffin accumulation restricting flow, hot oil treatment performed",34.9,13304.38
EVT-004386,42-301-74359,Sullivan 12H,Pecos Valley,2026-04-18,EQUIPMENT_CHANGE,"Elevated motor temperature detected, monitoring increased frequency",84.4,179413.11
EVT-004387,42-389-65973,Howard 9H,Red Hills,2025-10-30,CHEMICAL_TREATMENT,Routine tubing pressure test and casing inspection,42.2,8112.41
EVT-004388,42-389-65973,Howard 9H,Red Hills,2025-10-23,MAINTENANCE,Corrosion coupon retrieval and analysis - 2 mpy average rate,45.7,6583.88
EVT-004389,42-389-65973,Howard 9H,Red Hills,2026-01-20,INSPECTION,Routine preventive maintenance on ESP system including motor inspection and cable check,18.6,785.94
EVT-004390,42-475-49326,Scott 3H,Orla,2023-04-20,INSPECTION,"Intermittent ESP trips due to gas slugging, VSD ramp adjusted",27.5,15847.92
EVT-004391,42-475-49326,Scott 3H,Orla,2024-03-11,INSPECTION,"Elevated motor temperature detected, monitoring increased frequency",28.3,16848.01
EVT-004392,42-475-49326,Scott 3H,Orla,2024-01-02,EQUIPMENT_CHANGE,Emulsion issues at separator requiring increased demulsifier dosage,63.7,81766.13
EVT-004393,42-475-49326,Scott 3H,Orla,2026-06-08,EQUIPMENT_CHANGE,"Paraffin accumulation restricting flow, hot oil treatment performed",13.0,291469.54
EVT-004394,42-475-63181,Murphy 12H,Coyanosa,2025-10-22,CHEMICAL_TREATMENT,Scheduled wellhead maintenance and valve replacement,5.7,4792.33
EVT-004395,42-475-63181,Murphy 12H,Coyanosa,2025-11-04,MAINTENANCE,Routine preventive maintenance on ESP system including motor inspection and cable check,20.6,13096.7
EVT-004396,42-475-63181,Murphy 12H,Coyanosa,2025-10-28,CHEMICAL_TREATMENT,Annual safety valve inspection and function test completed,28.3,929.16
EVT-004397,42-389-51141,Torres 4H,Reeves County,2026-03-18,MAINTENANCE,Corrosion coupon retrieval and analysis - 2 mpy average rate,36.0,1215.61
EVT-004398,42-389-51141,Torres 4H,Reeves County,2024-09-02,MAINTENANCE,Quarterly ESP system diagnostic and vibration analysis completed,16.0,12602.07
EVT-004399,42-389-51141,Torres 4H,Reeves County,2025-10-17,MAINTENANCE,Annual safety valve inspection and function test completed,4.0,17395.3
EVT-004400,42-389-66746,Alexander 10H,Monahans,2025-01-29,CHEMICAL_TREATMENT,Routine preventive maintenance on ESP system including motor inspection and cable check,12.3,7625.56
EVT-004401,42-389-66746,Alexander 10H,Monahans,2024-12-16,INSPECTION,Quarterly ESP system diagnostic and vibration analysis completed,33.5,18521.32
EVT-004402,42-389-66746,Alexander 10H,Monahans,2024-12-17,MAINTENANCE,Surface facility maintenance including separator cleaning and meter calibration,21.2,9872.47
EVT-004403,42-389-66746,Alexander 10H,Monahans,2025-08-31,CHEMICAL_TREATMENT,Routine tubing pressure test and casing inspection,6.2,2839.16
EVT-004404,42-475-57962,Taylor 10H,Imperial,2026-06-15,MAINTENANCE,Quarterly ESP system diagnostic and vibration analysis completed,6.1,11268.82
EVT-004405,42-475-57962,Taylor 10H,Imperial,2026-03-02,CHEMICAL_TREATMENT,Corrosion coupon retrieval and analysis - 2 mpy average rate,8.4,2797.33
EVT-004406,42-109-66007,Parker 3H,Pecos Valley,2025-08-03,INSPECTION,Corrosion coupon retrieval and analysis - 2 mpy average rate,27.1,8002.16
EVT-004407,42-109-66007,Parker 3H,Pecos Valley,2024-11-01,MAINTENANCE,Surface facility maintenance including separator cleaning and meter calibration,35.5,9043.4
EVT-004408,42-109-66007,Parker 3H,Pecos Valley,2025-12-17,MAINTENANCE,Routine preventive maintenance on ESP system including motor inspection and cable check,40.9,24001.35
EVT-004409,42-109-66007,Parker 3H,Pecos Valley,2023-11-27,MAINTENANCE,Scheduled wellhead maintenance and valve replacement,33.3,24323.05
EVT-004410,42-301-44884,Minerals 5H,Coyanosa,2022-07-05,INSPECTION,Scheduled wellhead maintenance and valve replacement,11.0,3201.86
EVT-004411,42-301-44884,Minerals 5H,Coyanosa,2022-09-13,CHEMICAL_TREATMENT,Quarterly ESP system diagnostic and vibration analysis completed,13.9,17255.0
EVT-004412,42-301-44884,Minerals 5H,Coyanosa,2026-02-11,INSPECTION,Annual safety valve inspection and function test completed,26.1,15691.19
EVT-004413,42-301-44884,Minerals 5H,Coyanosa,2025-03-12,CHEMICAL_TREATMENT,Quarterly ESP system diagnostic and vibration analysis completed,37.6,19724.85
EVT-004414,42-109-48899,Torres 2H,Loving,2026-05-07,WORKOVER,"ESP motor failure due to overheating, well shut-in pending replacement",586.2,369886.78
EVT-004415,42-109-48899,Torres 2H,Loving,2026-03-27,FAILURE,Complete ESP system failure - motor burnout and pump lockup,328.5,772997.19
EVT-004416,42-109-48899,Torres 2H,Loving,2026-03-07,WORKOVER,"Tubing leak detected at depth, production ceased for workover",126.7,345399.25
EVT-004417,42-109-48899,Torres 2H,Loving,2026-02-18,EQUIPMENT_CHANGE,"Hole in tubing at 6500ft, severe production loss and gas migration",36.1,145883.32
EVT-004418,42-109-48899,Torres 2H,Loving,2026-04-07,EQUIPMENT_CHANGE,"Severe corrosion-induced tubing failure, well flowing up annulus",119.1,247994.07
EVT-004419,42-109-48899,Torres 2H,Loving,2026-03-28,EQUIPMENT_CHANGE,"Downhole pump seized due to severe sand production, pulling unit dispatched",38.3,88746.53
EVT-004420,42-109-48899,Torres 2H,Loving,2026-02-14,EQUIPMENT_CHANGE,"ESP motor failure due to overheating, well shut-in pending replacement",124.2,224190.19
EVT-004421,42-109-48899,Torres 2H,Loving,2026-06-18,FAILURE,"Downhole pump seized due to severe sand production, pulling unit dispatched",100.7,430741.02
EVT-004422,42-109-48899,Torres 2H,Loving,2026-06-12,FAILURE,"VSD drive failure causing ESP shutdown, replacement ordered",427.0,777092.01
EVT-004423,42-475-54244,Cox 8H,Wink,2026-01-19,MAINTENANCE,Corrosion coupon retrieval and analysis - 2 mpy average rate,36.5,7964.63
EVT-004424,42-495-91216,Coleman 7H,Balmorhea,2026-02-28,INSPECTION,Routine tubing pressure test and casing inspection,47.0,12195.93
EVT-004425,42-495-91216,Coleman 7H,Balmorhea,2025-06-12,INSPECTION,Routine tubing pressure test and casing inspection,13.5,21310.68
EVT-004426,42-495-91216,Coleman 7H,Balmorhea,2024-10-07,INSPECTION,Surface facility maintenance including separator cleaning and meter calibration,4.6,6905.87
EVT-004427,42-495-91216,Coleman 7H,Balmorhea,2025-03-31,INSPECTION,Routine preventive maintenance on ESP system including motor inspection and cable check,45.8,5523.16
EVT-004428,42-371-91645,King 12V,Coyanosa,2026-04-13,INSPECTION,Routine preventive maintenance on ESP system including motor inspection and cable check,13.2,22814.7
EVT-004429,42-371-91645,King 12V,Coyanosa,2026-04-10,CHEMICAL_TREATMENT,Routine tubing pressure test and casing inspection,12.6,7368.16
EVT-004430,42-371-91645,King 12V,Coyanosa,2026-01-11,INSPECTION,Quarterly ESP system diagnostic and vibration analysis completed,28.0,17446.78
EVT-004431,42-389-54141,Evans 3H,Pecos Valley,2024-06-18,CHEMICAL_TREATMENT,Routine tubing pressure test and casing inspection,24.7,15662.03
EVT-004432,42-389-54141,Evans 3H,Pecos Valley,2024-08-21,MAINTENANCE,Surface facility maintenance including separator cleaning and meter calibration,28.3,14696.03
EVT-004433,42-389-54141,Evans 3H,Pecos Valley,2025-03-15,CHEMICAL_TREATMENT,Routine preventive maintenance on ESP system including motor inspection and cable check,10.6,3960.75
EVT-004434,42-389-47555,Harrison 7H,Reeves County,2026-02-14,FAILURE,Electrical cable failure on ESP causing complete shutdown,302.7,348472.58
EVT-004435,42-389-47555,Harrison 7H,Reeves County,2025-06-05,WORKOVER,"Downhole pump seized due to severe sand production, pulling unit dispatched",234.5,1307233.53
EVT-004436,42-389-47555,Harrison 7H,Reeves County,2026-06-25,FAILURE,"Downhole pump seized due to severe sand production, pulling unit dispatched",254.1,89515.46
EVT-004437,42-389-47555,Harrison 7H,Reeves County,2026-05-20,FAILURE,"Downhole pump seized due to severe sand production, pulling unit dispatched",434.6,689859.59
EVT-004438,42-389-44264,Stewart 3V,Delaware Basin,2024-12-04,MAINTENANCE,"Intermittent ESP trips due to gas slugging, VSD ramp adjusted",28.9,19884.89
EVT-004439,42-389-44264,Stewart 3V,Delaware Basin,2023-03-10,EQUIPMENT_CHANGE,"Gas lift valve partially plugged, reduced injection efficiency",158.2,141036.14
EVT-004440,42-389-44264,Stewart 3V,Delaware Basin,2026-05-11,EQUIPMENT_CHANGE,Emulsion issues at separator requiring increased demulsifier dosage,133.4,207939.81
EVT-004441,42-301-84195,Torres 8V,Reeves County,2025-12-07,INSPECTION,Scheduled wellhead maintenance and valve replacement,32.9,3104.05
EVT-004442,42-301-84195,Torres 8V,Reeves County,2025-11-04,INSPECTION,Routine tubing pressure test and casing inspection,31.2,2986.1
EVT-004443,42-301-84195,Torres 8V,Reeves County,2025-11-22,CHEMICAL_TREATMENT,Scheduled wellhead maintenance and valve replacement,32.7,7729.81
EVT-004444,42-301-84195,Torres 8V,Reeves County,2026-05-21,INSPECTION,Corrosion coupon retrieval and analysis - 2 mpy average rate,33.7,926.74
EVT-004445,42-301-55863,University 12H,Delaware Basin,2025-01-09,FAILURE,Gas lift valve failure causing complete loss of artificial lift,357.0,50189.21
EVT-004446,42-301-55863,University 12H,Delaware Basin,2023-11-12,WORKOVER,Complete ESP system failure - motor burnout and pump lockup,244.0,1128767.11
EVT-004447,42-301-55863,University 12H,Delaware Basin,2024-01-13,WORKOVER,"VSD drive failure causing ESP shutdown, replacement ordered",402.6,864586.96
EVT-004448,42-301-55863,University 12H,Delaware Basin,2025-06-02,FAILURE,Gas lift valve failure causing complete loss of artificial lift,111.8,432362.22
EVT-004449,42-301-55863,University 12H,Delaware Basin,2026-02-02,FAILURE,Electrical cable failure on ESP causing complete shutdown,369.2,205345.11
EVT-004450,42-301-55863,University 12H,Delaware Basin,2026-06-11,FAILURE,Complete ESP system failure - motor burnout and pump lockup,128.1,35569.47
EVT-004451,42-301-55863,University 12H,Delaware Basin,2026-05-25,FAILURE,Gas lift valve failure causing complete loss of artificial lift,256.6,160266.25
EVT-004452,42-301-72092,Jenkins 3H,Ward-Estes,2026-04-13,INSPECTION,Routine preventive maintenance on ESP system including motor inspection and cable check,30.9,1960.54
EVT-004453,42-301-58687,Coleman 11H,Imperial,2025-04-24,INSPECTION,Corrosion coupon retrieval and analysis - 2 mpy average rate,32.0,9795.99
EVT-004454,42-301-58687,Coleman 11H,Imperial,2025-12-22,MAINTENANCE,Scheduled wellhead maintenance and valve replacement,7.5,6567.93
EVT-004455,42-301-58687,Coleman 11H,Imperial,2024-11-02,INSPECTION,Quarterly ESP system diagnostic and vibration analysis completed,7.8,928.99
EVT-004456,42-301-54115,Campbell 6H,Imperial,2025-11-22,CHEMICAL_TREATMENT,Routine tubing pressure test and casing inspection,18.9,5481.82
EVT-004457,42-301-54115,Campbell 6H,Imperial,2024-12-24,CHEMICAL_TREATMENT,Routine preventive maintenance on ESP system including motor inspection and cable check,5.9,6371.23
EVT-004458,42-301-54115,Campbell 6H,Imperial,2024-08-18,CHEMICAL_TREATMENT,Routine preventive maintenance on ESP system including motor inspection and cable check,21.6,1856.32
EVT-004459,42-371-34209,White 1H,Fort Stockton,2025-03-12,MAINTENANCE,Routine tubing pressure test and casing inspection,13.4,14105.93
EVT-004460,42-371-34209,White 1H,Fort Stockton,2025-02-15,CHEMICAL_TREATMENT,Scheduled wellhead maintenance and valve replacement,40.9,22351.83
EVT-004461,42-475-37455,Moore 2H,Red Hills,2025-09-18,MAINTENANCE,Corrosion coupon retrieval and analysis - 2 mpy average rate,28.3,14974.92
EVT-004462,42-475-37455,Moore 2H,Red Hills,2025-11-06,INSPECTION,Scheduled wellhead maintenance and valve replacement,41.1,11416.28
EVT-004463,42-301-65066,Gibson 6V,Kermit,2026-01-05,INSPECTION,Annual safety valve inspection and function test completed,37.0,13388.88
EVT-004464,42-301-65066,Gibson 6V,Kermit,2026-02-19,INSPECTION,Corrosion coupon retrieval and analysis - 2 mpy average rate,37.6,12397.18
EVT-004465,42-301-93049,Ramirez 2H,Imperial,2022-05-28,INSPECTION,Routine tubing pressure test and casing inspection,47.3,22227.48
EVT-004466,42-301-93049,Ramirez 2H,Imperial,2024-04-05,CHEMICAL_TREATMENT,Annual safety valve inspection and function test completed,3.3,22543.39
EVT-004467,42-301-30633,West 12H,Kermit,2026-01-30,MAINTENANCE,"Intermittent ESP trips due to gas slugging, VSD ramp adjusted",25.6,21240.82
EVT-004468,42-301-30633,West 12H,Kermit,2025-08-25,INSPECTION,"Sand production increasing, pump wear accelerating",30.4,14808.54
EVT-004469,42-301-30633,West 12H,Kermit,2024-07-11,INSPECTION,Emulsion issues at separator requiring increased demulsifier dosage,26.4,8599.99
EVT-004470,42-301-30633,West 12H,Kermit,2024-05-21,MAINTENANCE,"Scale buildup detected in tubing, chemical squeeze scheduled",30.4,24580.4
EVT-004471,42-301-30633,West 12H,Kermit,2026-04-18,CHEMICAL_TREATMENT,"Scale buildup detected in tubing, chemical squeeze scheduled",37.8,21317.86
EVT-004472,42-301-30633,West 12H,Kermit,2026-05-17,FAILURE,"Paraffin accumulation restricting flow, hot oil treatment performed",26.1,328680.89
EVT-004473,42-495-67207,Peterson 2H,Red Hills,2025-06-14,MAINTENANCE,Routine tubing pressure test and casing inspection,2.9,11347.34
EVT-004474,42-495-67207,Peterson 2H,Red Hills,2026-02-28,INSPECTION,Routine tubing pressure test and casing inspection,37.8,5958.77
EVT-004475,42-495-67207,Peterson 2H,Red Hills,2024-12-07,CHEMICAL_TREATMENT,Routine tubing pressure test and casing inspection,4.8,16812.02
EVT-004476,42-495-51697,Richardson 11H,Culberson County,2025-09-29,WORKOVER,"ESP motor failure due to overheating, well shut-in pending replacement",254.7,1466137.71
EVT-004477,42-495-51697,Richardson 11H,Culberson County,2026-06-14,EQUIPMENT_CHANGE,"Rod parting at depth, well dead, workover rig scheduled",88.9,73854.83
EVT-004478,42-495-51697,Richardson 11H,Culberson County,2025-08-14,FAILURE,"Severe corrosion-induced tubing failure, well flowing up annulus",119.7,617427.0
EVT-004479,42-495-51697,Richardson 11H,Culberson County,2026-07-06,FAILURE,"Christmas tree valve failure, emergency well control initiated",84.1,602666.36
EVT-004480,42-495-51697,Richardson 11H,Culberson County,2026-05-21,FAILURE,"Downhole pump seized due to severe sand production, pulling unit dispatched",86.8,730724.39
EVT-004481,42-389-30342,Reynolds 11H,Monahans,2023-03-01,MAINTENANCE,Corrosion coupon retrieval and analysis - 2 mpy average rate,26.3,6148.59
EVT-004482,42-389-30342,Reynolds 11H,Monahans,2023-06-23,INSPECTION,Surface facility maintenance including separator cleaning and meter calibration,47.8,22855.2
EVT-004483,42-389-30342,Reynolds 11H,Monahans,2026-03-07,CHEMICAL_TREATMENT,Scheduled wellhead maintenance and valve replacement,40.4,13463.22
EVT-004484,42-389-30342,Reynolds 11H,Monahans,2023-04-30,MAINTENANCE,Quarterly ESP system diagnostic and vibration analysis completed,11.2,8425.38
EVT-004485,42-495-62124,Scott 1V,Red Hills,2024-03-17,INSPECTION,Scheduled wellhead maintenance and valve replacement,7.9,18206.43
EVT-004486,42-495-62124,Scott 1V,Red Hills,2024-06-14,CHEMICAL_TREATMENT,Annual safety valve inspection and function test completed,13.7,18448.02
EVT-004487,42-495-62124,Scott 1V,Red Hills,2026-05-11,MAINTENANCE,Quarterly ESP system diagnostic and vibration analysis completed,7.4,12222.22
EVT-004488,42-495-62124,Scott 1V,Red Hills,2026-03-27,INSPECTION,Routine preventive maintenance on ESP system including motor inspection and cable check,17.6,18325.59
EVT-004489,42-109-93491,Cole 5V,Red Hills,2026-01-19,CHEMICAL_TREATMENT,Routine tubing pressure test and casing inspection,21.0,2687.6
EVT-004490,42-109-93491,Cole 5V,Red Hills,2025-08-07,MAINTENANCE,Routine preventive maintenance on ESP system including motor inspection and cable check,12.4,11832.71
EVT-004491,42-109-93491,Cole 5V,Red Hills,2025-05-27,INSPECTION,Surface facility maintenance including separator cleaning and meter calibration,16.6,14450.91
EVT-004492,42-389-80913,Rivera 3H,Coyanosa,2025-10-25,MAINTENANCE,Annual safety valve inspection and function test completed,11.3,712.49
EVT-004493,42-389-80913,Rivera 3H,Coyanosa,2025-11-18,INSPECTION,Surface facility maintenance including separator cleaning and meter calibration,27.5,7969.66
EVT-004494,42-475-98713,Bennett 4H,Mentone,2026-04-20,INSPECTION,Surface facility maintenance including separator cleaning and meter calibration,45.1,13356.22
EVT-004495,42-475-98713,Bennett 4H,Mentone,2025-10-12,CHEMICAL_TREATMENT,Corrosion coupon retrieval and analysis - 2 mpy average rate,33.9,23360.93
EVT-004496,42-475-98713,Bennett 4H,Mentone,2025-10-20,CHEMICAL_TREATMENT,Routine preventive maintenance on ESP system including motor inspection and cable check,14.6,3012.64
EVT-004497,42-475-98713,Bennett 4H,Mentone,2025-05-17,MAINTENANCE,Quarterly ESP system diagnostic and vibration analysis completed,5.6,9508.92
EVT-004498,42-371-53151,Green 4H,Van Horn,2024-05-22,MAINTENANCE,Surface facility maintenance including separator cleaning and meter calibration,38.8,19727.87
EVT-004499,42-371-53151,Green 4H,Van Horn,2024-11-27,CHEMICAL_TREATMENT,Routine tubing pressure test and casing inspection,23.5,4946.33
EVT-004500,42-389-71450,Campbell 2H,Kermit,2025-09-03,CHEMICAL_TREATMENT,Routine tubing pressure test and casing inspection,27.1,20449.82
EVT-004501,42-389-49329,Cattle Co 1H,Fort Stockton,2026-01-08,INSPECTION,Scheduled wellhead maintenance and valve replacement,34.3,5909.04
EVT-004502,42-389-49329,Cattle Co 1H,Fort Stockton,2023-06-27,MAINTENANCE,Scheduled wellhead maintenance and valve replacement,32.0,10256.63
EVT-004503,42-389-84209,Bell 6V,Ward-Estes,2024-02-05,MAINTENANCE,"Elevated motor temperature detected, monitoring increased frequency",46.2,16035.1
EVT-004504,42-389-84209,Bell 6V,Ward-Estes,2025-04-02,INSPECTION,"Gas lift valve partially plugged, reduced injection efficiency",15.9,18659.36
EVT-004505,42-389-84209,Bell 6V,Ward-Estes,2024-04-14,INSPECTION,"Increasing water cut trend noted, zone isolation evaluation in progress",6.9,9440.02
EVT-004506,42-389-84209,Bell 6V,Ward-Estes,2025-05-12,INSPECTION,"Paraffin accumulation restricting flow, hot oil treatment performed",21.4,539.19
EVT-004507,42-389-84209,Bell 6V,Ward-Estes,2023-10-12,CHEMICAL_TREATMENT,"Paraffin accumulation restricting flow, hot oil treatment performed",8.5,18701.87
EVT-004508,42-389-84209,Bell 6V,Ward-Estes,2024-02-12,EQUIPMENT_CHANGE,"Sand production increasing, pump wear accelerating",42.9,78872.23
EVT-004509,42-389-84209,Bell 6V,Ward-Estes,2026-06-05,FAILURE,"Paraffin accumulation restricting flow, hot oil treatment performed",95.4,232322.32
EVT-004510,42-389-92518,Peterson 9H,Van Horn,2024-01-07,INSPECTION,Annual safety valve inspection and function test completed,15.4,4460.19
EVT-004511,42-475-75654,Murphy 9H,Wink,2026-04-06,INSPECTION,Routine preventive maintenance on ESP system including motor inspection and cable check,2.4,8925.42
EVT-004512,42-371-41164,Griffin 1H,Coyanosa,2026-01-20,CHEMICAL_TREATMENT,Surface facility maintenance including separator cleaning and meter calibration,2.6,23533.76
EVT-004513,42-371-32487,Peterson 7H,Wink,2026-04-29,CHEMICAL_TREATMENT,Routine tubing pressure test and casing inspection,17.5,20901.02
EVT-004514,42-109-78908,Cattle Co 6V,Reeves County,2024-11-08,INSPECTION,Routine preventive maintenance on ESP system including motor inspection and cable check,16.9,24093.67
EVT-004515,42-109-78908,Cattle Co 6V,Reeves County,2024-12-22,CHEMICAL_TREATMENT,Corrosion coupon retrieval and analysis - 2 mpy average rate,32.6,23902.08
EVT-004516,42-109-78908,Cattle Co 6V,Reeves County,2024-11-14,CHEMICAL_TREATMENT,Surface facility maintenance including separator cleaning and meter calibration,42.5,4574.73
EVT-004517,42-109-78908,Cattle Co 6V,Reeves County,2024-03-30,INSPECTION,Routine preventive maintenance on ESP system including motor inspection and cable check,30.0,13286.08
EVT-004518,42-389-89563,Reed 7H,Imperial,2026-02-03,MAINTENANCE,Surface facility maintenance including separator cleaning and meter calibration,45.0,22352.8
EVT-004519,42-389-89563,Reed 7H,Imperial,2023-07-15,INSPECTION,Routine preventive maintenance on ESP system including motor inspection and cable check,23.8,17025.87
EVT-004520,42-389-89563,Reed 7H,Imperial,2025-12-09,INSPECTION,Routine tubing pressure test and casing inspection,46.6,19643.31
EVT-004521,42-389-89563,Reed 7H,Imperial,2025-04-27,MAINTENANCE,Quarterly ESP system diagnostic and vibration analysis completed,25.0,16381.1
EVT-004522,42-109-71018,Richardson 3H,Grandfalls,2026-03-14,CHEMICAL_TREATMENT,Scheduled wellhead maintenance and valve replacement,25.5,14019.2
EVT-004523,42-109-71018,Richardson 3H,Grandfalls,2025-10-11,MAINTENANCE,Annual safety valve inspection and function test completed,11.8,19834.29
EVT-004524,42-389-49462,Wood 6H,Buena Vista,2024-08-20,CHEMICAL_TREATMENT,Corrosion coupon retrieval and analysis - 2 mpy average rate,16.0,13079.79
EVT-004525,42-389-49462,Wood 6H,Buena Vista,2026-03-19,INSPECTION,Surface facility maintenance including separator cleaning and meter calibration,16.4,3664.67
EVT-004526,42-301-86300,Parker 10V,Buena Vista,2023-09-02,MAINTENANCE,Quarterly ESP system diagnostic and vibration analysis completed,3.3,2529.55
EVT-004527,42-301-86300,Parker 10V,Buena Vista,2023-11-26,MAINTENANCE,Corrosion coupon retrieval and analysis - 2 mpy average rate,15.9,20660.48
EVT-004528,42-109-69273,Sanders 1H,Pecos Valley,2024-07-04,INSPECTION,Quarterly ESP system diagnostic and vibration analysis completed,12.6,23145.76
EVT-004529,42-109-69273,Sanders 1H,Pecos Valley,2023-11-30,MAINTENANCE,Annual safety valve inspection and function test completed,46.6,8610.2
EVT-004530,42-389-88128,Gibson 7H,Pecos Valley,2024-05-05,INSPECTION,Routine preventive maintenance on ESP system including motor inspection and cable check,2.9,9416.41
EVT-004531,42-389-88128,Gibson 7H,Pecos Valley,2026-01-16,CHEMICAL_TREATMENT,Surface facility maintenance including separator cleaning and meter calibration,15.4,1758.8
EVT-004532,42-301-79063,Scott 6H,Monahans,2025-01-30,MAINTENANCE,Routine preventive maintenance on ESP system including motor inspection and cable check,32.3,20980.6
EVT-004533,42-301-79063,Scott 6H,Monahans,2026-05-29,MAINTENANCE,Quarterly ESP system diagnostic and vibration analysis completed,10.5,20799.42
EVT-004534,42-475-82488,Sanders 2H,Mentone,2024-05-01,WORKOVER,"Rod parting at depth, well dead, workover rig scheduled",197.4,752467.09
EVT-004535,42-475-82488,Sanders 2H,Mentone,2024-05-08,EQUIPMENT_CHANGE,Complete ESP system failure - motor burnout and pump lockup,117.7,63042.98
EVT-004536,42-475-82488,Sanders 2H,Mentone,2024-09-13,EQUIPMENT_CHANGE,"Rod parting at depth, well dead, workover rig scheduled",13.5,159144.45
EVT-004537,42-475-82488,Sanders 2H,Mentone,2024-11-07,EQUIPMENT_CHANGE,"ESP motor failure due to overheating, well shut-in pending replacement",152.1,241918.22
EVT-004538,42-475-82488,Sanders 2H,Mentone,2026-06-10,EQUIPMENT_CHANGE,"Casing collapse detected during pressure test, integrity compromised",159.9,276285.8
EVT-004539,42-475-82488,Sanders 2H,Mentone,2026-06-24,FAILURE,"Rod parting at depth, well dead, workover rig scheduled",262.7,471696.41
EVT-004540,42-475-82488,Sanders 2H,Mentone,2026-07-07,FAILURE,Electrical cable failure on ESP causing complete shutdown,397.7,491731.49
EVT-004541,42-371-30662,Myers 9H,Red Hills,2025-06-20,CHEMICAL_TREATMENT,Routine preventive maintenance on ESP system including motor inspection and cable check,25.1,10029.26
EVT-004542,42-371-30662,Myers 9H,Red Hills,2025-10-30,INSPECTION,Routine tubing pressure test and casing inspection,24.2,10456.87
EVT-004543,42-371-30662,Myers 9H,Red Hills,2025-04-04,CHEMICAL_TREATMENT,Corrosion coupon retrieval and analysis - 2 mpy average rate,32.8,16451.23
EVT-004544,42-389-73231,Coleman 12H,Monahans,2025-08-09,MAINTENANCE,"Elevated motor temperature detected, monitoring increased frequency",13.6,4593.84
EVT-004545,42-389-73231,Coleman 12H,Monahans,2023-09-25,EQUIPMENT_CHANGE,"Increasing water cut trend noted, zone isolation evaluation in progress",157.9,49121.48
EVT-004546,42-389-73231,Coleman 12H,Monahans,2026-05-20,EQUIPMENT_CHANGE,Emulsion issues at separator requiring increased demulsifier dosage,149.1,154284.38
EVT-004547,42-371-96852,Coleman 1H,Culberson County,2024-12-27,INSPECTION,Routine preventive maintenance on ESP system including motor inspection and cable check,24.1,14458.36
EVT-004548,42-371-96852,Coleman 1H,Culberson County,2025-11-09,CHEMICAL_TREATMENT,Quarterly ESP system diagnostic and vibration analysis completed,3.7,18825.32
EVT-004549,42-389-86928,Henderson 3H,Orla,2025-08-24,INSPECTION,Routine tubing pressure test and casing inspection,28.6,18977.01
EVT-004550,42-389-86928,Henderson 3H,Orla,2024-07-31,INSPECTION,Scheduled wellhead maintenance and valve replacement,42.0,15222.4
EVT-004551,42-389-56262,Resources 8H,Monahans,2024-12-30,CHEMICAL_TREATMENT,Scheduled wellhead maintenance and valve replacement,46.6,18974.65
EVT-004552,42-389-56262,Resources 8H,Monahans,2024-01-07,MAINTENANCE,Quarterly ESP system diagnostic and vibration analysis completed,3.8,7080.45
EVT-004553,42-389-56262,Resources 8H,Monahans,2023-08-17,INSPECTION,Quarterly ESP system diagnostic and vibration analysis completed,37.4,9297.55
EVT-004554,42-389-56262,Resources 8H,Monahans,2026-01-16,CHEMICAL_TREATMENT,Scheduled wellhead maintenance and valve replacement,32.1,16856.13
EVT-004555,42-371-84624,Owens 11H,Reeves County,2025-08-27,MAINTENANCE,Corrosion coupon retrieval and analysis - 2 mpy average rate,16.5,23119.01
EVT-004556,42-371-84624,Owens 11H,Reeves County,2025-11-15,INSPECTION,Surface facility maintenance including separator cleaning and meter calibration,30.3,16137.29
EVT-004557,42-371-84624,Owens 11H,Reeves County,2025-04-10,CHEMICAL_TREATMENT,Quarterly ESP system diagnostic and vibration analysis completed,11.6,11158.56
EVT-004558,42-371-84624,Owens 11H,Reeves County,2026-03-04,CHEMICAL_TREATMENT,Quarterly ESP system diagnostic and vibration analysis completed,43.4,3507.48
EVT-004559,42-389-35183,Harrison 10V,Balmorhea,2024-06-02,WORKOVER,"Hole in tubing at 6500ft, severe production loss and gas migration",412.4,374243.96
EVT-004560,42-389-35183,Harrison 10V,Balmorhea,2025-03-25,FAILURE,Electrical cable failure on ESP causing complete shutdown,181.3,81813.52
EVT-004561,42-389-35183,Harrison 10V,Balmorhea,2026-02-18,FAILURE,Gas lift valve failure causing complete loss of artificial lift,99.4,40327.63
EVT-004562,42-389-35183,Harrison 10V,Balmorhea,2026-06-08,FAILURE,"Casing collapse detected during pressure test, integrity compromised",396.4,260222.21
EVT-004563,42-389-35183,Harrison 10V,Balmorhea,2026-06-01,FAILURE,"Downhole pump seized due to severe sand production, pulling unit dispatched",33.6,207991.06
EVT-004564,42-389-94441,Stewart 1V,Monahans,2026-04-08,CHEMICAL_TREATMENT,"Gas lift valve partially plugged, reduced injection efficiency",35.6,3288.64
EVT-004565,42-389-94441,Stewart 1V,Monahans,2025-10-30,EQUIPMENT_CHANGE,"Scale buildup detected in tubing, chemical squeeze scheduled",89.6,198844.9
EVT-004566,42-389-94441,Stewart 1V,Monahans,2026-06-06,INSPECTION,"Increasing water cut trend noted, zone isolation evaluation in progress",36.4,4275.01
EVT-004567,42-389-94441,Stewart 1V,Monahans,2026-04-18,EQUIPMENT_CHANGE,Emulsion issues at separator requiring increased demulsifier dosage,24.3,150693.34
EVT-004568,42-371-97896,Wheeler 5H,Mentone,2026-02-26,CHEMICAL_TREATMENT,Quarterly ESP system diagnostic and vibration analysis completed,30.3,11350.37
EVT-004569,42-371-97896,Wheeler 5H,Mentone,2026-04-01,MAINTENANCE,Quarterly ESP system diagnostic and vibration analysis completed,36.4,12071.51
EVT-004570,42-389-52923,Ellis 3H,Monahans,2025-10-16,MAINTENANCE,Corrosion coupon retrieval and analysis - 2 mpy average rate,10.2,11800.45
EVT-004571,42-389-52923,Ellis 3H,Monahans,2025-07-30,CHEMICAL_TREATMENT,Surface facility maintenance including separator cleaning and meter calibration,42.3,9711.89
EVT-004572,42-389-62441,Beal 10H,Grandfalls,2024-12-24,INSPECTION,Surface facility maintenance including separator cleaning and meter calibration,20.6,17336.56
EVT-004573,42-389-62441,Beal 10H,Grandfalls,2023-07-06,INSPECTION,Annual safety valve inspection and function test completed,9.8,18996.16
EVT-004574,42-389-62441,Beal 10H,Grandfalls,2024-11-02,INSPECTION,Scheduled wellhead maintenance and valve replacement,10.5,5092.3
EVT-004575,42-389-62441,Beal 10H,Grandfalls,2024-04-05,CHEMICAL_TREATMENT,Routine tubing pressure test and casing inspection,18.8,3055.14
EVT-004576,42-475-31577,Harrison 4H,Pecos Valley,2026-04-23,MAINTENANCE,Surface facility maintenance including separator cleaning and meter calibration,47.1,6312.0
EVT-004577,42-475-31577,Harrison 4H,Pecos Valley,2026-05-16,INSPECTION,Surface facility maintenance including separator cleaning and meter calibration,42.5,5615.71
EVT-004578,42-475-31577,Harrison 4H,Pecos Valley,2026-05-16,CHEMICAL_TREATMENT,Routine preventive maintenance on ESP system including motor inspection and cable check,40.4,23143.7
EVT-004579,42-475-31577,Harrison 4H,Pecos Valley,2026-03-28,CHEMICAL_TREATMENT,Routine tubing pressure test and casing inspection,36.7,19472.35
EVT-004580,42-495-43113,Baker 6H,Culberson County,2026-02-02,EQUIPMENT_CHANGE,"Elevated motor temperature detected, monitoring increased frequency",96.2,277879.31
EVT-004581,42-495-43113,Baker 6H,Culberson County,2026-01-14,MAINTENANCE,"Gas lift valve partially plugged, reduced injection efficiency",39.8,15850.71
EVT-004582,42-495-43113,Baker 6H,Culberson County,2025-03-25,EQUIPMENT_CHANGE,"Gas lift valve partially plugged, reduced injection efficiency",41.0,59110.16
EVT-004583,42-495-43113,Baker 6H,Culberson County,2025-07-04,INSPECTION,"Elevated motor temperature detected, monitoring increased frequency",19.7,16472.57
EVT-004584,42-495-43113,Baker 6H,Culberson County,2026-02-25,INSPECTION,Emulsion issues at separator requiring increased demulsifier dosage,20.9,21570.97
EVT-004585,42-495-43113,Baker 6H,Culberson County,2025-06-04,CHEMICAL_TREATMENT,"Sand production increasing, pump wear accelerating",25.8,9293.1
EVT-004586,42-495-43113,Baker 6H,Culberson County,2026-06-09,EQUIPMENT_CHANGE,"Intermittent ESP trips due to gas slugging, VSD ramp adjusted",116.8,179693.17
EVT-004587,42-109-63847,Brooks 2H,Balmorhea,2026-03-04,CHEMICAL_TREATMENT,Emulsion issues at separator requiring increased demulsifier dosage,6.4,9512.52
EVT-004588,42-109-63847,Brooks 2H,Balmorhea,2025-10-13,INSPECTION,"Increasing water cut trend noted, zone isolation evaluation in progress",38.1,24708.59
EVT-004589,42-109-63847,Brooks 2H,Balmorhea,2026-01-12,INSPECTION,"Paraffin accumulation restricting flow, hot oil treatment performed",21.7,11752.25
EVT-004590,42-109-63847,Brooks 2H,Balmorhea,2025-09-22,EQUIPMENT_CHANGE,"Scale buildup detected in tubing, chemical squeeze scheduled",34.1,174290.56
EVT-004591,42-109-63847,Brooks 2H,Balmorhea,2025-06-20,MAINTENANCE,"Sand production increasing, pump wear accelerating",6.9,8611.54
EVT-004592,42-109-63847,Brooks 2H,Balmorhea,2026-06-25,FAILURE,"Increasing water cut trend noted, zone isolation evaluation in progress",118.7,706548.4
EVT-004593,42-475-85737,Reed 10H,Mentone,2026-02-02,INSPECTION,Scheduled wellhead maintenance and valve replacement,34.7,19659.66
EVT-004594,42-475-85737,Reed 10H,Mentone,2026-04-22,MAINTENANCE,Annual safety valve inspection and function test completed,40.9,12403.86
EVT-004595,42-475-85737,Reed 10H,Mentone,2026-04-16,MAINTENANCE,Surface facility maintenance including separator cleaning and meter calibration,11.6,11549.94
EVT-004596,42-475-77422,Bryant 8H,Kermit,2025-10-24,CHEMICAL_TREATMENT,Corrosion coupon retrieval and analysis - 2 mpy average rate,24.1,20941.17
EVT-004597,42-301-49010,Morgan 12H,Balmorhea,2025-03-25,MAINTENANCE,Annual safety valve inspection and function test completed,44.9,1743.76
EVT-004598,42-301-49010,Morgan 12H,Balmorhea,2024-06-18,CHEMICAL_TREATMENT,Surface facility maintenance including separator cleaning and meter calibration,25.8,6594.79
EVT-004599,42-301-49010,Morgan 12H,Balmorhea,2024-10-08,CHEMICAL_TREATMENT,Scheduled wellhead maintenance and valve replacement,27.3,24389.4
EVT-004600,42-301-49010,Morgan 12H,Balmorhea,2025-03-08,INSPECTION,Surface facility maintenance including separator cleaning and meter calibration,36.7,22927.08
EVT-004601,42-389-64227,Nelson 6H,Reeves County,2026-01-03,INSPECTION,Annual safety valve inspection and function test completed,38.7,21776.94
EVT-004602,42-389-64227,Nelson 6H,Reeves County,2025-05-08,MAINTENANCE,Corrosion coupon retrieval and analysis - 2 mpy average rate,35.3,17575.38
EVT-004603,42-475-71548,Washington 7V,Coyanosa,2025-12-18,CHEMICAL_TREATMENT,Scheduled wellhead maintenance and valve replacement,24.6,9010.17
EVT-004604,42-475-71548,Washington 7V,Coyanosa,2025-10-18,INSPECTION,Annual safety valve inspection and function test completed,18.4,13543.89
EVT-004605,42-301-32366,Cox 10V,Ward-Estes,2024-10-04,INSPECTION,Surface facility maintenance including separator cleaning and meter calibration,32.7,9208.02
EVT-004606,42-475-35960,Torres 4H,Reeves County,2026-04-18,MAINTENANCE,Routine preventive maintenance on ESP system including motor inspection and cable check,4.2,7814.2
EVT-004607,42-475-35960,Torres 4H,Reeves County,2026-06-12,MAINTENANCE,Routine preventive maintenance on ESP system including motor inspection and cable check,35.7,4081.3
EVT-004608,42-475-35960,Torres 4H,Reeves County,2026-02-20,MAINTENANCE,Annual safety valve inspection and function test completed,41.9,9544.11
EVT-004609,42-475-52877,Bell 11V,Fort Stockton,2023-09-08,CHEMICAL_TREATMENT,"Sand production increasing, pump wear accelerating",40.1,17223.28
EVT-004610,42-475-52877,Bell 11V,Fort Stockton,2022-10-17,INSPECTION,Emulsion issues at separator requiring increased demulsifier dosage,19.1,16722.07
EVT-004611,42-475-52877,Bell 11V,Fort Stockton,2025-05-14,EQUIPMENT_CHANGE,"Intermittent ESP trips due to gas slugging, VSD ramp adjusted",96.0,140059.04
EVT-004612,42-475-52877,Bell 11V,Fort Stockton,2022-12-01,MAINTENANCE,"Scale buildup detected in tubing, chemical squeeze scheduled",36.8,18904.53
EVT-004613,42-475-52877,Bell 11V,Fort Stockton,2024-01-03,INSPECTION,"Scale buildup detected in tubing, chemical squeeze scheduled",47.7,19925.21
EVT-004614,42-475-52877,Bell 11V,Fort Stockton,2023-07-25,INSPECTION,"Increasing water cut trend noted, zone isolation evaluation in progress",47.1,6482.46
EVT-004615,42-475-52877,Bell 11V,Fort Stockton,2026-04-25,EQUIPMENT_CHANGE,"Gas lift valve partially plugged, reduced injection efficiency",24.1,209345.48
EVT-004616,42-389-85264,Alexander 7H,Red Hills,2026-06-11,CHEMICAL_TREATMENT,Corrosion coupon retrieval and analysis - 2 mpy average rate,19.0,17626.4
EVT-004617,42-301-77246,Washington 2V,Reeves County,2025-01-14,MAINTENANCE,Corrosion coupon retrieval and analysis - 2 mpy average rate,4.9,24131.18
EVT-004618,42-301-77246,Washington 2V,Reeves County,2025-07-12,CHEMICAL_TREATMENT,Routine preventive maintenance on ESP system including motor inspection and cable check,29.9,15318.16
EVT-004619,42-301-77246,Washington 2V,Reeves County,2026-02-14,CHEMICAL_TREATMENT,Routine tubing pressure test and casing inspection,7.9,23214.85
EVT-004620,42-495-49617,Bailey 11H,Fort Stockton,2023-02-03,CHEMICAL_TREATMENT,Routine preventive maintenance on ESP system including motor inspection and cable check,4.5,16332.49
EVT-004621,42-495-49617,Bailey 11H,Fort Stockton,2025-03-21,INSPECTION,Routine tubing pressure test and casing inspection,47.4,22533.89
EVT-004622,42-495-49617,Bailey 11H,Fort Stockton,2026-03-04,INSPECTION,Quarterly ESP system diagnostic and vibration analysis completed,41.1,21559.71
EVT-004623,42-109-54607,Clayton 4H,Van Horn,2025-03-15,INSPECTION,Routine preventive maintenance on ESP system including motor inspection and cable check,22.9,10032.42
EVT-004624,42-109-54607,Clayton 4H,Van Horn,2025-11-21,MAINTENANCE,Routine preventive maintenance on ESP system including motor inspection and cable check,8.1,19657.46
EVT-004625,42-109-54607,Clayton 4H,Van Horn,2025-05-28,CHEMICAL_TREATMENT,Quarterly ESP system diagnostic and vibration analysis completed,21.4,695.28
EVT-004626,42-389-87978,Howard 5H,Wink,2026-05-14,MAINTENANCE,Annual safety valve inspection and function test completed,7.6,8518.13
EVT-004627,42-389-38830,Washington 1H,Reeves County,2026-02-03,INSPECTION,Quarterly ESP system diagnostic and vibration analysis completed,35.1,20596.37
EVT-004628,42-389-38830,Washington 1H,Reeves County,2026-01-12,INSPECTION,Routine preventive maintenance on ESP system including motor inspection and cable check,32.4,11552.36
EVT-004629,42-389-38830,Washington 1H,Reeves County,2026-05-08,CHEMICAL_TREATMENT,Quarterly ESP system diagnostic and vibration analysis completed,20.6,22560.2
EVT-004630,42-109-70312,Morgan 10H,Toyah,2023-03-16,CHEMICAL_TREATMENT,Surface facility maintenance including separator cleaning and meter calibration,46.4,4977.47
EVT-004631,42-475-48519,Davis 12H,Pecos Valley,2026-05-22,CHEMICAL_TREATMENT,Annual safety valve inspection and function test completed,19.4,2928.85
EVT-004632,42-371-88249,Thompson 3H,Mentone,2023-06-19,INSPECTION,Annual safety valve inspection and function test completed,10.1,21583.67
EVT-004633,42-371-88249,Thompson 3H,Mentone,2023-09-15,CHEMICAL_TREATMENT,Corrosion coupon retrieval and analysis - 2 mpy average rate,21.7,19449.63
EVT-004634,42-371-88249,Thompson 3H,Mentone,2026-05-16,INSPECTION,Routine preventive maintenance on ESP system including motor inspection and cable check,8.5,4280.56
EVT-004635,42-371-88249,Thompson 3H,Mentone,2023-10-04,CHEMICAL_TREATMENT,Routine tubing pressure test and casing inspection,12.3,640.03
EVT-004636,42-389-86068,Turner 5H,Coyanosa,2024-03-04,MAINTENANCE,Scheduled wellhead maintenance and valve replacement,32.5,6893.87
EVT-004637,42-389-86068,Turner 5H,Coyanosa,2025-10-11,INSPECTION,Annual safety valve inspection and function test completed,13.2,9882.72
EVT-004638,42-389-86068,Turner 5H,Coyanosa,2026-04-18,CHEMICAL_TREATMENT,Corrosion coupon retrieval and analysis - 2 mpy average rate,41.4,24908.55
EVT-004639,42-389-86068,Turner 5H,Coyanosa,2023-08-04,INSPECTION,Surface facility maintenance including separator cleaning and meter calibration,13.9,12096.54
EVT-004640,42-301-87325,Richardson 5H,Loving,2023-06-27,MAINTENANCE,Scheduled wellhead maintenance and valve replacement,33.2,1141.6
EVT-004641,42-475-45022,Evans 12H,Van Horn,2024-11-01,INSPECTION,Annual safety valve inspection and function test completed,44.0,20726.77
EVT-004642,42-495-52834,Bell 10H,Culberson County,2026-05-15,INSPECTION,Corrosion coupon retrieval and analysis - 2 mpy average rate,4.7,4933.3
EVT-004643,42-495-52834,Bell 10H,Culberson County,2026-04-30,MAINTENANCE,Scheduled wellhead maintenance and valve replacement,19.2,15381.14
EVT-004644,42-495-52834,Bell 10H,Culberson County,2025-03-04,CHEMICAL_TREATMENT,Quarterly ESP system diagnostic and vibration analysis completed,41.2,18442.84
EVT-004645,42-389-32635,Hill 11H,Loving,2024-07-31,INSPECTION,Surface facility maintenance including separator cleaning and meter calibration,25.7,16573.39
EVT-004646,42-389-32635,Hill 11H,Loving,2025-06-18,CHEMICAL_TREATMENT,Routine tubing pressure test and casing inspection,5.0,15209.1
EVT-004647,42-371-97773,Fisher 7H,Orla,2025-12-19,INSPECTION,Corrosion coupon retrieval and analysis - 2 mpy average rate,13.7,9507.04
EVT-004648,42-371-97773,Fisher 7H,Orla,2024-10-11,CHEMICAL_TREATMENT,Quarterly ESP system diagnostic and vibration analysis completed,45.5,23227.73
EVT-004649,42-389-83366,Cox 3H,Mentone,2024-06-12,MAINTENANCE,Routine tubing pressure test and casing inspection,10.8,14823.28
EVT-004650,42-389-83366,Cox 3H,Mentone,2024-11-08,CHEMICAL_TREATMENT,Corrosion coupon retrieval and analysis - 2 mpy average rate,43.2,7374.99
EVT-004651,42-389-83366,Cox 3H,Mentone,2022-09-19,INSPECTION,Annual safety valve inspection and function test completed,26.1,9191.63
EVT-004652,42-389-83366,Cox 3H,Mentone,2023-11-23,MAINTENANCE,Quarterly ESP system diagnostic and vibration analysis completed,46.2,9782.46
EVT-004653,42-389-94764,Reed 6V,Monahans,2026-06-13,CHEMICAL_TREATMENT,Annual safety valve inspection and function test completed,18.0,7845.61
EVT-004654,42-389-94764,Reed 6V,Monahans,2025-02-05,INSPECTION,Annual safety valve inspection and function test completed,35.9,17860.13
EVT-004655,42-389-94764,Reed 6V,Monahans,2024-11-01,MAINTENANCE,Scheduled wellhead maintenance and valve replacement,10.6,10789.04
EVT-004656,42-109-74199,Bass 12H,Reeves County,2023-03-08,INSPECTION,Quarterly ESP system diagnostic and vibration analysis completed,21.7,6305.94
EVT-004657,42-109-74199,Bass 12H,Reeves County,2023-01-02,CHEMICAL_TREATMENT,Scheduled wellhead maintenance and valve replacement,42.0,24740.95
EVT-004658,42-109-74199,Bass 12H,Reeves County,2023-02-22,MAINTENANCE,Scheduled wellhead maintenance and valve replacement,14.7,18239.59
EVT-004659,42-109-74199,Bass 12H,Reeves County,2025-05-08,CHEMICAL_TREATMENT,Surface facility maintenance including separator cleaning and meter calibration,44.1,13738.05
EVT-004660,42-495-68770,Price 2H,Van Horn,2025-01-28,INSPECTION,Quarterly ESP system diagnostic and vibration analysis completed,3.8,23059.46
EVT-004661,42-495-68770,Price 2H,Van Horn,2024-08-27,CHEMICAL_TREATMENT,Routine tubing pressure test and casing inspection,27.2,10170.46
EVT-004662,42-495-42264,Washington 3V,Pecos Valley,2025-05-25,MAINTENANCE,Quarterly ESP system diagnostic and vibration analysis completed,18.1,4208.65
EVT-004663,42-109-69655,Bennett 11H,Monahans,2025-06-09,INSPECTION,Annual safety valve inspection and function test completed,7.9,24629.62
EVT-004664,42-109-69655,Bennett 11H,Monahans,2022-07-17,INSPECTION,Routine preventive maintenance on ESP system including motor inspection and cable check,27.9,2399.3
EVT-004665,42-109-69655,Bennett 11H,Monahans,2025-11-07,MAINTENANCE,Scheduled wellhead maintenance and valve replacement,40.4,3818.67
EVT-004666,42-389-72491,Perry 8H,Delaware Basin,2025-02-11,CHEMICAL_TREATMENT,Scheduled wellhead maintenance and valve replacement,24.6,12356.15
EVT-004667,42-389-72491,Perry 8H,Delaware Basin,2026-06-10,MAINTENANCE,Routine tubing pressure test and casing inspection,11.7,24013.59
EVT-004668,42-389-72491,Perry 8H,Delaware Basin,2025-04-05,MAINTENANCE,Surface facility maintenance including separator cleaning and meter calibration,40.9,2852.15
EVT-004669,42-389-72491,Perry 8H,Delaware Basin,2024-09-08,MAINTENANCE,Surface facility maintenance including separator cleaning and meter calibration,15.2,2572.63
EVT-004670,42-475-70094,Morris 11H,Reeves County,2024-03-29,INSPECTION,Corrosion coupon retrieval and analysis - 2 mpy average rate,42.5,2460.24
EVT-004671,42-475-70094,Morris 11H,Reeves County,2026-04-28,CHEMICAL_TREATMENT,Quarterly ESP system diagnostic and vibration analysis completed,38.5,7547.46
EVT-004672,42-475-70094,Morris 11H,Reeves County,2025-05-29,INSPECTION,Surface facility maintenance including separator cleaning and meter calibration,31.1,17266.02
EVT-004673,42-475-70094,Morris 11H,Reeves County,2026-03-31,MAINTENANCE,Surface facility maintenance including separator cleaning and meter calibration,45.6,20907.58
EVT-004674,42-475-96345,Clayton 6H,Balmorhea,2024-04-16,INSPECTION,Annual safety valve inspection and function test completed,15.4,12289.6
EVT-004675,42-475-96345,Clayton 6H,Balmorhea,2024-01-12,MAINTENANCE,Surface facility maintenance including separator cleaning and meter calibration,41.7,16268.48
EVT-004676,42-475-96345,Clayton 6H,Balmorhea,2024-12-11,MAINTENANCE,Annual safety valve inspection and function test completed,18.7,2897.85
EVT-004677,42-475-96345,Clayton 6H,Balmorhea,2024-04-10,MAINTENANCE,Corrosion coupon retrieval and analysis - 2 mpy average rate,47.1,12561.33
EVT-004678,42-389-40324,Owens 3H,Kermit,2024-11-27,CHEMICAL_TREATMENT,Corrosion coupon retrieval and analysis - 2 mpy average rate,36.3,18616.92
EVT-004679,42-389-40324,Owens 3H,Kermit,2026-04-25,CHEMICAL_TREATMENT,Surface facility maintenance including separator cleaning and meter calibration,35.4,9982.78
EVT-004680,42-495-47655,Rivera 7H,Balmorhea,2026-05-31,MAINTENANCE,Scheduled wellhead maintenance and valve replacement,39.9,9515.96
EVT-004681,42-301-82963,Hayes 3H,Pecos Valley,2024-10-08,CHEMICAL_TREATMENT,Quarterly ESP system diagnostic and vibration analysis completed,6.8,8251.74
EVT-004682,42-371-37001,Moore 3H,Reeves County,2025-09-05,CHEMICAL_TREATMENT,Annual safety valve inspection and function test completed,7.4,5884.96
EVT-004683,42-371-37001,Moore 3H,Reeves County,2025-10-28,CHEMICAL_TREATMENT,Corrosion coupon retrieval and analysis - 2 mpy average rate,8.0,13868.8
EVT-004684,42-371-37001,Moore 3H,Reeves County,2024-05-20,CHEMICAL_TREATMENT,Surface facility maintenance including separator cleaning and meter calibration,34.4,15738.1
EVT-004685,42-371-37001,Moore 3H,Reeves County,2026-05-15,CHEMICAL_TREATMENT,Corrosion coupon retrieval and analysis - 2 mpy average rate,14.6,16254.16
EVT-004686,42-389-57362,Patterson 4H,Culberson County,2024-02-25,MAINTENANCE,Routine preventive maintenance on ESP system including motor inspection and cable check,39.3,15766.68
EVT-004687,42-389-57362,Patterson 4H,Culberson County,2023-03-24,INSPECTION,Routine tubing pressure test and casing inspection,23.9,4938.87
EVT-004688,42-389-57362,Patterson 4H,Culberson County,2023-12-26,INSPECTION,Corrosion coupon retrieval and analysis - 2 mpy average rate,7.4,3277.15
EVT-004689,42-389-40955,Rogers 10H,Toyah,2023-02-14,CHEMICAL_TREATMENT,Routine preventive maintenance on ESP system including motor inspection and cable check,22.1,18324.32
EVT-004690,42-371-66347,Griffin 4H,Ward-Estes,2024-12-31,FAILURE,"Casing collapse detected during pressure test, integrity compromised",429.2,51879.38
EVT-004691,42-371-66347,Griffin 4H,Ward-Estes,2024-09-23,FAILURE,Electrical cable failure on ESP causing complete shutdown,290.6,128446.34
EVT-004692,42-371-66347,Griffin 4H,Ward-Estes,2026-01-11,WORKOVER,Electrical cable failure on ESP causing complete shutdown,707.4,1975949.54
EVT-004693,42-371-66347,Griffin 4H,Ward-Estes,2025-05-10,FAILURE,Electrical cable failure on ESP causing complete shutdown,79.9,417977.42
EVT-004694,42-371-66347,Griffin 4H,Ward-Estes,2024-09-19,FAILURE,"VSD drive failure causing ESP shutdown, replacement ordered",337.3,272446.09
EVT-004695,42-371-66347,Griffin 4H,Ward-Estes,2025-03-12,FAILURE,"Downhole pump seized due to severe sand production, pulling unit dispatched",187.1,157453.84
EVT-004696,42-371-66347,Griffin 4H,Ward-Estes,2026-06-10,FAILURE,"Hole in tubing at 6500ft, severe production loss and gas migration",86.9,381856.63
EVT-004697,42-371-66347,Griffin 4H,Ward-Estes,2026-06-25,FAILURE,"ESP motor failure due to overheating, well shut-in pending replacement",298.4,518750.52
EVT-004698,42-371-44570,Kelly 8H,Orla,2026-03-04,MAINTENANCE,Annual safety valve inspection and function test completed,27.3,16663.66
EVT-004699,42-371-44570,Kelly 8H,Orla,2025-01-05,CHEMICAL_TREATMENT,Routine preventive maintenance on ESP system including motor inspection and cable check,21.8,3097.89
EVT-004700,42-371-44570,Kelly 8H,Orla,2025-07-28,CHEMICAL_TREATMENT,Quarterly ESP system diagnostic and vibration analysis completed,22.6,10566.29
EVT-004701,42-109-58138,Evans 6H,Wink,2024-06-28,INSPECTION,Routine preventive maintenance on ESP system including motor inspection and cable check,12.5,1312.87
EVT-004702,42-109-58138,Evans 6H,Wink,2026-02-14,INSPECTION,Scheduled wellhead maintenance and valve replacement,36.8,14258.2
EVT-004703,42-371-43413,Ramirez 3V,Imperial,2025-08-03,MAINTENANCE,Annual safety valve inspection and function test completed,45.4,4369.98
EVT-004704,42-371-43413,Ramirez 3V,Imperial,2025-11-18,CHEMICAL_TREATMENT,Routine preventive maintenance on ESP system including motor inspection and cable check,21.1,23499.79
EVT-004705,42-371-43413,Ramirez 3V,Imperial,2026-01-13,INSPECTION,Scheduled wellhead maintenance and valve replacement,36.9,16451.6
EVT-004706,42-475-58905,Powell 5H,Van Horn,2026-05-30,WORKOVER,"Rod parting at depth, well dead, workover rig scheduled",184.3,1900725.87
EVT-004707,42-475-58905,Powell 5H,Van Horn,2026-01-08,WORKOVER,Gas lift valve failure causing complete loss of artificial lift,718.4,1203890.38
EVT-004708,42-475-58905,Powell 5H,Van Horn,2026-04-22,FAILURE,Electrical cable failure on ESP causing complete shutdown,261.1,332547.25
EVT-004709,42-475-58905,Powell 5H,Van Horn,2026-06-04,FAILURE,"Casing collapse detected during pressure test, integrity compromised",473.4,629661.13
EVT-004710,42-475-58905,Powell 5H,Van Horn,2026-05-29,FAILURE,Gas lift valve failure causing complete loss of artificial lift,419.9,613645.54
EVT-004711,42-301-62392,Edwards 5V,Imperial,2024-08-06,INSPECTION,Scheduled wellhead maintenance and valve replacement,27.0,11118.78
EVT-004712,42-475-36790,Evans 10H,Grandfalls,2022-12-19,MAINTENANCE,Corrosion coupon retrieval and analysis - 2 mpy average rate,21.6,12842.71
EVT-004713,42-475-73557,Simmons 6V,Imperial,2022-10-09,INSPECTION,Quarterly ESP system diagnostic and vibration analysis completed,17.1,22066.28
EVT-004714,42-475-73557,Simmons 6V,Imperial,2025-07-17,MAINTENANCE,Scheduled wellhead maintenance and valve replacement,33.1,23568.06
EVT-004715,42-389-45930,Butler 2H,Buena Vista,2026-02-23,INSPECTION,Routine preventive maintenance on ESP system including motor inspection and cable check,44.2,9726.12
EVT-004716,42-389-45930,Butler 2H,Buena Vista,2025-08-22,MAINTENANCE,Routine tubing pressure test and casing inspection,17.2,20131.71
EVT-004717,42-389-45930,Butler 2H,Buena Vista,2026-05-05,CHEMICAL_TREATMENT,Surface facility maintenance including separator cleaning and meter calibration,7.8,14329.47
EVT-004718,42-301-36076,Fisher 3H,Pecos Valley,2024-10-27,MAINTENANCE,Routine tubing pressure test and casing inspection,22.7,22930.13
EVT-004719,42-301-36076,Fisher 3H,Pecos Valley,2024-01-06,INSPECTION,Quarterly ESP system diagnostic and vibration analysis completed,2.5,17033.07
EVT-004720,42-475-88201,Wheeler 8H,Mentone,2026-01-01,CHEMICAL_TREATMENT,Surface facility maintenance including separator cleaning and meter calibration,25.4,19304.04
EVT-004721,42-475-88201,Wheeler 8H,Mentone,2026-05-12,CHEMICAL_TREATMENT,Quarterly ESP system diagnostic and vibration analysis completed,16.6,20581.52
EVT-004722,42-475-88201,Wheeler 8H,Mentone,2026-05-31,CHEMICAL_TREATMENT,Annual safety valve inspection and function test completed,7.7,3270.87
EVT-004723,42-389-71288,Reynolds 6H,Loving,2025-07-11,EQUIPMENT_CHANGE,"Rod parting at depth, well dead, workover rig scheduled",21.8,140930.21
EVT-004724,42-389-71288,Reynolds 6H,Loving,2025-02-23,WORKOVER,"Downhole pump seized due to severe sand production, pulling unit dispatched",449.7,838277.18
EVT-004725,42-389-71288,Reynolds 6H,Loving,2023-10-26,WORKOVER,"VSD drive failure causing ESP shutdown, replacement ordered",464.0,169787.26
EVT-004726,42-389-71288,Reynolds 6H,Loving,2025-09-30,FAILURE,"Christmas tree valve failure, emergency well control initiated",423.3,754509.96
EVT-004727,42-389-71288,Reynolds 6H,Loving,2024-03-04,WORKOVER,"ESP motor failure due to overheating, well shut-in pending replacement",543.8,898010.42
EVT-004728,42-389-71288,Reynolds 6H,Loving,2026-03-31,WORKOVER,Complete ESP system failure - motor burnout and pump lockup,201.7,1091169.67
EVT-004729,42-389-71288,Reynolds 6H,Loving,2026-05-22,FAILURE,"Christmas tree valve failure, emergency well control initiated",111.0,627607.39
EVT-004730,42-389-71288,Reynolds 6H,Loving,2026-06-16,FAILURE,"ESP motor failure due to overheating, well shut-in pending replacement",465.7,227561.88
EVT-004731,42-389-54670,Myers 3H,Buena Vista,2024-12-28,MAINTENANCE,Quarterly ESP system diagnostic and vibration analysis completed,43.8,16671.87
EVT-004732,42-389-60305,Baker 7V,Loving,2025-11-15,MAINTENANCE,"Gas lift valve partially plugged, reduced injection efficiency",37.1,19179.26
EVT-004733,42-389-60305,Baker 7V,Loving,2025-03-01,CHEMICAL_TREATMENT,"Paraffin accumulation restricting flow, hot oil treatment performed",30.6,2681.43
EVT-004734,42-389-60305,Baker 7V,Loving,2024-10-08,CHEMICAL_TREATMENT,"Elevated motor temperature detected, monitoring increased frequency",35.7,4874.54
EVT-004735,42-389-60305,Baker 7V,Loving,2025-02-22,EQUIPMENT_CHANGE,"Intermittent ESP trips due to gas slugging, VSD ramp adjusted",66.8,226016.06
EVT-004736,42-389-60305,Baker 7V,Loving,2026-04-28,FAILURE,"Intermittent ESP trips due to gas slugging, VSD ramp adjusted",148.3,175641.95
EVT-004737,42-109-96433,Long 3H,Red Hills,2026-05-06,INSPECTION,Scheduled wellhead maintenance and valve replacement,15.1,21289.3
EVT-004738,42-109-96433,Long 3H,Red Hills,2026-03-31,INSPECTION,Scheduled wellhead maintenance and valve replacement,39.1,8702.94
EVT-004739,42-109-96433,Long 3H,Red Hills,2025-11-13,INSPECTION,Routine preventive maintenance on ESP system including motor inspection and cable check,36.4,5800.98
EVT-004740,42-389-49445,Barnes 8V,Red Hills,2025-10-13,CHEMICAL_TREATMENT,Routine preventive maintenance on ESP system including motor inspection and cable check,41.7,13129.15
EVT-004741,42-389-49445,Barnes 8V,Red Hills,2025-12-29,CHEMICAL_TREATMENT,Corrosion coupon retrieval and analysis - 2 mpy average rate,42.0,8866.87
EVT-004742,42-389-49445,Barnes 8V,Red Hills,2025-11-09,MAINTENANCE,Annual safety valve inspection and function test completed,36.7,23519.42
EVT-004743,42-389-49445,Barnes 8V,Red Hills,2026-03-06,CHEMICAL_TREATMENT,Surface facility maintenance including separator cleaning and meter calibration,21.6,10270.17
EVT-004744,42-301-40411,Flores 1H,Grandfalls,2026-01-09,CHEMICAL_TREATMENT,Routine tubing pressure test and casing inspection,10.6,8419.99
EVT-004745,42-301-40411,Flores 1H,Grandfalls,2026-05-08,INSPECTION,Quarterly ESP system diagnostic and vibration analysis completed,2.9,1204.94
EVT-004746,42-301-40411,Flores 1H,Grandfalls,2025-12-12,INSPECTION,Routine tubing pressure test and casing inspection,37.6,14229.65
EVT-004747,42-301-40411,Flores 1H,Grandfalls,2025-09-14,CHEMICAL_TREATMENT,Annual safety valve inspection and function test completed,20.1,22622.92
EVT-004748,42-475-37328,Washington 7H,Toyah,2024-07-30,EQUIPMENT_CHANGE,Electrical cable failure on ESP causing complete shutdown,117.3,90434.5
EVT-004749,42-475-37328,Washington 7H,Toyah,2024-07-25,WORKOVER,"Rod parting at depth, well dead, workover rig scheduled",557.5,859521.57
EVT-004750,42-475-37328,Washington 7H,Toyah,2025-06-27,EQUIPMENT_CHANGE,"VSD drive failure causing ESP shutdown, replacement ordered",43.2,70042.32
EVT-004751,42-475-37328,Washington 7H,Toyah,2024-10-28,FAILURE,"VSD drive failure causing ESP shutdown, replacement ordered",469.9,292452.76
EVT-004752,42-475-37328,Washington 7H,Toyah,2024-08-22,EQUIPMENT_CHANGE,"ESP motor failure due to overheating, well shut-in pending replacement",27.1,53857.39
EVT-004753,42-475-37328,Washington 7H,Toyah,2026-07-04,FAILURE,"Rod parting at depth, well dead, workover rig scheduled",173.5,195011.82
EVT-004754,42-475-37328,Washington 7H,Toyah,2026-06-03,FAILURE,Gas lift valve failure causing complete loss of artificial lift,31.0,81392.63
EVT-004755,42-389-41822,Bailey 7H,Imperial,2025-11-14,CHEMICAL_TREATMENT,Emulsion issues at separator requiring increased demulsifier dosage,19.2,18408.53
EVT-004756,42-389-41822,Bailey 7H,Imperial,2026-04-15,MAINTENANCE,"Gas lift valve partially plugged, reduced injection efficiency",37.8,20081.11
EVT-004757,42-389-41822,Bailey 7H,Imperial,2024-10-11,INSPECTION,"Elevated motor temperature detected, monitoring increased frequency",17.9,22182.2
EVT-004758,42-389-41822,Bailey 7H,Imperial,2026-04-12,CHEMICAL_TREATMENT,"Sand production increasing, pump wear accelerating",22.6,2192.57
EVT-004759,42-389-41822,Bailey 7H,Imperial,2026-05-05,MAINTENANCE,"Intermittent ESP trips due to gas slugging, VSD ramp adjusted",31.6,4586.03
EVT-004760,42-389-41822,Bailey 7H,Imperial,2026-05-03,FAILURE,"Gas lift valve partially plugged, reduced injection efficiency",100.8,634336.52
EVT-004761,42-371-46341,Collins 8V,Coyanosa,2023-10-29,FAILURE,Complete ESP system failure - motor burnout and pump lockup,107.5,501811.4
EVT-004762,42-371-46341,Collins 8V,Coyanosa,2025-02-20,WORKOVER,Electrical cable failure on ESP causing complete shutdown,418.8,1713375.35
EVT-004763,42-371-46341,Collins 8V,Coyanosa,2025-01-28,WORKOVER,"Downhole pump seized due to severe sand production, pulling unit dispatched",712.5,1927915.64
EVT-004764,42-371-46341,Collins 8V,Coyanosa,2024-09-22,FAILURE,"Downhole pump seized due to severe sand production, pulling unit dispatched",330.5,637417.4
EVT-004765,42-371-46341,Collins 8V,Coyanosa,2024-01-07,EQUIPMENT_CHANGE,"Severe corrosion-induced tubing failure, well flowing up annulus",106.3,258683.72
EVT-004766,42-371-46341,Collins 8V,Coyanosa,2025-08-26,FAILURE,"Downhole pump seized due to severe sand production, pulling unit dispatched",64.8,669335.42
EVT-004767,42-371-46341,Collins 8V,Coyanosa,2025-12-24,FAILURE,Electrical cable failure on ESP causing complete shutdown,35.3,485968.09
EVT-004768,42-371-46341,Collins 8V,Coyanosa,2024-12-10,FAILURE,Electrical cable failure on ESP causing complete shutdown,381.2,237282.5
EVT-004769,42-371-46341,Collins 8V,Coyanosa,2026-06-07,FAILURE,Complete ESP system failure - motor burnout and pump lockup,406.5,54702.07
EVT-004770,42-371-46341,Collins 8V,Coyanosa,2026-05-26,FAILURE,"Christmas tree valve failure, emergency well control initiated",301.5,626639.15
EVT-004771,42-301-82334,Price 11H,Fort Stockton,2025-11-21,INSPECTION,Quarterly ESP system diagnostic and vibration analysis completed,39.6,8476.18
EVT-004772,42-389-83510,Minerals 6H,Wink,2026-04-03,INSPECTION,Surface facility maintenance including separator cleaning and meter calibration,33.2,22289.05
EVT-004773,42-389-93942,Cattle Co 11H,Fort Stockton,2025-10-22,CHEMICAL_TREATMENT,"Sand production increasing, pump wear accelerating",37.5,21759.99
EVT-004774,42-389-93942,Cattle Co 11H,Fort Stockton,2023-10-24,CHEMICAL_TREATMENT,Emulsion issues at separator requiring increased demulsifier dosage,25.9,11228.62
EVT-004775,42-389-93942,Cattle Co 11H,Fort Stockton,2025-06-02,MAINTENANCE,Emulsion issues at separator requiring increased demulsifier dosage,2.9,4864.95
EVT-004776,42-389-93942,Cattle Co 11H,Fort Stockton,2026-06-19,FAILURE,"Increasing water cut trend noted, zone isolation evaluation in progress",81.1,563041.16
EVT-004777,42-389-60083,Woods 11H,Monahans,2024-11-22,INSPECTION,Annual safety valve inspection and function test completed,46.8,8495.46
EVT-004778,42-495-81936,Bass 1V,Wink,2024-09-24,CHEMICAL_TREATMENT,Annual safety valve inspection and function test completed,45.9,5115.15
EVT-004779,42-109-47723,Turner 3H,Grandfalls,2024-02-29,CHEMICAL_TREATMENT,Routine preventive maintenance on ESP system including motor inspection and cable check,44.9,1161.75
EVT-004780,42-109-47723,Turner 3H,Grandfalls,2024-10-17,CHEMICAL_TREATMENT,Quarterly ESP system diagnostic and vibration analysis completed,31.1,10467.5
EVT-004781,42-109-47723,Turner 3H,Grandfalls,2022-12-16,CHEMICAL_TREATMENT,Scheduled wellhead maintenance and valve replacement,19.7,7083.68
EVT-004782,42-109-47723,Turner 3H,Grandfalls,2026-05-14,INSPECTION,Quarterly ESP system diagnostic and vibration analysis completed,37.1,15686.66
EVT-004783,42-495-35073,Butler 5H,Grandfalls,2024-07-10,CHEMICAL_TREATMENT,Scheduled wellhead maintenance and valve replacement,29.0,12668.12
EVT-004784,42-495-35073,Butler 5H,Grandfalls,2025-12-15,INSPECTION,Surface facility maintenance including separator cleaning and meter calibration,41.1,18986.6
EVT-004785,42-495-35073,Butler 5H,Grandfalls,2024-08-06,MAINTENANCE,Corrosion coupon retrieval and analysis - 2 mpy average rate,28.3,14718.37
EVT-004786,42-495-35073,Butler 5H,Grandfalls,2025-09-14,INSPECTION,Routine tubing pressure test and casing inspection,6.5,15871.17
EVT-004787,42-495-84214,Land Trust 9H,Fort Stockton,2025-10-20,CHEMICAL_TREATMENT,Routine preventive maintenance on ESP system including motor inspection and cable check,45.5,24310.11
EVT-004788,42-495-84214,Land Trust 9H,Fort Stockton,2023-03-10,MAINTENANCE,Corrosion coupon retrieval and analysis - 2 mpy average rate,27.7,6162.95
EVT-004789,42-495-84214,Land Trust 9H,Fort Stockton,2024-01-03,CHEMICAL_TREATMENT,Corrosion coupon retrieval and analysis - 2 mpy average rate,40.4,18467.37
EVT-004790,42-389-39875,Ramirez 8V,Pecos Valley,2026-05-06,INSPECTION,Quarterly ESP system diagnostic and vibration analysis completed,15.9,13785.87
EVT-004791,42-495-66325,Kelly 8V,Mentone,2025-07-31,MAINTENANCE,Annual safety valve inspection and function test completed,22.9,16512.09
EVT-004792,42-495-66325,Kelly 8V,Mentone,2025-11-12,CHEMICAL_TREATMENT,Annual safety valve inspection and function test completed,36.6,6966.41
EVT-004793,42-495-66325,Kelly 8V,Mentone,2026-05-21,CHEMICAL_TREATMENT,Surface facility maintenance including separator cleaning and meter calibration,26.1,16505.43
EVT-004794,42-389-35230,Long 9H,Red Hills,2026-01-31,CHEMICAL_TREATMENT,Routine tubing pressure test and casing inspection,19.7,18672.7
EVT-004795,42-389-35230,Long 9H,Red Hills,2024-11-23,MAINTENANCE,Scheduled wellhead maintenance and valve replacement,28.9,15640.4
EVT-004796,42-371-90005,Minerals 6V,Monahans,2023-03-04,MAINTENANCE,Annual safety valve inspection and function test completed,16.9,7196.64
EVT-004797,42-371-90005,Minerals 6V,Monahans,2026-05-05,CHEMICAL_TREATMENT,Surface facility maintenance including separator cleaning and meter calibration,10.6,7750.72
EVT-004798,42-371-97656,Harrison 6H,Imperial,2026-04-30,MAINTENANCE,Surface facility maintenance including separator cleaning and meter calibration,41.0,11640.34
EVT-004799,42-371-97656,Harrison 6H,Imperial,2025-09-27,MAINTENANCE,Annual safety valve inspection and function test completed,3.3,23829.42
EVT-004800,42-371-97656,Harrison 6H,Imperial,2026-06-11,MAINTENANCE,Corrosion coupon retrieval and analysis - 2 mpy average rate,41.4,10513.06
EVT-004801,42-109-45552,James 6H,Pecos Valley,2022-12-29,MAINTENANCE,Corrosion coupon retrieval and analysis - 2 mpy average rate,36.9,22786.52
EVT-004802,42-109-45552,James 6H,Pecos Valley,2022-10-12,MAINTENANCE,Scheduled wellhead maintenance and valve replacement,6.1,1268.14
EVT-004803,42-109-45552,James 6H,Pecos Valley,2023-03-22,CHEMICAL_TREATMENT,Corrosion coupon retrieval and analysis - 2 mpy average rate,32.0,18646.08
EVT-004804,42-389-36158,Evans 9H,Grandfalls,2026-04-27,CHEMICAL_TREATMENT,Annual safety valve inspection and function test completed,31.5,4343.84
EVT-004805,42-389-36158,Evans 9H,Grandfalls,2026-04-24,CHEMICAL_TREATMENT,Surface facility maintenance including separator cleaning and meter calibration,47.3,17009.43
EVT-004806,42-389-36158,Evans 9H,Grandfalls,2025-07-30,INSPECTION,Scheduled wellhead maintenance and valve replacement,2.3,20449.59
EVT-004807,42-109-79157,Reynolds 9V,Imperial,2025-10-25,MAINTENANCE,Routine tubing pressure test and casing inspection,38.6,2832.26
EVT-004808,42-109-79157,Reynolds 9V,Imperial,2025-12-24,CHEMICAL_TREATMENT,Scheduled wellhead maintenance and valve replacement,26.2,22447.03
EVT-004809,42-109-79157,Reynolds 9V,Imperial,2025-09-09,MAINTENANCE,Annual safety valve inspection and function test completed,21.8,13082.26
EVT-004810,42-109-79157,Reynolds 9V,Imperial,2025-08-31,INSPECTION,Routine tubing pressure test and casing inspection,6.9,8354.58
EVT-004811,42-389-65597,Ross 10H,Delaware Basin,2025-04-30,MAINTENANCE,Corrosion coupon retrieval and analysis - 2 mpy average rate,22.1,18447.2
EVT-004812,42-389-65597,Ross 10H,Delaware Basin,2024-11-10,INSPECTION,Surface facility maintenance including separator cleaning and meter calibration,43.4,23535.87
EVT-004813,42-389-65597,Ross 10H,Delaware Basin,2025-04-20,INSPECTION,Routine tubing pressure test and casing inspection,27.0,7012.91
EVT-004814,42-389-65597,Ross 10H,Delaware Basin,2025-07-02,MAINTENANCE,Routine preventive maintenance on ESP system including motor inspection and cable check,18.6,4320.81
EVT-004815,42-109-79628,Martin 3V,Ward-Estes,2025-11-13,MAINTENANCE,Annual safety valve inspection and function test completed,28.3,12925.75
EVT-004816,42-109-79628,Martin 3V,Ward-Estes,2026-03-13,INSPECTION,Routine tubing pressure test and casing inspection,46.3,12549.31
EVT-004817,42-109-79628,Martin 3V,Ward-Estes,2025-06-06,MAINTENANCE,Surface facility maintenance including separator cleaning and meter calibration,47.8,11511.87
EVT-004818,42-109-79628,Martin 3V,Ward-Estes,2026-04-02,INSPECTION,Routine preventive maintenance on ESP system including motor inspection and cable check,39.1,12894.52
EVT-004819,42-109-73544,Murphy 8H,Culberson County,2024-10-20,FAILURE,"ESP motor failure due to overheating, well shut-in pending replacement",470.0,559268.57
EVT-004820,42-109-73544,Murphy 8H,Culberson County,2025-11-12,WORKOVER,"Downhole pump seized due to severe sand production, pulling unit dispatched",245.0,913911.13
EVT-004821,42-109-73544,Murphy 8H,Culberson County,2026-03-01,FAILURE,"Tubing leak detected at depth, production ceased for workover",419.9,679005.99
EVT-004822,42-109-73544,Murphy 8H,Culberson County,2025-06-29,FAILURE,"Rod parting at depth, well dead, workover rig scheduled",165.4,702030.0
EVT-004823,42-109-73544,Murphy 8H,Culberson County,2026-06-22,FAILURE,Complete ESP system failure - motor burnout and pump lockup,447.5,213244.58
EVT-004824,42-109-73544,Murphy 8H,Culberson County,2026-06-14,FAILURE,"VSD drive failure causing ESP shutdown, replacement ordered",447.0,346847.01
EVT-004825,42-109-83947,Campbell 6H,Ward-Estes,2024-01-07,CHEMICAL_TREATMENT,Routine tubing pressure test and casing inspection,11.0,18704.61
EVT-004826,42-109-83947,Campbell 6H,Ward-Estes,2024-08-26,MAINTENANCE,Surface facility maintenance including separator cleaning and meter calibration,47.5,5973.88
EVT-004827,42-109-83947,Campbell 6H,Ward-Estes,2025-08-25,INSPECTION,Routine preventive maintenance on ESP system including motor inspection and cable check,5.8,23061.24
EVT-004828,42-109-83947,Campbell 6H,Ward-Estes,2024-01-18,INSPECTION,Routine tubing pressure test and casing inspection,26.7,12409.67
EVT-004829,42-371-81559,Roberts 7H,Orla,2023-09-22,CHEMICAL_TREATMENT,Quarterly ESP system diagnostic and vibration analysis completed,9.1,17556.86
EVT-004830,42-301-45728,Hayes 11V,Van Horn,2026-01-25,MAINTENANCE,Routine tubing pressure test and casing inspection,42.4,7881.79
EVT-004831,42-301-45728,Hayes 11V,Van Horn,2026-01-16,MAINTENANCE,Routine tubing pressure test and casing inspection,15.7,19897.59
EVT-004832,42-301-45728,Hayes 11V,Van Horn,2025-11-05,MAINTENANCE,Corrosion coupon retrieval and analysis - 2 mpy average rate,38.2,7832.71
EVT-004833,42-301-45728,Hayes 11V,Van Horn,2026-05-23,INSPECTION,Scheduled wellhead maintenance and valve replacement,9.9,3104.87
EVT-004834,42-389-63902,Green 11H,Loving,2025-02-08,EQUIPMENT_CHANGE,"Scale buildup detected in tubing, chemical squeeze scheduled",135.9,240833.25
EVT-004835,42-389-63902,Green 11H,Loving,2026-01-02,CHEMICAL_TREATMENT,"Intermittent ESP trips due to gas slugging, VSD ramp adjusted",21.8,13292.75
EVT-004836,42-389-63902,Green 11H,Loving,2025-06-20,MAINTENANCE,"Sand production increasing, pump wear accelerating",15.1,9498.99
EVT-004837,42-389-63902,Green 11H,Loving,2026-05-22,CHEMICAL_TREATMENT,"Elevated motor temperature detected, monitoring increased frequency",47.9,19494.48
EVT-004838,42-389-63902,Green 11H,Loving,2024-09-25,CHEMICAL_TREATMENT,"Increasing water cut trend noted, zone isolation evaluation in progress",40.6,3758.91
EVT-004839,42-389-63902,Green 11H,Loving,2025-11-25,MAINTENANCE,"Gas lift valve partially plugged, reduced injection efficiency",42.7,23810.95
EVT-004840,42-389-63902,Green 11H,Loving,2026-06-23,FAILURE,"Paraffin accumulation restricting flow, hot oil treatment performed",479.8,35740.0
EVT-004841,42-301-57312,Thompson 6V,Ward-Estes,2024-11-14,CHEMICAL_TREATMENT,Scheduled wellhead maintenance and valve replacement,4.7,7724.92
EVT-004842,42-389-92601,Sullivan 5H,Ward-Estes,2022-12-10,INSPECTION,Surface facility maintenance including separator cleaning and meter calibration,19.7,12415.6
EVT-004843,42-389-92601,Sullivan 5H,Ward-Estes,2023-09-29,INSPECTION,Scheduled wellhead maintenance and valve replacement,33.4,9098.46
EVT-004844,42-389-92601,Sullivan 5H,Ward-Estes,2022-12-02,MAINTENANCE,Quarterly ESP system diagnostic and vibration analysis completed,24.1,3869.24
EVT-004845,42-389-92601,Sullivan 5H,Ward-Estes,2025-04-01,INSPECTION,Routine preventive maintenance on ESP system including motor inspection and cable check,43.1,13489.9
EVT-004846,42-301-42190,Gray 9H,Red Hills,2026-04-12,CHEMICAL_TREATMENT,Corrosion coupon retrieval and analysis - 2 mpy average rate,28.4,22143.69
EVT-004847,42-301-42190,Gray 9H,Red Hills,2026-05-03,CHEMICAL_TREATMENT,Quarterly ESP system diagnostic and vibration analysis completed,20.4,9609.07
EVT-004848,42-301-42190,Gray 9H,Red Hills,2026-01-12,MAINTENANCE,Annual safety valve inspection and function test completed,12.3,11846.1
EVT-004849,42-371-78290,Bennett 9H,Pecos Valley,2026-03-19,MAINTENANCE,Corrosion coupon retrieval and analysis - 2 mpy average rate,30.6,8089.74
EVT-004850,42-371-78290,Bennett 9H,Pecos Valley,2024-11-30,INSPECTION,Routine tubing pressure test and casing inspection,26.2,18202.81
EVT-004851,42-301-96489,Torres 2H,Fort Stockton,2024-08-13,INSPECTION,Annual safety valve inspection and function test completed,34.9,11423.54
EVT-004852,42-301-96489,Torres 2H,Fort Stockton,2024-03-29,INSPECTION,Surface facility maintenance including separator cleaning and meter calibration,27.7,14040.83
EVT-004853,42-301-96489,Torres 2H,Fort Stockton,2024-05-08,INSPECTION,Scheduled wellhead maintenance and valve replacement,29.1,22905.11
EVT-004854,42-301-96489,Torres 2H,Fort Stockton,2026-04-24,CHEMICAL_TREATMENT,Corrosion coupon retrieval and analysis - 2 mpy average rate,13.2,10098.59
EVT-004855,42-301-50410,Harrison 3H,Buena Vista,2023-12-14,INSPECTION,"Scale buildup detected in tubing, chemical squeeze scheduled",4.0,6132.03
EVT-004856,42-301-50410,Harrison 3H,Buena Vista,2025-10-22,INSPECTION,"Increasing water cut trend noted, zone isolation evaluation in progress",2.8,23839.49
EVT-004857,42-301-50410,Harrison 3H,Buena Vista,2023-04-04,EQUIPMENT_CHANGE,"Increasing water cut trend noted, zone isolation evaluation in progress",114.0,191889.89
EVT-004858,42-301-50410,Harrison 3H,Buena Vista,2024-10-31,INSPECTION,"Paraffin accumulation restricting flow, hot oil treatment performed",2.8,21739.51
EVT-004859,42-301-50410,Harrison 3H,Buena Vista,2026-05-08,EQUIPMENT_CHANGE,"Sand production increasing, pump wear accelerating",47.6,77877.77
EVT-004860,42-301-50410,Harrison 3H,Buena Vista,2023-12-21,EQUIPMENT_CHANGE,"Increasing water cut trend noted, zone isolation evaluation in progress",51.3,161239.75
EVT-004861,42-301-50410,Harrison 3H,Buena Vista,2026-06-18,FAILURE,"Sand production increasing, pump wear accelerating",479.0,115915.41
EVT-004862,42-389-75032,James 12H,Loving,2024-07-12,WORKOVER,"Downhole pump seized due to severe sand production, pulling unit dispatched",553.1,1342318.66
EVT-004863,42-389-75032,James 12H,Loving,2023-05-22,EQUIPMENT_CHANGE,Electrical cable failure on ESP causing complete shutdown,31.2,30938.34
EVT-004864,42-389-75032,James 12H,Loving,2025-12-02,FAILURE,"Downhole pump seized due to severe sand production, pulling unit dispatched",164.2,791067.37
EVT-004865,42-389-75032,James 12H,Loving,2025-05-22,FAILURE,Electrical cable failure on ESP causing complete shutdown,415.9,412889.02
EVT-004866,42-389-75032,James 12H,Loving,2026-06-30,FAILURE,"Severe corrosion-induced tubing failure, well flowing up annulus",148.3,280695.54
EVT-004867,42-389-75032,James 12H,Loving,2026-05-17,FAILURE,Electrical cable failure on ESP causing complete shutdown,160.3,329821.57
EVT-004868,42-371-42182,Hart 4H,Imperial,2026-04-12,CHEMICAL_TREATMENT,Scheduled wellhead maintenance and valve replacement,6.4,12204.02
EVT-004869,42-371-44322,Kelly 3H,Fort Stockton,2025-02-13,WORKOVER,"Rod parting at depth, well dead, workover rig scheduled",209.3,1695311.37
EVT-004870,42-371-44322,Kelly 3H,Fort Stockton,2024-03-29,WORKOVER,Electrical cable failure on ESP causing complete shutdown,319.8,1631621.21
EVT-004871,42-371-44322,Kelly 3H,Fort Stockton,2023-05-22,FAILURE,"Severe corrosion-induced tubing failure, well flowing up annulus",368.1,444159.44
EVT-004872,42-371-44322,Kelly 3H,Fort Stockton,2026-05-22,FAILURE,"Downhole pump seized due to severe sand production, pulling unit dispatched",129.2,539497.73
EVT-004873,42-371-44322,Kelly 3H,Fort Stockton,2023-12-30,EQUIPMENT_CHANGE,"Casing collapse detected during pressure test, integrity compromised",134.7,38579.33
EVT-004874,42-371-44322,Kelly 3H,Fort Stockton,2023-10-20,EQUIPMENT_CHANGE,"Hole in tubing at 6500ft, severe production loss and gas migration",34.3,71182.73
EVT-004875,42-371-44322,Kelly 3H,Fort Stockton,2023-02-04,EQUIPMENT_CHANGE,Complete ESP system failure - motor burnout and pump lockup,132.7,123633.44
EVT-004876,42-371-44322,Kelly 3H,Fort Stockton,2026-06-12,FAILURE,"Casing collapse detected during pressure test, integrity compromised",233.3,447610.06
EVT-004877,42-371-44322,Kelly 3H,Fort Stockton,2026-07-09,FAILURE,"Severe corrosion-induced tubing failure, well flowing up annulus",256.5,73318.71
EVT-004878,42-389-57964,Rogers 4V,Buena Vista,2024-07-26,CHEMICAL_TREATMENT,"Scale buildup detected in tubing, chemical squeeze scheduled",38.4,21962.72
EVT-004879,42-389-57964,Rogers 4V,Buena Vista,2022-07-23,CHEMICAL_TREATMENT,Emulsion issues at separator requiring increased demulsifier dosage,43.2,4429.75
EVT-004880,42-389-57964,Rogers 4V,Buena Vista,2024-07-04,MAINTENANCE,"Sand production increasing, pump wear accelerating",36.9,2983.41
EVT-004881,42-389-57964,Rogers 4V,Buena Vista,2025-01-10,INSPECTION,"Intermittent ESP trips due to gas slugging, VSD ramp adjusted",22.4,6643.52
EVT-004882,42-389-57964,Rogers 4V,Buena Vista,2026-05-10,FAILURE,"Sand production increasing, pump wear accelerating",176.9,625546.24
EVT-004883,42-301-40097,Jordan 5V,Monahans,2025-02-26,INSPECTION,Routine preventive maintenance on ESP system including motor inspection and cable check,48.0,17223.74
EVT-004884,42-301-40097,Jordan 5V,Monahans,2025-09-29,MAINTENANCE,Scheduled wellhead maintenance and valve replacement,21.0,13040.02
EVT-004885,42-495-78697,Minerals 2H,Orla,2026-03-14,CHEMICAL_TREATMENT,Corrosion coupon retrieval and analysis - 2 mpy average rate,33.0,13571.41
EVT-004886,42-495-78697,Minerals 2H,Orla,2024-11-15,MAINTENANCE,Scheduled wellhead maintenance and valve replacement,44.2,2179.15
EVT-004887,42-495-78697,Minerals 2H,Orla,2026-04-21,INSPECTION,Scheduled wellhead maintenance and valve replacement,9.5,15985.54
EVT-004888,42-389-75476,Phillips 10H,Pecos Valley,2026-04-07,MAINTENANCE,Surface facility maintenance including separator cleaning and meter calibration,25.6,21752.01
EVT-004889,42-389-75476,Phillips 10H,Pecos Valley,2024-02-28,INSPECTION,Routine tubing pressure test and casing inspection,6.6,11692.86
EVT-004890,42-389-75476,Phillips 10H,Pecos Valley,2025-01-22,INSPECTION,Routine tubing pressure test and casing inspection,10.1,6221.13
EVT-004891,42-389-75476,Phillips 10H,Pecos Valley,2025-04-13,CHEMICAL_TREATMENT,Surface facility maintenance including separator cleaning and meter calibration,21.4,11834.84
EVT-004892,42-389-81248,Rogers 11H,Kermit,2023-10-06,EQUIPMENT_CHANGE,"Paraffin accumulation restricting flow, hot oil treatment performed",144.4,197490.14
EVT-004893,42-389-81248,Rogers 11H,Kermit,2024-07-27,CHEMICAL_TREATMENT,Emulsion issues at separator requiring increased demulsifier dosage,17.5,15369.88
EVT-004894,42-389-81248,Rogers 11H,Kermit,2026-06-24,FAILURE,"Paraffin accumulation restricting flow, hot oil treatment performed",135.9,552349.57
EVT-004895,42-495-34392,Anderson 9H,Ward-Estes,2024-05-23,MAINTENANCE,"Increasing water cut trend noted, zone isolation evaluation in progress",2.4,14845.26
EVT-004896,42-495-34392,Anderson 9H,Ward-Estes,2025-11-18,INSPECTION,"Gas lift valve partially plugged, reduced injection efficiency",18.5,13266.07
EVT-004897,42-495-34392,Anderson 9H,Ward-Estes,2025-08-01,INSPECTION,"Sand production increasing, pump wear accelerating",28.4,8675.8
EVT-004898,42-495-34392,Anderson 9H,Ward-Estes,2026-06-05,CHEMICAL_TREATMENT,"Sand production increasing, pump wear accelerating",43.2,8199.06
EVT-004899,42-495-34392,Anderson 9H,Ward-Estes,2025-08-20,CHEMICAL_TREATMENT,"Increasing water cut trend noted, zone isolation evaluation in progress",45.0,7735.61
EVT-004900,42-495-34392,Anderson 9H,Ward-Estes,2026-06-19,FAILURE,"Scale buildup detected in tubing, chemical squeeze scheduled",191.0,728381.86
EVT-004901,42-475-69405,Moore 12V,Coyanosa,2025-04-13,INSPECTION,Quarterly ESP system diagnostic and vibration analysis completed,25.2,8176.34
EVT-004902,42-475-69405,Moore 12V,Coyanosa,2026-03-04,MAINTENANCE,Quarterly ESP system diagnostic and vibration analysis completed,20.1,671.81
EVT-004903,42-475-69405,Moore 12V,Coyanosa,2026-01-29,CHEMICAL_TREATMENT,Routine tubing pressure test and casing inspection,11.6,13675.95
EVT-004904,42-475-69405,Moore 12V,Coyanosa,2026-02-12,CHEMICAL_TREATMENT,Surface facility maintenance including separator cleaning and meter calibration,35.6,16829.21
EVT-004905,42-389-64931,Bennett 3H,Red Hills,2025-09-23,MAINTENANCE,"Scale buildup detected in tubing, chemical squeeze scheduled",25.9,6805.61
EVT-004906,42-389-64931,Bennett 3H,Red Hills,2026-02-04,CHEMICAL_TREATMENT,"Paraffin accumulation restricting flow, hot oil treatment performed",5.9,13389.09
EVT-004907,42-389-64931,Bennett 3H,Red Hills,2025-04-05,MAINTENANCE,"Intermittent ESP trips due to gas slugging, VSD ramp adjusted",10.0,19846.19
EVT-004908,42-389-64931,Bennett 3H,Red Hills,2026-04-24,EQUIPMENT_CHANGE,"Increasing water cut trend noted, zone isolation evaluation in progress",142.9,212897.48
EVT-004909,42-301-30949,Flores 12V,Loving,2025-06-21,CHEMICAL_TREATMENT,Quarterly ESP system diagnostic and vibration analysis completed,28.1,8018.81
EVT-004910,42-301-30949,Flores 12V,Loving,2024-11-22,CHEMICAL_TREATMENT,Routine preventive maintenance on ESP system including motor inspection and cable check,28.8,16330.84
EVT-004911,42-109-54725,Cox 9H,Loving,2024-12-20,CHEMICAL_TREATMENT,Quarterly ESP system diagnostic and vibration analysis completed,13.5,11646.46
EVT-004912,42-109-54725,Cox 9H,Loving,2025-06-05,CHEMICAL_TREATMENT,Scheduled wellhead maintenance and valve replacement,45.5,10322.59
EVT-004913,42-109-54725,Cox 9H,Loving,2025-11-05,MAINTENANCE,Routine tubing pressure test and casing inspection,13.4,21446.5
EVT-004914,42-109-96518,Bennett 2V,Ward-Estes,2026-04-11,MAINTENANCE,Quarterly ESP system diagnostic and vibration analysis completed,20.3,721.56
EVT-004915,42-109-96518,Bennett 2V,Ward-Estes,2023-11-24,MAINTENANCE,Annual safety valve inspection and function test completed,30.1,16852.9
EVT-004916,42-389-99590,Peterson 3H,Kermit,2026-02-19,CHEMICAL_TREATMENT,Surface facility maintenance including separator cleaning and meter calibration,10.3,3104.7
EVT-004917,42-389-99590,Peterson 3H,Kermit,2026-05-03,INSPECTION,Scheduled wellhead maintenance and valve replacement,35.5,19873.37
EVT-004918,42-389-99590,Peterson 3H,Kermit,2026-03-20,INSPECTION,Routine preventive maintenance on ESP system including motor inspection and cable check,32.4,879.93
EVT-004919,42-389-99590,Peterson 3H,Kermit,2026-01-22,CHEMICAL_TREATMENT,Quarterly ESP system diagnostic and vibration analysis completed,34.5,5119.79
EVT-004920,42-389-44810,Cox 12H,Red Hills,2025-05-02,MAINTENANCE,Scheduled wellhead maintenance and valve replacement,38.9,2633.55
EVT-004921,42-389-44810,Cox 12H,Red Hills,2025-08-25,MAINTENANCE,Annual safety valve inspection and function test completed,2.8,21542.7
EVT-004922,42-495-88258,Moore 8H,Toyah,2025-05-11,CHEMICAL_TREATMENT,Corrosion coupon retrieval and analysis - 2 mpy average rate,33.3,9491.24
EVT-004923,42-495-88258,Moore 8H,Toyah,2026-04-26,CHEMICAL_TREATMENT,Scheduled wellhead maintenance and valve replacement,39.8,6259.96
EVT-004924,42-389-33534,Ford 1H,Orla,2025-08-26,EQUIPMENT_CHANGE,"Tubing leak detected at depth, production ceased for workover",62.8,38852.61
EVT-004925,42-389-33534,Ford 1H,Orla,2025-12-25,FAILURE,Gas lift valve failure causing complete loss of artificial lift,108.7,125953.58
EVT-004926,42-389-33534,Ford 1H,Orla,2025-12-02,FAILURE,Electrical cable failure on ESP causing complete shutdown,131.0,615032.88
EVT-004927,42-389-33534,Ford 1H,Orla,2025-04-22,EQUIPMENT_CHANGE,"Severe corrosion-induced tubing failure, well flowing up annulus",14.0,116548.62
EVT-004928,42-389-33534,Ford 1H,Orla,2026-05-29,FAILURE,"Hole in tubing at 6500ft, severe production loss and gas migration",409.4,581435.44
EVT-004929,42-389-33534,Ford 1H,Orla,2026-06-13,FAILURE,"VSD drive failure causing ESP shutdown, replacement ordered",226.8,379141.43
EVT-004930,42-109-84616,Moore 10H,Mentone,2026-01-03,INSPECTION,Routine preventive maintenance on ESP system including motor inspection and cable check,46.0,19945.69
EVT-004931,42-109-84616,Moore 10H,Mentone,2025-02-10,MAINTENANCE,Routine preventive maintenance on ESP system including motor inspection and cable check,26.5,10863.64
EVT-004932,42-109-84616,Moore 10H,Mentone,2025-05-11,INSPECTION,Corrosion coupon retrieval and analysis - 2 mpy average rate,33.4,23016.14
EVT-004933,42-109-84616,Moore 10H,Mentone,2024-09-26,CHEMICAL_TREATMENT,Surface facility maintenance including separator cleaning and meter calibration,38.4,5836.37
EVT-004934,42-495-58974,West 10H,Culberson County,2025-10-14,INSPECTION,Routine preventive maintenance on ESP system including motor inspection and cable check,45.0,8067.12
EVT-004935,42-495-58974,West 10H,Culberson County,2026-03-01,CHEMICAL_TREATMENT,Routine tubing pressure test and casing inspection,28.8,16935.14
EVT-004936,42-495-58974,West 10H,Culberson County,2026-02-18,CHEMICAL_TREATMENT,Surface facility maintenance including separator cleaning and meter calibration,45.0,21801.17
EVT-004937,42-495-58974,West 10H,Culberson County,2026-02-28,INSPECTION,Annual safety valve inspection and function test completed,26.0,7047.74
EVT-004938,42-371-41722,Bass 3H,Red Hills,2025-06-21,CHEMICAL_TREATMENT,Routine tubing pressure test and casing inspection,23.9,24910.14
EVT-004939,42-371-41722,Bass 3H,Red Hills,2025-06-12,MAINTENANCE,Routine tubing pressure test and casing inspection,34.3,6561.15
EVT-004940,42-371-41722,Bass 3H,Red Hills,2026-02-02,MAINTENANCE,Annual safety valve inspection and function test completed,7.5,9126.24
EVT-004941,42-301-64816,Washington 1H,Delaware Basin,2026-02-10,CHEMICAL_TREATMENT,Routine preventive maintenance on ESP system including motor inspection and cable check,23.0,3610.32
EVT-004942,42-301-64816,Washington 1H,Delaware Basin,2026-03-28,MAINTENANCE,Corrosion coupon retrieval and analysis - 2 mpy average rate,22.7,2878.42
EVT-004943,42-301-64816,Washington 1H,Delaware Basin,2026-03-13,MAINTENANCE,Annual safety valve inspection and function test completed,27.1,19460.42
EVT-004944,42-389-81497,Baker 12H,Coyanosa,2025-01-16,EQUIPMENT_CHANGE,"Intermittent ESP trips due to gas slugging, VSD ramp adjusted",50.4,129331.92
EVT-004945,42-389-81497,Baker 12H,Coyanosa,2024-07-31,EQUIPMENT_CHANGE,"Elevated motor temperature detected, monitoring increased frequency",165.3,127307.43
EVT-004946,42-389-81497,Baker 12H,Coyanosa,2024-12-26,INSPECTION,"Scale buildup detected in tubing, chemical squeeze scheduled",27.0,6216.05
EVT-004947,42-389-81497,Baker 12H,Coyanosa,2024-10-06,INSPECTION,"Paraffin accumulation restricting flow, hot oil treatment performed",43.9,11953.93
EVT-004948,42-389-81497,Baker 12H,Coyanosa,2025-04-23,EQUIPMENT_CHANGE,"Gas lift valve partially plugged, reduced injection efficiency",121.7,20525.32
EVT-004949,42-389-81497,Baker 12H,Coyanosa,2026-06-25,EQUIPMENT_CHANGE,"Intermittent ESP trips due to gas slugging, VSD ramp adjusted",150.6,143930.31
EVT-004950,42-389-42348,Hart 3H,Loving,2026-05-04,CHEMICAL_TREATMENT,Corrosion coupon retrieval and analysis - 2 mpy average rate,37.8,21715.86
EVT-004951,42-389-42348,Hart 3H,Loving,2026-02-09,MAINTENANCE,Corrosion coupon retrieval and analysis - 2 mpy average rate,10.2,16208.59
EVT-004952,42-389-70334,Resources 8H,Reeves County,2026-05-23,INSPECTION,"Scale buildup detected in tubing, chemical squeeze scheduled",22.0,20707.16
EVT-004953,42-389-70334,Resources 8H,Reeves County,2026-04-01,EQUIPMENT_CHANGE,"Elevated motor temperature detected, monitoring increased frequency",119.2,209132.25
EVT-004954,42-389-70334,Resources 8H,Reeves County,2025-09-17,CHEMICAL_TREATMENT,"Paraffin accumulation restricting flow, hot oil treatment performed",25.7,4487.12
EVT-004955,42-389-70334,Resources 8H,Reeves County,2025-03-17,MAINTENANCE,"Elevated motor temperature detected, monitoring increased frequency",21.3,642.01
EVT-004956,42-389-70334,Resources 8H,Reeves County,2025-12-13,INSPECTION,"Elevated motor temperature detected, monitoring increased frequency",18.9,16093.5
EVT-004957,42-389-70334,Resources 8H,Reeves County,2025-06-21,CHEMICAL_TREATMENT,"Gas lift valve partially plugged, reduced injection efficiency",40.8,16857.23
EVT-004958,42-389-70334,Resources 8H,Reeves County,2026-05-17,EQUIPMENT_CHANGE,"Scale buildup detected in tubing, chemical squeeze scheduled",134.0,123878.55
EVT-004959,42-389-58277,Land Trust 7V,Grandfalls,2026-06-14,FAILURE,"Casing collapse detected during pressure test, integrity compromised",308.3,680247.86
EVT-004960,42-389-58277,Land Trust 7V,Grandfalls,2026-03-20,WORKOVER,"Hole in tubing at 6500ft, severe production loss and gas migration",320.0,1482747.05
EVT-004961,42-389-58277,Land Trust 7V,Grandfalls,2026-03-11,FAILURE,"Severe corrosion-induced tubing failure, well flowing up annulus",444.1,49932.97
EVT-004962,42-389-58277,Land Trust 7V,Grandfalls,2026-06-07,FAILURE,"Tubing leak detected at depth, production ceased for workover",263.0,772816.12
EVT-004963,42-389-58277,Land Trust 7V,Grandfalls,2026-06-08,FAILURE,"Downhole pump seized due to severe sand production, pulling unit dispatched",298.6,92045.96
EVT-004964,42-371-49443,King 10H,Ward-Estes,2026-04-25,INSPECTION,Routine preventive maintenance on ESP system including motor inspection and cable check,26.1,12418.65
EVT-004965,42-371-49443,King 10H,Ward-Estes,2026-04-17,MAINTENANCE,Routine tubing pressure test and casing inspection,47.6,5385.95
EVT-004966,42-495-63977,Butler 6V,Monahans,2024-07-26,CHEMICAL_TREATMENT,Surface facility maintenance including separator cleaning and meter calibration,22.8,12854.99
EVT-004967,42-495-63977,Butler 6V,Monahans,2025-01-16,CHEMICAL_TREATMENT,Scheduled wellhead maintenance and valve replacement,6.5,17776.04
EVT-004968,42-495-63977,Butler 6V,Monahans,2024-04-14,INSPECTION,Routine preventive maintenance on ESP system including motor inspection and cable check,16.6,4715.63
EVT-004969,42-495-63977,Butler 6V,Monahans,2023-07-24,INSPECTION,Routine tubing pressure test and casing inspection,41.7,6905.23
EVT-004970,42-495-90314,Fisher 10H,Culberson County,2025-10-03,INSPECTION,Routine tubing pressure test and casing inspection,14.2,9783.88
EVT-004971,42-389-99250,Wheeler 2V,Loving,2024-03-04,INSPECTION,Surface facility maintenance including separator cleaning and meter calibration,28.2,5898.65
EVT-004972,42-389-99250,Wheeler 2V,Loving,2024-04-15,MAINTENANCE,Corrosion coupon retrieval and analysis - 2 mpy average rate,19.9,11504.09
EVT-004973,42-301-45653,Wheeler 6H,Red Hills,2026-06-05,MAINTENANCE,Scheduled wellhead maintenance and valve replacement,43.0,7684.82
EVT-004974,42-301-45653,Wheeler 6H,Red Hills,2024-11-02,CHEMICAL_TREATMENT,Quarterly ESP system diagnostic and vibration analysis completed,21.1,7436.8
EVT-004975,42-301-45653,Wheeler 6H,Red Hills,2025-02-23,INSPECTION,Quarterly ESP system diagnostic and vibration analysis completed,14.9,7718.91
EVT-004976,42-301-34582,Woods 8H,Balmorhea,2026-05-16,INSPECTION,Routine tubing pressure test and casing inspection,35.5,1003.33
EVT-004977,42-301-34582,Woods 8H,Balmorhea,2024-10-29,CHEMICAL_TREATMENT,Routine tubing pressure test and casing inspection,5.5,13637.12
EVT-004978,42-301-34582,Woods 8H,Balmorhea,2025-12-05,CHEMICAL_TREATMENT,Surface facility maintenance including separator cleaning and meter calibration,40.3,3341.75
EVT-004979,42-371-90387,University 9V,Toyah,2026-01-08,CHEMICAL_TREATMENT,Annual safety valve inspection and function test completed,45.5,2028.98
EVT-004980,42-371-90387,University 9V,Toyah,2026-04-09,INSPECTION,Routine preventive maintenance on ESP system including motor inspection and cable check,32.6,16436.72
EVT-004981,42-475-56047,Hamilton 4H,Coyanosa,2026-01-22,EQUIPMENT_CHANGE,"Increasing water cut trend noted, zone isolation evaluation in progress",115.5,161536.72
EVT-004982,42-475-56047,Hamilton 4H,Coyanosa,2026-05-11,MAINTENANCE,"Scale buildup detected in tubing, chemical squeeze scheduled",6.4,12913.93
EVT-004983,42-475-56047,Hamilton 4H,Coyanosa,2024-03-17,CHEMICAL_TREATMENT,"Gas lift valve partially plugged, reduced injection efficiency",22.7,14733.08
EVT-004984,42-475-56047,Hamilton 4H,Coyanosa,2025-11-21,MAINTENANCE,"Elevated motor temperature detected, monitoring increased frequency",17.0,1837.45
EVT-004985,42-475-56047,Hamilton 4H,Coyanosa,2026-06-19,FAILURE,"Gas lift valve partially plugged, reduced injection efficiency",384.3,613826.0
EVT-004986,42-389-38394,Cattle Co 5H,Orla,2025-11-06,CHEMICAL_TREATMENT,Quarterly ESP system diagnostic and vibration analysis completed,37.0,18464.41
EVT-004987,42-389-38394,Cattle Co 5H,Orla,2026-05-16,MAINTENANCE,Routine preventive maintenance on ESP system including motor inspection and cable check,20.7,6911.28
EVT-004988,42-475-89898,Moore 6V,Monahans,2025-01-16,WORKOVER,"ESP motor failure due to overheating, well shut-in pending replacement",396.9,1158330.4
EVT-004989,42-475-89898,Moore 6V,Monahans,2024-12-27,FAILURE,"Casing collapse detected during pressure test, integrity compromised",235.8,306979.78
EVT-004990,42-475-89898,Moore 6V,Monahans,2026-01-04,FAILURE,"Rod parting at depth, well dead, workover rig scheduled",238.7,583139.87
EVT-004991,42-475-89898,Moore 6V,Monahans,2025-03-26,FAILURE,"Tubing leak detected at depth, production ceased for workover",273.4,85246.39
EVT-004992,42-475-89898,Moore 6V,Monahans,2025-11-08,WORKOVER,"Hole in tubing at 6500ft, severe production loss and gas migration",376.9,368674.66
EVT-004993,42-475-89898,Moore 6V,Monahans,2025-03-02,EQUIPMENT_CHANGE,"Severe corrosion-induced tubing failure, well flowing up annulus",28.4,173639.08
EVT-004994,42-475-89898,Moore 6V,Monahans,2025-07-30,WORKOVER,"Severe corrosion-induced tubing failure, well flowing up annulus",442.8,1618629.46
EVT-004995,42-475-89898,Moore 6V,Monahans,2026-05-23,FAILURE,"Tubing leak detected at depth, production ceased for workover",308.4,285908.06
EVT-004996,42-475-89898,Moore 6V,Monahans,2026-06-27,FAILURE,"Casing collapse detected during pressure test, integrity compromised",246.2,259409.74
EVT-004997,42-389-48405,Baker 5H,Ward-Estes,2026-05-06,MAINTENANCE,Scheduled wellhead maintenance and valve replacement,32.7,18816.63
EVT-004998,42-389-48405,Baker 5H,Ward-Estes,2025-08-09,MAINTENANCE,Routine preventive maintenance on ESP system including motor inspection and cable check,9.4,19449.35
EVT-004999,42-389-48405,Baker 5H,Ward-Estes,2026-01-08,CHEMICAL_TREATMENT,Routine tubing pressure test and casing inspection,43.4,6711.19
EVT-005000,42-389-48405,Baker 5H,Ward-Estes,2026-04-02,CHEMICAL_TREATMENT,Scheduled wellhead maintenance and valve replacement,41.3,22901.62
EVT-005001,42-371-37441,Foster 7H,Pecos Valley,2025-07-19,INSPECTION,"Gas lift valve partially plugged, reduced injection efficiency",10.9,17676.76
EVT-005002,42-371-37441,Foster 7H,Pecos Valley,2025-12-23,INSPECTION,"Elevated motor temperature detected, monitoring increased frequency",24.8,9107.48
EVT-005003,42-371-37441,Foster 7H,Pecos Valley,2026-02-05,INSPECTION,"Paraffin accumulation restricting flow, hot oil treatment performed",3.9,9030.76
EVT-005004,42-371-37441,Foster 7H,Pecos Valley,2026-02-25,MAINTENANCE,"Sand production increasing, pump wear accelerating",20.4,6667.41
EVT-005005,42-371-37441,Foster 7H,Pecos Valley,2025-11-12,EQUIPMENT_CHANGE,"Sand production increasing, pump wear accelerating",71.9,266458.87
EVT-005006,42-371-37441,Foster 7H,Pecos Valley,2026-05-17,FAILURE,"Sand production increasing, pump wear accelerating",367.3,126232.25
EVT-005007,42-301-34963,Wilson 10H,Delaware Basin,2025-04-28,EQUIPMENT_CHANGE,"Sand production increasing, pump wear accelerating",147.9,135021.68
EVT-005008,42-301-34963,Wilson 10H,Delaware Basin,2025-05-25,CHEMICAL_TREATMENT,"Sand production increasing, pump wear accelerating",3.6,3519.55
EVT-005009,42-301-34963,Wilson 10H,Delaware Basin,2026-05-21,MAINTENANCE,"Intermittent ESP trips due to gas slugging, VSD ramp adjusted",43.4,1989.31
EVT-005010,42-301-34963,Wilson 10H,Delaware Basin,2026-05-19,FAILURE,"Sand production increasing, pump wear accelerating",163.6,194690.37
EVT-005011,42-389-36834,Reynolds 3H,Coyanosa,2026-01-24,CHEMICAL_TREATMENT,Scheduled wellhead maintenance and valve replacement,22.1,19003.14
EVT-005012,42-389-36834,Reynolds 3H,Coyanosa,2023-04-05,MAINTENANCE,Annual safety valve inspection and function test completed,8.7,17523.84
EVT-005013,42-371-45842,Moore 6H,Imperial,2025-12-12,MAINTENANCE,Scheduled wellhead maintenance and valve replacement,19.6,538.22
EVT-005014,42-371-45842,Moore 6H,Imperial,2026-04-05,CHEMICAL_TREATMENT,Routine tubing pressure test and casing inspection,24.0,17313.98
EVT-005015,42-371-45842,Moore 6H,Imperial,2025-10-24,INSPECTION,Scheduled wellhead maintenance and valve replacement,34.4,11991.5
EVT-005016,42-389-78660,Cattle Co 4H,Fort Stockton,2025-07-03,MAINTENANCE,Routine preventive maintenance on ESP system including motor inspection and cable check,7.5,23941.16
EVT-005017,42-389-62989,Ward 4H,Pecos Valley,2026-02-11,MAINTENANCE,Surface facility maintenance including separator cleaning and meter calibration,22.7,19712.77
EVT-005018,42-301-59213,Wilson 4H,Kermit,2026-05-20,MAINTENANCE,Annual safety valve inspection and function test completed,47.6,3493.51
EVT-005019,42-301-59213,Wilson 4H,Kermit,2026-01-26,CHEMICAL_TREATMENT,Surface facility maintenance including separator cleaning and meter calibration,19.2,3183.9
EVT-005020,42-301-59213,Wilson 4H,Kermit,2026-02-27,MAINTENANCE,Corrosion coupon retrieval and analysis - 2 mpy average rate,46.8,24176.12
EVT-005021,42-389-60664,Bailey 3H,Buena Vista,2025-03-19,INSPECTION,Corrosion coupon retrieval and analysis - 2 mpy average rate,7.3,24029.4
EVT-005022,42-389-60664,Bailey 3H,Buena Vista,2026-01-03,INSPECTION,Surface facility maintenance including separator cleaning and meter calibration,7.8,15194.25
EVT-005023,42-389-60664,Bailey 3H,Buena Vista,2025-08-11,INSPECTION,Routine preventive maintenance on ESP system including motor inspection and cable check,16.2,3225.76
EVT-005024,42-389-47083,Johnson 12H,Imperial,2025-10-06,INSPECTION,Corrosion coupon retrieval and analysis - 2 mpy average rate,44.3,14271.71
EVT-005025,42-475-45962,Bryant 4V,Monahans,2025-10-22,CHEMICAL_TREATMENT,Corrosion coupon retrieval and analysis - 2 mpy average rate,23.6,16515.85
EVT-005026,42-475-45962,Bryant 4V,Monahans,2025-12-11,INSPECTION,Scheduled wellhead maintenance and valve replacement,41.6,9721.09
EVT-005027,42-475-45962,Bryant 4V,Monahans,2025-09-09,CHEMICAL_TREATMENT,Annual safety valve inspection and function test completed,23.8,16195.55
EVT-005028,42-475-45962,Bryant 4V,Monahans,2024-10-23,MAINTENANCE,Routine tubing pressure test and casing inspection,4.4,18127.04
EVT-005029,42-495-65162,Nelson 6H,Ward-Estes,2025-06-07,MAINTENANCE,Routine preventive maintenance on ESP system including motor inspection and cable check,9.4,15650.02
EVT-005030,42-495-65162,Nelson 6H,Ward-Estes,2023-04-05,MAINTENANCE,Routine preventive maintenance on ESP system including motor inspection and cable check,35.8,4643.5
EVT-005031,42-475-53440,Resources 5V,Ward-Estes,2025-11-02,MAINTENANCE,Routine tubing pressure test and casing inspection,19.1,23002.56
EVT-005032,42-475-53440,Resources 5V,Ward-Estes,2026-02-06,INSPECTION,Scheduled wellhead maintenance and valve replacement,23.2,5968.24
EVT-005033,42-475-53440,Resources 5V,Ward-Estes,2026-03-11,MAINTENANCE,Scheduled wellhead maintenance and valve replacement,44.2,12837.42
EVT-005034,42-475-84987,Resources 1H,Wink,2023-12-04,WORKOVER,"Downhole pump seized due to severe sand production, pulling unit dispatched",539.2,595412.81
EVT-005035,42-475-84987,Resources 1H,Wink,2026-06-03,EQUIPMENT_CHANGE,"Severe corrosion-induced tubing failure, well flowing up annulus",84.8,142276.09
EVT-005036,42-475-84987,Resources 1H,Wink,2024-09-04,EQUIPMENT_CHANGE,Gas lift valve failure causing complete loss of artificial lift,72.5,273017.52
EVT-005037,42-475-84987,Resources 1H,Wink,2025-07-04,EQUIPMENT_CHANGE,"ESP motor failure due to overheating, well shut-in pending replacement",155.7,130250.56
EVT-005038,42-475-84987,Resources 1H,Wink,2024-02-12,EQUIPMENT_CHANGE,"Severe corrosion-induced tubing failure, well flowing up annulus",43.3,110554.13
EVT-005039,42-475-84987,Resources 1H,Wink,2024-05-30,FAILURE,"Christmas tree valve failure, emergency well control initiated",309.3,137826.78
EVT-005040,42-475-84987,Resources 1H,Wink,2026-06-16,FAILURE,"Downhole pump seized due to severe sand production, pulling unit dispatched",353.9,118300.52
EVT-005041,42-475-84987,Resources 1H,Wink,2026-06-09,FAILURE,"Downhole pump seized due to severe sand production, pulling unit dispatched",160.9,87615.01
EVT-005042,42-389-58305,Ranch 3V,Orla,2026-05-02,FAILURE,Electrical cable failure on ESP causing complete shutdown,150.8,86300.61
EVT-005043,42-389-58305,Ranch 3V,Orla,2024-12-03,WORKOVER,"Christmas tree valve failure, emergency well control initiated",550.2,461990.37
EVT-005044,42-389-58305,Ranch 3V,Orla,2024-12-31,WORKOVER,"Rod parting at depth, well dead, workover rig scheduled",278.5,1382499.82
EVT-005045,42-389-58305,Ranch 3V,Orla,2026-05-27,FAILURE,Gas lift valve failure causing complete loss of artificial lift,308.9,619304.61
EVT-005046,42-389-58305,Ranch 3V,Orla,2026-05-18,FAILURE,"Christmas tree valve failure, emergency well control initiated",300.4,393016.53
EVT-005047,42-475-44110,Brooks 5H,Orla,2025-02-07,INSPECTION,Annual safety valve inspection and function test completed,24.9,24746.22
EVT-005048,42-475-44110,Brooks 5H,Orla,2026-03-31,MAINTENANCE,Scheduled wellhead maintenance and valve replacement,47.5,17392.93
EVT-005049,42-475-44110,Brooks 5H,Orla,2024-12-23,MAINTENANCE,Surface facility maintenance including separator cleaning and meter calibration,11.4,3952.24
EVT-005050,42-475-44110,Brooks 5H,Orla,2025-09-13,CHEMICAL_TREATMENT,Routine preventive maintenance on ESP system including motor inspection and cable check,21.3,18622.78
EVT-005051,42-109-41946,Morris 10V,Delaware Basin,2022-11-04,INSPECTION,Scheduled wellhead maintenance and valve replacement,44.4,847.88
EVT-005052,42-109-41946,Morris 10V,Delaware Basin,2025-12-02,CHEMICAL_TREATMENT,Annual safety valve inspection and function test completed,40.6,1605.28
EVT-005053,42-109-41946,Morris 10V,Delaware Basin,2025-08-10,CHEMICAL_TREATMENT,Annual safety valve inspection and function test completed,41.8,19034.67
EVT-005054,42-475-75095,Butler 1H,Delaware Basin,2024-05-12,MAINTENANCE,Annual safety valve inspection and function test completed,2.9,2405.79
EVT-005055,42-475-75095,Butler 1H,Delaware Basin,2026-01-15,CHEMICAL_TREATMENT,Routine preventive maintenance on ESP system including motor inspection and cable check,30.1,24265.59
EVT-005056,42-495-68628,Flores 3V,Fort Stockton,2026-01-05,EQUIPMENT_CHANGE,"Increasing water cut trend noted, zone isolation evaluation in progress",82.8,194205.4
EVT-005057,42-495-68628,Flores 3V,Fort Stockton,2025-03-20,INSPECTION,Emulsion issues at separator requiring increased demulsifier dosage,3.0,11248.6
EVT-005058,42-495-68628,Flores 3V,Fort Stockton,2025-10-19,CHEMICAL_TREATMENT,"Paraffin accumulation restricting flow, hot oil treatment performed",29.4,10272.96
EVT-005059,42-495-68628,Flores 3V,Fort Stockton,2025-10-14,MAINTENANCE,"Scale buildup detected in tubing, chemical squeeze scheduled",26.2,4686.2
EVT-005060,42-495-68628,Flores 3V,Fort Stockton,2026-05-20,MAINTENANCE,"Paraffin accumulation restricting flow, hot oil treatment performed",47.5,11463.01
EVT-005061,42-495-68628,Flores 3V,Fort Stockton,2026-05-12,EQUIPMENT_CHANGE,"Sand production increasing, pump wear accelerating",67.3,196279.03
EVT-005062,42-389-96416,Parker 9H,Red Hills,2024-02-23,INSPECTION,Corrosion coupon retrieval and analysis - 2 mpy average rate,24.0,12002.09
EVT-005063,42-389-96416,Parker 9H,Red Hills,2026-03-30,MAINTENANCE,Annual safety valve inspection and function test completed,29.2,2395.27
EVT-005064,42-389-96416,Parker 9H,Red Hills,2026-01-03,CHEMICAL_TREATMENT,Routine preventive maintenance on ESP system including motor inspection and cable check,13.4,17835.1
EVT-005065,42-389-96416,Parker 9H,Red Hills,2025-04-30,CHEMICAL_TREATMENT,Corrosion coupon retrieval and analysis - 2 mpy average rate,37.3,20109.17
EVT-005066,42-475-33517,Reed 11H,Ward-Estes,2026-06-06,MAINTENANCE,Annual safety valve inspection and function test completed,6.0,2387.76
EVT-005067,42-475-33517,Reed 11H,Ward-Estes,2026-04-07,INSPECTION,Corrosion coupon retrieval and analysis - 2 mpy average rate,37.3,19649.92
EVT-005068,42-389-96770,Ward 6H,Culberson County,2024-03-04,EQUIPMENT_CHANGE,"Sand production increasing, pump wear accelerating",35.8,217742.91
EVT-005069,42-389-96770,Ward 6H,Culberson County,2025-12-24,CHEMICAL_TREATMENT,"Increasing water cut trend noted, zone isolation evaluation in progress",33.8,22314.22
EVT-005070,42-389-96770,Ward 6H,Culberson County,2026-06-22,EQUIPMENT_CHANGE,"Increasing water cut trend noted, zone isolation evaluation in progress",34.3,205554.33
EVT-005071,42-371-85535,Graham 3V,Van Horn,2026-05-15,INSPECTION,Quarterly ESP system diagnostic and vibration analysis completed,36.0,18601.19
EVT-005072,42-371-85535,Graham 3V,Van Horn,2025-04-28,CHEMICAL_TREATMENT,Routine preventive maintenance on ESP system including motor inspection and cable check,24.5,13991.98
EVT-005073,42-371-85535,Graham 3V,Van Horn,2025-06-18,MAINTENANCE,Corrosion coupon retrieval and analysis - 2 mpy average rate,18.8,3085.54
EVT-005074,42-371-85535,Graham 3V,Van Horn,2025-10-17,MAINTENANCE,Corrosion coupon retrieval and analysis - 2 mpy average rate,26.4,3056.31
EVT-005075,42-475-89345,Baker 6H,Buena Vista,2023-04-10,MAINTENANCE,"Gas lift valve partially plugged, reduced injection efficiency",16.1,16047.79
EVT-005076,42-475-89345,Baker 6H,Buena Vista,2024-11-22,EQUIPMENT_CHANGE,"Gas lift valve partially plugged, reduced injection efficiency",45.9,111585.76
EVT-005077,42-475-89345,Baker 6H,Buena Vista,2024-07-18,CHEMICAL_TREATMENT,"Elevated motor temperature detected, monitoring increased frequency",46.0,24362.39
EVT-005078,42-475-89345,Baker 6H,Buena Vista,2026-05-29,FAILURE,"Elevated motor temperature detected, monitoring increased frequency",383.4,743973.74
EVT-005079,42-109-63730,Sanders 1H,Wink,2025-06-11,INSPECTION,Quarterly ESP system diagnostic and vibration analysis completed,8.9,13735.86
EVT-005080,42-109-63730,Sanders 1H,Wink,2026-04-05,CHEMICAL_TREATMENT,Routine tubing pressure test and casing inspection,12.3,18575.95
EVT-005081,42-109-63730,Sanders 1H,Wink,2025-10-22,CHEMICAL_TREATMENT,Routine tubing pressure test and casing inspection,29.3,7626.01
EVT-005082,42-109-63730,Sanders 1H,Wink,2025-12-27,INSPECTION,Routine preventive maintenance on ESP system including motor inspection and cable check,29.1,4119.21
EVT-005083,42-389-94943,Myers 1V,Loving,2025-10-13,MAINTENANCE,Quarterly ESP system diagnostic and vibration analysis completed,45.9,9173.12
EVT-005084,42-389-94943,Myers 1V,Loving,2026-01-19,INSPECTION,Routine preventive maintenance on ESP system including motor inspection and cable check,34.2,13098.84
EVT-005085,42-389-94943,Myers 1V,Loving,2025-04-14,CHEMICAL_TREATMENT,Surface facility maintenance including separator cleaning and meter calibration,14.5,9905.5
EVT-005086,42-389-94943,Myers 1V,Loving,2026-03-22,INSPECTION,Quarterly ESP system diagnostic and vibration analysis completed,10.6,22342.56
EVT-005087,42-371-98157,Resources 5H,Toyah,2023-07-22,INSPECTION,Scheduled wellhead maintenance and valve replacement,36.1,11254.23
EVT-005088,42-371-98157,Resources 5H,Toyah,2025-11-27,MAINTENANCE,Corrosion coupon retrieval and analysis - 2 mpy average rate,9.7,7147.07
EVT-005089,42-371-98157,Resources 5H,Toyah,2023-06-01,MAINTENANCE,Routine tubing pressure test and casing inspection,46.4,14152.68
EVT-005090,42-495-67345,Ford 5H,Grandfalls,2025-07-25,WORKOVER,"Hole in tubing at 6500ft, severe production loss and gas migration",622.9,642222.05
EVT-005091,42-495-67345,Ford 5H,Grandfalls,2025-12-23,WORKOVER,Electrical cable failure on ESP causing complete shutdown,686.0,1130550.43
EVT-005092,42-495-67345,Ford 5H,Grandfalls,2025-07-14,FAILURE,"Downhole pump seized due to severe sand production, pulling unit dispatched",82.3,717916.92
EVT-005093,42-495-67345,Ford 5H,Grandfalls,2025-10-07,FAILURE,"Severe corrosion-induced tubing failure, well flowing up annulus",49.3,520108.06
EVT-005094,42-495-67345,Ford 5H,Grandfalls,2025-09-24,EQUIPMENT_CHANGE,"Christmas tree valve failure, emergency well control initiated",28.9,39179.19
EVT-005095,42-495-67345,Ford 5H,Grandfalls,2025-11-16,FAILURE,"Casing collapse detected during pressure test, integrity compromised",394.1,189073.67
EVT-005096,42-495-67345,Ford 5H,Grandfalls,2025-12-14,FAILURE,Complete ESP system failure - motor burnout and pump lockup,437.5,734140.26
EVT-005097,42-495-67345,Ford 5H,Grandfalls,2025-09-19,FAILURE,"Christmas tree valve failure, emergency well control initiated",416.1,105877.22
EVT-005098,42-495-67345,Ford 5H,Grandfalls,2026-05-28,FAILURE,"Christmas tree valve failure, emergency well control initiated",30.2,59494.66
EVT-005099,42-495-67345,Ford 5H,Grandfalls,2026-07-01,FAILURE,"Casing collapse detected during pressure test, integrity compromised",242.5,505620.09
EVT-005100,42-109-35672,Ellis 2H,Balmorhea,2023-08-20,CHEMICAL_TREATMENT,Routine tubing pressure test and casing inspection,46.7,8803.62
EVT-005101,42-109-35672,Ellis 2H,Balmorhea,2024-03-01,INSPECTION,Annual safety valve inspection and function test completed,29.7,18384.61
EVT-005102,42-109-35672,Ellis 2H,Balmorhea,2023-07-04,INSPECTION,Quarterly ESP system diagnostic and vibration analysis completed,40.4,19874.32
EVT-005103,42-109-35672,Ellis 2H,Balmorhea,2025-08-26,MAINTENANCE,Routine preventive maintenance on ESP system including motor inspection and cable check,15.6,13097.73
EVT-005104,42-389-50625,Martin 11H,Wink,2024-02-05,EQUIPMENT_CHANGE,"Sand production increasing, pump wear accelerating",99.0,163037.78
EVT-005105,42-389-50625,Martin 11H,Wink,2025-11-29,MAINTENANCE,"Sand production increasing, pump wear accelerating",12.6,12437.05
EVT-005106,42-389-50625,Martin 11H,Wink,2025-10-11,INSPECTION,"Elevated motor temperature detected, monitoring increased frequency",23.6,9123.65
EVT-005107,42-389-50625,Martin 11H,Wink,2026-05-23,FAILURE,Emulsion issues at separator requiring increased demulsifier dosage,281.7,649389.36
EVT-005108,42-475-45753,Collins 7V,Van Horn,2026-01-12,MAINTENANCE,Routine tubing pressure test and casing inspection,8.7,5532.17
EVT-005109,42-475-45753,Collins 7V,Van Horn,2025-04-06,INSPECTION,Annual safety valve inspection and function test completed,19.1,23854.83
EVT-005110,42-475-45753,Collins 7V,Van Horn,2025-08-03,CHEMICAL_TREATMENT,Surface facility maintenance including separator cleaning and meter calibration,2.1,1734.21
EVT-005111,42-389-89827,Owens 7H,Red Hills,2025-04-02,CHEMICAL_TREATMENT,Routine tubing pressure test and casing inspection,15.5,10576.03
EVT-005112,42-389-89827,Owens 7H,Red Hills,2025-05-31,INSPECTION,Routine preventive maintenance on ESP system including motor inspection and cable check,5.7,20537.94
EVT-005113,42-389-78971,Bennett 9H,Culberson County,2026-04-05,FAILURE,"Severe corrosion-induced tubing failure, well flowing up annulus",319.2,602996.33
EVT-005114,42-389-78971,Bennett 9H,Culberson County,2026-05-16,WORKOVER,"Severe corrosion-induced tubing failure, well flowing up annulus",320.9,729357.41
EVT-005115,42-389-78971,Bennett 9H,Culberson County,2026-02-23,FAILURE,"Tubing leak detected at depth, production ceased for workover",435.1,477070.17
EVT-005116,42-389-78971,Bennett 9H,Culberson County,2026-06-03,WORKOVER,"VSD drive failure causing ESP shutdown, replacement ordered",265.2,381155.77
EVT-005117,42-389-78971,Bennett 9H,Culberson County,2026-03-23,EQUIPMENT_CHANGE,"Rod parting at depth, well dead, workover rig scheduled",77.4,61128.22
EVT-005118,42-389-78971,Bennett 9H,Culberson County,2026-05-14,FAILURE,"Casing collapse detected during pressure test, integrity compromised",194.6,393794.66
EVT-005119,42-389-78971,Bennett 9H,Culberson County,2026-02-11,FAILURE,Complete ESP system failure - motor burnout and pump lockup,407.7,645568.81
EVT-005120,42-389-78971,Bennett 9H,Culberson County,2026-05-04,FAILURE,"VSD drive failure causing ESP shutdown, replacement ordered",398.2,703648.96
EVT-005121,42-389-78971,Bennett 9H,Culberson County,2026-05-23,FAILURE,"ESP motor failure due to overheating, well shut-in pending replacement",346.3,359219.97
EVT-005122,42-389-78971,Bennett 9H,Culberson County,2026-07-08,FAILURE,Complete ESP system failure - motor burnout and pump lockup,398.0,412102.38
EVT-005123,42-389-67982,Bailey 2H,Reeves County,2025-12-26,INSPECTION,"Sand production increasing, pump wear accelerating",31.9,16094.05
EVT-005124,42-389-67982,Bailey 2H,Reeves County,2025-10-22,EQUIPMENT_CHANGE,"Sand production increasing, pump wear accelerating",143.9,190304.66
EVT-005125,42-389-67982,Bailey 2H,Reeves County,2026-03-12,CHEMICAL_TREATMENT,Emulsion issues at separator requiring increased demulsifier dosage,21.4,5715.35
EVT-005126,42-389-67982,Bailey 2H,Reeves County,2026-05-04,EQUIPMENT_CHANGE,"Elevated motor temperature detected, monitoring increased frequency",132.2,91916.35
EVT-005127,42-109-55489,Roberts 2H,Grandfalls,2022-07-21,CHEMICAL_TREATMENT,Surface facility maintenance including separator cleaning and meter calibration,37.7,14452.91
EVT-005128,42-389-75884,West 5H,Van Horn,2024-11-20,MAINTENANCE,Surface facility maintenance including separator cleaning and meter calibration,44.6,2560.48
EVT-005129,42-389-75884,West 5H,Van Horn,2026-03-08,INSPECTION,Routine preventive maintenance on ESP system including motor inspection and cable check,27.9,18349.2
EVT-005130,42-475-54101,Jenkins 11H,Delaware Basin,2025-04-28,INSPECTION,Corrosion coupon retrieval and analysis - 2 mpy average rate,23.7,14119.98
EVT-005131,42-389-68304,Wood 6H,Coyanosa,2025-01-01,CHEMICAL_TREATMENT,Routine preventive maintenance on ESP system including motor inspection and cable check,13.8,1649.32
EVT-005132,42-389-68304,Wood 6H,Coyanosa,2024-06-08,INSPECTION,Routine preventive maintenance on ESP system including motor inspection and cable check,44.4,21614.59
EVT-005133,42-389-68304,Wood 6H,Coyanosa,2025-12-01,MAINTENANCE,Annual safety valve inspection and function test completed,13.5,13480.65
EVT-005134,42-389-79669,Morris 3H,Mentone,2022-06-18,CHEMICAL_TREATMENT,Annual safety valve inspection and function test completed,45.6,16971.66
EVT-005135,42-389-79669,Morris 3H,Mentone,2025-05-15,CHEMICAL_TREATMENT,Surface facility maintenance including separator cleaning and meter calibration,12.8,19960.11
EVT-005136,42-389-79669,Morris 3H,Mentone,2024-05-07,MAINTENANCE,Quarterly ESP system diagnostic and vibration analysis completed,25.7,16889.14
EVT-005137,42-389-79669,Morris 3H,Mentone,2024-05-17,CHEMICAL_TREATMENT,Routine tubing pressure test and casing inspection,17.3,13881.28
EVT-005138,42-371-30128,Watson 10H,Monahans,2025-03-06,MAINTENANCE,Quarterly ESP system diagnostic and vibration analysis completed,38.4,16658.1
EVT-005139,42-371-30128,Watson 10H,Monahans,2023-08-27,INSPECTION,Corrosion coupon retrieval and analysis - 2 mpy average rate,34.3,5806.25
EVT-005140,42-371-30128,Watson 10H,Monahans,2024-12-16,CHEMICAL_TREATMENT,Corrosion coupon retrieval and analysis - 2 mpy average rate,29.4,9252.42
EVT-005141,42-301-69948,Flores 3H,Loving,2023-12-15,EQUIPMENT_CHANGE,"Sand production increasing, pump wear accelerating",42.7,219968.86
EVT-005142,42-301-69948,Flores 3H,Loving,2026-02-24,EQUIPMENT_CHANGE,"Scale buildup detected in tubing, chemical squeeze scheduled",43.7,189697.86
EVT-005143,42-301-69948,Flores 3H,Loving,2025-10-18,CHEMICAL_TREATMENT,Emulsion issues at separator requiring increased demulsifier dosage,19.4,19823.21
EVT-005144,42-301-69948,Flores 3H,Loving,2023-12-06,INSPECTION,"Sand production increasing, pump wear accelerating",17.6,18353.28
EVT-005145,42-301-69948,Flores 3H,Loving,2026-01-20,EQUIPMENT_CHANGE,"Intermittent ESP trips due to gas slugging, VSD ramp adjusted",38.8,269630.24
EVT-005146,42-301-69948,Flores 3H,Loving,2026-05-09,FAILURE,"Gas lift valve partially plugged, reduced injection efficiency",24.3,223519.76
EVT-005147,42-495-38487,Campbell 3H,Mentone,2025-01-13,CHEMICAL_TREATMENT,Surface facility maintenance including separator cleaning and meter calibration,20.8,18250.77
EVT-005148,42-475-46522,Watson 5H,Culberson County,2025-09-22,MAINTENANCE,Quarterly ESP system diagnostic and vibration analysis completed,2.4,7202.99
EVT-005149,42-475-46522,Watson 5H,Culberson County,2025-12-07,CHEMICAL_TREATMENT,Quarterly ESP system diagnostic and vibration analysis completed,22.2,20187.93
EVT-005150,42-475-46522,Watson 5H,Culberson County,2025-09-27,INSPECTION,Quarterly ESP system diagnostic and vibration analysis completed,20.6,19865.69
EVT-005151,42-495-57361,Hart 1H,Imperial,2024-02-20,CHEMICAL_TREATMENT,Annual safety valve inspection and function test completed,44.3,21877.17
EVT-005152,42-495-57361,Hart 1H,Imperial,2024-04-16,MAINTENANCE,Quarterly ESP system diagnostic and vibration analysis completed,47.1,15124.42
EVT-005153,42-495-57361,Hart 1H,Imperial,2026-01-29,CHEMICAL_TREATMENT,Scheduled wellhead maintenance and valve replacement,7.2,23537.13
EVT-005154,42-495-57361,Hart 1H,Imperial,2025-01-30,MAINTENANCE,Routine preventive maintenance on ESP system including motor inspection and cable check,20.4,20022.29
EVT-005155,42-389-55232,Anderson 3V,Delaware Basin,2025-07-31,EQUIPMENT_CHANGE,"Increasing water cut trend noted, zone isolation evaluation in progress",19.2,117047.94
EVT-005156,42-389-55232,Anderson 3V,Delaware Basin,2024-09-24,INSPECTION,"Scale buildup detected in tubing, chemical squeeze scheduled",11.1,19697.69
EVT-005157,42-389-55232,Anderson 3V,Delaware Basin,2026-05-02,MAINTENANCE,"Gas lift valve partially plugged, reduced injection efficiency",43.3,3317.33
EVT-005158,42-389-55232,Anderson 3V,Delaware Basin,2025-02-18,INSPECTION,"Intermittent ESP trips due to gas slugging, VSD ramp adjusted",5.2,6972.59
EVT-005159,42-389-55232,Anderson 3V,Delaware Basin,2024-12-24,CHEMICAL_TREATMENT,"Elevated motor temperature detected, monitoring increased frequency",37.0,24246.27
EVT-005160,42-389-55232,Anderson 3V,Delaware Basin,2026-04-17,EQUIPMENT_CHANGE,"Elevated motor temperature detected, monitoring increased frequency",49.1,27140.11
EVT-005161,42-389-63544,Owens 10V,Ward-Estes,2025-12-13,FAILURE,"Rod parting at depth, well dead, workover rig scheduled",369.7,315894.05
EVT-005162,42-389-63544,Owens 10V,Ward-Estes,2026-02-09,FAILURE,"VSD drive failure causing ESP shutdown, replacement ordered",73.0,48896.9
EVT-005163,42-389-63544,Owens 10V,Ward-Estes,2026-07-10,FAILURE,Gas lift valve failure causing complete loss of artificial lift,166.1,345109.43
EVT-005164,42-389-63544,Owens 10V,Ward-Estes,2026-06-19,FAILURE,Electrical cable failure on ESP causing complete shutdown,251.9,254819.61
EVT-005165,42-475-68342,Sullivan 3H,Balmorhea,2025-03-09,MAINTENANCE,Scheduled wellhead maintenance and valve replacement,3.0,21099.72
EVT-005166,42-475-68342,Sullivan 3H,Balmorhea,2026-02-13,INSPECTION,Surface facility maintenance including separator cleaning and meter calibration,24.2,3408.44
EVT-005167,42-475-68342,Sullivan 3H,Balmorhea,2025-12-15,MAINTENANCE,Surface facility maintenance including separator cleaning and meter calibration,37.7,8449.15
EVT-005168,42-475-68342,Sullivan 3H,Balmorhea,2025-02-19,CHEMICAL_TREATMENT,Routine preventive maintenance on ESP system including motor inspection and cable check,45.0,3063.09
EVT-005169,42-389-75958,Torres 9H,Red Hills,2024-01-08,INSPECTION,Surface facility maintenance including separator cleaning and meter calibration,19.9,5449.87
EVT-005170,42-389-87741,Perry 5V,Buena Vista,2024-04-01,MAINTENANCE,Routine preventive maintenance on ESP system including motor inspection and cable check,13.4,23359.6
EVT-005171,42-371-58884,Graham 7H,Coyanosa,2025-01-15,MAINTENANCE,Annual safety valve inspection and function test completed,29.2,24680.41
EVT-005172,42-301-36587,Peterson 8H,Orla,2024-08-26,MAINTENANCE,Routine preventive maintenance on ESP system including motor inspection and cable check,12.7,22968.07
EVT-005173,42-389-38926,Resources 12H,Toyah,2024-01-13,CHEMICAL_TREATMENT,Quarterly ESP system diagnostic and vibration analysis completed,40.9,11257.36
EVT-005174,42-389-38926,Resources 12H,Toyah,2026-04-04,MAINTENANCE,Quarterly ESP system diagnostic and vibration analysis completed,13.2,20579.5
EVT-005175,42-389-38926,Resources 12H,Toyah,2025-06-30,INSPECTION,Routine tubing pressure test and casing inspection,19.9,11910.99
EVT-005176,42-389-79701,Beal 12H,Monahans,2023-12-05,MAINTENANCE,Routine tubing pressure test and casing inspection,37.6,3809.75
EVT-005177,42-389-79701,Beal 12H,Monahans,2024-03-10,INSPECTION,Quarterly ESP system diagnostic and vibration analysis completed,43.7,20816.1
EVT-005178,42-389-79701,Beal 12H,Monahans,2022-12-20,INSPECTION,Annual safety valve inspection and function test completed,20.4,20840.5
EVT-005179,42-389-79701,Beal 12H,Monahans,2025-07-30,CHEMICAL_TREATMENT,Quarterly ESP system diagnostic and vibration analysis completed,13.5,5591.99
EVT-005180,42-475-59828,Jordan 2H,Imperial,2026-02-11,INSPECTION,Scheduled wellhead maintenance and valve replacement,13.0,9541.76
EVT-005181,42-475-59828,Jordan 2H,Imperial,2025-09-27,CHEMICAL_TREATMENT,Quarterly ESP system diagnostic and vibration analysis completed,25.4,5613.02
EVT-005182,42-475-59828,Jordan 2H,Imperial,2025-09-07,INSPECTION,Routine preventive maintenance on ESP system including motor inspection and cable check,41.2,24638.47
EVT-005183,42-475-59828,Jordan 2H,Imperial,2026-04-21,CHEMICAL_TREATMENT,Corrosion coupon retrieval and analysis - 2 mpy average rate,28.6,10039.87
EVT-005184,42-301-37502,Resources 2H,Monahans,2023-04-06,INSPECTION,Routine preventive maintenance on ESP system including motor inspection and cable check,21.2,9742.89
EVT-005185,42-301-37502,Resources 2H,Monahans,2026-02-25,MAINTENANCE,Annual safety valve inspection and function test completed,34.2,1518.87
EVT-005186,42-301-37502,Resources 2H,Monahans,2026-03-07,CHEMICAL_TREATMENT,Annual safety valve inspection and function test completed,22.3,4828.35
EVT-005187,42-301-37502,Resources 2H,Monahans,2025-08-16,INSPECTION,Annual safety valve inspection and function test completed,45.5,19412.75
EVT-005188,42-371-37128,Patterson 8V,Delaware Basin,2024-04-29,MAINTENANCE,"Gas lift valve partially plugged, reduced injection efficiency",39.5,12428.67
EVT-005189,42-371-37128,Patterson 8V,Delaware Basin,2025-04-14,MAINTENANCE,"Paraffin accumulation restricting flow, hot oil treatment performed",27.5,11083.81
EVT-005190,42-371-37128,Patterson 8V,Delaware Basin,2025-11-01,INSPECTION,"Paraffin accumulation restricting flow, hot oil treatment performed",34.6,13020.12
EVT-005191,42-371-37128,Patterson 8V,Delaware Basin,2025-02-22,CHEMICAL_TREATMENT,"Paraffin accumulation restricting flow, hot oil treatment performed",46.0,22525.25
EVT-005192,42-371-37128,Patterson 8V,Delaware Basin,2026-06-09,EQUIPMENT_CHANGE,"Increasing water cut trend noted, zone isolation evaluation in progress",43.6,17138.95
EVT-005193,42-301-84930,Moore 12H,Pecos Valley,2026-05-02,CHEMICAL_TREATMENT,Routine tubing pressure test and casing inspection,36.1,1139.93
EVT-005194,42-301-84930,Moore 12H,Pecos Valley,2026-03-29,CHEMICAL_TREATMENT,Surface facility maintenance including separator cleaning and meter calibration,15.8,16918.05
EVT-005195,42-371-68187,Campbell 10H,Van Horn,2025-09-01,INSPECTION,Quarterly ESP system diagnostic and vibration analysis completed,36.9,19851.85
EVT-005196,42-371-68187,Campbell 10H,Van Horn,2026-02-07,MAINTENANCE,Routine tubing pressure test and casing inspection,45.1,2967.68
EVT-005197,42-371-68187,Campbell 10H,Van Horn,2025-10-27,MAINTENANCE,Annual safety valve inspection and function test completed,40.2,8175.89
EVT-005198,42-109-43005,Davis 2H,Coyanosa,2025-01-24,CHEMICAL_TREATMENT,Corrosion coupon retrieval and analysis - 2 mpy average rate,35.5,6465.83
EVT-005199,42-389-91564,Bell 6V,Loving,2026-01-28,MAINTENANCE,Routine tubing pressure test and casing inspection,6.6,16138.54
EVT-005200,42-389-91564,Bell 6V,Loving,2026-04-10,CHEMICAL_TREATMENT,Annual safety valve inspection and function test completed,40.3,23303.27
EVT-005201,42-389-57993,Diaz 11H,Balmorhea,2026-01-18,CHEMICAL_TREATMENT,Routine tubing pressure test and casing inspection,34.6,4226.99
EVT-005202,42-371-38981,Roberts 7H,Van Horn,2025-07-07,FAILURE,Complete ESP system failure - motor burnout and pump lockup,383.0,404013.29
EVT-005203,42-371-38981,Roberts 7H,Van Horn,2024-10-02,FAILURE,Gas lift valve failure causing complete loss of artificial lift,154.7,222384.14
EVT-005204,42-371-38981,Roberts 7H,Van Horn,2023-01-20,FAILURE,"Downhole pump seized due to severe sand production, pulling unit dispatched",102.4,743216.31
EVT-005205,42-371-38981,Roberts 7H,Van Horn,2023-05-08,FAILURE,Electrical cable failure on ESP causing complete shutdown,75.9,92112.35
EVT-005206,42-371-38981,Roberts 7H,Van Horn,2023-08-10,FAILURE,Electrical cable failure on ESP causing complete shutdown,478.5,709461.19
EVT-005207,42-371-38981,Roberts 7H,Van Horn,2026-06-24,FAILURE,"VSD drive failure causing ESP shutdown, replacement ordered",447.0,522286.72
EVT-005208,42-371-38981,Roberts 7H,Van Horn,2026-07-05,FAILURE,"Severe corrosion-induced tubing failure, well flowing up annulus",425.2,227312.8
EVT-005209,42-475-65033,Baker 4H,Reeves County,2026-02-01,MAINTENANCE,Routine tubing pressure test and casing inspection,6.0,6900.42
EVT-005210,42-475-65033,Baker 4H,Reeves County,2026-05-22,CHEMICAL_TREATMENT,Surface facility maintenance including separator cleaning and meter calibration,44.3,15775.91
EVT-005211,42-371-33360,Griffin 6H,Coyanosa,2025-10-05,CHEMICAL_TREATMENT,Annual safety valve inspection and function test completed,6.7,20977.17
EVT-005212,42-371-33360,Griffin 6H,Coyanosa,2025-10-09,INSPECTION,Quarterly ESP system diagnostic and vibration analysis completed,3.7,14243.98
EVT-005213,42-371-33360,Griffin 6H,Coyanosa,2025-10-31,INSPECTION,Quarterly ESP system diagnostic and vibration analysis completed,36.1,7598.11
EVT-005214,42-371-33360,Griffin 6H,Coyanosa,2025-12-28,MAINTENANCE,Surface facility maintenance including separator cleaning and meter calibration,20.5,2632.33
EVT-005215,42-389-43096,Henderson 5V,Monahans,2023-03-07,CHEMICAL_TREATMENT,Routine preventive maintenance on ESP system including motor inspection and cable check,18.5,2462.73
EVT-005216,42-389-43096,Henderson 5V,Monahans,2026-02-18,MAINTENANCE,Corrosion coupon retrieval and analysis - 2 mpy average rate,24.8,11205.01
EVT-005217,42-475-37420,Harrison 7H,Buena Vista,2025-05-07,MAINTENANCE,Routine preventive maintenance on ESP system including motor inspection and cable check,35.9,3432.22
EVT-005218,42-109-62322,Torres 12H,Wink,2025-07-06,INSPECTION,Quarterly ESP system diagnostic and vibration analysis completed,34.1,5057.56
EVT-005219,42-301-34948,Peterson 10V,Culberson County,2022-06-12,MAINTENANCE,"Intermittent ESP trips due to gas slugging, VSD ramp adjusted",18.2,21255.77
EVT-005220,42-301-34948,Peterson 10V,Culberson County,2026-04-24,MAINTENANCE,"Gas lift valve partially plugged, reduced injection efficiency",23.9,21086.62
EVT-005221,42-301-34948,Peterson 10V,Culberson County,2022-06-16,INSPECTION,"Elevated motor temperature detected, monitoring increased frequency",40.9,22859.5
EVT-005222,42-301-34948,Peterson 10V,Culberson County,2025-08-09,INSPECTION,"Sand production increasing, pump wear accelerating",9.1,24885.03
EVT-005223,42-301-34948,Peterson 10V,Culberson County,2024-11-16,INSPECTION,"Paraffin accumulation restricting flow, hot oil treatment performed",34.0,19320.86
EVT-005224,42-301-34948,Peterson 10V,Culberson County,2023-08-07,EQUIPMENT_CHANGE,Emulsion issues at separator requiring increased demulsifier dosage,124.9,150410.53
EVT-005225,42-301-34948,Peterson 10V,Culberson County,2026-04-17,EQUIPMENT_CHANGE,"Elevated motor temperature detected, monitoring increased frequency",136.6,46133.51
EVT-005226,42-389-51992,Wallace 3H,Culberson County,2023-02-11,MAINTENANCE,Annual safety valve inspection and function test completed,22.7,19198.02
EVT-005227,42-371-74224,Reynolds 1H,Red Hills,2026-06-08,MAINTENANCE,Annual safety valve inspection and function test completed,36.9,18049.47
EVT-005228,42-389-67961,Phillips 8H,Mentone,2026-02-09,MAINTENANCE,Corrosion coupon retrieval and analysis - 2 mpy average rate,34.1,23006.13
EVT-005229,42-301-61656,Harrison 1H,Red Hills,2024-05-02,MAINTENANCE,Scheduled wellhead maintenance and valve replacement,18.9,11512.43
EVT-005230,42-475-36787,Woods 4H,Mentone,2025-08-17,WORKOVER,"Tubing leak detected at depth, production ceased for workover",633.5,1867588.82
EVT-005231,42-475-36787,Woods 4H,Mentone,2026-06-10,EQUIPMENT_CHANGE,"VSD drive failure causing ESP shutdown, replacement ordered",44.8,79558.08
EVT-005232,42-475-36787,Woods 4H,Mentone,2025-07-12,WORKOVER,"Hole in tubing at 6500ft, severe production loss and gas migration",132.9,1218247.85
EVT-005233,42-475-36787,Woods 4H,Mentone,2024-05-04,EQUIPMENT_CHANGE,"VSD drive failure causing ESP shutdown, replacement ordered",119.0,84628.83
EVT-005234,42-475-36787,Woods 4H,Mentone,2026-04-13,EQUIPMENT_CHANGE,"Casing collapse detected during pressure test, integrity compromised",138.3,25965.93
EVT-005235,42-475-36787,Woods 4H,Mentone,2024-04-21,WORKOVER,Complete ESP system failure - motor burnout and pump lockup,191.2,112972.01
EVT-005236,42-475-36787,Woods 4H,Mentone,2025-05-10,WORKOVER,Electrical cable failure on ESP causing complete shutdown,499.2,444149.27
EVT-005237,42-475-36787,Woods 4H,Mentone,2026-07-04,FAILURE,"Casing collapse detected during pressure test, integrity compromised",71.2,219913.12
EVT-005238,42-475-36787,Woods 4H,Mentone,2026-06-26,FAILURE,Complete ESP system failure - motor burnout and pump lockup,50.2,774102.05
EVT-005239,42-389-39078,Turner 11H,Toyah,2024-12-20,INSPECTION,Routine preventive maintenance on ESP system including motor inspection and cable check,41.2,15372.25
EVT-005240,42-109-61380,Cook 4H,Coyanosa,2026-04-28,CHEMICAL_TREATMENT,Annual safety valve inspection and function test completed,3.5,19860.85
EVT-005241,42-389-39088,Phillips 7H,Reeves County,2026-01-26,MAINTENANCE,Routine tubing pressure test and casing inspection,35.5,8307.86
EVT-005242,42-389-39088,Phillips 7H,Reeves County,2025-11-18,CHEMICAL_TREATMENT,Quarterly ESP system diagnostic and vibration analysis completed,47.9,10511.67
EVT-005243,42-389-39088,Phillips 7H,Reeves County,2025-11-02,CHEMICAL_TREATMENT,Routine preventive maintenance on ESP system including motor inspection and cable check,6.6,21841.78
EVT-005244,42-389-39088,Phillips 7H,Reeves County,2026-01-15,MAINTENANCE,Corrosion coupon retrieval and analysis - 2 mpy average rate,19.3,4199.43
EVT-005245,42-475-34804,Long 8H,Loving,2026-04-28,INSPECTION,"Scale buildup detected in tubing, chemical squeeze scheduled",16.6,22374.62
EVT-005246,42-475-34804,Long 8H,Loving,2025-08-17,CHEMICAL_TREATMENT,"Gas lift valve partially plugged, reduced injection efficiency",22.1,8528.11
EVT-005247,42-475-34804,Long 8H,Loving,2024-11-29,INSPECTION,"Paraffin accumulation restricting flow, hot oil treatment performed",29.8,22756.54
EVT-005248,42-475-34804,Long 8H,Loving,2026-06-08,EQUIPMENT_CHANGE,"Sand production increasing, pump wear accelerating",40.0,151550.52
EVT-005249,42-475-56257,Cooper 12V,Orla,2025-09-02,CHEMICAL_TREATMENT,Surface facility maintenance including separator cleaning and meter calibration,13.7,2420.8
EVT-005250,42-475-56257,Cooper 12V,Orla,2026-01-19,MAINTENANCE,Surface facility maintenance including separator cleaning and meter calibration,44.9,9055.83
EVT-005251,42-475-56257,Cooper 12V,Orla,2024-10-26,MAINTENANCE,Scheduled wellhead maintenance and valve replacement,3.7,11204.48
EVT-005252,42-109-83444,Cox 10H,Imperial,2024-08-13,INSPECTION,Routine tubing pressure test and casing inspection,13.8,952.39
EVT-005253,42-109-83444,Cox 10H,Imperial,2025-03-02,CHEMICAL_TREATMENT,Scheduled wellhead maintenance and valve replacement,33.8,23853.19
EVT-005254,42-109-83444,Cox 10H,Imperial,2024-08-14,INSPECTION,Surface facility maintenance including separator cleaning and meter calibration,29.9,23240.42
EVT-005255,42-475-39171,Cooper 7H,Buena Vista,2023-09-25,INSPECTION,Corrosion coupon retrieval and analysis - 2 mpy average rate,22.7,10819.6
EVT-005256,42-475-39171,Cooper 7H,Buena Vista,2024-09-03,MAINTENANCE,Routine tubing pressure test and casing inspection,12.4,12597.5
EVT-005257,42-109-86557,Parker 12V,Imperial,2026-01-07,MAINTENANCE,"Scale buildup detected in tubing, chemical squeeze scheduled",26.7,22585.28
EVT-005258,42-109-86557,Parker 12V,Imperial,2026-05-06,MAINTENANCE,"Increasing water cut trend noted, zone isolation evaluation in progress",16.8,13342.17
EVT-005259,42-109-86557,Parker 12V,Imperial,2026-02-04,CHEMICAL_TREATMENT,"Increasing water cut trend noted, zone isolation evaluation in progress",30.5,18588.95
EVT-005260,42-109-86557,Parker 12V,Imperial,2026-05-10,CHEMICAL_TREATMENT,"Intermittent ESP trips due to gas slugging, VSD ramp adjusted",17.8,8644.24
EVT-005261,42-109-86557,Parker 12V,Imperial,2026-06-08,FAILURE,"Intermittent ESP trips due to gas slugging, VSD ramp adjusted",396.1,768060.09
EVT-005262,42-389-80328,Myers 12H,Mentone,2025-06-16,FAILURE,"Hole in tubing at 6500ft, severe production loss and gas migration",235.2,682437.33
EVT-005263,42-389-80328,Myers 12H,Mentone,2025-07-22,FAILURE,"Christmas tree valve failure, emergency well control initiated",70.3,704026.12
EVT-005264,42-389-80328,Myers 12H,Mentone,2024-07-28,FAILURE,"VSD drive failure causing ESP shutdown, replacement ordered",468.2,59982.83
EVT-005265,42-389-80328,Myers 12H,Mentone,2026-07-09,FAILURE,"VSD drive failure causing ESP shutdown, replacement ordered",263.4,29355.61
EVT-005266,42-389-80328,Myers 12H,Mentone,2026-05-16,FAILURE,Complete ESP system failure - motor burnout and pump lockup,53.5,597670.48
EVT-005267,42-475-38820,Jordan 5H,Wink,2026-06-05,INSPECTION,Quarterly ESP system diagnostic and vibration analysis completed,37.3,13289.61
EVT-005268,42-475-38820,Jordan 5H,Wink,2025-10-25,INSPECTION,Routine preventive maintenance on ESP system including motor inspection and cable check,26.1,20119.47
EVT-005269,42-475-38820,Jordan 5H,Wink,2025-12-16,CHEMICAL_TREATMENT,Scheduled wellhead maintenance and valve replacement,47.4,10590.44
EVT-005270,42-389-87847,Myers 7H,Balmorhea,2026-02-04,MAINTENANCE,Annual safety valve inspection and function test completed,40.3,543.6
EVT-005271,42-389-87847,Myers 7H,Balmorhea,2025-06-12,CHEMICAL_TREATMENT,Quarterly ESP system diagnostic and vibration analysis completed,13.9,2160.72
EVT-005272,42-475-77170,Reed 8H,Mentone,2026-02-01,CHEMICAL_TREATMENT,Scheduled wellhead maintenance and valve replacement,30.9,8162.69
EVT-005273,42-109-53183,Wilson 10H,Toyah,2025-10-04,INSPECTION,Quarterly ESP system diagnostic and vibration analysis completed,6.2,1277.44
EVT-005274,42-109-53183,Wilson 10H,Toyah,2023-10-22,INSPECTION,Surface facility maintenance including separator cleaning and meter calibration,32.0,11233.13
EVT-005275,42-109-53183,Wilson 10H,Toyah,2026-01-02,MAINTENANCE,Routine preventive maintenance on ESP system including motor inspection and cable check,24.7,16516.61
EVT-005276,42-389-82530,Bell 6H,Grandfalls,2026-05-22,CHEMICAL_TREATMENT,Routine tubing pressure test and casing inspection,12.5,14923.7
EVT-005277,42-389-82530,Bell 6H,Grandfalls,2025-09-09,INSPECTION,Routine preventive maintenance on ESP system including motor inspection and cable check,16.5,24136.31
EVT-005278,42-389-82530,Bell 6H,Grandfalls,2025-09-08,INSPECTION,Routine tubing pressure test and casing inspection,8.8,21886.71
EVT-005279,42-389-82530,Bell 6H,Grandfalls,2024-09-18,INSPECTION,Quarterly ESP system diagnostic and vibration analysis completed,35.8,22852.09
EVT-005280,42-109-63944,Watson 5H,Mentone,2024-09-01,CHEMICAL_TREATMENT,Surface facility maintenance including separator cleaning and meter calibration,3.5,18676.21
EVT-005281,42-109-63944,Watson 5H,Mentone,2025-01-03,MAINTENANCE,Annual safety valve inspection and function test completed,6.8,9502.87
EVT-005282,42-109-63944,Watson 5H,Mentone,2025-12-29,MAINTENANCE,Annual safety valve inspection and function test completed,31.5,16050.9
EVT-005283,42-109-63944,Watson 5H,Mentone,2025-02-21,CHEMICAL_TREATMENT,Corrosion coupon retrieval and analysis - 2 mpy average rate,3.4,20594.59
EVT-005284,42-495-31545,Beal 2H,Reeves County,2024-02-18,INSPECTION,Quarterly ESP system diagnostic and vibration analysis completed,23.2,6821.87
EVT-005285,42-495-31545,Beal 2H,Reeves County,2024-02-26,INSPECTION,Corrosion coupon retrieval and analysis - 2 mpy average rate,47.5,2181.37
EVT-005286,42-495-30974,Williams 3H,Buena Vista,2025-08-08,CHEMICAL_TREATMENT,Routine preventive maintenance on ESP system including motor inspection and cable check,40.8,16588.99
EVT-005287,42-495-30974,Williams 3H,Buena Vista,2026-05-03,INSPECTION,Surface facility maintenance including separator cleaning and meter calibration,27.4,17510.75
EVT-005288,42-495-30974,Williams 3H,Buena Vista,2025-05-17,CHEMICAL_TREATMENT,Annual safety valve inspection and function test completed,26.2,20105.45
EVT-005289,42-389-69472,Cooper 2H,Toyah,2024-03-26,EQUIPMENT_CHANGE,"Gas lift valve partially plugged, reduced injection efficiency",144.0,295368.59
EVT-005290,42-389-69472,Cooper 2H,Toyah,2026-05-22,MAINTENANCE,"Increasing water cut trend noted, zone isolation evaluation in progress",19.0,1417.9
EVT-005291,42-389-69472,Cooper 2H,Toyah,2026-05-10,EQUIPMENT_CHANGE,"Paraffin accumulation restricting flow, hot oil treatment performed",13.7,45094.47
EVT-005292,42-301-50868,Wilson 4V,Grandfalls,2025-01-13,CHEMICAL_TREATMENT,Corrosion coupon retrieval and analysis - 2 mpy average rate,2.2,1890.84
EVT-005293,42-301-50868,Wilson 4V,Grandfalls,2025-08-11,MAINTENANCE,Annual safety valve inspection and function test completed,26.2,2559.24
EVT-005294,42-301-50868,Wilson 4V,Grandfalls,2025-09-10,INSPECTION,Annual safety valve inspection and function test completed,32.1,11735.17
EVT-005295,42-475-91029,Hughes 8H,Red Hills,2025-11-01,CHEMICAL_TREATMENT,Annual safety valve inspection and function test completed,3.4,22629.09
EVT-005296,42-389-62912,Parker 9H,Grandfalls,2025-06-07,INSPECTION,Routine preventive maintenance on ESP system including motor inspection and cable check,18.7,18981.82
EVT-005297,42-475-62786,Flores 8H,Fort Stockton,2026-04-27,MAINTENANCE,"Intermittent ESP trips due to gas slugging, VSD ramp adjusted",27.3,8041.44
EVT-005298,42-475-62786,Flores 8H,Fort Stockton,2026-03-14,INSPECTION,"Intermittent ESP trips due to gas slugging, VSD ramp adjusted",20.2,11963.76
EVT-005299,42-475-62786,Flores 8H,Fort Stockton,2026-05-27,CHEMICAL_TREATMENT,"Scale buildup detected in tubing, chemical squeeze scheduled",33.2,10268.12
EVT-005300,42-475-62786,Flores 8H,Fort Stockton,2025-12-16,EQUIPMENT_CHANGE,"Increasing water cut trend noted, zone isolation evaluation in progress",118.1,112895.99
EVT-005301,42-475-62786,Flores 8H,Fort Stockton,2026-05-21,MAINTENANCE,"Intermittent ESP trips due to gas slugging, VSD ramp adjusted",20.4,11296.34
EVT-005302,42-475-62786,Flores 8H,Fort Stockton,2026-06-06,EQUIPMENT_CHANGE,Emulsion issues at separator requiring increased demulsifier dosage,54.0,56323.61
EVT-005303,42-475-62786,Flores 8H,Fort Stockton,2026-05-24,EQUIPMENT_CHANGE,Emulsion issues at separator requiring increased demulsifier dosage,70.3,102414.64
EVT-005304,42-389-82762,Minerals 2H,Orla,2026-01-12,INSPECTION,Routine tubing pressure test and casing inspection,20.8,13258.08
EVT-005305,42-389-81713,Clayton 3H,Red Hills,2026-03-04,MAINTENANCE,Quarterly ESP system diagnostic and vibration analysis completed,38.9,22381.41
EVT-005306,42-475-64757,Bass 6H,Reeves County,2025-04-16,INSPECTION,Quarterly ESP system diagnostic and vibration analysis completed,25.7,15992.84
EVT-005307,42-475-64757,Bass 6H,Reeves County,2024-02-21,MAINTENANCE,Corrosion coupon retrieval and analysis - 2 mpy average rate,34.7,16746.31
EVT-005308,42-475-64757,Bass 6H,Reeves County,2024-09-28,MAINTENANCE,Surface facility maintenance including separator cleaning and meter calibration,42.1,13751.15
EVT-005309,42-389-33416,Resources 5H,Imperial,2025-03-14,FAILURE,Complete ESP system failure - motor burnout and pump lockup,169.4,463988.06
EVT-005310,42-389-33416,Resources 5H,Imperial,2025-03-29,FAILURE,"Hole in tubing at 6500ft, severe production loss and gas migration",230.7,333266.19
EVT-005311,42-389-33416,Resources 5H,Imperial,2025-08-22,FAILURE,Electrical cable failure on ESP causing complete shutdown,371.4,454706.79
EVT-005312,42-389-33416,Resources 5H,Imperial,2025-01-05,FAILURE,Gas lift valve failure causing complete loss of artificial lift,427.4,332659.2
EVT-005313,42-389-33416,Resources 5H,Imperial,2025-05-01,EQUIPMENT_CHANGE,"Downhole pump seized due to severe sand production, pulling unit dispatched",91.5,245016.8
EVT-005314,42-389-33416,Resources 5H,Imperial,2025-02-21,FAILURE,"Casing collapse detected during pressure test, integrity compromised",228.9,793383.62
EVT-005315,42-389-33416,Resources 5H,Imperial,2025-10-15,FAILURE,"Severe corrosion-induced tubing failure, well flowing up annulus",76.8,551290.93
EVT-005316,42-389-33416,Resources 5H,Imperial,2026-05-21,FAILURE,"Tubing leak detected at depth, production ceased for workover",464.9,225036.54
EVT-005317,42-389-33416,Resources 5H,Imperial,2026-06-09,FAILURE,Complete ESP system failure - motor burnout and pump lockup,167.8,743845.93
EVT-005318,42-495-87749,Howard 9V,Toyah,2024-07-21,FAILURE,"Christmas tree valve failure, emergency well control initiated",120.8,165317.43
EVT-005319,42-495-87749,Howard 9V,Toyah,2025-03-04,WORKOVER,"Casing collapse detected during pressure test, integrity compromised",370.1,1178325.7
EVT-005320,42-495-87749,Howard 9V,Toyah,2023-11-23,FAILURE,Electrical cable failure on ESP causing complete shutdown,260.4,310628.72
EVT-005321,42-495-87749,Howard 9V,Toyah,2024-07-15,WORKOVER,Electrical cable failure on ESP causing complete shutdown,620.6,172995.25
EVT-005322,42-495-87749,Howard 9V,Toyah,2026-05-08,WORKOVER,"Rod parting at depth, well dead, workover rig scheduled",123.0,413187.26
EVT-005323,42-495-87749,Howard 9V,Toyah,2025-11-16,FAILURE,"Christmas tree valve failure, emergency well control initiated",229.2,643939.41
EVT-005324,42-495-87749,Howard 9V,Toyah,2026-02-19,FAILURE,"Severe corrosion-induced tubing failure, well flowing up annulus",431.1,108147.57
EVT-005325,42-495-87749,Howard 9V,Toyah,2024-12-21,FAILURE,"Christmas tree valve failure, emergency well control initiated",440.1,647506.9
EVT-005326,42-495-87749,Howard 9V,Toyah,2026-07-06,FAILURE,"Rod parting at depth, well dead, workover rig scheduled",323.5,471971.34
EVT-005327,42-495-87749,Howard 9V,Toyah,2026-07-07,FAILURE,"Casing collapse detected during pressure test, integrity compromised",344.8,462574.65
EVT-005328,42-475-31628,Hill 3H,Delaware Basin,2022-10-26,INSPECTION,"Intermittent ESP trips due to gas slugging, VSD ramp adjusted",8.2,18228.77
EVT-005329,42-475-31628,Hill 3H,Delaware Basin,2023-03-03,INSPECTION,"Gas lift valve partially plugged, reduced injection efficiency",32.7,684.3
EVT-005330,42-475-31628,Hill 3H,Delaware Basin,2023-03-06,EQUIPMENT_CHANGE,"Elevated motor temperature detected, monitoring increased frequency",111.6,57255.6
EVT-005331,42-475-31628,Hill 3H,Delaware Basin,2023-06-25,EQUIPMENT_CHANGE,"Intermittent ESP trips due to gas slugging, VSD ramp adjusted",122.2,60722.12
EVT-005332,42-475-31628,Hill 3H,Delaware Basin,2023-12-16,CHEMICAL_TREATMENT,"Increasing water cut trend noted, zone isolation evaluation in progress",42.6,19911.71
EVT-005333,42-475-31628,Hill 3H,Delaware Basin,2025-05-02,EQUIPMENT_CHANGE,"Scale buildup detected in tubing, chemical squeeze scheduled",31.5,36056.92
EVT-005334,42-475-31628,Hill 3H,Delaware Basin,2026-05-21,EQUIPMENT_CHANGE,"Elevated motor temperature detected, monitoring increased frequency",108.3,132014.08
EVT-005335,42-109-67389,Scott 3H,Balmorhea,2024-12-30,INSPECTION,Routine tubing pressure test and casing inspection,30.4,13712.17
EVT-005336,42-109-67389,Scott 3H,Balmorhea,2025-04-04,INSPECTION,Quarterly ESP system diagnostic and vibration analysis completed,11.5,14091.44
EVT-005337,42-109-67389,Scott 3H,Balmorhea,2025-09-21,CHEMICAL_TREATMENT,Surface facility maintenance including separator cleaning and meter calibration,32.4,14258.62
EVT-005338,42-389-43932,Cole 4H,Mentone,2025-09-25,MAINTENANCE,Quarterly ESP system diagnostic and vibration analysis completed,34.5,13256.5
EVT-005339,42-389-43932,Cole 4H,Mentone,2026-01-18,INSPECTION,Routine preventive maintenance on ESP system including motor inspection and cable check,40.6,9955.49
EVT-005340,42-389-43932,Cole 4H,Mentone,2025-12-10,CHEMICAL_TREATMENT,Annual safety valve inspection and function test completed,36.7,21041.88
EVT-005341,42-389-81245,Bailey 7V,Red Hills,2025-08-22,INSPECTION,Routine preventive maintenance on ESP system including motor inspection and cable check,16.7,10640.83
EVT-005342,42-389-81245,Bailey 7V,Red Hills,2026-01-15,MAINTENANCE,Routine preventive maintenance on ESP system including motor inspection and cable check,13.1,8643.31
EVT-005343,42-301-47451,Hart 9V,Toyah,2025-06-01,WORKOVER,"VSD drive failure causing ESP shutdown, replacement ordered",201.0,1975567.47
EVT-005344,42-301-47451,Hart 9V,Toyah,2025-04-18,EQUIPMENT_CHANGE,"Christmas tree valve failure, emergency well control initiated",43.1,213479.47
EVT-005345,42-301-47451,Hart 9V,Toyah,2025-04-24,FAILURE,"Tubing leak detected at depth, production ceased for workover",57.7,523162.49
EVT-005346,42-301-47451,Hart 9V,Toyah,2025-05-02,EQUIPMENT_CHANGE,"Downhole pump seized due to severe sand production, pulling unit dispatched",123.8,63600.27
EVT-005347,42-301-47451,Hart 9V,Toyah,2025-06-20,EQUIPMENT_CHANGE,Gas lift valve failure causing complete loss of artificial lift,103.1,135827.8
EVT-005348,42-301-47451,Hart 9V,Toyah,2025-03-27,FAILURE,Electrical cable failure on ESP causing complete shutdown,232.9,713729.86
EVT-005349,42-301-47451,Hart 9V,Toyah,2025-06-03,FAILURE,"VSD drive failure causing ESP shutdown, replacement ordered",316.1,386918.22
EVT-005350,42-301-47451,Hart 9V,Toyah,2026-05-24,FAILURE,"Christmas tree valve failure, emergency well control initiated",467.9,769502.39
EVT-005351,42-301-47451,Hart 9V,Toyah,2026-07-01,FAILURE,"VSD drive failure causing ESP shutdown, replacement ordered",152.2,329627.27
EVT-005352,42-301-51212,Alexander 3V,Reeves County,2026-02-09,INSPECTION,Scheduled wellhead maintenance and valve replacement,39.2,11893.66
EVT-005353,42-495-68415,White 7H,Grandfalls,2025-08-23,CHEMICAL_TREATMENT,Scheduled wellhead maintenance and valve replacement,33.8,24231.21
EVT-005354,42-495-68415,White 7H,Grandfalls,2024-06-21,CHEMICAL_TREATMENT,Corrosion coupon retrieval and analysis - 2 mpy average rate,30.2,6593.09
EVT-005355,42-495-68415,White 7H,Grandfalls,2024-03-20,CHEMICAL_TREATMENT,Annual safety valve inspection and function test completed,15.0,5297.02
EVT-005356,42-495-68415,White 7H,Grandfalls,2024-02-27,INSPECTION,Annual safety valve inspection and function test completed,37.1,19272.67
EVT-005357,42-475-69064,Bryant 9H,Delaware Basin,2026-03-11,MAINTENANCE,Surface facility maintenance including separator cleaning and meter calibration,37.4,1571.74
EVT-005358,42-475-69064,Bryant 9H,Delaware Basin,2026-04-07,CHEMICAL_TREATMENT,Annual safety valve inspection and function test completed,7.3,13555.16
EVT-005359,42-301-52087,State 1H,Pecos Valley,2025-03-05,CHEMICAL_TREATMENT,Routine preventive maintenance on ESP system including motor inspection and cable check,31.6,21015.9
EVT-005360,42-301-52087,State 1H,Pecos Valley,2025-11-24,CHEMICAL_TREATMENT,Surface facility maintenance including separator cleaning and meter calibration,25.3,8245.1
EVT-005361,42-109-53073,Russell 8V,Reeves County,2025-11-18,CHEMICAL_TREATMENT,Routine preventive maintenance on ESP system including motor inspection and cable check,46.2,20785.13
EVT-005362,42-389-36678,Woods 11H,Coyanosa,2026-01-23,INSPECTION,Annual safety valve inspection and function test completed,19.6,11132.84
EVT-005363,42-389-36678,Woods 11H,Coyanosa,2026-01-28,CHEMICAL_TREATMENT,Corrosion coupon retrieval and analysis - 2 mpy average rate,30.9,19141.8
EVT-005364,42-389-36678,Woods 11H,Coyanosa,2026-05-26,MAINTENANCE,Surface facility maintenance including separator cleaning and meter calibration,6.0,3080.69
EVT-005365,42-389-74304,Cooper 10H,Coyanosa,2025-12-06,CHEMICAL_TREATMENT,Quarterly ESP system diagnostic and vibration analysis completed,14.1,13712.24
EVT-005366,42-475-66466,Harrison 5H,Kermit,2024-11-22,MAINTENANCE,Annual safety valve inspection and function test completed,9.0,20696.66
EVT-005367,42-475-66466,Harrison 5H,Kermit,2025-02-09,INSPECTION,Annual safety valve inspection and function test completed,19.4,24893.93
EVT-005368,42-475-66466,Harrison 5H,Kermit,2024-08-02,CHEMICAL_TREATMENT,Annual safety valve inspection and function test completed,34.8,19777.64
EVT-005369,42-475-66466,Harrison 5H,Kermit,2025-11-07,CHEMICAL_TREATMENT,Routine preventive maintenance on ESP system including motor inspection and cable check,12.9,21549.29
EVT-005370,42-495-57155,Foster 11V,Monahans,2025-12-26,MAINTENANCE,Annual safety valve inspection and function test completed,25.3,11519.85
EVT-005371,42-495-57155,Foster 11V,Monahans,2026-04-23,INSPECTION,Annual safety valve inspection and function test completed,34.5,8560.71
EVT-005372,42-495-57155,Foster 11V,Monahans,2025-11-20,INSPECTION,Corrosion coupon retrieval and analysis - 2 mpy average rate,15.8,6367.84
EVT-005373,42-109-30421,Bailey 11H,Red Hills,2026-02-07,INSPECTION,Quarterly ESP system diagnostic and vibration analysis completed,26.7,4366.13
EVT-005374,42-389-67189,Gibson 8H,Red Hills,2025-09-23,CHEMICAL_TREATMENT,"Elevated motor temperature detected, monitoring increased frequency",30.8,8749.19
EVT-005375,42-389-67189,Gibson 8H,Red Hills,2026-05-11,EQUIPMENT_CHANGE,"Sand production increasing, pump wear accelerating",145.5,164406.47
EVT-005376,42-389-67189,Gibson 8H,Red Hills,2025-10-16,MAINTENANCE,"Gas lift valve partially plugged, reduced injection efficiency",27.3,10133.76
EVT-005377,42-389-67189,Gibson 8H,Red Hills,2025-09-02,CHEMICAL_TREATMENT,"Intermittent ESP trips due to gas slugging, VSD ramp adjusted",3.6,9411.94
EVT-005378,42-389-67189,Gibson 8H,Red Hills,2026-06-13,CHEMICAL_TREATMENT,"Gas lift valve partially plugged, reduced injection efficiency",40.3,10727.72
EVT-005379,42-389-67189,Gibson 8H,Red Hills,2026-04-19,EQUIPMENT_CHANGE,"Increasing water cut trend noted, zone isolation evaluation in progress",26.9,201624.91
EVT-005380,42-389-67189,Gibson 8H,Red Hills,2026-06-15,EQUIPMENT_CHANGE,"Sand production increasing, pump wear accelerating",54.9,25601.4
EVT-005381,42-109-34850,Parker 6H,Mentone,2026-04-18,CHEMICAL_TREATMENT,Routine preventive maintenance on ESP system including motor inspection and cable check,31.3,22464.81
EVT-005382,42-109-34850,Parker 6H,Mentone,2026-04-05,INSPECTION,Corrosion coupon retrieval and analysis - 2 mpy average rate,44.0,9788.84
EVT-005383,42-389-39403,Barnes 11H,Orla,2024-03-15,MAINTENANCE,Emulsion issues at separator requiring increased demulsifier dosage,26.3,10763.73
EVT-005384,42-389-39403,Barnes 11H,Orla,2025-02-11,CHEMICAL_TREATMENT,"Gas lift valve partially plugged, reduced injection efficiency",44.5,11759.01
EVT-005385,42-389-39403,Barnes 11H,Orla,2024-12-09,EQUIPMENT_CHANGE,"Increasing water cut trend noted, zone isolation evaluation in progress",54.1,91748.59
EVT-005386,42-389-39403,Barnes 11H,Orla,2026-05-18,FAILURE,"Sand production increasing, pump wear accelerating",245.4,140003.28
EVT-005387,42-371-95612,Diaz 11H,Ward-Estes,2025-11-14,CHEMICAL_TREATMENT,Routine preventive maintenance on ESP system including motor inspection and cable check,7.9,21545.17
EVT-005388,42-475-31594,Butler 9H,Orla,2026-01-03,CHEMICAL_TREATMENT,Annual safety valve inspection and function test completed,18.7,15030.77
EVT-005389,42-301-87997,Watson 10H,Kermit,2023-12-20,MAINTENANCE,Routine preventive maintenance on ESP system including motor inspection and cable check,18.8,17554.77
EVT-005390,42-475-83110,Gray 3V,Orla,2024-03-29,CHEMICAL_TREATMENT,Routine preventive maintenance on ESP system including motor inspection and cable check,29.7,9981.29
EVT-005391,42-475-83110,Gray 3V,Orla,2023-12-28,CHEMICAL_TREATMENT,Routine tubing pressure test and casing inspection,7.9,2045.07
EVT-005392,42-371-76597,Washington 8H,Reeves County,2026-01-25,INSPECTION,Corrosion coupon retrieval and analysis - 2 mpy average rate,3.7,23069.68
EVT-005393,42-109-44570,Jackson 2H,Fort Stockton,2022-08-29,INSPECTION,Routine preventive maintenance on ESP system including motor inspection and cable check,7.9,14099.32
EVT-005394,42-109-44570,Jackson 2H,Fort Stockton,2025-03-20,CHEMICAL_TREATMENT,Scheduled wellhead maintenance and valve replacement,34.7,21160.16
EVT-005395,42-389-65933,Parker 10H,Balmorhea,2026-02-12,MAINTENANCE,Annual safety valve inspection and function test completed,46.4,4049.71
EVT-005396,42-389-65933,Parker 10H,Balmorhea,2026-05-05,MAINTENANCE,Quarterly ESP system diagnostic and vibration analysis completed,8.9,6116.7
EVT-005397,42-389-65933,Parker 10H,Balmorhea,2025-11-28,CHEMICAL_TREATMENT,Quarterly ESP system diagnostic and vibration analysis completed,43.9,990.77
EVT-005398,42-495-58043,Long 8H,Coyanosa,2023-11-23,EQUIPMENT_CHANGE,"Downhole pump seized due to severe sand production, pulling unit dispatched",63.9,26925.08
EVT-005399,42-495-58043,Long 8H,Coyanosa,2025-09-23,EQUIPMENT_CHANGE,Gas lift valve failure causing complete loss of artificial lift,77.0,51961.69
EVT-005400,42-495-58043,Long 8H,Coyanosa,2024-03-08,WORKOVER,"VSD drive failure causing ESP shutdown, replacement ordered",421.2,461851.79
EVT-005401,42-495-58043,Long 8H,Coyanosa,2024-11-15,FAILURE,"Hole in tubing at 6500ft, severe production loss and gas migration",405.5,443018.01
EVT-005402,42-495-58043,Long 8H,Coyanosa,2023-01-08,WORKOVER,Gas lift valve failure causing complete loss of artificial lift,177.3,1904411.59
EVT-005403,42-495-58043,Long 8H,Coyanosa,2026-06-27,FAILURE,"Hole in tubing at 6500ft, severe production loss and gas migration",229.5,740564.86
EVT-005404,42-495-58043,Long 8H,Coyanosa,2026-05-25,FAILURE,"Casing collapse detected during pressure test, integrity compromised",102.1,450745.33
EVT-005405,42-475-41944,Owens 6H,Loving,2025-04-17,CHEMICAL_TREATMENT,Corrosion coupon retrieval and analysis - 2 mpy average rate,21.4,12879.0
EVT-005406,42-371-86362,Mitchell 10V,Pecos Valley,2024-11-10,INSPECTION,Scheduled wellhead maintenance and valve replacement,23.9,13585.61
EVT-005407,42-371-86362,Mitchell 10V,Pecos Valley,2022-06-08,INSPECTION,Quarterly ESP system diagnostic and vibration analysis completed,27.8,3970.94
EVT-005408,42-371-86362,Mitchell 10V,Pecos Valley,2023-07-24,MAINTENANCE,Annual safety valve inspection and function test completed,2.9,3423.95
EVT-005409,42-371-86362,Mitchell 10V,Pecos Valley,2023-09-22,MAINTENANCE,Routine tubing pressure test and casing inspection,15.0,15617.53
EVT-005410,42-389-78808,James 5H,Grandfalls,2026-02-22,CHEMICAL_TREATMENT,Corrosion coupon retrieval and analysis - 2 mpy average rate,47.6,10946.48
EVT-005411,42-389-78808,James 5H,Grandfalls,2025-12-19,INSPECTION,Surface facility maintenance including separator cleaning and meter calibration,18.9,4403.39
EVT-005412,42-389-78808,James 5H,Grandfalls,2025-12-24,INSPECTION,Scheduled wellhead maintenance and valve replacement,44.3,15481.49
EVT-005413,42-389-78808,James 5H,Grandfalls,2026-03-28,CHEMICAL_TREATMENT,Quarterly ESP system diagnostic and vibration analysis completed,22.9,18017.12
EVT-005414,42-371-42622,Richardson 6V,Red Hills,2024-07-28,INSPECTION,"Paraffin accumulation restricting flow, hot oil treatment performed",16.6,13646.13
EVT-005415,42-371-42622,Richardson 6V,Red Hills,2026-05-08,EQUIPMENT_CHANGE,"Elevated motor temperature detected, monitoring increased frequency",65.4,136740.04
EVT-005416,42-371-42622,Richardson 6V,Red Hills,2025-12-05,MAINTENANCE,"Elevated motor temperature detected, monitoring increased frequency",39.3,20882.25
EVT-005417,42-371-42622,Richardson 6V,Red Hills,2026-02-11,INSPECTION,"Sand production increasing, pump wear accelerating",20.7,21506.4
EVT-005418,42-371-42622,Richardson 6V,Red Hills,2025-11-08,INSPECTION,"Scale buildup detected in tubing, chemical squeeze scheduled",7.4,14627.05
EVT-005419,42-371-42622,Richardson 6V,Red Hills,2025-02-18,INSPECTION,"Scale buildup detected in tubing, chemical squeeze scheduled",27.2,5846.3
EVT-005420,42-371-42622,Richardson 6V,Red Hills,2026-05-19,FAILURE,"Paraffin accumulation restricting flow, hot oil treatment performed",144.7,235888.81
EVT-005421,42-371-38178,Watson 8H,Pecos Valley,2025-08-20,CHEMICAL_TREATMENT,Quarterly ESP system diagnostic and vibration analysis completed,46.2,15726.62
EVT-005422,42-371-38178,Watson 8H,Pecos Valley,2025-11-01,CHEMICAL_TREATMENT,Routine preventive maintenance on ESP system including motor inspection and cable check,11.6,745.6
EVT-005423,42-389-51542,Jenkins 3V,Buena Vista,2025-10-17,FAILURE,"Rod parting at depth, well dead, workover rig scheduled",60.5,601414.56
EVT-005424,42-389-51542,Jenkins 3V,Buena Vista,2025-11-01,EQUIPMENT_CHANGE,"ESP motor failure due to overheating, well shut-in pending replacement",44.8,24917.59
EVT-005425,42-389-51542,Jenkins 3V,Buena Vista,2026-05-12,FAILURE,"Rod parting at depth, well dead, workover rig scheduled",381.4,482371.0
EVT-005426,42-389-51542,Jenkins 3V,Buena Vista,2025-07-30,WORKOVER,"VSD drive failure causing ESP shutdown, replacement ordered",555.6,497571.54
EVT-005427,42-389-51542,Jenkins 3V,Buena Vista,2026-04-23,FAILURE,"Hole in tubing at 6500ft, severe production loss and gas migration",252.2,228591.03
EVT-005428,42-389-51542,Jenkins 3V,Buena Vista,2026-02-18,FAILURE,"Rod parting at depth, well dead, workover rig scheduled",47.4,573215.16
EVT-005429,42-389-51542,Jenkins 3V,Buena Vista,2026-05-29,FAILURE,"Rod parting at depth, well dead, workover rig scheduled",205.3,411420.06
EVT-005430,42-389-51542,Jenkins 3V,Buena Vista,2026-05-19,FAILURE,"Rod parting at depth, well dead, workover rig scheduled",62.0,607754.13
EVT-005431,42-389-42218,Resources 4V,Balmorhea,2026-06-08,MAINTENANCE,Routine preventive maintenance on ESP system including motor inspection and cable check,4.6,5892.78
EVT-005432,42-389-42218,Resources 4V,Balmorhea,2025-12-03,MAINTENANCE,Scheduled wellhead maintenance and valve replacement,36.4,4059.92
EVT-005433,42-475-51300,Collins 11H,Pecos Valley,2025-10-17,MAINTENANCE,Routine tubing pressure test and casing inspection,5.3,7977.9
EVT-005434,42-475-61082,Bailey 6H,Balmorhea,2026-05-29,MAINTENANCE,"Scale buildup detected in tubing, chemical squeeze scheduled",11.7,10657.86
EVT-005435,42-475-61082,Bailey 6H,Balmorhea,2026-03-27,EQUIPMENT_CHANGE,Emulsion issues at separator requiring increased demulsifier dosage,135.2,149551.85
EVT-005436,42-475-61082,Bailey 6H,Balmorhea,2026-05-05,CHEMICAL_TREATMENT,"Gas lift valve partially plugged, reduced injection efficiency",5.5,8576.74
EVT-005437,42-475-61082,Bailey 6H,Balmorhea,2026-03-22,CHEMICAL_TREATMENT,"Gas lift valve partially plugged, reduced injection efficiency",32.6,17021.91
EVT-005438,42-475-61082,Bailey 6H,Balmorhea,2026-06-12,FAILURE,"Sand production increasing, pump wear accelerating",439.1,562514.38
EVT-005439,42-389-94350,Reynolds 2H,Fort Stockton,2025-11-12,INSPECTION,Quarterly ESP system diagnostic and vibration analysis completed,24.9,23638.42
EVT-005440,42-389-94350,Reynolds 2H,Fort Stockton,2026-04-25,MAINTENANCE,Surface facility maintenance including separator cleaning and meter calibration,2.2,4126.46
EVT-005441,42-389-94350,Reynolds 2H,Fort Stockton,2024-10-06,INSPECTION,Scheduled wellhead maintenance and valve replacement,47.6,6018.09
EVT-005442,42-389-94350,Reynolds 2H,Fort Stockton,2025-05-16,MAINTENANCE,Routine preventive maintenance on ESP system including motor inspection and cable check,44.2,18489.0
EVT-005443,42-301-81102,Cox 5H,Loving,2026-02-10,INSPECTION,Routine tubing pressure test and casing inspection,9.5,4600.92
EVT-005444,42-301-81102,Cox 5H,Loving,2025-07-30,INSPECTION,Scheduled wellhead maintenance and valve replacement,6.4,780.26
EVT-005445,42-301-81102,Cox 5H,Loving,2026-01-05,INSPECTION,Routine tubing pressure test and casing inspection,25.7,21240.45
EVT-005446,42-389-50036,Scott 11H,Van Horn,2026-02-19,FAILURE,"Christmas tree valve failure, emergency well control initiated",229.2,402079.1
EVT-005447,42-389-50036,Scott 11H,Van Horn,2026-02-22,FAILURE,Complete ESP system failure - motor burnout and pump lockup,157.1,471768.54
EVT-005448,42-389-50036,Scott 11H,Van Horn,2026-05-03,FAILURE,Gas lift valve failure causing complete loss of artificial lift,276.0,141965.86
EVT-005449,42-389-50036,Scott 11H,Van Horn,2026-04-03,EQUIPMENT_CHANGE,"Downhole pump seized due to severe sand production, pulling unit dispatched",112.0,169887.24
EVT-005450,42-389-50036,Scott 11H,Van Horn,2026-07-09,FAILURE,Complete ESP system failure - motor burnout and pump lockup,369.9,310634.14
EVT-005451,42-389-50036,Scott 11H,Van Horn,2026-05-17,FAILURE,"Christmas tree valve failure, emergency well control initiated",400.6,762747.6
EVT-005452,42-475-53174,Davis 11H,Loving,2023-06-23,INSPECTION,Annual safety valve inspection and function test completed,34.4,18080.34
EVT-005453,42-475-53174,Davis 11H,Loving,2026-01-31,CHEMICAL_TREATMENT,Routine preventive maintenance on ESP system including motor inspection and cable check,18.4,15813.69
EVT-005454,42-475-53174,Davis 11H,Loving,2025-05-26,INSPECTION,Surface facility maintenance including separator cleaning and meter calibration,5.8,7458.53
EVT-005455,42-475-53174,Davis 11H,Loving,2023-12-28,CHEMICAL_TREATMENT,Scheduled wellhead maintenance and valve replacement,19.8,21160.61
EVT-005456,42-109-42856,Jackson 11H,Delaware Basin,2026-01-05,CHEMICAL_TREATMENT,Annual safety valve inspection and function test completed,2.4,18937.01
EVT-005457,42-475-53345,Alexander 7V,Kermit,2024-10-13,CHEMICAL_TREATMENT,Surface facility maintenance including separator cleaning and meter calibration,24.6,13117.85
EVT-005458,42-475-53345,Alexander 7V,Kermit,2024-08-28,MAINTENANCE,Routine tubing pressure test and casing inspection,34.1,18358.92
EVT-005459,42-495-79982,Taylor 4V,Van Horn,2025-08-09,CHEMICAL_TREATMENT,Annual safety valve inspection and function test completed,6.9,2986.89
EVT-005460,42-495-79982,Taylor 4V,Van Horn,2024-07-14,MAINTENANCE,Corrosion coupon retrieval and analysis - 2 mpy average rate,14.5,19775.14
EVT-005461,42-495-79982,Taylor 4V,Van Horn,2024-09-24,MAINTENANCE,Corrosion coupon retrieval and analysis - 2 mpy average rate,46.7,17718.83
EVT-005462,42-475-30440,Ranch 10H,Mentone,2025-11-14,CHEMICAL_TREATMENT,Surface facility maintenance including separator cleaning and meter calibration,44.1,22941.18
EVT-005463,42-475-30440,Ranch 10H,Mentone,2025-10-20,MAINTENANCE,Surface facility maintenance including separator cleaning and meter calibration,12.2,1717.69
EVT-005464,42-475-30440,Ranch 10H,Mentone,2022-10-05,CHEMICAL_TREATMENT,Routine preventive maintenance on ESP system including motor inspection and cable check,32.9,1486.41
EVT-005465,42-389-92808,White 10H,Delaware Basin,2025-02-12,INSPECTION,Surface facility maintenance including separator cleaning and meter calibration,18.0,9357.45
EVT-005466,42-389-92808,White 10H,Delaware Basin,2023-11-24,MAINTENANCE,Quarterly ESP system diagnostic and vibration analysis completed,14.5,13993.12
EVT-005467,42-301-32433,Harris 4H,Pecos Valley,2025-07-13,CHEMICAL_TREATMENT,Routine tubing pressure test and casing inspection,37.3,17616.66
EVT-005468,42-389-56626,Cattle Co 5H,Monahans,2024-03-29,MAINTENANCE,Surface facility maintenance including separator cleaning and meter calibration,11.1,9489.86
EVT-005469,42-389-56626,Cattle Co 5H,Monahans,2025-11-07,MAINTENANCE,Routine preventive maintenance on ESP system including motor inspection and cable check,45.3,24734.64
EVT-005470,42-389-73777,Stewart 12H,Fort Stockton,2025-10-28,MAINTENANCE,Corrosion coupon retrieval and analysis - 2 mpy average rate,17.2,16081.41
EVT-005471,42-389-78522,Scott 4V,Red Hills,2023-10-09,CHEMICAL_TREATMENT,Routine tubing pressure test and casing inspection,3.0,1542.81
EVT-005472,42-389-78522,Scott 4V,Red Hills,2025-01-05,INSPECTION,Scheduled wellhead maintenance and valve replacement,3.9,21296.02
EVT-005473,42-389-78522,Scott 4V,Red Hills,2025-09-05,MAINTENANCE,Scheduled wellhead maintenance and valve replacement,4.9,24678.38
EVT-005474,42-389-78522,Scott 4V,Red Hills,2025-10-06,MAINTENANCE,Scheduled wellhead maintenance and valve replacement,41.0,14186.28
EVT-005475,42-109-56946,Fisher 5H,Ward-Estes,2024-11-27,CHEMICAL_TREATMENT,Scheduled wellhead maintenance and valve replacement,45.4,2361.52
EVT-005476,42-109-56946,Fisher 5H,Ward-Estes,2024-07-10,INSPECTION,Annual safety valve inspection and function test completed,39.4,18190.06
EVT-005477,42-109-56946,Fisher 5H,Ward-Estes,2026-04-19,CHEMICAL_TREATMENT,Quarterly ESP system diagnostic and vibration analysis completed,4.5,13878.08
EVT-005478,42-475-64832,Cole 8V,Van Horn,2025-09-08,MAINTENANCE,Routine tubing pressure test and casing inspection,30.6,12425.51
EVT-005479,42-475-64832,Cole 8V,Van Horn,2025-12-15,CHEMICAL_TREATMENT,Corrosion coupon retrieval and analysis - 2 mpy average rate,5.2,19573.4
EVT-005480,42-475-64832,Cole 8V,Van Horn,2025-04-19,INSPECTION,Quarterly ESP system diagnostic and vibration analysis completed,14.2,4816.43
EVT-005481,42-475-64832,Cole 8V,Van Horn,2026-01-13,INSPECTION,Routine tubing pressure test and casing inspection,3.3,8910.79
EVT-005482,42-389-96445,Roberts 4H,Coyanosa,2026-04-27,MAINTENANCE,Routine tubing pressure test and casing inspection,46.0,666.23
EVT-005483,42-389-96445,Roberts 4H,Coyanosa,2025-08-15,INSPECTION,Surface facility maintenance including separator cleaning and meter calibration,40.1,21698.61
EVT-005484,42-389-96445,Roberts 4H,Coyanosa,2026-03-21,CHEMICAL_TREATMENT,Surface facility maintenance including separator cleaning and meter calibration,25.4,22651.69
EVT-005485,42-389-96445,Roberts 4H,Coyanosa,2025-08-27,CHEMICAL_TREATMENT,Annual safety valve inspection and function test completed,19.9,7692.45
EVT-005486,42-109-52473,Bell 11H,Orla,2025-08-05,MAINTENANCE,Quarterly ESP system diagnostic and vibration analysis completed,36.6,7903.34
EVT-005487,42-109-52473,Bell 11H,Orla,2026-05-29,CHEMICAL_TREATMENT,Scheduled wellhead maintenance and valve replacement,34.7,5214.11
EVT-005488,42-301-97763,Harrison 8H,Reeves County,2025-02-22,INSPECTION,Routine tubing pressure test and casing inspection,10.8,6326.67
EVT-005489,42-301-97763,Harrison 8H,Reeves County,2025-09-27,CHEMICAL_TREATMENT,Scheduled wellhead maintenance and valve replacement,15.2,17113.31
EVT-005490,42-389-86525,Powell 7H,Wink,2024-10-02,MAINTENANCE,Annual safety valve inspection and function test completed,9.4,7633.22
EVT-005491,42-389-86525,Powell 7H,Wink,2025-04-19,INSPECTION,Quarterly ESP system diagnostic and vibration analysis completed,37.1,2335.39
EVT-005492,42-389-86525,Powell 7H,Wink,2026-05-28,MAINTENANCE,Routine tubing pressure test and casing inspection,30.6,22340.71
EVT-005493,42-389-86525,Powell 7H,Wink,2023-11-10,CHEMICAL_TREATMENT,Quarterly ESP system diagnostic and vibration analysis completed,43.5,7066.83
EVT-005494,42-475-59224,Ramirez 11V,Imperial,2024-02-04,CHEMICAL_TREATMENT,Surface facility maintenance including separator cleaning and meter calibration,42.6,24149.28
EVT-005495,42-475-59224,Ramirez 11V,Imperial,2024-03-06,CHEMICAL_TREATMENT,Corrosion coupon retrieval and analysis - 2 mpy average rate,13.6,9736.42
EVT-005496,42-389-59288,Cook 5H,Buena Vista,2023-01-25,INSPECTION,Scheduled wellhead maintenance and valve replacement,35.9,2158.25
EVT-005497,42-475-92446,Morris 11V,Loving,2025-12-27,CHEMICAL_TREATMENT,Routine preventive maintenance on ESP system including motor inspection and cable check,40.3,17367.26
EVT-005498,42-475-92446,Morris 11V,Loving,2024-11-24,CHEMICAL_TREATMENT,Routine tubing pressure test and casing inspection,24.8,15894.18
EVT-005499,42-475-92446,Morris 11V,Loving,2025-02-16,MAINTENANCE,Quarterly ESP system diagnostic and vibration analysis completed,24.1,13066.74
EVT-005500,42-475-92446,Morris 11V,Loving,2025-03-09,MAINTENANCE,Routine preventive maintenance on ESP system including motor inspection and cable check,27.7,21158.13
EVT-005501,42-475-98347,Bass 1H,Coyanosa,2023-10-14,FAILURE,"ESP motor failure due to overheating, well shut-in pending replacement",479.3,188290.41
EVT-005502,42-475-98347,Bass 1H,Coyanosa,2023-11-25,FAILURE,"VSD drive failure causing ESP shutdown, replacement ordered",418.1,521334.63
EVT-005503,42-475-98347,Bass 1H,Coyanosa,2024-06-18,WORKOVER,"Severe corrosion-induced tubing failure, well flowing up annulus",488.8,1882147.68
EVT-005504,42-475-98347,Bass 1H,Coyanosa,2023-05-22,WORKOVER,"ESP motor failure due to overheating, well shut-in pending replacement",540.6,109891.37
EVT-005505,42-475-98347,Bass 1H,Coyanosa,2025-10-27,FAILURE,"Hole in tubing at 6500ft, severe production loss and gas migration",53.0,383459.84
EVT-005506,42-475-98347,Bass 1H,Coyanosa,2025-03-22,FAILURE,Complete ESP system failure - motor burnout and pump lockup,469.8,652623.6
EVT-005507,42-475-98347,Bass 1H,Coyanosa,2023-10-04,EQUIPMENT_CHANGE,Gas lift valve failure causing complete loss of artificial lift,148.5,214776.29
EVT-005508,42-475-98347,Bass 1H,Coyanosa,2026-05-16,FAILURE,"Hole in tubing at 6500ft, severe production loss and gas migration",255.0,120789.98
EVT-005509,42-475-98347,Bass 1H,Coyanosa,2026-06-06,FAILURE,"Christmas tree valve failure, emergency well control initiated",74.9,532576.18
EVT-005510,42-389-41081,Bennett 12H,Orla,2026-06-03,CHEMICAL_TREATMENT,Routine tubing pressure test and casing inspection,12.9,5470.96
EVT-005511,42-389-41081,Bennett 12H,Orla,2025-10-01,MAINTENANCE,Annual safety valve inspection and function test completed,8.8,22321.49
EVT-005512,42-389-41081,Bennett 12H,Orla,2024-04-21,INSPECTION,Surface facility maintenance including separator cleaning and meter calibration,15.0,2781.7
EVT-005513,42-109-64983,Cook 11H,Mentone,2024-08-30,MAINTENANCE,Routine tubing pressure test and casing inspection,22.9,19787.78
EVT-005514,42-109-64983,Cook 11H,Mentone,2025-10-24,MAINTENANCE,Routine tubing pressure test and casing inspection,30.7,20832.64
EVT-005515,42-109-64983,Cook 11H,Mentone,2023-03-19,MAINTENANCE,Annual safety valve inspection and function test completed,4.1,20969.06
EVT-005516,42-109-64983,Cook 11H,Mentone,2024-03-01,CHEMICAL_TREATMENT,Routine preventive maintenance on ESP system including motor inspection and cable check,20.2,4847.17
EVT-005517,42-109-99226,Washington 8V,Culberson County,2024-10-10,INSPECTION,Annual safety valve inspection and function test completed,19.9,9749.02
EVT-005518,42-109-99226,Washington 8V,Culberson County,2024-12-23,CHEMICAL_TREATMENT,Scheduled wellhead maintenance and valve replacement,30.7,10611.54
EVT-005519,42-109-99226,Washington 8V,Culberson County,2026-01-23,MAINTENANCE,Annual safety valve inspection and function test completed,34.6,13931.86
EVT-005520,42-109-99226,Washington 8V,Culberson County,2026-01-10,INSPECTION,Surface facility maintenance including separator cleaning and meter calibration,27.9,18650.14
EVT-005521,42-475-48341,Nelson 2H,Ward-Estes,2025-06-19,CHEMICAL_TREATMENT,Annual safety valve inspection and function test completed,19.8,22775.05
EVT-005522,42-389-69309,Turner 4H,Kermit,2025-11-23,CHEMICAL_TREATMENT,Quarterly ESP system diagnostic and vibration analysis completed,30.3,22860.78
EVT-005523,42-389-60725,Gibson 4H,Culberson County,2026-01-13,MAINTENANCE,Quarterly ESP system diagnostic and vibration analysis completed,46.0,6275.57
EVT-005524,42-389-60725,Gibson 4H,Culberson County,2022-11-19,MAINTENANCE,Surface facility maintenance including separator cleaning and meter calibration,25.6,2578.19
EVT-005525,42-389-60725,Gibson 4H,Culberson County,2024-10-10,CHEMICAL_TREATMENT,Scheduled wellhead maintenance and valve replacement,22.5,4689.76
EVT-005526,42-389-77250,Woods 6H,Delaware Basin,2025-09-28,CHEMICAL_TREATMENT,Surface facility maintenance including separator cleaning and meter calibration,25.4,786.59
EVT-005527,42-389-77250,Woods 6H,Delaware Basin,2025-06-02,MAINTENANCE,Routine preventive maintenance on ESP system including motor inspection and cable check,17.7,1395.96
EVT-005528,42-389-77250,Woods 6H,Delaware Basin,2025-08-13,INSPECTION,Quarterly ESP system diagnostic and vibration analysis completed,26.2,1756.39
EVT-005529,42-389-77250,Woods 6H,Delaware Basin,2026-02-03,MAINTENANCE,Annual safety valve inspection and function test completed,42.4,13460.27
EVT-005530,42-495-42879,Thompson 3H,Mentone,2024-12-26,CHEMICAL_TREATMENT,Scheduled wellhead maintenance and valve replacement,14.1,19486.2
EVT-005531,42-495-42879,Thompson 3H,Mentone,2025-08-25,CHEMICAL_TREATMENT,Corrosion coupon retrieval and analysis - 2 mpy average rate,28.5,18941.23
EVT-005532,42-495-42879,Thompson 3H,Mentone,2025-08-28,INSPECTION,Scheduled wellhead maintenance and valve replacement,4.2,6458.08
EVT-005533,42-109-81936,Powell 12H,Van Horn,2026-05-12,INSPECTION,Surface facility maintenance including separator cleaning and meter calibration,18.7,5159.68
EVT-005534,42-109-81936,Powell 12H,Van Horn,2025-07-05,INSPECTION,Annual safety valve inspection and function test completed,2.6,1983.81
EVT-005535,42-109-81936,Powell 12H,Van Horn,2025-12-26,MAINTENANCE,Scheduled wellhead maintenance and valve replacement,46.8,2091.25
EVT-005536,42-109-81936,Powell 12H,Van Horn,2025-06-24,MAINTENANCE,Corrosion coupon retrieval and analysis - 2 mpy average rate,7.5,11650.85
EVT-005537,42-475-33279,Wood 7H,Ward-Estes,2026-04-12,INSPECTION,Annual safety valve inspection and function test completed,6.6,9584.11
EVT-005538,42-475-33279,Wood 7H,Ward-Estes,2026-03-29,MAINTENANCE,Quarterly ESP system diagnostic and vibration analysis completed,6.5,632.96
EVT-005539,42-475-33279,Wood 7H,Ward-Estes,2026-05-16,INSPECTION,Routine tubing pressure test and casing inspection,47.6,14218.79
EVT-005540,42-475-33279,Wood 7H,Ward-Estes,2025-04-21,INSPECTION,Quarterly ESP system diagnostic and vibration analysis completed,41.4,2736.56
EVT-005541,42-389-69599,Wood 2H,Kermit,2025-12-11,FAILURE,"ESP motor failure due to overheating, well shut-in pending replacement",274.5,347138.04
EVT-005542,42-389-69599,Wood 2H,Kermit,2025-09-09,EQUIPMENT_CHANGE,"Downhole pump seized due to severe sand production, pulling unit dispatched",80.3,129466.82
EVT-005543,42-389-69599,Wood 2H,Kermit,2026-05-16,FAILURE,"Tubing leak detected at depth, production ceased for workover",262.3,515727.87
EVT-005544,42-389-69599,Wood 2H,Kermit,2025-12-14,FAILURE,"Tubing leak detected at depth, production ceased for workover",132.3,732323.66
EVT-005545,42-389-69599,Wood 2H,Kermit,2026-06-02,FAILURE,Gas lift valve failure causing complete loss of artificial lift,405.7,502514.43
EVT-005546,42-389-69599,Wood 2H,Kermit,2026-06-26,FAILURE,"Severe corrosion-induced tubing failure, well flowing up annulus",258.2,127483.41
EVT-005547,42-389-90149,Myers 10H,Coyanosa,2026-04-20,CHEMICAL_TREATMENT,Routine preventive maintenance on ESP system including motor inspection and cable check,11.7,20313.82
EVT-005548,42-109-92750,Bryant 4H,Monahans,2025-10-22,MAINTENANCE,Routine preventive maintenance on ESP system including motor inspection and cable check,10.2,8141.29
EVT-005549,42-109-92750,Bryant 4H,Monahans,2024-12-04,INSPECTION,Quarterly ESP system diagnostic and vibration analysis completed,5.4,5997.21
EVT-005550,42-109-92750,Bryant 4H,Monahans,2024-07-04,CHEMICAL_TREATMENT,Annual safety valve inspection and function test completed,46.6,23402.59
EVT-005551,42-109-92750,Bryant 4H,Monahans,2025-06-01,INSPECTION,Annual safety valve inspection and function test completed,30.0,24357.0
EVT-005552,42-475-40161,Sullivan 9H,Delaware Basin,2026-02-28,CHEMICAL_TREATMENT,Scheduled wellhead maintenance and valve replacement,46.0,6834.77
EVT-005553,42-475-40161,Sullivan 9H,Delaware Basin,2024-12-17,INSPECTION,Annual safety valve inspection and function test completed,7.9,9556.82
EVT-005554,42-389-79250,Jordan 10H,Wink,2025-11-18,INSPECTION,Scheduled wellhead maintenance and valve replacement,9.3,7074.92
EVT-005555,42-475-72268,Gibson 4H,Buena Vista,2025-05-12,MAINTENANCE,Quarterly ESP system diagnostic and vibration analysis completed,15.2,18059.28
EVT-005556,42-301-88205,University 5H,Fort Stockton,2026-01-30,CHEMICAL_TREATMENT,Annual safety valve inspection and function test completed,45.9,6091.03
EVT-005557,42-389-93771,Watson 3H,Reeves County,2024-09-02,MAINTENANCE,Corrosion coupon retrieval and analysis - 2 mpy average rate,40.6,9408.88
EVT-005558,42-389-93771,Watson 3H,Reeves County,2024-10-21,INSPECTION,Routine tubing pressure test and casing inspection,43.7,3523.91
EVT-005559,42-389-93771,Watson 3H,Reeves County,2025-05-16,INSPECTION,Routine tubing pressure test and casing inspection,35.1,11625.71
EVT-005560,42-389-93771,Watson 3H,Reeves County,2025-11-09,INSPECTION,Routine preventive maintenance on ESP system including motor inspection and cable check,40.7,22148.51
EVT-005561,42-389-44599,Baker 12H,Orla,2025-12-22,CHEMICAL_TREATMENT,Surface facility maintenance including separator cleaning and meter calibration,3.7,2334.96
EVT-005562,42-495-43792,Ranch 6H,Coyanosa,2026-05-07,CHEMICAL_TREATMENT,Annual safety valve inspection and function test completed,20.0,3084.66
EVT-005563,42-495-43792,Ranch 6H,Coyanosa,2025-12-30,INSPECTION,Annual safety valve inspection and function test completed,40.2,13788.97
EVT-005564,42-109-80630,Bryant 6H,Grandfalls,2025-09-01,MAINTENANCE,Scheduled wellhead maintenance and valve replacement,21.2,10302.63
EVT-005565,42-475-97138,Resources 12H,Kermit,2023-09-05,MAINTENANCE,Annual safety valve inspection and function test completed,26.5,16733.06
EVT-005566,42-475-97138,Resources 12H,Kermit,2025-03-03,INSPECTION,Routine preventive maintenance on ESP system including motor inspection and cable check,9.5,23714.81
EVT-005567,42-389-44980,Clayton 12H,Monahans,2024-09-23,INSPECTION,Routine preventive maintenance on ESP system including motor inspection and cable check,47.7,3208.66
EVT-005568,42-475-81375,Woods 1H,Pecos Valley,2026-03-03,MAINTENANCE,Scheduled wellhead maintenance and valve replacement,43.6,616.06
EVT-005569,42-389-40693,Barnes 10H,Balmorhea,2024-07-22,EQUIPMENT_CHANGE,"Christmas tree valve failure, emergency well control initiated",106.7,193412.87
EVT-005570,42-389-40693,Barnes 10H,Balmorhea,2026-01-25,WORKOVER,Electrical cable failure on ESP causing complete shutdown,645.4,1815996.96
EVT-005571,42-389-40693,Barnes 10H,Balmorhea,2026-04-11,WORKOVER,"VSD drive failure causing ESP shutdown, replacement ordered",679.7,1647347.02
EVT-005572,42-389-40693,Barnes 10H,Balmorhea,2026-06-24,FAILURE,"Severe corrosion-induced tubing failure, well flowing up annulus",40.7,54946.73
EVT-005573,42-389-40693,Barnes 10H,Balmorhea,2026-06-05,FAILURE,"Tubing leak detected at depth, production ceased for workover",236.6,429526.51
EVT-005574,42-389-89183,King 2V,Culberson County,2024-02-16,MAINTENANCE,Quarterly ESP system diagnostic and vibration analysis completed,13.3,15518.5
EVT-005575,42-389-89183,King 2V,Culberson County,2025-10-22,MAINTENANCE,Annual safety valve inspection and function test completed,3.1,4660.67
EVT-005576,42-475-59820,Jenkins 7V,Imperial,2026-05-04,CHEMICAL_TREATMENT,"Paraffin accumulation restricting flow, hot oil treatment performed",21.9,24645.3
EVT-005577,42-475-59820,Jenkins 7V,Imperial,2024-08-04,MAINTENANCE,"Increasing water cut trend noted, zone isolation evaluation in progress",34.1,12430.77
EVT-005578,42-475-59820,Jenkins 7V,Imperial,2026-05-22,FAILURE,Emulsion issues at separator requiring increased demulsifier dosage,40.2,274393.52
EVT-005579,42-475-80393,Flores 12V,Red Hills,2025-08-02,CHEMICAL_TREATMENT,Surface facility maintenance including separator cleaning and meter calibration,22.4,17803.02
EVT-005580,42-475-80393,Flores 12V,Red Hills,2025-08-04,MAINTENANCE,Quarterly ESP system diagnostic and vibration analysis completed,31.6,9401.29
EVT-005581,42-475-61058,Edwards 12H,Coyanosa,2025-04-18,MAINTENANCE,Corrosion coupon retrieval and analysis - 2 mpy average rate,44.2,21584.74
EVT-005582,42-475-61058,Edwards 12H,Coyanosa,2023-06-08,MAINTENANCE,Corrosion coupon retrieval and analysis - 2 mpy average rate,47.1,16721.7
EVT-005583,42-475-61058,Edwards 12H,Coyanosa,2025-10-02,INSPECTION,Annual safety valve inspection and function test completed,25.7,20400.39
EVT-005584,42-475-97585,Parker 4H,Ward-Estes,2024-09-02,INSPECTION,Surface facility maintenance including separator cleaning and meter calibration,27.6,19142.2
EVT-005585,42-475-97585,Parker 4H,Ward-Estes,2025-06-24,MAINTENANCE,Routine tubing pressure test and casing inspection,38.0,22625.31
EVT-005586,42-475-97585,Parker 4H,Ward-Estes,2025-05-25,INSPECTION,Corrosion coupon retrieval and analysis - 2 mpy average rate,10.5,17467.29
EVT-005587,42-475-97585,Parker 4H,Ward-Estes,2024-10-27,CHEMICAL_TREATMENT,Corrosion coupon retrieval and analysis - 2 mpy average rate,44.1,4079.53
EVT-005588,42-301-71830,Barnes 10H,Red Hills,2024-12-10,FAILURE,"VSD drive failure causing ESP shutdown, replacement ordered",238.2,90789.36
EVT-005589,42-301-71830,Barnes 10H,Red Hills,2024-05-10,WORKOVER,"ESP motor failure due to overheating, well shut-in pending replacement",642.4,143469.43
EVT-005590,42-301-71830,Barnes 10H,Red Hills,2025-05-14,EQUIPMENT_CHANGE,"Casing collapse detected during pressure test, integrity compromised",167.7,126926.22
EVT-005591,42-301-71830,Barnes 10H,Red Hills,2024-08-05,EQUIPMENT_CHANGE,Electrical cable failure on ESP causing complete shutdown,123.7,87864.91
EVT-005592,42-301-71830,Barnes 10H,Red Hills,2025-12-25,FAILURE,"Downhole pump seized due to severe sand production, pulling unit dispatched",468.4,329275.07
EVT-005593,42-301-71830,Barnes 10H,Red Hills,2024-08-06,FAILURE,"VSD drive failure causing ESP shutdown, replacement ordered",202.5,777334.08
EVT-005594,42-301-71830,Barnes 10H,Red Hills,2025-02-16,WORKOVER,"Downhole pump seized due to severe sand production, pulling unit dispatched",431.0,255207.13
EVT-005595,42-301-71830,Barnes 10H,Red Hills,2026-05-29,FAILURE,"Tubing leak detected at depth, production ceased for workover",311.1,72820.94
EVT-005596,42-301-71830,Barnes 10H,Red Hills,2026-05-16,FAILURE,Gas lift valve failure causing complete loss of artificial lift,474.3,779392.48
EVT-005597,42-301-50219,Peterson 1H,Delaware Basin,2025-02-18,MAINTENANCE,Scheduled wellhead maintenance and valve replacement,39.3,19964.6
EVT-005598,42-301-50219,Peterson 1H,Delaware Basin,2026-05-23,INSPECTION,Surface facility maintenance including separator cleaning and meter calibration,45.5,9259.72
EVT-005599,42-301-50219,Peterson 1H,Delaware Basin,2024-08-10,MAINTENANCE,Routine preventive maintenance on ESP system including motor inspection and cable check,26.4,15329.95
EVT-005600,42-371-39979,King 1H,Loving,2026-04-11,MAINTENANCE,Surface facility maintenance including separator cleaning and meter calibration,3.6,24554.22
EVT-005601,42-371-39979,King 1H,Loving,2026-03-01,CHEMICAL_TREATMENT,Surface facility maintenance including separator cleaning and meter calibration,20.3,14431.08
EVT-005602,42-371-39979,King 1H,Loving,2025-09-01,MAINTENANCE,Surface facility maintenance including separator cleaning and meter calibration,30.8,5552.72
EVT-005603,42-371-39979,King 1H,Loving,2025-10-27,INSPECTION,Quarterly ESP system diagnostic and vibration analysis completed,37.0,19436.96
EVT-005604,42-475-80667,Ford 10H,Van Horn,2024-01-08,WORKOVER,"Tubing leak detected at depth, production ceased for workover",335.8,1827433.85
EVT-005605,42-475-80667,Ford 10H,Van Horn,2024-03-10,WORKOVER,"Rod parting at depth, well dead, workover rig scheduled",533.3,554321.2
EVT-005606,42-475-80667,Ford 10H,Van Horn,2026-02-25,FAILURE,"Hole in tubing at 6500ft, severe production loss and gas migration",247.4,378582.38
EVT-005607,42-475-80667,Ford 10H,Van Horn,2025-12-20,EQUIPMENT_CHANGE,Gas lift valve failure causing complete loss of artificial lift,102.9,198982.69
EVT-005608,42-475-80667,Ford 10H,Van Horn,2026-04-18,FAILURE,Complete ESP system failure - motor burnout and pump lockup,54.9,373115.17
EVT-005609,42-475-80667,Ford 10H,Van Horn,2024-04-26,FAILURE,Electrical cable failure on ESP causing complete shutdown,337.0,382513.09
EVT-005610,42-475-80667,Ford 10H,Van Horn,2026-07-10,FAILURE,"ESP motor failure due to overheating, well shut-in pending replacement",297.3,85420.63
EVT-005611,42-475-80667,Ford 10H,Van Horn,2026-05-26,FAILURE,"Downhole pump seized due to severe sand production, pulling unit dispatched",214.7,672479.81
EVT-005612,42-475-57028,Land Trust 5V,Mentone,2025-05-03,INSPECTION,Quarterly ESP system diagnostic and vibration analysis completed,41.1,22164.64
EVT-005613,42-475-57028,Land Trust 5V,Mentone,2025-12-17,INSPECTION,Annual safety valve inspection and function test completed,33.2,11637.2
EVT-005614,42-475-57028,Land Trust 5V,Mentone,2025-08-19,MAINTENANCE,Routine tubing pressure test and casing inspection,45.0,4830.67
EVT-005615,42-389-97959,Baker 10H,Wink,2026-05-13,MAINTENANCE,Routine tubing pressure test and casing inspection,22.3,7420.63
EVT-005616,42-389-97959,Baker 10H,Wink,2025-11-22,INSPECTION,Routine preventive maintenance on ESP system including motor inspection and cable check,37.0,20294.22
EVT-005617,42-389-97959,Baker 10H,Wink,2026-06-08,INSPECTION,Annual safety valve inspection and function test completed,30.7,17952.43
EVT-005618,42-495-70088,Powell 8H,Reeves County,2025-03-03,INSPECTION,Routine preventive maintenance on ESP system including motor inspection and cable check,4.9,24715.14
EVT-005619,42-495-70088,Powell 8H,Reeves County,2024-08-11,MAINTENANCE,Annual safety valve inspection and function test completed,18.2,11314.35
EVT-005620,42-389-85569,Johnson 4V,Fort Stockton,2025-05-10,INSPECTION,Corrosion coupon retrieval and analysis - 2 mpy average rate,44.3,23600.18
EVT-005621,42-389-85569,Johnson 4V,Fort Stockton,2023-08-07,INSPECTION,Annual safety valve inspection and function test completed,45.4,14212.12
EVT-005622,42-475-58954,Davis 10H,Kermit,2026-05-06,MAINTENANCE,Scheduled wellhead maintenance and valve replacement,47.5,993.35
EVT-005623,42-475-58954,Davis 10H,Kermit,2026-03-20,CHEMICAL_TREATMENT,Routine preventive maintenance on ESP system including motor inspection and cable check,47.2,12433.66
EVT-005624,42-475-58954,Davis 10H,Kermit,2025-08-02,INSPECTION,Corrosion coupon retrieval and analysis - 2 mpy average rate,9.4,2447.09
EVT-005625,42-495-86191,Gibson 9V,Ward-Estes,2025-07-11,MAINTENANCE,Routine preventive maintenance on ESP system including motor inspection and cable check,19.1,12103.62
EVT-005626,42-495-86191,Gibson 9V,Ward-Estes,2024-09-16,MAINTENANCE,Corrosion coupon retrieval and analysis - 2 mpy average rate,17.2,21809.91
EVT-005627,42-495-86191,Gibson 9V,Ward-Estes,2024-08-29,INSPECTION,Annual safety valve inspection and function test completed,21.7,10190.79
EVT-005628,42-495-86191,Gibson 9V,Ward-Estes,2023-12-16,MAINTENANCE,Surface facility maintenance including separator cleaning and meter calibration,30.8,6124.74
EVT-005629,42-371-63361,Williams 5H,Loving,2025-12-11,MAINTENANCE,Corrosion coupon retrieval and analysis - 2 mpy average rate,42.2,16177.43
EVT-005630,42-371-63361,Williams 5H,Loving,2025-12-28,CHEMICAL_TREATMENT,Annual safety valve inspection and function test completed,33.9,13754.52
EVT-005631,42-371-63361,Williams 5H,Loving,2026-02-20,MAINTENANCE,Routine preventive maintenance on ESP system including motor inspection and cable check,30.3,4604.62
EVT-005632,42-371-63361,Williams 5H,Loving,2025-11-29,INSPECTION,Scheduled wellhead maintenance and valve replacement,4.3,6624.97
EVT-005633,42-389-67606,Bryant 11H,Fort Stockton,2024-04-03,FAILURE,"Downhole pump seized due to severe sand production, pulling unit dispatched",376.0,189910.39
EVT-005634,42-389-67606,Bryant 11H,Fort Stockton,2024-09-03,FAILURE,"Christmas tree valve failure, emergency well control initiated",85.1,203631.05
EVT-005635,42-389-67606,Bryant 11H,Fort Stockton,2025-05-13,FAILURE,Gas lift valve failure causing complete loss of artificial lift,305.0,210403.21
EVT-005636,42-389-67606,Bryant 11H,Fort Stockton,2024-03-02,WORKOVER,Complete ESP system failure - motor burnout and pump lockup,634.0,955956.41
EVT-005637,42-389-67606,Bryant 11H,Fort Stockton,2026-05-30,FAILURE,"Christmas tree valve failure, emergency well control initiated",350.3,103242.63
EVT-005638,42-389-67606,Bryant 11H,Fort Stockton,2026-07-10,FAILURE,Complete ESP system failure - motor burnout and pump lockup,464.2,730589.27
EVT-005639,42-389-40865,Alexander 6V,Ward-Estes,2025-07-22,INSPECTION,Routine tubing pressure test and casing inspection,36.5,7855.09
EVT-005640,42-389-40865,Alexander 6V,Ward-Estes,2023-04-27,INSPECTION,Surface facility maintenance including separator cleaning and meter calibration,26.8,13354.14
EVT-005641,42-389-40865,Alexander 6V,Ward-Estes,2024-10-14,INSPECTION,Corrosion coupon retrieval and analysis - 2 mpy average rate,41.5,22498.89
EVT-005642,42-389-62947,Henderson 4V,Toyah,2024-05-12,MAINTENANCE,Routine preventive maintenance on ESP system including motor inspection and cable check,38.2,14042.55
EVT-005643,42-495-68944,Woods 3H,Wink,2023-12-27,INSPECTION,Corrosion coupon retrieval and analysis - 2 mpy average rate,34.2,12628.08
EVT-005644,42-495-68944,Woods 3H,Wink,2025-09-15,CHEMICAL_TREATMENT,Surface facility maintenance including separator cleaning and meter calibration,27.7,1120.55
EVT-005645,42-495-68944,Woods 3H,Wink,2024-09-26,MAINTENANCE,Annual safety valve inspection and function test completed,16.5,13415.06
EVT-005646,42-495-68944,Woods 3H,Wink,2025-10-14,CHEMICAL_TREATMENT,Scheduled wellhead maintenance and valve replacement,11.6,22411.91
EVT-005647,42-371-63801,Resources 2H,Monahans,2025-06-02,MAINTENANCE,"Gas lift valve partially plugged, reduced injection efficiency",16.0,22297.19
EVT-005648,42-371-63801,Resources 2H,Monahans,2024-12-25,MAINTENANCE,"Paraffin accumulation restricting flow, hot oil treatment performed",38.8,12195.53
EVT-005649,42-371-63801,Resources 2H,Monahans,2026-03-26,MAINTENANCE,"Scale buildup detected in tubing, chemical squeeze scheduled",16.8,3044.87
EVT-005650,42-371-63801,Resources 2H,Monahans,2026-02-09,MAINTENANCE,"Paraffin accumulation restricting flow, hot oil treatment performed",3.8,4511.71
EVT-005651,42-371-63801,Resources 2H,Monahans,2026-05-24,FAILURE,"Scale buildup detected in tubing, chemical squeeze scheduled",152.5,378740.22
EVT-005652,42-109-94861,Gray 7H,Grandfalls,2026-03-27,MAINTENANCE,Corrosion coupon retrieval and analysis - 2 mpy average rate,27.5,13460.25
EVT-005653,42-109-94861,Gray 7H,Grandfalls,2026-05-06,INSPECTION,Quarterly ESP system diagnostic and vibration analysis completed,29.0,15803.21
EVT-005654,42-109-94861,Gray 7H,Grandfalls,2025-12-12,INSPECTION,Surface facility maintenance including separator cleaning and meter calibration,12.4,9243.69
EVT-005655,42-389-89740,Fisher 11H,Ward-Estes,2024-08-01,MAINTENANCE,Annual safety valve inspection and function test completed,24.1,14614.55
EVT-005656,42-389-89740,Fisher 11H,Ward-Estes,2024-06-27,MAINTENANCE,Annual safety valve inspection and function test completed,6.3,16750.63
EVT-005657,42-389-89740,Fisher 11H,Ward-Estes,2023-03-29,CHEMICAL_TREATMENT,Routine preventive maintenance on ESP system including motor inspection and cable check,26.2,1744.1
EVT-005658,42-389-89740,Fisher 11H,Ward-Estes,2023-06-07,CHEMICAL_TREATMENT,Annual safety valve inspection and function test completed,20.8,23599.83
EVT-005659,42-389-59968,Myers 9H,Coyanosa,2025-09-18,MAINTENANCE,Annual safety valve inspection and function test completed,15.7,4470.79
EVT-005660,42-389-59968,Myers 9H,Coyanosa,2025-02-08,INSPECTION,Corrosion coupon retrieval and analysis - 2 mpy average rate,21.8,21634.38
EVT-005661,42-389-59968,Myers 9H,Coyanosa,2023-11-13,INSPECTION,Annual safety valve inspection and function test completed,4.0,6327.64
EVT-005662,42-389-59968,Myers 9H,Coyanosa,2023-09-16,MAINTENANCE,Quarterly ESP system diagnostic and vibration analysis completed,16.5,8130.35
EVT-005663,42-389-41679,Woods 11H,Monahans,2025-06-01,CHEMICAL_TREATMENT,Surface facility maintenance including separator cleaning and meter calibration,13.2,15021.89
EVT-005664,42-389-88073,Cole 12H,Buena Vista,2025-07-17,CHEMICAL_TREATMENT,Emulsion issues at separator requiring increased demulsifier dosage,21.1,24636.34
EVT-005665,42-389-88073,Cole 12H,Buena Vista,2025-04-28,INSPECTION,"Sand production increasing, pump wear accelerating",39.2,18253.23
EVT-005666,42-389-88073,Cole 12H,Buena Vista,2026-05-30,FAILURE,"Sand production increasing, pump wear accelerating",68.8,499514.01
EVT-005667,42-371-35300,Reed 4H,Van Horn,2026-01-15,INSPECTION,Corrosion coupon retrieval and analysis - 2 mpy average rate,43.9,1027.87
EVT-005668,42-371-35300,Reed 4H,Van Horn,2025-11-02,MAINTENANCE,Routine tubing pressure test and casing inspection,43.6,5307.62
EVT-005669,42-371-91953,Gray 4H,Coyanosa,2025-09-29,EQUIPMENT_CHANGE,"Severe corrosion-induced tubing failure, well flowing up annulus",121.4,50552.54
EVT-005670,42-371-91953,Gray 4H,Coyanosa,2026-01-08,WORKOVER,"Tubing leak detected at depth, production ceased for workover",660.2,724836.22
EVT-005671,42-371-91953,Gray 4H,Coyanosa,2026-05-24,FAILURE,"Tubing leak detected at depth, production ceased for workover",327.5,59508.39
EVT-005672,42-371-91953,Gray 4H,Coyanosa,2026-06-07,FAILURE,Electrical cable failure on ESP causing complete shutdown,248.7,465204.04
EVT-005673,42-371-91953,Gray 4H,Coyanosa,2026-01-17,FAILURE,"Severe corrosion-induced tubing failure, well flowing up annulus",404.5,574936.77
EVT-005674,42-371-91953,Gray 4H,Coyanosa,2026-02-15,EQUIPMENT_CHANGE,"Rod parting at depth, well dead, workover rig scheduled",88.8,65129.46
EVT-005675,42-371-91953,Gray 4H,Coyanosa,2026-05-05,FAILURE,"Severe corrosion-induced tubing failure, well flowing up annulus",415.8,412208.41
EVT-005676,42-371-91953,Gray 4H,Coyanosa,2026-01-01,WORKOVER,"Severe corrosion-induced tubing failure, well flowing up annulus",219.5,1830951.77
EVT-005677,42-371-91953,Gray 4H,Coyanosa,2026-06-02,FAILURE,Complete ESP system failure - motor burnout and pump lockup,66.0,729184.13
EVT-005678,42-371-91953,Gray 4H,Coyanosa,2026-05-18,FAILURE,"Christmas tree valve failure, emergency well control initiated",298.4,228190.39
EVT-005679,42-389-53049,Long 10H,Delaware Basin,2025-11-02,MAINTENANCE,Annual safety valve inspection and function test completed,9.1,12729.12
EVT-005680,42-389-53049,Long 10H,Delaware Basin,2024-08-19,CHEMICAL_TREATMENT,Quarterly ESP system diagnostic and vibration analysis completed,3.0,8875.67
EVT-005681,42-389-53049,Long 10H,Delaware Basin,2025-01-28,MAINTENANCE,Quarterly ESP system diagnostic and vibration analysis completed,14.6,13484.08
EVT-005682,42-475-38378,Simmons 1H,Balmorhea,2026-03-26,INSPECTION,Corrosion coupon retrieval and analysis - 2 mpy average rate,43.0,20275.53
EVT-005683,42-475-38378,Simmons 1H,Balmorhea,2026-01-15,INSPECTION,Corrosion coupon retrieval and analysis - 2 mpy average rate,21.2,19037.86
EVT-005684,42-495-66403,Richardson 8H,Pecos Valley,2023-04-04,CHEMICAL_TREATMENT,Surface facility maintenance including separator cleaning and meter calibration,19.3,4886.2
EVT-005685,42-495-66403,Richardson 8H,Pecos Valley,2025-06-30,INSPECTION,Scheduled wellhead maintenance and valve replacement,45.1,7090.36
EVT-005686,42-389-83808,Jackson 12H,Red Hills,2024-04-05,CHEMICAL_TREATMENT,Scheduled wellhead maintenance and valve replacement,40.6,4765.89
EVT-005687,42-301-86440,Long 5H,Wink,2026-02-12,FAILURE,"ESP motor failure due to overheating, well shut-in pending replacement",254.4,264336.42
EVT-005688,42-301-86440,Long 5H,Wink,2026-05-19,WORKOVER,"Tubing leak detected at depth, production ceased for workover",209.0,1655341.02
EVT-005689,42-301-86440,Long 5H,Wink,2026-01-25,FAILURE,"Casing collapse detected during pressure test, integrity compromised",107.6,353401.48
EVT-005690,42-301-86440,Long 5H,Wink,2026-05-27,FAILURE,"Christmas tree valve failure, emergency well control initiated",62.3,61222.61
EVT-005691,42-301-86440,Long 5H,Wink,2026-07-08,FAILURE,"Severe corrosion-induced tubing failure, well flowing up annulus",405.7,285668.36
EVT-005692,42-389-82208,Bailey 6H,Van Horn,2026-04-10,MAINTENANCE,Routine tubing pressure test and casing inspection,47.0,14897.44
EVT-005693,42-389-53969,Stewart 7H,Orla,2023-04-27,MAINTENANCE,"Scale buildup detected in tubing, chemical squeeze scheduled",25.7,1242.26
EVT-005694,42-389-53969,Stewart 7H,Orla,2026-04-14,MAINTENANCE,"Elevated motor temperature detected, monitoring increased frequency",17.6,15659.61
EVT-005695,42-389-53969,Stewart 7H,Orla,2024-04-07,CHEMICAL_TREATMENT,"Intermittent ESP trips due to gas slugging, VSD ramp adjusted",33.0,3615.93
EVT-005696,42-389-53969,Stewart 7H,Orla,2024-08-04,INSPECTION,"Scale buildup detected in tubing, chemical squeeze scheduled",17.2,3717.73
EVT-005697,42-389-53969,Stewart 7H,Orla,2024-08-21,CHEMICAL_TREATMENT,"Sand production increasing, pump wear accelerating",5.1,17521.23
EVT-005698,42-389-53969,Stewart 7H,Orla,2026-06-08,EQUIPMENT_CHANGE,"Sand production increasing, pump wear accelerating",27.2,269122.17
EVT-005699,42-389-90375,Jordan 2H,Coyanosa,2022-08-24,WORKOVER,"Severe corrosion-induced tubing failure, well flowing up annulus",111.7,575589.09
EVT-005700,42-389-90375,Jordan 2H,Coyanosa,2025-01-22,WORKOVER,Complete ESP system failure - motor burnout and pump lockup,659.2,1494657.84
EVT-005701,42-389-90375,Jordan 2H,Coyanosa,2026-03-02,FAILURE,Gas lift valve failure causing complete loss of artificial lift,353.4,493183.03
EVT-005702,42-389-90375,Jordan 2H,Coyanosa,2025-08-18,EQUIPMENT_CHANGE,Gas lift valve failure causing complete loss of artificial lift,100.4,107368.61
EVT-005703,42-389-90375,Jordan 2H,Coyanosa,2023-01-03,WORKOVER,Electrical cable failure on ESP causing complete shutdown,321.0,1169750.51
EVT-005704,42-389-90375,Jordan 2H,Coyanosa,2024-05-04,WORKOVER,Complete ESP system failure - motor burnout and pump lockup,632.6,1452915.24
EVT-005705,42-389-90375,Jordan 2H,Coyanosa,2026-06-22,FAILURE,"Severe corrosion-induced tubing failure, well flowing up annulus",257.4,746817.05
EVT-005706,42-389-90375,Jordan 2H,Coyanosa,2026-07-01,FAILURE,"ESP motor failure due to overheating, well shut-in pending replacement",184.7,753168.81
EVT-005707,42-389-46637,Owens 2H,Coyanosa,2022-08-30,EQUIPMENT_CHANGE,"Tubing leak detected at depth, production ceased for workover",32.6,262765.54
EVT-005708,42-389-46637,Owens 2H,Coyanosa,2024-12-22,FAILURE,Gas lift valve failure causing complete loss of artificial lift,380.1,394219.02
EVT-005709,42-389-46637,Owens 2H,Coyanosa,2026-05-23,FAILURE,"Downhole pump seized due to severe sand production, pulling unit dispatched",394.1,347616.95
EVT-005710,42-389-46637,Owens 2H,Coyanosa,2026-06-22,FAILURE,"Tubing leak detected at depth, production ceased for workover",271.3,538508.16
EVT-005711,42-389-63814,Hart 4H,Culberson County,2025-08-02,MAINTENANCE,Corrosion coupon retrieval and analysis - 2 mpy average rate,43.1,889.39
EVT-005712,42-389-63814,Hart 4H,Culberson County,2024-08-27,MAINTENANCE,Corrosion coupon retrieval and analysis - 2 mpy average rate,15.6,11862.48
EVT-005713,42-109-47351,Ward 7H,Buena Vista,2026-02-05,CHEMICAL_TREATMENT,Scheduled wellhead maintenance and valve replacement,2.9,20458.45
EVT-005714,42-389-87779,Taylor 2H,Coyanosa,2023-11-11,WORKOVER,Complete ESP system failure - motor burnout and pump lockup,640.0,1521097.48
EVT-005715,42-389-87779,Taylor 2H,Coyanosa,2023-09-09,FAILURE,Gas lift valve failure causing complete loss of artificial lift,466.2,315745.0
EVT-005716,42-389-87779,Taylor 2H,Coyanosa,2025-08-30,WORKOVER,Gas lift valve failure causing complete loss of artificial lift,717.5,1128382.77
EVT-005717,42-389-87779,Taylor 2H,Coyanosa,2023-06-15,FAILURE,Gas lift valve failure causing complete loss of artificial lift,278.4,184355.6
EVT-005718,42-389-87779,Taylor 2H,Coyanosa,2026-06-07,FAILURE,Complete ESP system failure - motor burnout and pump lockup,198.2,273871.96
EVT-005719,42-389-87779,Taylor 2H,Coyanosa,2026-03-24,EQUIPMENT_CHANGE,"Tubing leak detected at depth, production ceased for workover",18.1,77110.73
EVT-005720,42-389-87779,Taylor 2H,Coyanosa,2023-09-02,FAILURE,"Christmas tree valve failure, emergency well control initiated",288.7,286521.19
EVT-005721,42-389-87779,Taylor 2H,Coyanosa,2026-07-01,FAILURE,Electrical cable failure on ESP causing complete shutdown,377.0,550005.88
EVT-005722,42-389-87779,Taylor 2H,Coyanosa,2026-07-06,FAILURE,"Severe corrosion-induced tubing failure, well flowing up annulus",360.8,454936.05
EVT-005723,42-475-73050,Evans 9H,Reeves County,2025-10-10,CHEMICAL_TREATMENT,Routine tubing pressure test and casing inspection,2.2,4471.61
EVT-005724,42-475-73050,Evans 9H,Reeves County,2025-11-12,MAINTENANCE,Surface facility maintenance including separator cleaning and meter calibration,26.6,23651.46
EVT-005725,42-475-73050,Evans 9H,Reeves County,2026-06-05,CHEMICAL_TREATMENT,Scheduled wellhead maintenance and valve replacement,17.7,8788.96
EVT-005726,42-475-73050,Evans 9H,Reeves County,2026-02-13,INSPECTION,Routine preventive maintenance on ESP system including motor inspection and cable check,25.4,7397.68
EVT-005727,42-301-84797,Green 1H,Wink,2025-12-07,CHEMICAL_TREATMENT,Routine preventive maintenance on ESP system including motor inspection and cable check,26.8,23578.49
EVT-005728,42-371-73506,Watson 7H,Monahans,2026-06-02,FAILURE,Complete ESP system failure - motor burnout and pump lockup,182.6,190831.68
EVT-005729,42-371-73506,Watson 7H,Monahans,2025-09-11,FAILURE,Gas lift valve failure causing complete loss of artificial lift,352.1,535240.56
EVT-005730,42-371-73506,Watson 7H,Monahans,2026-03-01,FAILURE,Gas lift valve failure causing complete loss of artificial lift,340.4,541703.0
EVT-005731,42-371-73506,Watson 7H,Monahans,2025-06-23,FAILURE,"Tubing leak detected at depth, production ceased for workover",361.6,152875.18
EVT-005732,42-371-73506,Watson 7H,Monahans,2026-07-01,FAILURE,"Tubing leak detected at depth, production ceased for workover",148.8,430600.42
EVT-005733,42-371-73506,Watson 7H,Monahans,2026-06-30,FAILURE,"Severe corrosion-induced tubing failure, well flowing up annulus",127.2,42830.38
EVT-005734,42-301-42181,Roberts 9H,Loving,2025-05-28,CHEMICAL_TREATMENT,Scheduled wellhead maintenance and valve replacement,6.1,20059.79
EVT-005735,42-301-42181,Roberts 9H,Loving,2023-06-29,CHEMICAL_TREATMENT,Corrosion coupon retrieval and analysis - 2 mpy average rate,2.5,3350.96
EVT-005736,42-301-42181,Roberts 9H,Loving,2023-05-05,CHEMICAL_TREATMENT,Annual safety valve inspection and function test completed,36.5,576.26
EVT-005737,42-301-92437,Brooks 8H,Kermit,2024-01-26,MAINTENANCE,Routine tubing pressure test and casing inspection,15.0,9038.22
EVT-005738,42-301-92437,Brooks 8H,Kermit,2025-02-01,MAINTENANCE,Routine tubing pressure test and casing inspection,12.5,4048.22
EVT-005739,42-475-76969,Johnson 10H,Toyah,2025-12-18,MAINTENANCE,Routine tubing pressure test and casing inspection,18.6,6891.56
EVT-005740,42-475-76969,Johnson 10H,Toyah,2026-06-06,CHEMICAL_TREATMENT,Surface facility maintenance including separator cleaning and meter calibration,23.9,15835.01
EVT-005741,42-389-48099,Butler 3V,Monahans,2025-03-14,MAINTENANCE,Corrosion coupon retrieval and analysis - 2 mpy average rate,12.6,23446.15
EVT-005742,42-389-48099,Butler 3V,Monahans,2024-08-02,CHEMICAL_TREATMENT,Routine preventive maintenance on ESP system including motor inspection and cable check,20.4,21643.32
EVT-005743,42-495-84635,Bryant 7H,Orla,2026-06-14,CHEMICAL_TREATMENT,Routine preventive maintenance on ESP system including motor inspection and cable check,19.0,21475.34
EVT-005744,42-495-84635,Bryant 7H,Orla,2025-12-10,MAINTENANCE,Annual safety valve inspection and function test completed,20.9,22189.96
EVT-005745,42-495-84635,Bryant 7H,Orla,2025-07-28,MAINTENANCE,Corrosion coupon retrieval and analysis - 2 mpy average rate,10.5,10522.36
EVT-005746,42-495-84635,Bryant 7H,Orla,2025-10-29,MAINTENANCE,Annual safety valve inspection and function test completed,45.3,8573.42
EVT-005747,42-475-79051,Morris 5H,Wink,2026-01-16,INSPECTION,"Gas lift valve partially plugged, reduced injection efficiency",38.1,23697.81
EVT-005748,42-475-79051,Morris 5H,Wink,2025-06-09,MAINTENANCE,"Gas lift valve partially plugged, reduced injection efficiency",29.8,11633.39
EVT-005749,42-475-79051,Morris 5H,Wink,2025-06-25,CHEMICAL_TREATMENT,"Scale buildup detected in tubing, chemical squeeze scheduled",44.3,2344.86
EVT-005750,42-475-79051,Morris 5H,Wink,2026-05-04,FAILURE,"Elevated motor temperature detected, monitoring increased frequency",258.4,585581.99
EVT-005751,42-389-62096,Jackson 4H,Orla,2023-11-16,MAINTENANCE,Routine preventive maintenance on ESP system including motor inspection and cable check,8.7,3480.39
EVT-005752,42-389-62096,Jackson 4H,Orla,2025-04-20,INSPECTION,Corrosion coupon retrieval and analysis - 2 mpy average rate,42.4,23727.15
EVT-005753,42-389-62096,Jackson 4H,Orla,2023-06-06,MAINTENANCE,Surface facility maintenance including separator cleaning and meter calibration,44.0,19512.0
EVT-005754,42-371-86675,Rogers 1V,Pecos Valley,2025-01-14,INSPECTION,Corrosion coupon retrieval and analysis - 2 mpy average rate,22.4,22271.71
EVT-005755,42-475-62028,Anderson 10H,Culberson County,2025-07-07,CHEMICAL_TREATMENT,Quarterly ESP system diagnostic and vibration analysis completed,30.0,17853.84
EVT-005756,42-475-62028,Anderson 10H,Culberson County,2025-12-20,MAINTENANCE,Annual safety valve inspection and function test completed,15.0,24637.22
EVT-005757,42-475-62028,Anderson 10H,Culberson County,2025-06-06,INSPECTION,Annual safety valve inspection and function test completed,42.9,19482.94
EVT-005758,42-475-62028,Anderson 10H,Culberson County,2026-02-27,INSPECTION,Quarterly ESP system diagnostic and vibration analysis completed,38.4,18736.53
EVT-005759,42-109-72079,Resources 3H,Pecos Valley,2023-04-20,MAINTENANCE,Quarterly ESP system diagnostic and vibration analysis completed,7.6,4505.03
EVT-005760,42-109-72079,Resources 3H,Pecos Valley,2023-04-27,MAINTENANCE,Corrosion coupon retrieval and analysis - 2 mpy average rate,16.8,11314.62
EVT-005761,42-109-72079,Resources 3H,Pecos Valley,2023-08-18,MAINTENANCE,Quarterly ESP system diagnostic and vibration analysis completed,34.5,11136.14
EVT-005762,42-475-61499,Barnes 8H,Loving,2024-11-09,EQUIPMENT_CHANGE,"Casing collapse detected during pressure test, integrity compromised",57.2,151300.41
EVT-005763,42-475-61499,Barnes 8H,Loving,2023-11-18,FAILURE,Complete ESP system failure - motor burnout and pump lockup,167.3,791141.73
EVT-005764,42-475-61499,Barnes 8H,Loving,2024-05-29,WORKOVER,"Casing collapse detected during pressure test, integrity compromised",336.1,1888843.62
EVT-005765,42-475-61499,Barnes 8H,Loving,2025-05-08,EQUIPMENT_CHANGE,"Christmas tree valve failure, emergency well control initiated",131.6,166616.73
EVT-005766,42-475-61499,Barnes 8H,Loving,2025-03-01,EQUIPMENT_CHANGE,"VSD drive failure causing ESP shutdown, replacement ordered",138.5,246367.55
EVT-005767,42-475-61499,Barnes 8H,Loving,2024-04-24,FAILURE,"VSD drive failure causing ESP shutdown, replacement ordered",49.2,685629.24
EVT-005768,42-475-61499,Barnes 8H,Loving,2024-08-31,EQUIPMENT_CHANGE,Gas lift valve failure causing complete loss of artificial lift,152.3,39405.93
EVT-005769,42-475-61499,Barnes 8H,Loving,2024-04-03,FAILURE,Electrical cable failure on ESP causing complete shutdown,241.2,64953.91
EVT-005770,42-475-61499,Barnes 8H,Loving,2026-05-27,FAILURE,Electrical cable failure on ESP causing complete shutdown,266.0,234382.23
EVT-005771,42-475-61499,Barnes 8H,Loving,2026-06-09,FAILURE,"Christmas tree valve failure, emergency well control initiated",310.6,203279.63
EVT-005772,42-389-80895,Rivera 10H,Reeves County,2026-02-24,MAINTENANCE,Corrosion coupon retrieval and analysis - 2 mpy average rate,24.6,3822.01
EVT-005773,42-389-80895,Rivera 10H,Reeves County,2026-02-26,INSPECTION,Annual safety valve inspection and function test completed,23.9,23089.13
EVT-005774,42-389-80895,Rivera 10H,Reeves County,2026-05-10,CHEMICAL_TREATMENT,Annual safety valve inspection and function test completed,22.4,4592.38
EVT-005775,42-389-80895,Rivera 10H,Reeves County,2026-06-01,CHEMICAL_TREATMENT,Routine preventive maintenance on ESP system including motor inspection and cable check,25.2,20120.08
EVT-005776,42-475-54633,Gray 12H,Kermit,2025-02-04,INSPECTION,"Scale buildup detected in tubing, chemical squeeze scheduled",14.9,21498.32
EVT-005777,42-475-54633,Gray 12H,Kermit,2023-07-31,CHEMICAL_TREATMENT,"Intermittent ESP trips due to gas slugging, VSD ramp adjusted",25.9,15873.58
EVT-005778,42-475-54633,Gray 12H,Kermit,2026-02-03,EQUIPMENT_CHANGE,"Sand production increasing, pump wear accelerating",56.5,252648.18
EVT-005779,42-475-54633,Gray 12H,Kermit,2023-10-01,MAINTENANCE,"Gas lift valve partially plugged, reduced injection efficiency",26.0,23300.89
EVT-005780,42-475-54633,Gray 12H,Kermit,2026-06-07,EQUIPMENT_CHANGE,"Increasing water cut trend noted, zone isolation evaluation in progress",149.7,278605.16
EVT-005781,42-109-66469,Hayes 6H,Van Horn,2025-02-11,MAINTENANCE,Corrosion coupon retrieval and analysis - 2 mpy average rate,17.1,6363.13
EVT-005782,42-109-66469,Hayes 6H,Van Horn,2026-02-27,INSPECTION,Scheduled wellhead maintenance and valve replacement,25.3,6189.53
EVT-005783,42-109-66469,Hayes 6H,Van Horn,2025-05-05,CHEMICAL_TREATMENT,Surface facility maintenance including separator cleaning and meter calibration,16.9,1637.1
EVT-005784,42-109-66469,Hayes 6H,Van Horn,2025-08-06,MAINTENANCE,Surface facility maintenance including separator cleaning and meter calibration,40.4,7039.26
EVT-005785,42-475-94078,Scott 9H,Mentone,2025-07-14,CHEMICAL_TREATMENT,Quarterly ESP system diagnostic and vibration analysis completed,21.3,5977.78
EVT-005786,42-475-94078,Scott 9H,Mentone,2025-03-26,INSPECTION,Annual safety valve inspection and function test completed,18.7,8760.39
EVT-005787,42-475-94078,Scott 9H,Mentone,2026-04-14,MAINTENANCE,Annual safety valve inspection and function test completed,8.8,3129.59
EVT-005788,42-389-59771,Nelson 9V,Balmorhea,2026-02-10,INSPECTION,Surface facility maintenance including separator cleaning and meter calibration,2.6,3189.74
EVT-005789,42-389-94660,Woods 7H,Coyanosa,2025-09-01,MAINTENANCE,Surface facility maintenance including separator cleaning and meter calibration,21.5,20044.33
EVT-005790,42-389-74265,Patterson 11H,Ward-Estes,2025-08-13,CHEMICAL_TREATMENT,Routine tubing pressure test and casing inspection,16.1,2523.01
EVT-005791,42-389-52631,Resources 5V,Mentone,2024-12-05,MAINTENANCE,Annual safety valve inspection and function test completed,12.4,5432.53
EVT-005792,42-389-52631,Resources 5V,Mentone,2024-07-24,INSPECTION,Routine tubing pressure test and casing inspection,25.6,16770.2
EVT-005793,42-389-52631,Resources 5V,Mentone,2025-01-29,INSPECTION,Quarterly ESP system diagnostic and vibration analysis completed,23.7,16328.15
EVT-005794,42-109-49297,Johnson 8H,Imperial,2024-08-20,INSPECTION,Surface facility maintenance including separator cleaning and meter calibration,14.5,5986.14
EVT-005795,42-109-49297,Johnson 8H,Imperial,2024-03-09,INSPECTION,Routine preventive maintenance on ESP system including motor inspection and cable check,9.1,2569.55
EVT-005796,42-109-49297,Johnson 8H,Imperial,2025-02-08,INSPECTION,Quarterly ESP system diagnostic and vibration analysis completed,5.8,12350.66
EVT-005797,42-109-49297,Johnson 8H,Imperial,2026-01-26,MAINTENANCE,Routine tubing pressure test and casing inspection,28.1,7824.37
EVT-005798,42-389-31927,Woods 11H,Van Horn,2026-01-24,INSPECTION,Quarterly ESP system diagnostic and vibration analysis completed,40.0,3562.77
EVT-005799,42-389-50848,Edwards 4H,Buena Vista,2025-11-25,INSPECTION,Quarterly ESP system diagnostic and vibration analysis completed,29.8,10854.66
EVT-005800,42-389-50848,Edwards 4H,Buena Vista,2023-10-14,CHEMICAL_TREATMENT,Corrosion coupon retrieval and analysis - 2 mpy average rate,21.8,16808.55
EVT-005801,42-495-50665,Johnson 6H,Orla,2026-05-09,CHEMICAL_TREATMENT,Routine preventive maintenance on ESP system including motor inspection and cable check,36.4,6835.63
EVT-005802,42-495-50665,Johnson 6H,Orla,2026-03-21,CHEMICAL_TREATMENT,Surface facility maintenance including separator cleaning and meter calibration,35.4,22483.04
EVT-005803,42-495-50665,Johnson 6H,Orla,2025-06-14,INSPECTION,Annual safety valve inspection and function test completed,11.9,19246.11
EVT-005804,42-109-79114,Russell 1H,Ward-Estes,2024-12-14,INSPECTION,Scheduled wellhead maintenance and valve replacement,25.0,16280.33
EVT-005805,42-109-79114,Russell 1H,Ward-Estes,2023-09-06,INSPECTION,Routine tubing pressure test and casing inspection,5.1,6984.96
EVT-005806,42-109-79114,Russell 1H,Ward-Estes,2024-01-10,INSPECTION,Annual safety valve inspection and function test completed,18.8,6445.97
EVT-005807,42-389-30859,Hart 1H,Wink,2022-12-28,MAINTENANCE,Routine tubing pressure test and casing inspection,21.0,14719.24
EVT-005808,42-389-30859,Hart 1H,Wink,2024-07-14,CHEMICAL_TREATMENT,Scheduled wellhead maintenance and valve replacement,23.9,8138.67
EVT-005809,42-109-53323,Bennett 12V,Wink,2023-03-24,INSPECTION,Scheduled wellhead maintenance and valve replacement,12.7,12341.62
EVT-005810,42-109-53323,Bennett 12V,Wink,2025-11-06,MAINTENANCE,Scheduled wellhead maintenance and valve replacement,19.8,19059.71
EVT-005811,42-109-53323,Bennett 12V,Wink,2023-07-09,CHEMICAL_TREATMENT,Routine preventive maintenance on ESP system including motor inspection and cable check,25.5,6351.08
EVT-005812,42-109-53323,Bennett 12V,Wink,2026-05-19,MAINTENANCE,Annual safety valve inspection and function test completed,28.3,13494.06
EVT-005813,42-389-97571,Price 10H,Pecos Valley,2025-06-17,MAINTENANCE,Routine tubing pressure test and casing inspection,4.4,17978.46
EVT-005814,42-371-33767,Coleman 11H,Pecos Valley,2026-05-27,MAINTENANCE,Annual safety valve inspection and function test completed,19.8,23643.24
EVT-005815,42-371-33767,Coleman 11H,Pecos Valley,2022-10-25,MAINTENANCE,Scheduled wellhead maintenance and valve replacement,14.0,23519.04
EVT-005816,42-371-33767,Coleman 11H,Pecos Valley,2022-11-11,CHEMICAL_TREATMENT,Corrosion coupon retrieval and analysis - 2 mpy average rate,39.4,10733.2
EVT-005817,42-371-33767,Coleman 11H,Pecos Valley,2025-10-22,MAINTENANCE,Quarterly ESP system diagnostic and vibration analysis completed,14.2,2679.4
EVT-005818,42-475-42183,Wilson 7H,Red Hills,2026-03-23,CHEMICAL_TREATMENT,"Intermittent ESP trips due to gas slugging, VSD ramp adjusted",10.5,1329.87
EVT-005819,42-475-42183,Wilson 7H,Red Hills,2026-06-12,EQUIPMENT_CHANGE,"Sand production increasing, pump wear accelerating",119.0,141642.19
EVT-005820,42-475-42183,Wilson 7H,Red Hills,2026-05-24,EQUIPMENT_CHANGE,"Intermittent ESP trips due to gas slugging, VSD ramp adjusted",91.7,254414.96
EVT-005821,42-389-68036,Kelly 4H,Fort Stockton,2026-04-27,MAINTENANCE,Surface facility maintenance including separator cleaning and meter calibration,27.5,20464.57
EVT-005822,42-389-68036,Kelly 4H,Fort Stockton,2025-12-20,MAINTENANCE,Annual safety valve inspection and function test completed,29.7,12307.9
EVT-005823,42-109-92294,Gibson 2H,Delaware Basin,2025-03-27,CHEMICAL_TREATMENT,"Scale buildup detected in tubing, chemical squeeze scheduled",44.0,24091.57
EVT-005824,42-109-92294,Gibson 2H,Delaware Basin,2025-12-28,EQUIPMENT_CHANGE,"Elevated motor temperature detected, monitoring increased frequency",70.6,284920.86
EVT-005825,42-109-92294,Gibson 2H,Delaware Basin,2026-02-28,CHEMICAL_TREATMENT,"Increasing water cut trend noted, zone isolation evaluation in progress",38.2,20364.98
EVT-005826,42-109-92294,Gibson 2H,Delaware Basin,2025-07-09,EQUIPMENT_CHANGE,"Gas lift valve partially plugged, reduced injection efficiency",69.7,235734.47
EVT-005827,42-109-92294,Gibson 2H,Delaware Basin,2025-04-23,INSPECTION,"Gas lift valve partially plugged, reduced injection efficiency",41.0,14659.99
EVT-005828,42-109-92294,Gibson 2H,Delaware Basin,2025-09-09,EQUIPMENT_CHANGE,"Sand production increasing, pump wear accelerating",38.8,79565.75
EVT-005829,42-109-92294,Gibson 2H,Delaware Basin,2026-06-21,EQUIPMENT_CHANGE,"Elevated motor temperature detected, monitoring increased frequency",162.6,252101.98
EVT-005830,42-475-30627,Hart 7H,Kermit,2023-05-11,CHEMICAL_TREATMENT,Routine tubing pressure test and casing inspection,44.3,19792.68
EVT-005831,42-475-30627,Hart 7H,Kermit,2025-07-21,INSPECTION,Scheduled wellhead maintenance and valve replacement,34.1,9595.02
EVT-005832,42-475-30627,Hart 7H,Kermit,2023-08-21,MAINTENANCE,Annual safety valve inspection and function test completed,13.5,18870.94
EVT-005833,42-389-46847,Mitchell 6V,Orla,2026-01-15,CHEMICAL_TREATMENT,Corrosion coupon retrieval and analysis - 2 mpy average rate,27.5,15138.41
EVT-005834,42-389-46847,Mitchell 6V,Orla,2025-12-13,CHEMICAL_TREATMENT,Scheduled wellhead maintenance and valve replacement,47.3,11852.36
EVT-005835,42-389-46847,Mitchell 6V,Orla,2026-03-21,CHEMICAL_TREATMENT,Corrosion coupon retrieval and analysis - 2 mpy average rate,32.7,9753.94
EVT-005836,42-301-67870,Peterson 5H,Monahans,2025-07-01,CHEMICAL_TREATMENT,Routine preventive maintenance on ESP system including motor inspection and cable check,33.3,16603.74
EVT-005837,42-301-67870,Peterson 5H,Monahans,2023-11-18,MAINTENANCE,Routine tubing pressure test and casing inspection,39.9,2854.85
EVT-005838,42-495-71405,James 11V,Buena Vista,2026-03-06,EQUIPMENT_CHANGE,"Sand production increasing, pump wear accelerating",16.5,102180.05
EVT-005839,42-495-71405,James 11V,Buena Vista,2026-03-25,INSPECTION,"Increasing water cut trend noted, zone isolation evaluation in progress",36.8,7651.31
EVT-005840,42-495-71405,James 11V,Buena Vista,2026-04-04,EQUIPMENT_CHANGE,"Paraffin accumulation restricting flow, hot oil treatment performed",26.1,50113.27
EVT-005841,42-495-71405,James 11V,Buena Vista,2026-05-18,INSPECTION,"Elevated motor temperature detected, monitoring increased frequency",12.1,18367.77
EVT-005842,42-495-71405,James 11V,Buena Vista,2026-03-27,EQUIPMENT_CHANGE,"Paraffin accumulation restricting flow, hot oil treatment performed",84.6,211076.81
EVT-005843,42-495-71405,James 11V,Buena Vista,2026-04-04,MAINTENANCE,"Scale buildup detected in tubing, chemical squeeze scheduled",15.1,12593.84
EVT-005844,42-495-71405,James 11V,Buena Vista,2026-06-22,FAILURE,"Sand production increasing, pump wear accelerating",162.2,666822.81
EVT-005845,42-389-50388,Peterson 2H,Monahans,2023-08-24,CHEMICAL_TREATMENT,Annual safety valve inspection and function test completed,38.4,20675.82
EVT-005846,42-389-50388,Peterson 2H,Monahans,2024-06-04,INSPECTION,Quarterly ESP system diagnostic and vibration analysis completed,12.3,7720.23
EVT-005847,42-389-50388,Peterson 2H,Monahans,2024-09-23,CHEMICAL_TREATMENT,Routine tubing pressure test and casing inspection,4.5,5971.94
EVT-005848,42-389-81067,Land Trust 12H,Loving,2024-05-07,INSPECTION,Corrosion coupon retrieval and analysis - 2 mpy average rate,38.6,23968.3
EVT-005849,42-389-81067,Land Trust 12H,Loving,2026-01-20,MAINTENANCE,Routine tubing pressure test and casing inspection,41.0,2711.31
EVT-005850,42-371-86344,Wheeler 7V,Buena Vista,2026-04-26,CHEMICAL_TREATMENT,Routine tubing pressure test and casing inspection,29.1,12009.66
EVT-005851,42-371-86344,Wheeler 7V,Buena Vista,2026-04-05,CHEMICAL_TREATMENT,Annual safety valve inspection and function test completed,14.0,8614.27
EVT-005852,42-301-99090,Nelson 8H,Mentone,2026-06-10,INSPECTION,Annual safety valve inspection and function test completed,18.0,22157.56
EVT-005853,42-301-99090,Nelson 8H,Mentone,2026-02-02,INSPECTION,Corrosion coupon retrieval and analysis - 2 mpy average rate,35.6,18067.2
EVT-005854,42-389-72975,Jordan 8H,Wink,2024-12-29,CHEMICAL_TREATMENT,Annual safety valve inspection and function test completed,38.6,1489.97
EVT-005855,42-389-72975,Jordan 8H,Wink,2024-05-20,INSPECTION,Routine tubing pressure test and casing inspection,2.8,2718.12
EVT-005856,42-371-57934,Coleman 6H,Coyanosa,2025-07-18,MAINTENANCE,Surface facility maintenance including separator cleaning and meter calibration,16.8,22075.21
EVT-005857,42-371-57934,Coleman 6H,Coyanosa,2023-09-08,MAINTENANCE,Annual safety valve inspection and function test completed,6.6,8907.85
EVT-005858,42-109-37261,Butler 10H,Monahans,2025-01-25,INSPECTION,Surface facility maintenance including separator cleaning and meter calibration,33.1,4511.72
EVT-005859,42-109-37261,Butler 10H,Monahans,2025-09-06,MAINTENANCE,Quarterly ESP system diagnostic and vibration analysis completed,5.7,18827.33
EVT-005860,42-109-37261,Butler 10H,Monahans,2025-03-01,INSPECTION,Quarterly ESP system diagnostic and vibration analysis completed,21.5,5221.04
EVT-005861,42-389-98579,James 8H,Culberson County,2023-06-15,MAINTENANCE,Annual safety valve inspection and function test completed,41.8,10086.66
EVT-005862,42-389-98579,James 8H,Culberson County,2024-07-28,MAINTENANCE,Annual safety valve inspection and function test completed,33.0,23634.84
EVT-005863,42-389-98579,James 8H,Culberson County,2025-08-01,MAINTENANCE,Surface facility maintenance including separator cleaning and meter calibration,44.4,21099.29
EVT-005864,42-389-98579,James 8H,Culberson County,2026-01-14,CHEMICAL_TREATMENT,Annual safety valve inspection and function test completed,12.4,12818.43
EVT-005865,42-475-92050,Turner 4H,Culberson County,2024-03-29,MAINTENANCE,Routine tubing pressure test and casing inspection,30.1,574.56
EVT-005866,42-389-46178,Watson 6H,Orla,2025-04-26,CHEMICAL_TREATMENT,Routine preventive maintenance on ESP system including motor inspection and cable check,14.8,16056.62
EVT-005867,42-389-46178,Watson 6H,Orla,2025-07-08,CHEMICAL_TREATMENT,Routine preventive maintenance on ESP system including motor inspection and cable check,8.2,22813.97
EVT-005868,42-389-46178,Watson 6H,Orla,2026-02-03,MAINTENANCE,Routine preventive maintenance on ESP system including motor inspection and cable check,16.1,4355.44
EVT-005869,42-389-46178,Watson 6H,Orla,2025-07-27,CHEMICAL_TREATMENT,Annual safety valve inspection and function test completed,21.2,10053.31
EVT-005870,42-371-31861,Simmons 12H,Kermit,2023-12-14,EQUIPMENT_CHANGE,"Increasing water cut trend noted, zone isolation evaluation in progress",105.3,188603.0
EVT-005871,42-371-31861,Simmons 12H,Kermit,2024-08-04,MAINTENANCE,"Elevated motor temperature detected, monitoring increased frequency",36.0,18812.59
EVT-005872,42-371-31861,Simmons 12H,Kermit,2025-05-30,EQUIPMENT_CHANGE,"Gas lift valve partially plugged, reduced injection efficiency",94.4,199582.77
EVT-005873,42-371-31861,Simmons 12H,Kermit,2026-02-14,INSPECTION,"Sand production increasing, pump wear accelerating",4.8,14228.58
EVT-005874,42-371-31861,Simmons 12H,Kermit,2023-09-14,EQUIPMENT_CHANGE,"Intermittent ESP trips due to gas slugging, VSD ramp adjusted",165.7,29422.68
EVT-005875,42-371-31861,Simmons 12H,Kermit,2026-06-14,EQUIPMENT_CHANGE,"Intermittent ESP trips due to gas slugging, VSD ramp adjusted",41.3,21360.59
EVT-005876,42-371-90687,Powell 3H,Delaware Basin,2024-12-07,CHEMICAL_TREATMENT,Scheduled wellhead maintenance and valve replacement,23.2,3611.88
EVT-005877,42-371-90687,Powell 3H,Delaware Basin,2025-09-29,INSPECTION,Annual safety valve inspection and function test completed,44.6,10557.59
EVT-005878,42-371-90687,Powell 3H,Delaware Basin,2025-02-14,CHEMICAL_TREATMENT,Routine preventive maintenance on ESP system including motor inspection and cable check,26.5,21196.61
EVT-005879,42-475-89616,Cole 7H,Kermit,2026-01-26,CHEMICAL_TREATMENT,Surface facility maintenance including separator cleaning and meter calibration,41.7,10796.48
EVT-005880,42-475-89616,Cole 7H,Kermit,2024-10-31,MAINTENANCE,Routine tubing pressure test and casing inspection,46.7,3996.34
EVT-005881,42-475-89616,Cole 7H,Kermit,2024-01-11,INSPECTION,Routine tubing pressure test and casing inspection,20.4,9711.19
EVT-005882,42-475-89616,Cole 7H,Kermit,2026-01-07,CHEMICAL_TREATMENT,Routine preventive maintenance on ESP system including motor inspection and cable check,6.0,4287.11
EVT-005883,42-301-63584,Mitchell 6H,Kermit,2024-07-12,CHEMICAL_TREATMENT,Routine preventive maintenance on ESP system including motor inspection and cable check,38.1,2972.85
EVT-005884,42-301-63584,Mitchell 6H,Kermit,2025-10-25,INSPECTION,Surface facility maintenance including separator cleaning and meter calibration,32.7,4424.88
EVT-005885,42-389-84002,Reed 2H,Monahans,2023-12-17,CHEMICAL_TREATMENT,Annual safety valve inspection and function test completed,18.9,24449.68
EVT-005886,42-389-84002,Reed 2H,Monahans,2023-10-27,CHEMICAL_TREATMENT,Corrosion coupon retrieval and analysis - 2 mpy average rate,42.5,14377.35
EVT-005887,42-389-84002,Reed 2H,Monahans,2026-04-06,INSPECTION,Routine tubing pressure test and casing inspection,47.9,17458.29
EVT-005888,42-475-79033,Morgan 3H,Buena Vista,2026-01-17,MAINTENANCE,Quarterly ESP system diagnostic and vibration analysis completed,28.6,17827.51
EVT-005889,42-475-79033,Morgan 3H,Buena Vista,2024-10-28,INSPECTION,Corrosion coupon retrieval and analysis - 2 mpy average rate,41.2,12261.16
EVT-005890,42-389-73649,King 12V,Loving,2025-10-23,MAINTENANCE,Quarterly ESP system diagnostic and vibration analysis completed,24.2,5476.06
EVT-005891,42-389-73649,King 12V,Loving,2024-10-18,MAINTENANCE,Quarterly ESP system diagnostic and vibration analysis completed,8.3,21253.77
EVT-005892,42-389-73649,King 12V,Loving,2024-03-25,MAINTENANCE,Annual safety valve inspection and function test completed,20.1,1006.82
EVT-005893,42-301-72317,Gibson 4H,Pecos Valley,2025-11-10,INSPECTION,Corrosion coupon retrieval and analysis - 2 mpy average rate,21.7,8603.65
EVT-005894,42-301-72317,Gibson 4H,Pecos Valley,2026-01-15,CHEMICAL_TREATMENT,Annual safety valve inspection and function test completed,30.3,1398.04
EVT-005895,42-389-92344,Flores 9H,Fort Stockton,2025-05-30,MAINTENANCE,Annual safety valve inspection and function test completed,9.5,17787.2
EVT-005896,42-389-92344,Flores 9H,Fort Stockton,2025-06-29,MAINTENANCE,Annual safety valve inspection and function test completed,28.5,12836.38
EVT-005897,42-389-92344,Flores 9H,Fort Stockton,2024-07-15,MAINTENANCE,Quarterly ESP system diagnostic and vibration analysis completed,6.1,6571.27
EVT-005898,42-475-74453,West 11H,Ward-Estes,2026-03-24,MAINTENANCE,Corrosion coupon retrieval and analysis - 2 mpy average rate,4.5,17557.79
EVT-005899,42-495-76658,Davis 7H,Mentone,2026-05-14,INSPECTION,Quarterly ESP system diagnostic and vibration analysis completed,9.1,12530.37
EVT-005900,42-495-76658,Davis 7H,Mentone,2025-11-06,INSPECTION,Corrosion coupon retrieval and analysis - 2 mpy average rate,38.3,20838.19
EVT-005901,42-495-76658,Davis 7H,Mentone,2026-02-28,INSPECTION,Annual safety valve inspection and function test completed,27.6,18332.24
EVT-005902,42-495-76658,Davis 7H,Mentone,2025-11-30,MAINTENANCE,Corrosion coupon retrieval and analysis - 2 mpy average rate,40.8,15856.61
EVT-005903,42-371-76698,Cattle Co 3H,Red Hills,2023-01-06,MAINTENANCE,Quarterly ESP system diagnostic and vibration analysis completed,23.7,11616.4
EVT-005904,42-371-76698,Cattle Co 3H,Red Hills,2023-12-23,MAINTENANCE,Surface facility maintenance including separator cleaning and meter calibration,20.5,8921.77
EVT-005905,42-371-76698,Cattle Co 3H,Red Hills,2025-10-21,INSPECTION,Annual safety valve inspection and function test completed,44.2,16580.5
EVT-005906,42-371-95691,Taylor 4H,Buena Vista,2024-11-02,INSPECTION,Routine preventive maintenance on ESP system including motor inspection and cable check,29.8,21821.22
EVT-005907,42-371-95691,Taylor 4H,Buena Vista,2023-06-18,CHEMICAL_TREATMENT,Annual safety valve inspection and function test completed,44.7,24377.3
EVT-005908,42-371-95691,Taylor 4H,Buena Vista,2022-10-12,INSPECTION,Corrosion coupon retrieval and analysis - 2 mpy average rate,27.1,17671.26
EVT-005909,42-371-95691,Taylor 4H,Buena Vista,2023-08-05,MAINTENANCE,Surface facility maintenance including separator cleaning and meter calibration,21.8,16198.57
EVT-005910,42-389-72026,Wood 3H,Pecos Valley,2026-01-21,CHEMICAL_TREATMENT,Annual safety valve inspection and function test completed,41.9,24573.09
EVT-005911,42-389-72026,Wood 3H,Pecos Valley,2025-10-26,INSPECTION,Quarterly ESP system diagnostic and vibration analysis completed,46.2,9402.12
EVT-005912,42-389-72026,Wood 3H,Pecos Valley,2026-01-19,MAINTENANCE,Quarterly ESP system diagnostic and vibration analysis completed,23.5,3091.17
EVT-005913,42-389-72026,Wood 3H,Pecos Valley,2024-11-05,CHEMICAL_TREATMENT,Routine preventive maintenance on ESP system including motor inspection and cable check,37.8,14112.1
EVT-005914,42-109-72733,Nelson 10V,Buena Vista,2025-11-05,MAINTENANCE,Quarterly ESP system diagnostic and vibration analysis completed,33.9,20893.23
EVT-005915,42-109-72733,Nelson 10V,Buena Vista,2025-09-07,CHEMICAL_TREATMENT,Corrosion coupon retrieval and analysis - 2 mpy average rate,24.3,4438.43
EVT-005916,42-109-59215,Rivera 8H,Pecos Valley,2025-06-05,EQUIPMENT_CHANGE,Emulsion issues at separator requiring increased demulsifier dosage,167.6,242582.6
EVT-005917,42-109-59215,Rivera 8H,Pecos Valley,2024-01-23,CHEMICAL_TREATMENT,"Elevated motor temperature detected, monitoring increased frequency",32.7,17048.54
EVT-005918,42-109-59215,Rivera 8H,Pecos Valley,2023-11-07,MAINTENANCE,"Intermittent ESP trips due to gas slugging, VSD ramp adjusted",24.5,6974.93
EVT-005919,42-109-59215,Rivera 8H,Pecos Valley,2025-05-10,EQUIPMENT_CHANGE,"Sand production increasing, pump wear accelerating",33.3,151159.67
EVT-005920,42-109-59215,Rivera 8H,Pecos Valley,2026-05-13,EQUIPMENT_CHANGE,"Paraffin accumulation restricting flow, hot oil treatment performed",84.4,240045.77
EVT-005921,42-389-80296,Howard 4H,Kermit,2026-01-15,INSPECTION,Scheduled wellhead maintenance and valve replacement,32.1,10477.62
EVT-005922,42-389-80296,Howard 4H,Kermit,2026-06-03,INSPECTION,Annual safety valve inspection and function test completed,35.1,18446.49
EVT-005923,42-389-80296,Howard 4H,Kermit,2026-02-05,MAINTENANCE,Corrosion coupon retrieval and analysis - 2 mpy average rate,2.6,12884.72
EVT-005924,42-389-80296,Howard 4H,Kermit,2026-04-05,CHEMICAL_TREATMENT,Scheduled wellhead maintenance and valve replacement,44.9,23858.62
EVT-005925,42-389-30973,Ross 1H,Monahans,2025-12-05,INSPECTION,Routine tubing pressure test and casing inspection,23.9,4900.44
EVT-005926,42-389-30973,Ross 1H,Monahans,2024-09-09,INSPECTION,Surface facility maintenance including separator cleaning and meter calibration,41.8,7696.54
EVT-005927,42-389-79921,Adams 5H,Red Hills,2025-02-11,MAINTENANCE,"Paraffin accumulation restricting flow, hot oil treatment performed",11.8,7190.39
EVT-005928,42-389-79921,Adams 5H,Red Hills,2024-05-26,EQUIPMENT_CHANGE,Emulsion issues at separator requiring increased demulsifier dosage,80.0,37966.23
EVT-005929,42-389-79921,Adams 5H,Red Hills,2026-03-23,MAINTENANCE,"Intermittent ESP trips due to gas slugging, VSD ramp adjusted",4.4,23341.81
EVT-005930,42-389-79921,Adams 5H,Red Hills,2026-04-24,FAILURE,"Gas lift valve partially plugged, reduced injection efficiency",279.7,330817.07
EVT-005931,42-371-45386,Resources 12V,Culberson County,2025-07-31,FAILURE,"Christmas tree valve failure, emergency well control initiated",303.2,381761.14
EVT-005932,42-371-45386,Resources 12V,Culberson County,2025-08-20,FAILURE,"Downhole pump seized due to severe sand production, pulling unit dispatched",203.3,700567.11
EVT-005933,42-371-45386,Resources 12V,Culberson County,2025-11-01,FAILURE,"Severe corrosion-induced tubing failure, well flowing up annulus",130.0,740356.51
EVT-005934,42-371-45386,Resources 12V,Culberson County,2025-10-21,WORKOVER,"Rod parting at depth, well dead, workover rig scheduled",52.4,1398966.75
EVT-005935,42-371-45386,Resources 12V,Culberson County,2025-10-09,FAILURE,"Downhole pump seized due to severe sand production, pulling unit dispatched",326.6,217317.04
EVT-005936,42-371-45386,Resources 12V,Culberson County,2025-06-22,WORKOVER,"Christmas tree valve failure, emergency well control initiated",345.8,307905.02
EVT-005937,42-371-45386,Resources 12V,Culberson County,2026-06-29,FAILURE,Gas lift valve failure causing complete loss of artificial lift,345.6,253185.07
EVT-005938,42-371-45386,Resources 12V,Culberson County,2026-07-04,FAILURE,"Hole in tubing at 6500ft, severe production loss and gas migration",360.4,688281.76
EVT-005939,42-371-65173,James 5H,Ward-Estes,2025-02-14,INSPECTION,Corrosion coupon retrieval and analysis - 2 mpy average rate,33.9,21367.92
EVT-005940,42-371-65173,James 5H,Ward-Estes,2025-08-29,INSPECTION,Routine preventive maintenance on ESP system including motor inspection and cable check,42.1,6788.67
EVT-005941,42-475-96255,King 6V,Balmorhea,2025-12-25,WORKOVER,"Rod parting at depth, well dead, workover rig scheduled",230.5,1657831.72
EVT-005942,42-475-96255,King 6V,Balmorhea,2025-09-04,FAILURE,"Downhole pump seized due to severe sand production, pulling unit dispatched",334.5,501362.76
EVT-005943,42-475-96255,King 6V,Balmorhea,2025-08-03,WORKOVER,"Tubing leak detected at depth, production ceased for workover",81.4,315782.53
EVT-005944,42-475-96255,King 6V,Balmorhea,2025-08-01,EQUIPMENT_CHANGE,"Christmas tree valve failure, emergency well control initiated",150.2,157129.37
EVT-005945,42-475-96255,King 6V,Balmorhea,2025-05-07,FAILURE,"Downhole pump seized due to severe sand production, pulling unit dispatched",418.9,580868.44
EVT-005946,42-475-96255,King 6V,Balmorhea,2026-02-23,EQUIPMENT_CHANGE,"Downhole pump seized due to severe sand production, pulling unit dispatched",121.2,238611.87
EVT-005947,42-475-96255,King 6V,Balmorhea,2026-07-08,FAILURE,"Rod parting at depth, well dead, workover rig scheduled",363.9,633544.79
EVT-005948,42-475-96255,King 6V,Balmorhea,2026-05-30,FAILURE,"ESP motor failure due to overheating, well shut-in pending replacement",274.3,184454.01
EVT-005949,42-389-85293,Powell 3H,Mentone,2024-04-21,INSPECTION,Annual safety valve inspection and function test completed,24.2,21279.5
EVT-005950,42-495-49322,Peterson 1H,Buena Vista,2025-01-29,CHEMICAL_TREATMENT,Quarterly ESP system diagnostic and vibration analysis completed,14.8,20418.16
EVT-005951,42-495-49322,Peterson 1H,Buena Vista,2024-03-18,INSPECTION,Annual safety valve inspection and function test completed,20.5,10571.94
EVT-005952,42-389-56144,Cook 9H,Buena Vista,2026-03-08,WORKOVER,"Rod parting at depth, well dead, workover rig scheduled",325.0,598831.48
EVT-005953,42-389-56144,Cook 9H,Buena Vista,2024-10-22,EQUIPMENT_CHANGE,"ESP motor failure due to overheating, well shut-in pending replacement",159.2,109692.15
EVT-005954,42-389-56144,Cook 9H,Buena Vista,2025-10-15,EQUIPMENT_CHANGE,"Hole in tubing at 6500ft, severe production loss and gas migration",60.1,148471.22
EVT-005955,42-389-56144,Cook 9H,Buena Vista,2025-10-22,WORKOVER,"Rod parting at depth, well dead, workover rig scheduled",398.5,1523365.89
EVT-005956,42-389-56144,Cook 9H,Buena Vista,2025-03-09,WORKOVER,"Downhole pump seized due to severe sand production, pulling unit dispatched",266.1,1733965.28
EVT-005957,42-389-56144,Cook 9H,Buena Vista,2026-05-27,FAILURE,"Severe corrosion-induced tubing failure, well flowing up annulus",185.4,216808.47
EVT-005958,42-389-56144,Cook 9H,Buena Vista,2026-06-07,FAILURE,"Christmas tree valve failure, emergency well control initiated",75.7,356511.81
EVT-005959,42-475-30937,Cox 9H,Orla,2026-01-22,MAINTENANCE,Surface facility maintenance including separator cleaning and meter calibration,26.3,11904.16
EVT-005960,42-475-30937,Cox 9H,Orla,2026-04-07,INSPECTION,Annual safety valve inspection and function test completed,8.6,16377.73
EVT-005961,42-475-30937,Cox 9H,Orla,2025-06-29,INSPECTION,Surface facility maintenance including separator cleaning and meter calibration,33.1,15098.36
EVT-005962,42-389-86020,Fisher 6H,Fort Stockton,2026-04-09,CHEMICAL_TREATMENT,Quarterly ESP system diagnostic and vibration analysis completed,28.2,21346.97
EVT-005963,42-389-86020,Fisher 6H,Fort Stockton,2024-06-22,CHEMICAL_TREATMENT,Annual safety valve inspection and function test completed,21.7,20701.58
EVT-005964,42-495-74676,Campbell 8H,Culberson County,2026-04-19,INSPECTION,"Increasing water cut trend noted, zone isolation evaluation in progress",28.7,19028.01
EVT-005965,42-495-74676,Campbell 8H,Culberson County,2026-06-05,EQUIPMENT_CHANGE,"Gas lift valve partially plugged, reduced injection efficiency",149.0,162666.1
EVT-005966,42-495-74676,Campbell 8H,Culberson County,2026-05-27,INSPECTION,"Intermittent ESP trips due to gas slugging, VSD ramp adjusted",15.7,1457.6
EVT-005967,42-495-74676,Campbell 8H,Culberson County,2026-05-17,FAILURE,"Increasing water cut trend noted, zone isolation evaluation in progress",411.1,296035.8
EVT-005968,42-109-74914,Sanders 3H,Toyah,2026-06-02,CHEMICAL_TREATMENT,"Sand production increasing, pump wear accelerating",24.4,6871.41
EVT-005969,42-109-74914,Sanders 3H,Toyah,2026-01-17,INSPECTION,"Gas lift valve partially plugged, reduced injection efficiency",3.3,10429.91
EVT-005970,42-109-74914,Sanders 3H,Toyah,2024-12-07,EQUIPMENT_CHANGE,"Elevated motor temperature detected, monitoring increased frequency",32.3,116418.38
EVT-005971,42-109-74914,Sanders 3H,Toyah,2026-05-05,EQUIPMENT_CHANGE,"Gas lift valve partially plugged, reduced injection efficiency",68.2,33054.33
EVT-005972,42-495-53254,Richardson 1H,Wink,2026-03-26,CHEMICAL_TREATMENT,"Elevated motor temperature detected, monitoring increased frequency",11.8,12498.47
EVT-005973,42-495-53254,Richardson 1H,Wink,2026-03-21,MAINTENANCE,"Sand production increasing, pump wear accelerating",42.9,14837.15
EVT-005974,42-495-53254,Richardson 1H,Wink,2026-01-15,CHEMICAL_TREATMENT,"Scale buildup detected in tubing, chemical squeeze scheduled",2.2,5168.24
EVT-005975,42-495-53254,Richardson 1H,Wink,2025-01-03,MAINTENANCE,"Intermittent ESP trips due to gas slugging, VSD ramp adjusted",11.9,24736.3
EVT-005976,42-495-53254,Richardson 1H,Wink,2026-05-30,EQUIPMENT_CHANGE,"Sand production increasing, pump wear accelerating",16.1,145161.71
EVT-005977,42-495-53254,Richardson 1H,Wink,2026-05-07,EQUIPMENT_CHANGE,"Increasing water cut trend noted, zone isolation evaluation in progress",51.1,253738.74
EVT-005978,42-371-49441,Cooper 7V,Ward-Estes,2024-08-13,WORKOVER,"Tubing leak detected at depth, production ceased for workover",445.9,365808.03
EVT-005979,42-371-49441,Cooper 7V,Ward-Estes,2025-12-30,WORKOVER,"Casing collapse detected during pressure test, integrity compromised",517.5,555180.36
EVT-005980,42-371-49441,Cooper 7V,Ward-Estes,2025-02-04,WORKOVER,"Severe corrosion-induced tubing failure, well flowing up annulus",165.8,1490928.66
EVT-005981,42-371-49441,Cooper 7V,Ward-Estes,2025-11-03,FAILURE,Complete ESP system failure - motor burnout and pump lockup,236.5,470966.78
EVT-005982,42-371-49441,Cooper 7V,Ward-Estes,2025-05-17,WORKOVER,Complete ESP system failure - motor burnout and pump lockup,158.0,1923643.13
EVT-005983,42-371-49441,Cooper 7V,Ward-Estes,2024-10-03,WORKOVER,"Downhole pump seized due to severe sand production, pulling unit dispatched",552.4,370071.28
EVT-005984,42-371-49441,Cooper 7V,Ward-Estes,2025-04-11,FAILURE,"VSD drive failure causing ESP shutdown, replacement ordered",56.2,164534.97
EVT-005985,42-371-49441,Cooper 7V,Ward-Estes,2026-05-30,FAILURE,"Severe corrosion-induced tubing failure, well flowing up annulus",98.8,437163.5
EVT-005986,42-371-49441,Cooper 7V,Ward-Estes,2026-06-07,FAILURE,"Tubing leak detected at depth, production ceased for workover",454.8,172138.38
EVT-005987,42-389-65038,Campbell 5H,Wink,2026-02-27,INSPECTION,Quarterly ESP system diagnostic and vibration analysis completed,38.1,4585.65
EVT-005988,42-389-65038,Campbell 5H,Wink,2026-02-25,INSPECTION,Routine tubing pressure test and casing inspection,44.0,3502.33
EVT-005989,42-389-65038,Campbell 5H,Wink,2026-06-02,CHEMICAL_TREATMENT,Surface facility maintenance including separator cleaning and meter calibration,17.5,19513.12
EVT-005990,42-475-71781,Watson 11V,Van Horn,2026-06-14,MAINTENANCE,Surface facility maintenance including separator cleaning and meter calibration,31.0,22788.45
EVT-005991,42-475-94238,Owens 8H,Ward-Estes,2025-01-25,CHEMICAL_TREATMENT,Routine preventive maintenance on ESP system including motor inspection and cable check,28.9,18191.2
EVT-005992,42-475-94238,Owens 8H,Ward-Estes,2026-02-23,INSPECTION,Corrosion coupon retrieval and analysis - 2 mpy average rate,34.2,20871.96
EVT-005993,42-475-94238,Owens 8H,Ward-Estes,2025-05-03,CHEMICAL_TREATMENT,Routine tubing pressure test and casing inspection,7.0,13620.9
EVT-005994,42-475-34526,Ellis 10H,Reeves County,2025-02-24,INSPECTION,Scheduled wellhead maintenance and valve replacement,45.4,8390.71
EVT-005995,42-475-34526,Ellis 10H,Reeves County,2026-01-25,INSPECTION,Scheduled wellhead maintenance and valve replacement,8.4,24976.88
EVT-005996,42-475-34526,Ellis 10H,Reeves County,2026-02-12,CHEMICAL_TREATMENT,Routine tubing pressure test and casing inspection,11.2,20506.39
EVT-005997,42-301-41995,Richardson 5H,Toyah,2026-04-20,EQUIPMENT_CHANGE,"VSD drive failure causing ESP shutdown, replacement ordered",149.9,263846.66
EVT-005998,42-301-41995,Richardson 5H,Toyah,2025-12-29,EQUIPMENT_CHANGE,"ESP motor failure due to overheating, well shut-in pending replacement",167.5,288182.0
EVT-005999,42-301-41995,Richardson 5H,Toyah,2026-06-21,FAILURE,"Hole in tubing at 6500ft, severe production loss and gas migration",133.0,768961.65
EVT-006000,42-301-41995,Richardson 5H,Toyah,2026-06-18,FAILURE,"Casing collapse detected during pressure test, integrity compromised",359.2,790153.83
EVT-006001,42-389-69741,Land Trust 4H,Imperial,2025-11-18,CHEMICAL_TREATMENT,Corrosion coupon retrieval and analysis - 2 mpy average rate,22.8,1779.96
EVT-006002,42-389-69741,Land Trust 4H,Imperial,2025-10-10,MAINTENANCE,Corrosion coupon retrieval and analysis - 2 mpy average rate,21.1,10051.59
EVT-006003,42-389-69741,Land Trust 4H,Imperial,2026-05-02,CHEMICAL_TREATMENT,Routine preventive maintenance on ESP system including motor inspection and cable check,20.2,19836.38
EVT-006004,42-371-76097,Patterson 11H,Balmorhea,2024-11-22,CHEMICAL_TREATMENT,Routine tubing pressure test and casing inspection,21.6,23919.59
EVT-006005,42-371-76097,Patterson 11H,Balmorhea,2024-10-02,CHEMICAL_TREATMENT,Surface facility maintenance including separator cleaning and meter calibration,26.3,9711.3
EVT-006006,42-371-41753,Brooks 5H,Balmorhea,2025-07-13,CHEMICAL_TREATMENT,Quarterly ESP system diagnostic and vibration analysis completed,7.1,8211.58
EVT-006007,42-371-41753,Brooks 5H,Balmorhea,2024-10-26,INSPECTION,Surface facility maintenance including separator cleaning and meter calibration,37.3,19198.3
EVT-006008,42-371-41753,Brooks 5H,Balmorhea,2025-09-26,CHEMICAL_TREATMENT,Scheduled wellhead maintenance and valve replacement,14.0,24943.86
EVT-006009,42-475-39652,Edwards 6V,Imperial,2024-04-28,MAINTENANCE,Routine tubing pressure test and casing inspection,25.5,16012.11
EVT-006010,42-475-39652,Edwards 6V,Imperial,2024-01-17,INSPECTION,Corrosion coupon retrieval and analysis - 2 mpy average rate,31.8,23338.91
EVT-006011,42-475-39652,Edwards 6V,Imperial,2023-09-20,CHEMICAL_TREATMENT,Quarterly ESP system diagnostic and vibration analysis completed,25.7,1670.74
EVT-006012,42-475-56485,Hughes 12H,Culberson County,2025-06-27,FAILURE,Electrical cable failure on ESP causing complete shutdown,177.3,431809.95
EVT-006013,42-475-56485,Hughes 12H,Culberson County,2025-02-11,WORKOVER,"VSD drive failure causing ESP shutdown, replacement ordered",468.4,436803.51
EVT-006014,42-475-56485,Hughes 12H,Culberson County,2026-07-09,FAILURE,"Severe corrosion-induced tubing failure, well flowing up annulus",309.5,241188.37
EVT-006015,42-475-56485,Hughes 12H,Culberson County,2026-06-13,FAILURE,"Downhole pump seized due to severe sand production, pulling unit dispatched",259.3,536809.78
EVT-006016,42-371-84675,Russell 11H,Coyanosa,2025-07-20,CHEMICAL_TREATMENT,Quarterly ESP system diagnostic and vibration analysis completed,25.4,23894.86
EVT-006017,42-371-84675,Russell 11H,Coyanosa,2025-10-26,INSPECTION,Scheduled wellhead maintenance and valve replacement,17.2,7850.06
EVT-006018,42-371-84675,Russell 11H,Coyanosa,2025-10-03,INSPECTION,Routine tubing pressure test and casing inspection,40.2,2238.98
EVT-006019,42-371-84675,Russell 11H,Coyanosa,2026-02-23,INSPECTION,Routine preventive maintenance on ESP system including motor inspection and cable check,33.5,6805.0
EVT-006020,42-371-30914,State 11V,Kermit,2026-04-18,CHEMICAL_TREATMENT,Surface facility maintenance including separator cleaning and meter calibration,33.3,14844.37
EVT-006021,42-371-30914,State 11V,Kermit,2023-12-02,CHEMICAL_TREATMENT,Routine preventive maintenance on ESP system including motor inspection and cable check,36.1,18994.84
EVT-006022,42-371-30914,State 11V,Kermit,2022-05-03,INSPECTION,Scheduled wellhead maintenance and valve replacement,30.9,9310.13
EVT-006023,42-389-84379,Alexander 7H,Kermit,2026-05-05,EQUIPMENT_CHANGE,"Rod parting at depth, well dead, workover rig scheduled",28.5,142783.22
EVT-006024,42-389-84379,Alexander 7H,Kermit,2025-11-19,FAILURE,Gas lift valve failure causing complete loss of artificial lift,396.3,792382.95
EVT-006025,42-389-84379,Alexander 7H,Kermit,2026-03-26,FAILURE,"Rod parting at depth, well dead, workover rig scheduled",283.9,295262.91
EVT-006026,42-389-84379,Alexander 7H,Kermit,2026-02-24,FAILURE,"Severe corrosion-induced tubing failure, well flowing up annulus",199.8,393316.28
EVT-006027,42-389-84379,Alexander 7H,Kermit,2026-05-23,EQUIPMENT_CHANGE,"ESP motor failure due to overheating, well shut-in pending replacement",29.4,211287.54
EVT-006028,42-389-84379,Alexander 7H,Kermit,2026-03-17,FAILURE,"Hole in tubing at 6500ft, severe production loss and gas migration",344.2,676795.01
EVT-006029,42-389-84379,Alexander 7H,Kermit,2026-01-28,FAILURE,"Downhole pump seized due to severe sand production, pulling unit dispatched",261.1,579528.29
EVT-006030,42-389-84379,Alexander 7H,Kermit,2026-03-07,FAILURE,"Christmas tree valve failure, emergency well control initiated",287.2,727498.04
EVT-006031,42-389-84379,Alexander 7H,Kermit,2026-06-02,FAILURE,"VSD drive failure causing ESP shutdown, replacement ordered",332.0,71659.89
EVT-006032,42-389-84379,Alexander 7H,Kermit,2026-06-03,FAILURE,"Tubing leak detected at depth, production ceased for workover",245.5,29110.74
EVT-006033,42-389-43076,Land Trust 9V,Mentone,2024-05-18,MAINTENANCE,Scheduled wellhead maintenance and valve replacement,20.5,21889.12
EVT-006034,42-389-43076,Land Trust 9V,Mentone,2024-09-22,MAINTENANCE,Routine preventive maintenance on ESP system including motor inspection and cable check,44.1,23807.32
EVT-006035,42-495-98337,Reynolds 5V,Toyah,2026-05-17,INSPECTION,"Intermittent ESP trips due to gas slugging, VSD ramp adjusted",23.2,3094.07
EVT-006036,42-495-98337,Reynolds 5V,Toyah,2026-06-15,MAINTENANCE,"Sand production increasing, pump wear accelerating",6.3,20460.44
EVT-006037,42-495-98337,Reynolds 5V,Toyah,2026-03-24,INSPECTION,"Scale buildup detected in tubing, chemical squeeze scheduled",23.1,16979.37
EVT-006038,42-495-98337,Reynolds 5V,Toyah,2026-02-16,INSPECTION,"Intermittent ESP trips due to gas slugging, VSD ramp adjusted",42.5,24845.69
EVT-006039,42-495-98337,Reynolds 5V,Toyah,2026-05-25,EQUIPMENT_CHANGE,"Gas lift valve partially plugged, reduced injection efficiency",31.6,289840.76
EVT-006040,42-495-98337,Reynolds 5V,Toyah,2026-05-30,INSPECTION,Emulsion issues at separator requiring increased demulsifier dosage,36.7,21822.95
EVT-006041,42-495-98337,Reynolds 5V,Toyah,2026-05-01,FAILURE,"Sand production increasing, pump wear accelerating",396.0,248595.36
EVT-006042,42-389-48894,Diaz 3H,Ward-Estes,2026-04-21,CHEMICAL_TREATMENT,Annual safety valve inspection and function test completed,32.0,15814.49
EVT-006043,42-389-48894,Diaz 3H,Ward-Estes,2026-01-01,MAINTENANCE,Surface facility maintenance including separator cleaning and meter calibration,47.9,21559.01
EVT-006044,42-389-48894,Diaz 3H,Ward-Estes,2026-05-22,INSPECTION,Surface facility maintenance including separator cleaning and meter calibration,24.2,21246.35
EVT-006045,42-389-48894,Diaz 3H,Ward-Estes,2026-04-01,CHEMICAL_TREATMENT,Corrosion coupon retrieval and analysis - 2 mpy average rate,41.7,3201.36
EVT-006046,42-109-44637,Washington 1H,Toyah,2024-07-28,MAINTENANCE,Surface facility maintenance including separator cleaning and meter calibration,46.5,9121.18
EVT-006047,42-109-44637,Washington 1H,Toyah,2024-12-21,MAINTENANCE,Surface facility maintenance including separator cleaning and meter calibration,32.8,19646.53
EVT-006048,42-109-44637,Washington 1H,Toyah,2025-03-11,CHEMICAL_TREATMENT,Annual safety valve inspection and function test completed,17.9,3336.43
EVT-006049,42-109-44637,Washington 1H,Toyah,2024-01-11,INSPECTION,Routine tubing pressure test and casing inspection,38.2,24389.23
EVT-006050,42-301-48927,Ward 5H,Pecos Valley,2025-04-17,MAINTENANCE,Annual safety valve inspection and function test completed,11.8,8663.07
EVT-006051,42-301-48927,Ward 5H,Pecos Valley,2025-03-19,INSPECTION,Scheduled wellhead maintenance and valve replacement,24.0,9242.53
EVT-006052,42-301-48927,Ward 5H,Pecos Valley,2025-03-06,CHEMICAL_TREATMENT,Scheduled wellhead maintenance and valve replacement,26.7,20571.93
EVT-006053,42-301-48927,Ward 5H,Pecos Valley,2025-08-07,CHEMICAL_TREATMENT,Routine preventive maintenance on ESP system including motor inspection and cable check,45.1,16197.91
EVT-006054,42-389-50124,University 12H,Orla,2025-11-26,MAINTENANCE,Surface facility maintenance including separator cleaning and meter calibration,31.2,2010.71
EVT-006055,42-389-50124,University 12H,Orla,2025-06-03,INSPECTION,Annual safety valve inspection and function test completed,27.6,16962.89
EVT-006056,42-389-36765,Reynolds 10H,Delaware Basin,2025-07-25,EQUIPMENT_CHANGE,Emulsion issues at separator requiring increased demulsifier dosage,110.6,289362.82
EVT-006057,42-389-36765,Reynolds 10H,Delaware Basin,2026-01-18,EQUIPMENT_CHANGE,"Increasing water cut trend noted, zone isolation evaluation in progress",41.7,217776.23
EVT-006058,42-389-36765,Reynolds 10H,Delaware Basin,2024-07-31,INSPECTION,"Increasing water cut trend noted, zone isolation evaluation in progress",38.9,7828.63
EVT-006059,42-389-36765,Reynolds 10H,Delaware Basin,2026-04-24,EQUIPMENT_CHANGE,"Sand production increasing, pump wear accelerating",27.1,251496.04
EVT-006060,42-389-63079,Griffin 9H,Delaware Basin,2024-07-21,CHEMICAL_TREATMENT,Quarterly ESP system diagnostic and vibration analysis completed,8.5,10594.93
EVT-006061,42-389-70285,White 6H,Balmorhea,2026-03-06,INSPECTION,Scheduled wellhead maintenance and valve replacement,10.0,19161.34
EVT-006062,42-475-56805,Bell 5H,Kermit,2026-03-26,WORKOVER,"ESP motor failure due to overheating, well shut-in pending replacement",407.8,696791.91
EVT-006063,42-475-56805,Bell 5H,Kermit,2025-07-03,EQUIPMENT_CHANGE,"Christmas tree valve failure, emergency well control initiated",65.7,115509.29
EVT-006064,42-475-56805,Bell 5H,Kermit,2024-09-16,FAILURE,"ESP motor failure due to overheating, well shut-in pending replacement",364.4,229164.19
EVT-006065,42-475-56805,Bell 5H,Kermit,2026-04-02,WORKOVER,Gas lift valve failure causing complete loss of artificial lift,87.1,264859.8
EVT-006066,42-475-56805,Bell 5H,Kermit,2026-05-09,WORKOVER,Complete ESP system failure - motor burnout and pump lockup,431.6,195392.61
EVT-006067,42-475-56805,Bell 5H,Kermit,2026-02-27,WORKOVER,"Severe corrosion-induced tubing failure, well flowing up annulus",194.7,1916827.12
EVT-006068,42-475-56805,Bell 5H,Kermit,2025-03-05,WORKOVER,"Rod parting at depth, well dead, workover rig scheduled",590.5,1581569.83
EVT-006069,42-475-56805,Bell 5H,Kermit,2026-06-28,FAILURE,"Severe corrosion-induced tubing failure, well flowing up annulus",121.0,52576.08
EVT-006070,42-475-56805,Bell 5H,Kermit,2026-06-13,FAILURE,"VSD drive failure causing ESP shutdown, replacement ordered",393.2,625308.45
EVT-006071,42-301-46236,Barnes 10H,Imperial,2024-12-14,INSPECTION,"Paraffin accumulation restricting flow, hot oil treatment performed",4.7,5051.16
EVT-006072,42-301-46236,Barnes 10H,Imperial,2024-10-17,MAINTENANCE,"Paraffin accumulation restricting flow, hot oil treatment performed",42.4,17012.92
EVT-006073,42-301-46236,Barnes 10H,Imperial,2026-01-12,CHEMICAL_TREATMENT,"Sand production increasing, pump wear accelerating",3.7,733.63
EVT-006074,42-301-46236,Barnes 10H,Imperial,2026-04-19,EQUIPMENT_CHANGE,"Intermittent ESP trips due to gas slugging, VSD ramp adjusted",134.6,275623.19
EVT-006075,42-301-36265,Diaz 5H,Buena Vista,2026-05-27,INSPECTION,Quarterly ESP system diagnostic and vibration analysis completed,34.7,6588.2
EVT-006076,42-301-36265,Diaz 5H,Buena Vista,2025-12-20,CHEMICAL_TREATMENT,Routine tubing pressure test and casing inspection,15.1,19119.37
EVT-006077,42-301-36265,Diaz 5H,Buena Vista,2025-09-20,MAINTENANCE,Routine tubing pressure test and casing inspection,29.6,16041.56
EVT-006078,42-301-36265,Diaz 5H,Buena Vista,2025-09-23,INSPECTION,Annual safety valve inspection and function test completed,47.3,20651.29
EVT-006079,42-371-79166,Reynolds 4H,Fort Stockton,2024-07-16,CHEMICAL_TREATMENT,Surface facility maintenance including separator cleaning and meter calibration,5.3,23107.72
EVT-006080,42-371-79166,Reynolds 4H,Fort Stockton,2026-05-03,MAINTENANCE,Routine preventive maintenance on ESP system including motor inspection and cable check,5.8,21540.16
EVT-006081,42-389-42224,King 7H,Monahans,2025-11-29,FAILURE,"Rod parting at depth, well dead, workover rig scheduled",440.5,684790.94
EVT-006082,42-389-42224,King 7H,Monahans,2025-04-08,WORKOVER,"Downhole pump seized due to severe sand production, pulling unit dispatched",295.3,418251.09
EVT-006083,42-389-42224,King 7H,Monahans,2025-03-14,EQUIPMENT_CHANGE,"Hole in tubing at 6500ft, severe production loss and gas migration",61.7,139703.18
EVT-006084,42-389-42224,King 7H,Monahans,2026-05-26,FAILURE,"VSD drive failure causing ESP shutdown, replacement ordered",321.9,234592.3
EVT-006085,42-389-42224,King 7H,Monahans,2026-05-24,FAILURE,"Rod parting at depth, well dead, workover rig scheduled",375.6,653321.26
EVT-006086,42-495-46757,Washington 10H,Pecos Valley,2024-12-26,MAINTENANCE,Annual safety valve inspection and function test completed,35.5,16945.6
EVT-006087,42-495-46757,Washington 10H,Pecos Valley,2025-11-10,INSPECTION,Routine preventive maintenance on ESP system including motor inspection and cable check,11.7,15579.49
EVT-006088,42-495-46757,Washington 10H,Pecos Valley,2026-05-28,INSPECTION,Scheduled wellhead maintenance and valve replacement,23.6,18470.47
EVT-006089,42-371-91438,Land Trust 2H,Coyanosa,2025-09-25,INSPECTION,Corrosion coupon retrieval and analysis - 2 mpy average rate,24.8,16098.39
EVT-006090,42-371-91438,Land Trust 2H,Coyanosa,2025-07-06,MAINTENANCE,Surface facility maintenance including separator cleaning and meter calibration,24.3,5900.16
EVT-006091,42-371-91438,Land Trust 2H,Coyanosa,2025-12-25,INSPECTION,Corrosion coupon retrieval and analysis - 2 mpy average rate,30.4,17204.98
EVT-006092,42-371-91438,Land Trust 2H,Coyanosa,2026-02-24,CHEMICAL_TREATMENT,Routine tubing pressure test and casing inspection,34.5,936.21
EVT-006093,42-371-52523,Nelson 9V,Toyah,2026-03-02,CHEMICAL_TREATMENT,Surface facility maintenance including separator cleaning and meter calibration,47.5,24205.03
EVT-006094,42-371-52523,Nelson 9V,Toyah,2026-02-08,INSPECTION,Surface facility maintenance including separator cleaning and meter calibration,19.1,22477.48
EVT-006095,42-475-77880,Cook 2V,Red Hills,2025-09-05,MAINTENANCE,Routine preventive maintenance on ESP system including motor inspection and cable check,18.7,5000.31
EVT-006096,42-495-84419,Washington 6H,Coyanosa,2023-12-31,MAINTENANCE,"Intermittent ESP trips due to gas slugging, VSD ramp adjusted",37.5,22161.45
EVT-006097,42-495-84419,Washington 6H,Coyanosa,2022-11-04,MAINTENANCE,"Sand production increasing, pump wear accelerating",39.6,19236.73
EVT-006098,42-495-84419,Washington 6H,Coyanosa,2026-05-27,FAILURE,"Paraffin accumulation restricting flow, hot oil treatment performed",461.9,621666.3
EVT-006099,42-495-63951,Beal 3H,Coyanosa,2026-06-11,INSPECTION,Corrosion coupon retrieval and analysis - 2 mpy average rate,22.3,522.2
EVT-006100,42-495-63951,Beal 3H,Coyanosa,2025-07-21,INSPECTION,Annual safety valve inspection and function test completed,14.1,7201.51
EVT-006101,42-475-93040,Ellis 5H,Wink,2025-10-20,CHEMICAL_TREATMENT,Corrosion coupon retrieval and analysis - 2 mpy average rate,4.4,20378.28
EVT-006102,42-475-93040,Ellis 5H,Wink,2025-12-11,CHEMICAL_TREATMENT,Routine preventive maintenance on ESP system including motor inspection and cable check,25.4,5525.75
EVT-006103,42-371-40832,Ranch 2H,Reeves County,2025-06-21,MAINTENANCE,Routine preventive maintenance on ESP system including motor inspection and cable check,5.1,8650.96
EVT-006104,42-371-40832,Ranch 2H,Reeves County,2025-09-30,INSPECTION,Quarterly ESP system diagnostic and vibration analysis completed,42.7,8835.88
EVT-006105,42-371-40832,Ranch 2H,Reeves County,2025-07-03,INSPECTION,Quarterly ESP system diagnostic and vibration analysis completed,2.2,21223.29
EVT-006106,42-371-40832,Ranch 2H,Reeves County,2025-08-08,INSPECTION,Quarterly ESP system diagnostic and vibration analysis completed,14.1,16986.67
EVT-006107,42-495-75251,Ross 1H,Fort Stockton,2024-12-12,MAINTENANCE,Quarterly ESP system diagnostic and vibration analysis completed,14.6,18134.86
EVT-006108,42-495-75251,Ross 1H,Fort Stockton,2024-07-29,INSPECTION,Annual safety valve inspection and function test completed,7.9,24959.16
EVT-006109,42-495-75251,Ross 1H,Fort Stockton,2025-05-18,INSPECTION,Annual safety valve inspection and function test completed,12.4,3300.18
EVT-006110,42-495-75251,Ross 1H,Fort Stockton,2024-08-13,CHEMICAL_TREATMENT,Routine tubing pressure test and casing inspection,11.9,17227.57
EVT-006111,42-475-65251,Edwards 4H,Mentone,2025-02-24,MAINTENANCE,Surface facility maintenance including separator cleaning and meter calibration,23.0,14896.13
EVT-006112,42-475-65251,Edwards 4H,Mentone,2026-01-13,INSPECTION,Annual safety valve inspection and function test completed,22.0,12104.75
EVT-006113,42-475-65251,Edwards 4H,Mentone,2024-03-07,INSPECTION,Quarterly ESP system diagnostic and vibration analysis completed,34.3,10111.02
EVT-006114,42-495-70567,Turner 9V,Culberson County,2025-07-22,MAINTENANCE,Quarterly ESP system diagnostic and vibration analysis completed,40.2,10687.2
EVT-006115,42-495-70567,Turner 9V,Culberson County,2026-04-14,INSPECTION,Quarterly ESP system diagnostic and vibration analysis completed,29.4,849.01
EVT-006116,42-495-70567,Turner 9V,Culberson County,2024-06-22,CHEMICAL_TREATMENT,Scheduled wellhead maintenance and valve replacement,40.1,1082.71
EVT-006117,42-109-73749,Washington 4V,Loving,2025-07-04,INSPECTION,Routine tubing pressure test and casing inspection,28.8,2011.15
EVT-006118,42-109-73749,Washington 4V,Loving,2025-09-22,MAINTENANCE,Corrosion coupon retrieval and analysis - 2 mpy average rate,44.3,6755.04
EVT-006119,42-109-86603,Howard 2V,Loving,2025-07-29,EQUIPMENT_CHANGE,Gas lift valve failure causing complete loss of artificial lift,154.6,140722.43
EVT-006120,42-109-86603,Howard 2V,Loving,2022-12-03,FAILURE,Complete ESP system failure - motor burnout and pump lockup,422.1,446095.08
EVT-006121,42-109-86603,Howard 2V,Loving,2024-12-02,EQUIPMENT_CHANGE,Gas lift valve failure causing complete loss of artificial lift,83.0,251940.18
EVT-006122,42-109-86603,Howard 2V,Loving,2026-06-03,FAILURE,"VSD drive failure causing ESP shutdown, replacement ordered",463.7,364451.91
EVT-006123,42-109-86603,Howard 2V,Loving,2026-06-11,FAILURE,"Casing collapse detected during pressure test, integrity compromised",189.9,457534.4
EVT-006124,42-301-68919,Cox 9V,Reeves County,2026-06-06,MAINTENANCE,Corrosion coupon retrieval and analysis - 2 mpy average rate,7.6,10923.35
EVT-006125,42-389-37287,Gray 2H,Fort Stockton,2025-07-18,MAINTENANCE,Surface facility maintenance including separator cleaning and meter calibration,24.7,21063.54
EVT-006126,42-389-37287,Gray 2H,Fort Stockton,2024-05-28,CHEMICAL_TREATMENT,Quarterly ESP system diagnostic and vibration analysis completed,35.7,22379.32
EVT-006127,42-389-83835,Gray 9H,Buena Vista,2025-02-04,INSPECTION,Quarterly ESP system diagnostic and vibration analysis completed,45.0,4028.99
EVT-006128,42-389-83835,Gray 9H,Buena Vista,2026-01-30,MAINTENANCE,Corrosion coupon retrieval and analysis - 2 mpy average rate,36.9,13499.59
EVT-006129,42-389-83835,Gray 9H,Buena Vista,2024-09-19,CHEMICAL_TREATMENT,Routine preventive maintenance on ESP system including motor inspection and cable check,34.3,7538.85
EVT-006130,42-371-39872,Morris 5H,Van Horn,2024-01-23,MAINTENANCE,Routine preventive maintenance on ESP system including motor inspection and cable check,20.5,9096.43
EVT-006131,42-371-39872,Morris 5H,Van Horn,2024-01-15,INSPECTION,Annual safety valve inspection and function test completed,22.3,9964.32
EVT-006132,42-371-39872,Morris 5H,Van Horn,2025-04-30,MAINTENANCE,Routine tubing pressure test and casing inspection,46.8,5911.8
EVT-006133,42-301-63962,Scott 5H,Culberson County,2026-03-10,MAINTENANCE,Routine preventive maintenance on ESP system including motor inspection and cable check,35.8,19904.79
EVT-006134,42-301-63962,Scott 5H,Culberson County,2026-06-01,MAINTENANCE,Quarterly ESP system diagnostic and vibration analysis completed,39.6,8132.39
EVT-006135,42-301-63962,Scott 5H,Culberson County,2026-04-30,INSPECTION,Surface facility maintenance including separator cleaning and meter calibration,19.2,15051.1
EVT-006136,42-301-63962,Scott 5H,Culberson County,2026-03-28,INSPECTION,Quarterly ESP system diagnostic and vibration analysis completed,36.2,16583.07
EVT-006137,42-371-39666,Johnson 8H,Kermit,2023-11-21,FAILURE,"Downhole pump seized due to severe sand production, pulling unit dispatched",345.2,782075.69
EVT-006138,42-371-39666,Johnson 8H,Kermit,2026-05-18,EQUIPMENT_CHANGE,Gas lift valve failure causing complete loss of artificial lift,71.1,266777.92
EVT-006139,42-371-39666,Johnson 8H,Kermit,2025-02-09,FAILURE,Gas lift valve failure causing complete loss of artificial lift,102.8,303716.08
EVT-006140,42-371-39666,Johnson 8H,Kermit,2026-05-24,FAILURE,"Casing collapse detected during pressure test, integrity compromised",109.0,201174.99
EVT-006141,42-371-39666,Johnson 8H,Kermit,2026-06-14,FAILURE,"Tubing leak detected at depth, production ceased for workover",76.8,522798.18
EVT-006142,42-389-59958,White 11V,Wink,2025-02-08,CHEMICAL_TREATMENT,Quarterly ESP system diagnostic and vibration analysis completed,36.8,14058.97
EVT-006143,42-475-69691,Cooper 9H,Fort Stockton,2026-02-14,FAILURE,Gas lift valve failure causing complete loss of artificial lift,354.8,239116.45
EVT-006144,42-475-69691,Cooper 9H,Fort Stockton,2023-10-17,FAILURE,Gas lift valve failure causing complete loss of artificial lift,70.9,704602.19
EVT-006145,42-475-69691,Cooper 9H,Fort Stockton,2025-07-19,FAILURE,"Downhole pump seized due to severe sand production, pulling unit dispatched",324.5,777102.94
EVT-006146,42-475-69691,Cooper 9H,Fort Stockton,2026-02-14,EQUIPMENT_CHANGE,Electrical cable failure on ESP causing complete shutdown,34.7,210952.92
EVT-006147,42-475-69691,Cooper 9H,Fort Stockton,2023-02-07,WORKOVER,Electrical cable failure on ESP causing complete shutdown,582.9,144588.36
EVT-006148,42-475-69691,Cooper 9H,Fort Stockton,2026-06-01,FAILURE,"Tubing leak detected at depth, production ceased for workover",90.1,282120.69
EVT-006149,42-475-69691,Cooper 9H,Fort Stockton,2026-05-16,FAILURE,"Downhole pump seized due to severe sand production, pulling unit dispatched",310.6,195202.1
EVT-006150,42-475-86810,Land Trust 8H,Coyanosa,2025-03-18,MAINTENANCE,Routine tubing pressure test and casing inspection,25.9,13300.16
EVT-006151,42-495-37570,Washington 11V,Monahans,2024-03-20,INSPECTION,Annual safety valve inspection and function test completed,25.4,12195.33
EVT-006152,42-109-91853,State 11H,Loving,2025-01-20,MAINTENANCE,Routine tubing pressure test and casing inspection,21.2,13339.04
EVT-006153,42-109-91853,State 11H,Loving,2024-12-22,MAINTENANCE,Routine tubing pressure test and casing inspection,5.4,17519.5
EVT-006154,42-109-91853,State 11H,Loving,2024-03-11,INSPECTION,Routine preventive maintenance on ESP system including motor inspection and cable check,2.0,22672.68
EVT-006155,42-109-91853,State 11H,Loving,2026-05-20,CHEMICAL_TREATMENT,Routine preventive maintenance on ESP system including motor inspection and cable check,10.9,24249.41
EVT-006156,42-389-79836,Ramirez 1H,Van Horn,2025-04-30,MAINTENANCE,Quarterly ESP system diagnostic and vibration analysis completed,41.8,609.71
EVT-006157,42-389-79836,Ramirez 1H,Van Horn,2026-01-22,CHEMICAL_TREATMENT,Quarterly ESP system diagnostic and vibration analysis completed,15.8,24561.67
EVT-006158,42-389-79836,Ramirez 1H,Van Horn,2025-12-20,MAINTENANCE,Quarterly ESP system diagnostic and vibration analysis completed,15.5,5192.53
EVT-006159,42-475-73025,State 1H,Orla,2024-08-11,CHEMICAL_TREATMENT,Annual safety valve inspection and function test completed,21.0,3356.72
EVT-006160,42-475-73025,State 1H,Orla,2026-02-16,INSPECTION,Surface facility maintenance including separator cleaning and meter calibration,31.2,7943.03
EVT-006161,42-389-90211,Wheeler 11H,Van Horn,2025-03-04,CHEMICAL_TREATMENT,Routine tubing pressure test and casing inspection,17.2,19558.55
EVT-006162,42-389-90211,Wheeler 11H,Van Horn,2023-12-27,CHEMICAL_TREATMENT,Corrosion coupon retrieval and analysis - 2 mpy average rate,18.6,13256.39
EVT-006163,42-389-87377,Alexander 3H,Ward-Estes,2025-11-13,EQUIPMENT_CHANGE,"Tubing leak detected at depth, production ceased for workover",16.2,82037.8
EVT-006164,42-389-87377,Alexander 3H,Ward-Estes,2026-04-03,FAILURE,"ESP motor failure due to overheating, well shut-in pending replacement",105.5,443751.33
EVT-006165,42-389-87377,Alexander 3H,Ward-Estes,2025-11-25,WORKOVER,"Downhole pump seized due to severe sand production, pulling unit dispatched",367.4,863139.77
EVT-006166,42-389-87377,Alexander 3H,Ward-Estes,2026-02-17,FAILURE,"Downhole pump seized due to severe sand production, pulling unit dispatched",157.7,258891.32
EVT-006167,42-389-87377,Alexander 3H,Ward-Estes,2026-06-20,FAILURE,"Severe corrosion-induced tubing failure, well flowing up annulus",198.2,457154.17
EVT-006168,42-389-87377,Alexander 3H,Ward-Estes,2026-06-02,FAILURE,"ESP motor failure due to overheating, well shut-in pending replacement",161.9,516821.18
EVT-006169,42-475-60475,Foster 9H,Pecos Valley,2024-02-26,MAINTENANCE,"Intermittent ESP trips due to gas slugging, VSD ramp adjusted",6.0,3947.96
EVT-006170,42-475-60475,Foster 9H,Pecos Valley,2023-01-07,CHEMICAL_TREATMENT,"Intermittent ESP trips due to gas slugging, VSD ramp adjusted",46.3,4242.2
EVT-006171,42-475-60475,Foster 9H,Pecos Valley,2025-09-12,CHEMICAL_TREATMENT,"Intermittent ESP trips due to gas slugging, VSD ramp adjusted",5.0,9712.69
EVT-006172,42-475-60475,Foster 9H,Pecos Valley,2023-01-10,EQUIPMENT_CHANGE,"Paraffin accumulation restricting flow, hot oil treatment performed",94.5,98909.0
EVT-006173,42-475-60475,Foster 9H,Pecos Valley,2023-05-20,EQUIPMENT_CHANGE,"Elevated motor temperature detected, monitoring increased frequency",105.3,176205.16
EVT-006174,42-475-60475,Foster 9H,Pecos Valley,2023-04-03,EQUIPMENT_CHANGE,"Paraffin accumulation restricting flow, hot oil treatment performed",86.8,287376.91
EVT-006175,42-475-60475,Foster 9H,Pecos Valley,2026-06-03,EQUIPMENT_CHANGE,"Increasing water cut trend noted, zone isolation evaluation in progress",81.8,169991.55
EVT-006176,42-389-60266,Bass 6H,Imperial,2026-03-28,MAINTENANCE,"Paraffin accumulation restricting flow, hot oil treatment performed",17.4,16025.88
EVT-006177,42-389-60266,Bass 6H,Imperial,2026-05-07,EQUIPMENT_CHANGE,"Paraffin accumulation restricting flow, hot oil treatment performed",74.8,170160.59
EVT-006178,42-389-60266,Bass 6H,Imperial,2025-01-02,INSPECTION,"Increasing water cut trend noted, zone isolation evaluation in progress",24.5,11141.64
EVT-006179,42-389-60266,Bass 6H,Imperial,2025-05-27,CHEMICAL_TREATMENT,"Scale buildup detected in tubing, chemical squeeze scheduled",20.6,3561.03
EVT-006180,42-389-60266,Bass 6H,Imperial,2024-01-08,CHEMICAL_TREATMENT,"Intermittent ESP trips due to gas slugging, VSD ramp adjusted",21.4,612.92
EVT-006181,42-389-60266,Bass 6H,Imperial,2026-05-01,MAINTENANCE,"Increasing water cut trend noted, zone isolation evaluation in progress",47.8,17042.9
EVT-006182,42-389-60266,Bass 6H,Imperial,2026-05-28,EQUIPMENT_CHANGE,"Paraffin accumulation restricting flow, hot oil treatment performed",150.7,74112.3
EVT-006183,42-389-95147,Harrison 9H,Van Horn,2025-12-02,MAINTENANCE,Routine tubing pressure test and casing inspection,47.4,16706.62
EVT-006184,42-389-95147,Harrison 9H,Van Horn,2025-12-27,INSPECTION,Corrosion coupon retrieval and analysis - 2 mpy average rate,3.1,4734.03
EVT-006185,42-389-95147,Harrison 9H,Van Horn,2025-12-31,MAINTENANCE,Routine tubing pressure test and casing inspection,28.2,3123.61
EVT-006186,42-389-48156,Stewart 11H,Imperial,2025-03-23,CHEMICAL_TREATMENT,Scheduled wellhead maintenance and valve replacement,7.9,10200.95
EVT-006187,42-389-48156,Stewart 11H,Imperial,2023-10-01,MAINTENANCE,Scheduled wellhead maintenance and valve replacement,11.7,21501.68
EVT-006188,42-389-58316,Owens 10H,Red Hills,2024-07-16,INSPECTION,Routine preventive maintenance on ESP system including motor inspection and cable check,4.3,7936.89
EVT-006189,42-475-30665,Bennett 12V,Grandfalls,2026-04-06,CHEMICAL_TREATMENT,Emulsion issues at separator requiring increased demulsifier dosage,28.5,24878.03
EVT-006190,42-475-30665,Bennett 12V,Grandfalls,2026-01-13,MAINTENANCE,"Elevated motor temperature detected, monitoring increased frequency",31.1,7791.21
EVT-006191,42-475-30665,Bennett 12V,Grandfalls,2026-05-04,FAILURE,"Elevated motor temperature detected, monitoring increased frequency",226.3,45439.2
EVT-006192,42-301-80581,Edwards 9H,Van Horn,2025-01-28,MAINTENANCE,Quarterly ESP system diagnostic and vibration analysis completed,20.4,13143.75
EVT-006193,42-301-80581,Edwards 9H,Van Horn,2023-09-08,INSPECTION,Annual safety valve inspection and function test completed,7.6,22986.78
EVT-006194,42-301-80581,Edwards 9H,Van Horn,2024-03-14,MAINTENANCE,Routine tubing pressure test and casing inspection,2.0,12510.36
EVT-006195,42-389-51916,Wood 2H,Loving,2026-02-09,FAILURE,"Severe corrosion-induced tubing failure, well flowing up annulus",71.5,223215.23
EVT-006196,42-389-51916,Wood 2H,Loving,2025-12-20,WORKOVER,"ESP motor failure due to overheating, well shut-in pending replacement",307.8,717998.04
EVT-006197,42-389-51916,Wood 2H,Loving,2026-04-01,EQUIPMENT_CHANGE,"Downhole pump seized due to severe sand production, pulling unit dispatched",164.2,94472.94
EVT-006198,42-389-51916,Wood 2H,Loving,2026-05-27,EQUIPMENT_CHANGE,Gas lift valve failure causing complete loss of artificial lift,86.2,259686.13
EVT-006199,42-389-51916,Wood 2H,Loving,2025-12-19,FAILURE,"Christmas tree valve failure, emergency well control initiated",76.6,342629.19
EVT-006200,42-389-51916,Wood 2H,Loving,2026-06-30,FAILURE,"ESP motor failure due to overheating, well shut-in pending replacement",266.2,113176.69
EVT-006201,42-389-51916,Wood 2H,Loving,2026-06-13,FAILURE,"Downhole pump seized due to severe sand production, pulling unit dispatched",428.9,668459.48
EVT-006202,42-475-50446,Williams 11H,Buena Vista,2024-06-28,INSPECTION,Emulsion issues at separator requiring increased demulsifier dosage,38.8,21114.08
EVT-006203,42-475-50446,Williams 11H,Buena Vista,2023-06-04,CHEMICAL_TREATMENT,"Scale buildup detected in tubing, chemical squeeze scheduled",11.0,14321.51
EVT-006204,42-475-50446,Williams 11H,Buena Vista,2024-08-21,MAINTENANCE,"Elevated motor temperature detected, monitoring increased frequency",15.9,2869.17
EVT-006205,42-475-50446,Williams 11H,Buena Vista,2026-05-28,FAILURE,"Sand production increasing, pump wear accelerating",342.2,405182.83
EVT-006206,42-475-84645,Watson 10H,Imperial,2025-02-24,INSPECTION,Scheduled wellhead maintenance and valve replacement,25.2,1354.3
EVT-006207,42-301-71193,Moore 8H,Buena Vista,2024-10-12,INSPECTION,Routine tubing pressure test and casing inspection,26.2,10731.1
EVT-006208,42-389-52119,Foster 5H,Kermit,2024-01-05,MAINTENANCE,Routine preventive maintenance on ESP system including motor inspection and cable check,3.0,20224.34
EVT-006209,42-109-47790,Cook 8H,Coyanosa,2025-04-16,MAINTENANCE,Quarterly ESP system diagnostic and vibration analysis completed,19.2,3223.7
EVT-006210,42-475-39289,Myers 8H,Reeves County,2025-12-02,MAINTENANCE,"Elevated motor temperature detected, monitoring increased frequency",46.7,17435.27
EVT-006211,42-475-39289,Myers 8H,Reeves County,2026-05-10,MAINTENANCE,"Intermittent ESP trips due to gas slugging, VSD ramp adjusted",18.6,12841.8
EVT-006212,42-475-39289,Myers 8H,Reeves County,2025-12-11,EQUIPMENT_CHANGE,"Elevated motor temperature detected, monitoring increased frequency",139.2,19001.32
EVT-006213,42-475-39289,Myers 8H,Reeves County,2025-10-01,INSPECTION,Emulsion issues at separator requiring increased demulsifier dosage,30.3,18856.9
EVT-006214,42-475-39289,Myers 8H,Reeves County,2026-04-22,MAINTENANCE,"Scale buildup detected in tubing, chemical squeeze scheduled",17.2,829.37
EVT-006215,42-475-39289,Myers 8H,Reeves County,2026-04-29,EQUIPMENT_CHANGE,"Sand production increasing, pump wear accelerating",41.3,88111.65
EVT-006216,42-389-86314,Bell 5H,Orla,2026-02-04,FAILURE,"Hole in tubing at 6500ft, severe production loss and gas migration",377.5,341044.83
EVT-006217,42-389-86314,Bell 5H,Orla,2025-08-29,FAILURE,"ESP motor failure due to overheating, well shut-in pending replacement",431.6,447989.0
EVT-006218,42-389-86314,Bell 5H,Orla,2025-08-17,EQUIPMENT_CHANGE,Electrical cable failure on ESP causing complete shutdown,128.4,292507.66
EVT-006219,42-389-86314,Bell 5H,Orla,2026-06-03,FAILURE,"Downhole pump seized due to severe sand production, pulling unit dispatched",141.4,181631.11
EVT-006220,42-389-86314,Bell 5H,Orla,2026-05-18,FAILURE,"Severe corrosion-induced tubing failure, well flowing up annulus",47.1,237176.74
EVT-006221,42-475-58607,Reynolds 4V,Red Hills,2025-07-14,CHEMICAL_TREATMENT,Routine preventive maintenance on ESP system including motor inspection and cable check,29.5,15822.61
EVT-006222,42-495-50207,Russell 12H,Toyah,2025-11-24,MAINTENANCE,Routine tubing pressure test and casing inspection,14.0,17313.69
EVT-006223,42-495-50207,Russell 12H,Toyah,2025-08-18,MAINTENANCE,Routine preventive maintenance on ESP system including motor inspection and cable check,45.5,16070.58
EVT-006224,42-495-50207,Russell 12H,Toyah,2025-11-15,CHEMICAL_TREATMENT,Quarterly ESP system diagnostic and vibration analysis completed,3.3,4836.77
EVT-006225,42-495-50207,Russell 12H,Toyah,2025-11-21,MAINTENANCE,Surface facility maintenance including separator cleaning and meter calibration,39.3,13368.39
EVT-006226,42-475-56171,Diaz 5H,Mentone,2026-01-13,CHEMICAL_TREATMENT,"Sand production increasing, pump wear accelerating",18.4,21781.32
EVT-006227,42-475-56171,Diaz 5H,Mentone,2025-02-27,INSPECTION,"Increasing water cut trend noted, zone isolation evaluation in progress",34.3,584.02
EVT-006228,42-475-56171,Diaz 5H,Mentone,2025-06-16,EQUIPMENT_CHANGE,"Gas lift valve partially plugged, reduced injection efficiency",13.1,31848.31
EVT-006229,42-475-56171,Diaz 5H,Mentone,2025-10-27,EQUIPMENT_CHANGE,"Increasing water cut trend noted, zone isolation evaluation in progress",128.9,86077.18
EVT-006230,42-475-56171,Diaz 5H,Mentone,2025-07-02,CHEMICAL_TREATMENT,"Elevated motor temperature detected, monitoring increased frequency",41.6,6372.09
EVT-006231,42-475-56171,Diaz 5H,Mentone,2025-05-25,INSPECTION,"Sand production increasing, pump wear accelerating",17.6,21752.62
EVT-006232,42-475-56171,Diaz 5H,Mentone,2026-06-13,EQUIPMENT_CHANGE,"Scale buildup detected in tubing, chemical squeeze scheduled",108.1,262677.85
EVT-006233,42-495-41818,Morgan 7H,Fort Stockton,2025-11-11,MAINTENANCE,Surface facility maintenance including separator cleaning and meter calibration,17.8,22792.95
EVT-006234,42-495-41818,Morgan 7H,Fort Stockton,2026-06-03,INSPECTION,Surface facility maintenance including separator cleaning and meter calibration,34.5,839.13
EVT-006235,42-495-41818,Morgan 7H,Fort Stockton,2026-05-10,CHEMICAL_TREATMENT,Annual safety valve inspection and function test completed,12.4,11035.62
EVT-006236,42-495-41818,Morgan 7H,Fort Stockton,2025-06-13,MAINTENANCE,Surface facility maintenance including separator cleaning and meter calibration,26.9,8738.04
EVT-006237,42-371-57688,Long 9H,Orla,2026-05-14,MAINTENANCE,Routine tubing pressure test and casing inspection,26.2,21491.86
EVT-006238,42-495-38089,Clayton 1V,Loving,2026-04-25,MAINTENANCE,Annual safety valve inspection and function test completed,36.7,19330.85
EVT-006239,42-301-30402,Torres 6V,Orla,2025-02-02,MAINTENANCE,Routine tubing pressure test and casing inspection,19.9,20764.59
EVT-006240,42-301-30402,Torres 6V,Orla,2024-08-08,MAINTENANCE,Scheduled wellhead maintenance and valve replacement,46.6,4615.14
EVT-006241,42-371-79692,Ramirez 5H,Buena Vista,2026-02-22,FAILURE,Gas lift valve failure causing complete loss of artificial lift,427.1,227307.51
EVT-006242,42-371-79692,Ramirez 5H,Buena Vista,2024-10-12,FAILURE,Gas lift valve failure causing complete loss of artificial lift,310.1,322264.11
EVT-006243,42-371-79692,Ramirez 5H,Buena Vista,2024-10-24,FAILURE,"Hole in tubing at 6500ft, severe production loss and gas migration",210.2,571462.67
EVT-006244,42-371-79692,Ramirez 5H,Buena Vista,2026-05-22,FAILURE,"Tubing leak detected at depth, production ceased for workover",338.2,325562.46
EVT-006245,42-371-79692,Ramirez 5H,Buena Vista,2026-06-10,FAILURE,"Rod parting at depth, well dead, workover rig scheduled",402.0,367815.7
EVT-006246,42-389-41818,Hughes 6H,Kermit,2026-06-15,INSPECTION,Routine tubing pressure test and casing inspection,23.5,18284.54
EVT-006247,42-389-41818,Hughes 6H,Kermit,2026-04-02,CHEMICAL_TREATMENT,Surface facility maintenance including separator cleaning and meter calibration,37.0,10597.6
EVT-006248,42-389-41818,Hughes 6H,Kermit,2026-04-21,INSPECTION,Surface facility maintenance including separator cleaning and meter calibration,30.9,2547.45
EVT-006249,42-389-41818,Hughes 6H,Kermit,2026-03-03,MAINTENANCE,Annual safety valve inspection and function test completed,29.7,2423.1
EVT-006250,42-371-80021,Taylor 8H,Orla,2026-02-16,MAINTENANCE,Scheduled wellhead maintenance and valve replacement,26.3,3189.17
EVT-006251,42-371-80021,Taylor 8H,Orla,2024-05-24,INSPECTION,Routine tubing pressure test and casing inspection,10.3,3573.27
EVT-006252,42-389-99989,Williams 4H,Mentone,2025-10-25,MAINTENANCE,Surface facility maintenance including separator cleaning and meter calibration,37.8,24314.36
EVT-006253,42-389-99989,Williams 4H,Mentone,2026-04-30,CHEMICAL_TREATMENT,Quarterly ESP system diagnostic and vibration analysis completed,14.7,17892.35
EVT-006254,42-389-99989,Williams 4H,Mentone,2025-01-30,CHEMICAL_TREATMENT,Annual safety valve inspection and function test completed,26.3,10083.83
EVT-006255,42-109-30088,Roberts 6V,Orla,2025-11-10,CHEMICAL_TREATMENT,Annual safety valve inspection and function test completed,12.4,22482.98
EVT-006256,42-109-30088,Roberts 6V,Orla,2026-03-19,CHEMICAL_TREATMENT,Surface facility maintenance including separator cleaning and meter calibration,34.0,12787.98
EVT-006257,42-109-30088,Roberts 6V,Orla,2026-04-19,MAINTENANCE,Quarterly ESP system diagnostic and vibration analysis completed,45.2,6346.14
EVT-006258,42-109-30088,Roberts 6V,Orla,2026-04-14,CHEMICAL_TREATMENT,Routine tubing pressure test and casing inspection,31.6,7823.16
EVT-006259,42-475-59199,Bailey 10V,Coyanosa,2024-11-16,MAINTENANCE,Surface facility maintenance including separator cleaning and meter calibration,30.9,19733.07
EVT-006260,42-475-59199,Bailey 10V,Coyanosa,2025-11-11,MAINTENANCE,Annual safety valve inspection and function test completed,26.2,23254.81
EVT-006261,42-389-32380,Gray 10V,Coyanosa,2024-04-02,CHEMICAL_TREATMENT,Scheduled wellhead maintenance and valve replacement,25.1,11932.83
EVT-006262,42-389-32380,Gray 10V,Coyanosa,2025-06-29,INSPECTION,Corrosion coupon retrieval and analysis - 2 mpy average rate,25.7,7739.97
EVT-006263,42-389-32380,Gray 10V,Coyanosa,2024-05-13,INSPECTION,Routine preventive maintenance on ESP system including motor inspection and cable check,43.2,21504.68
EVT-006264,42-301-32503,Cole 8H,Toyah,2023-01-20,INSPECTION,Annual safety valve inspection and function test completed,9.2,17079.14
EVT-006265,42-301-32503,Cole 8H,Toyah,2023-02-27,INSPECTION,Annual safety valve inspection and function test completed,21.4,19384.98
EVT-006266,42-301-32503,Cole 8H,Toyah,2025-03-25,MAINTENANCE,Annual safety valve inspection and function test completed,41.9,24458.25
EVT-006267,42-301-32503,Cole 8H,Toyah,2023-01-10,CHEMICAL_TREATMENT,Routine preventive maintenance on ESP system including motor inspection and cable check,39.1,15745.17
EVT-006268,42-389-71742,Griffin 5H,Balmorhea,2024-08-14,CHEMICAL_TREATMENT,Surface facility maintenance including separator cleaning and meter calibration,4.1,12487.0
EVT-006269,42-389-71742,Griffin 5H,Balmorhea,2026-02-04,INSPECTION,Quarterly ESP system diagnostic and vibration analysis completed,3.2,9133.24
EVT-006270,42-389-71742,Griffin 5H,Balmorhea,2024-10-25,MAINTENANCE,Annual safety valve inspection and function test completed,5.9,9514.43
EVT-006271,42-475-32421,Bell 9H,Red Hills,2025-12-15,MAINTENANCE,Quarterly ESP system diagnostic and vibration analysis completed,31.7,15597.55
EVT-006272,42-371-67727,Patterson 1H,Grandfalls,2025-08-25,INSPECTION,Routine preventive maintenance on ESP system including motor inspection and cable check,23.5,5698.45
EVT-006273,42-371-33864,Gray 7H,Red Hills,2024-04-28,INSPECTION,"Scale buildup detected in tubing, chemical squeeze scheduled",7.3,8312.81
EVT-006274,42-371-33864,Gray 7H,Red Hills,2023-08-02,EQUIPMENT_CHANGE,"Elevated motor temperature detected, monitoring increased frequency",139.2,173523.54
EVT-006275,42-371-33864,Gray 7H,Red Hills,2025-10-04,INSPECTION,"Elevated motor temperature detected, monitoring increased frequency",18.6,17800.66
EVT-006276,42-371-33864,Gray 7H,Red Hills,2024-04-20,MAINTENANCE,"Paraffin accumulation restricting flow, hot oil treatment performed",28.9,17482.59
EVT-006277,42-371-33864,Gray 7H,Red Hills,2023-08-21,CHEMICAL_TREATMENT,"Intermittent ESP trips due to gas slugging, VSD ramp adjusted",38.4,625.76
EVT-006278,42-371-33864,Gray 7H,Red Hills,2024-05-11,CHEMICAL_TREATMENT,"Gas lift valve partially plugged, reduced injection efficiency",11.2,23557.65
EVT-006279,42-371-33864,Gray 7H,Red Hills,2026-06-25,EQUIPMENT_CHANGE,"Gas lift valve partially plugged, reduced injection efficiency",105.1,66108.94
EVT-006280,42-371-73916,Henderson 5H,Delaware Basin,2024-09-28,MAINTENANCE,Corrosion coupon retrieval and analysis - 2 mpy average rate,37.9,17456.91
EVT-006281,42-371-73916,Henderson 5H,Delaware Basin,2024-03-06,CHEMICAL_TREATMENT,Routine tubing pressure test and casing inspection,34.0,3544.64
EVT-006282,42-371-73916,Henderson 5H,Delaware Basin,2025-04-13,INSPECTION,Corrosion coupon retrieval and analysis - 2 mpy average rate,23.7,1624.42
EVT-006283,42-371-73916,Henderson 5H,Delaware Basin,2023-05-20,CHEMICAL_TREATMENT,Surface facility maintenance including separator cleaning and meter calibration,2.2,7567.69
EVT-006284,42-389-90429,White 1H,Kermit,2025-10-11,CHEMICAL_TREATMENT,Routine preventive maintenance on ESP system including motor inspection and cable check,21.8,20404.59
EVT-006285,42-389-90429,White 1H,Kermit,2026-04-19,MAINTENANCE,Corrosion coupon retrieval and analysis - 2 mpy average rate,23.0,6265.01
EVT-006286,42-389-90429,White 1H,Kermit,2026-02-09,CHEMICAL_TREATMENT,Corrosion coupon retrieval and analysis - 2 mpy average rate,21.9,13306.53
EVT-006287,42-301-86208,Powell 5H,Red Hills,2025-03-20,MAINTENANCE,Routine tubing pressure test and casing inspection,36.8,21618.54
EVT-006288,42-301-86208,Powell 5H,Red Hills,2025-03-22,INSPECTION,Surface facility maintenance including separator cleaning and meter calibration,3.9,8548.04
EVT-006289,42-301-86208,Powell 5H,Red Hills,2024-09-20,CHEMICAL_TREATMENT,Annual safety valve inspection and function test completed,33.8,14603.43
EVT-006290,42-475-52631,Ward 12H,Buena Vista,2025-02-26,MAINTENANCE,Surface facility maintenance including separator cleaning and meter calibration,35.8,3434.88
EVT-006291,42-475-52631,Ward 12H,Buena Vista,2023-10-07,INSPECTION,Corrosion coupon retrieval and analysis - 2 mpy average rate,28.1,22324.93
EVT-006292,42-301-61399,Alexander 12H,Buena Vista,2026-01-18,MAINTENANCE,"Scale buildup detected in tubing, chemical squeeze scheduled",27.1,15712.56
EVT-006293,42-301-61399,Alexander 12H,Buena Vista,2024-08-27,EQUIPMENT_CHANGE,"Sand production increasing, pump wear accelerating",160.3,189249.62
EVT-006294,42-301-61399,Alexander 12H,Buena Vista,2026-06-15,EQUIPMENT_CHANGE,"Paraffin accumulation restricting flow, hot oil treatment performed",74.1,160297.27
EVT-006295,42-301-61399,Alexander 12H,Buena Vista,2026-04-18,EQUIPMENT_CHANGE,"Scale buildup detected in tubing, chemical squeeze scheduled",154.9,65288.98
EVT-006296,42-301-57389,Adams 11H,Grandfalls,2023-04-07,CHEMICAL_TREATMENT,Corrosion coupon retrieval and analysis - 2 mpy average rate,45.6,2302.66
EVT-006297,42-301-57389,Adams 11H,Grandfalls,2024-09-24,CHEMICAL_TREATMENT,Surface facility maintenance including separator cleaning and meter calibration,32.8,10829.27
EVT-006298,42-301-57389,Adams 11H,Grandfalls,2023-10-16,MAINTENANCE,Routine preventive maintenance on ESP system including motor inspection and cable check,43.6,16996.14
EVT-006299,42-475-81707,King 2H,Orla,2025-01-13,MAINTENANCE,Routine tubing pressure test and casing inspection,5.6,5177.13
EVT-006300,42-389-40874,Diaz 10H,Culberson County,2023-07-05,CHEMICAL_TREATMENT,Routine tubing pressure test and casing inspection,42.6,1707.54
EVT-006301,42-389-40874,Diaz 10H,Culberson County,2025-03-23,CHEMICAL_TREATMENT,Routine preventive maintenance on ESP system including motor inspection and cable check,15.0,10449.45
EVT-006302,42-301-37049,Jenkins 3H,Delaware Basin,2025-05-27,INSPECTION,Corrosion coupon retrieval and analysis - 2 mpy average rate,6.1,5147.45
EVT-006303,42-301-35075,Sanders 6H,Loving,2023-03-25,FAILURE,"Casing collapse detected during pressure test, integrity compromised",279.3,202388.79
EVT-006304,42-301-35075,Sanders 6H,Loving,2025-06-18,EQUIPMENT_CHANGE,"Downhole pump seized due to severe sand production, pulling unit dispatched",58.9,106853.86
EVT-006305,42-301-35075,Sanders 6H,Loving,2026-05-20,FAILURE,"VSD drive failure causing ESP shutdown, replacement ordered",237.2,377114.86
EVT-006306,42-301-35075,Sanders 6H,Loving,2026-05-21,FAILURE,"Hole in tubing at 6500ft, severe production loss and gas migration",357.5,496703.58
EVT-006307,42-389-72788,Griffin 7H,Culberson County,2024-07-02,INSPECTION,Corrosion coupon retrieval and analysis - 2 mpy average rate,41.6,12913.06
EVT-006308,42-389-72788,Griffin 7H,Culberson County,2024-11-27,MAINTENANCE,Routine tubing pressure test and casing inspection,25.0,9390.91
EVT-006309,42-389-72788,Griffin 7H,Culberson County,2025-05-27,CHEMICAL_TREATMENT,Annual safety valve inspection and function test completed,12.2,4303.66
EVT-006310,42-109-93788,Wheeler 10V,Wink,2023-09-29,WORKOVER,Gas lift valve failure causing complete loss of artificial lift,480.3,463818.56
EVT-006311,42-109-93788,Wheeler 10V,Wink,2023-05-18,EQUIPMENT_CHANGE,"Rod parting at depth, well dead, workover rig scheduled",96.4,59308.93
EVT-006312,42-109-93788,Wheeler 10V,Wink,2026-06-23,FAILURE,"Casing collapse detected during pressure test, integrity compromised",277.3,513332.49
EVT-006313,42-109-93788,Wheeler 10V,Wink,2026-05-27,FAILURE,Gas lift valve failure causing complete loss of artificial lift,110.9,632674.87
EVT-006314,42-371-40625,Resources 2H,Buena Vista,2024-04-10,MAINTENANCE,Routine preventive maintenance on ESP system including motor inspection and cable check,10.2,13815.99
EVT-006315,42-495-76531,Flores 11H,Wink,2025-12-25,EQUIPMENT_CHANGE,Gas lift valve failure causing complete loss of artificial lift,141.3,51008.79
EVT-006316,42-495-76531,Flores 11H,Wink,2025-11-10,FAILURE,Complete ESP system failure - motor burnout and pump lockup,213.8,312818.45
EVT-006317,42-495-76531,Flores 11H,Wink,2026-02-05,FAILURE,"Downhole pump seized due to severe sand production, pulling unit dispatched",333.0,372960.22
EVT-006318,42-495-76531,Flores 11H,Wink,2022-11-27,EQUIPMENT_CHANGE,"Severe corrosion-induced tubing failure, well flowing up annulus",145.1,129678.75
EVT-006319,42-495-76531,Flores 11H,Wink,2025-10-30,FAILURE,"Rod parting at depth, well dead, workover rig scheduled",364.2,281384.31
EVT-006320,42-495-76531,Flores 11H,Wink,2023-05-01,WORKOVER,"ESP motor failure due to overheating, well shut-in pending replacement",383.3,644776.22
EVT-006321,42-495-76531,Flores 11H,Wink,2022-07-16,FAILURE,Complete ESP system failure - motor burnout and pump lockup,88.0,452996.48
EVT-006322,42-495-76531,Flores 11H,Wink,2022-03-24,EQUIPMENT_CHANGE,Complete ESP system failure - motor burnout and pump lockup,26.0,82626.86
EVT-006323,42-495-76531,Flores 11H,Wink,2026-06-25,FAILURE,"Christmas tree valve failure, emergency well control initiated",54.0,391267.04
EVT-006324,42-495-76531,Flores 11H,Wink,2026-06-19,FAILURE,"Christmas tree valve failure, emergency well control initiated",416.2,45543.27
EVT-006325,42-371-33574,Johnson 6H,Toyah,2025-01-31,MAINTENANCE,Routine tubing pressure test and casing inspection,30.1,22283.83
EVT-006326,42-371-33574,Johnson 6H,Toyah,2025-03-21,CHEMICAL_TREATMENT,Routine preventive maintenance on ESP system including motor inspection and cable check,5.0,14151.03
EVT-006327,42-371-33574,Johnson 6H,Toyah,2025-10-31,MAINTENANCE,Routine tubing pressure test and casing inspection,9.3,10362.87
EVT-006328,42-371-33574,Johnson 6H,Toyah,2024-12-28,MAINTENANCE,Routine tubing pressure test and casing inspection,13.2,1384.44
EVT-006329,42-475-82127,Wheeler 3H,Culberson County,2024-08-13,MAINTENANCE,Routine preventive maintenance on ESP system including motor inspection and cable check,46.5,7830.99
EVT-006330,42-475-82127,Wheeler 3H,Culberson County,2024-09-16,INSPECTION,Scheduled wellhead maintenance and valve replacement,10.2,11694.04
EVT-006331,42-389-79451,Hughes 8V,Balmorhea,2025-05-07,MAINTENANCE,Surface facility maintenance including separator cleaning and meter calibration,25.5,18961.54
EVT-006332,42-389-58367,Nelson 8H,Fort Stockton,2024-10-07,CHEMICAL_TREATMENT,Annual safety valve inspection and function test completed,11.6,24074.03
EVT-006333,42-389-58367,Nelson 8H,Fort Stockton,2024-05-31,INSPECTION,Scheduled wellhead maintenance and valve replacement,43.0,10255.54
EVT-006334,42-495-43318,Jackson 8H,Toyah,2024-02-18,MAINTENANCE,Routine tubing pressure test and casing inspection,8.6,11961.2
EVT-006335,42-495-43318,Jackson 8H,Toyah,2024-11-23,CHEMICAL_TREATMENT,Quarterly ESP system diagnostic and vibration analysis completed,24.3,2942.77
EVT-006336,42-495-43318,Jackson 8H,Toyah,2023-02-05,CHEMICAL_TREATMENT,Corrosion coupon retrieval and analysis - 2 mpy average rate,22.4,8328.78
EVT-006337,42-495-43318,Jackson 8H,Toyah,2026-03-26,MAINTENANCE,Quarterly ESP system diagnostic and vibration analysis completed,40.7,22948.52
EVT-006338,42-371-78085,Harrison 12H,Coyanosa,2026-01-01,EQUIPMENT_CHANGE,"VSD drive failure causing ESP shutdown, replacement ordered",147.7,245643.06
EVT-006339,42-371-78085,Harrison 12H,Coyanosa,2025-09-29,WORKOVER,"Christmas tree valve failure, emergency well control initiated",227.5,718289.89
EVT-006340,42-371-78085,Harrison 12H,Coyanosa,2026-02-10,EQUIPMENT_CHANGE,"VSD drive failure causing ESP shutdown, replacement ordered",20.6,267613.12
EVT-006341,42-371-78085,Harrison 12H,Coyanosa,2023-11-06,EQUIPMENT_CHANGE,Complete ESP system failure - motor burnout and pump lockup,109.4,190978.68
EVT-006342,42-371-78085,Harrison 12H,Coyanosa,2026-06-30,FAILURE,"Rod parting at depth, well dead, workover rig scheduled",219.0,73805.75
EVT-006343,42-371-78085,Harrison 12H,Coyanosa,2026-05-16,FAILURE,Electrical cable failure on ESP causing complete shutdown,195.8,523152.22
EVT-006344,42-371-42659,Beal 1H,Toyah,2026-04-20,CHEMICAL_TREATMENT,Quarterly ESP system diagnostic and vibration analysis completed,6.8,20087.14
EVT-006345,42-371-42659,Beal 1H,Toyah,2023-03-19,MAINTENANCE,Corrosion coupon retrieval and analysis - 2 mpy average rate,23.2,7802.22
EVT-006346,42-371-42659,Beal 1H,Toyah,2024-09-22,INSPECTION,Routine tubing pressure test and casing inspection,32.0,18682.66
EVT-006347,42-389-62520,Resources 12V,Wink,2025-04-09,INSPECTION,Routine preventive maintenance on ESP system including motor inspection and cable check,36.7,11920.31
EVT-006348,42-389-38834,Brooks 12H,Reeves County,2025-12-27,CHEMICAL_TREATMENT,Annual safety valve inspection and function test completed,5.7,11631.7
EVT-006349,42-389-38834,Brooks 12H,Reeves County,2024-01-16,CHEMICAL_TREATMENT,Routine preventive maintenance on ESP system including motor inspection and cable check,28.9,15977.8
EVT-006350,42-495-83311,Wilson 5H,Reeves County,2025-04-19,CHEMICAL_TREATMENT,Quarterly ESP system diagnostic and vibration analysis completed,30.1,16866.78
EVT-006351,42-495-83311,Wilson 5H,Reeves County,2025-09-13,CHEMICAL_TREATMENT,Annual safety valve inspection and function test completed,44.7,18412.42
EVT-006352,42-495-83311,Wilson 5H,Reeves County,2026-06-12,INSPECTION,Annual safety valve inspection and function test completed,28.3,23452.52
EVT-006353,42-301-44323,Wallace 1V,Delaware Basin,2026-04-24,MAINTENANCE,Annual safety valve inspection and function test completed,6.9,18676.54
EVT-006354,42-495-88617,Washington 10H,Pecos Valley,2025-12-20,INSPECTION,Routine preventive maintenance on ESP system including motor inspection and cable check,36.8,24226.68
EVT-006355,42-495-88617,Washington 10H,Pecos Valley,2024-02-16,MAINTENANCE,Scheduled wellhead maintenance and valve replacement,31.4,3855.94
EVT-006356,42-495-88617,Washington 10H,Pecos Valley,2024-01-17,INSPECTION,Scheduled wellhead maintenance and valve replacement,36.8,13690.9
EVT-006357,42-495-88617,Washington 10H,Pecos Valley,2024-10-04,MAINTENANCE,Surface facility maintenance including separator cleaning and meter calibration,32.4,12369.35
EVT-006358,42-109-66831,Morris 5V,Red Hills,2026-04-12,CHEMICAL_TREATMENT,Routine tubing pressure test and casing inspection,4.8,8314.44
EVT-006359,42-109-66831,Morris 5V,Red Hills,2026-01-15,INSPECTION,Annual safety valve inspection and function test completed,24.9,22581.89
EVT-006360,42-475-60641,Murphy 7V,Balmorhea,2026-04-03,MAINTENANCE,Surface facility maintenance including separator cleaning and meter calibration,27.5,4781.55
EVT-006361,42-109-61701,Watson 10H,Toyah,2025-05-24,INSPECTION,Annual safety valve inspection and function test completed,13.9,16524.62
EVT-006362,42-109-61701,Watson 10H,Toyah,2023-09-19,INSPECTION,Routine preventive maintenance on ESP system including motor inspection and cable check,33.6,4155.93
EVT-006363,42-109-61701,Watson 10H,Toyah,2023-07-09,MAINTENANCE,Surface facility maintenance including separator cleaning and meter calibration,27.9,14655.0
EVT-006364,42-389-57291,Bennett 12H,Pecos Valley,2024-12-22,MAINTENANCE,Scheduled wellhead maintenance and valve replacement,15.3,11532.76
EVT-006365,42-389-57291,Bennett 12H,Pecos Valley,2025-06-16,CHEMICAL_TREATMENT,Quarterly ESP system diagnostic and vibration analysis completed,46.6,19196.03
EVT-006366,42-371-51376,Diaz 9V,Culberson County,2026-03-19,INSPECTION,Scheduled wellhead maintenance and valve replacement,27.2,20899.26
EVT-006367,42-371-51376,Diaz 9V,Culberson County,2026-05-24,INSPECTION,Quarterly ESP system diagnostic and vibration analysis completed,41.4,17483.39
EVT-006368,42-371-51376,Diaz 9V,Culberson County,2026-03-30,CHEMICAL_TREATMENT,Corrosion coupon retrieval and analysis - 2 mpy average rate,6.0,18926.81
EVT-006369,42-389-72672,Collins 7H,Coyanosa,2025-04-13,CHEMICAL_TREATMENT,Surface facility maintenance including separator cleaning and meter calibration,8.9,24074.85
EVT-006370,42-389-58143,Kelly 3H,Culberson County,2025-10-16,FAILURE,"Rod parting at depth, well dead, workover rig scheduled",30.6,79842.73
EVT-006371,42-389-58143,Kelly 3H,Culberson County,2026-04-23,FAILURE,Complete ESP system failure - motor burnout and pump lockup,401.2,688959.98
EVT-006372,42-389-58143,Kelly 3H,Culberson County,2025-05-23,FAILURE,"Tubing leak detected at depth, production ceased for workover",112.7,352757.59
EVT-006373,42-389-58143,Kelly 3H,Culberson County,2026-05-31,FAILURE,Complete ESP system failure - motor burnout and pump lockup,54.9,680994.17
EVT-006374,42-389-58143,Kelly 3H,Culberson County,2025-06-03,FAILURE,"Christmas tree valve failure, emergency well control initiated",113.8,456569.55
EVT-006375,42-389-58143,Kelly 3H,Culberson County,2026-02-13,EQUIPMENT_CHANGE,"ESP motor failure due to overheating, well shut-in pending replacement",51.8,173809.59
EVT-006376,42-389-58143,Kelly 3H,Culberson County,2026-03-10,FAILURE,"VSD drive failure causing ESP shutdown, replacement ordered",275.3,725153.83
EVT-006377,42-389-58143,Kelly 3H,Culberson County,2025-01-07,EQUIPMENT_CHANGE,"Christmas tree valve failure, emergency well control initiated",162.0,260605.24
EVT-006378,42-389-58143,Kelly 3H,Culberson County,2026-06-07,FAILURE,Gas lift valve failure causing complete loss of artificial lift,48.1,725347.78
EVT-006379,42-389-58143,Kelly 3H,Culberson County,2026-05-20,FAILURE,Complete ESP system failure - motor burnout and pump lockup,359.6,327389.19
EVT-006380,42-389-66811,Ford 5H,Grandfalls,2026-02-20,MAINTENANCE,Routine preventive maintenance on ESP system including motor inspection and cable check,44.6,4333.36
EVT-006381,42-109-96046,Cole 2H,Van Horn,2026-03-17,MAINTENANCE,"Increasing water cut trend noted, zone isolation evaluation in progress",44.5,11305.45
EVT-006382,42-109-96046,Cole 2H,Van Horn,2026-03-18,EQUIPMENT_CHANGE,"Intermittent ESP trips due to gas slugging, VSD ramp adjusted",150.5,18299.87
EVT-006383,42-109-96046,Cole 2H,Van Horn,2026-05-26,CHEMICAL_TREATMENT,"Scale buildup detected in tubing, chemical squeeze scheduled",24.2,23102.06
EVT-006384,42-109-96046,Cole 2H,Van Horn,2026-03-04,MAINTENANCE,"Elevated motor temperature detected, monitoring increased frequency",37.8,12198.57
EVT-006385,42-109-96046,Cole 2H,Van Horn,2026-02-27,MAINTENANCE,"Gas lift valve partially plugged, reduced injection efficiency",25.8,6197.93
EVT-006386,42-109-96046,Cole 2H,Van Horn,2026-05-01,EQUIPMENT_CHANGE,"Sand production increasing, pump wear accelerating",152.8,156413.96
EVT-006387,42-301-68362,Collins 6V,Reeves County,2026-05-07,INSPECTION,Scheduled wellhead maintenance and valve replacement,16.1,22958.22
EVT-006388,42-301-68362,Collins 6V,Reeves County,2026-03-17,INSPECTION,Quarterly ESP system diagnostic and vibration analysis completed,21.7,7351.21
EVT-006389,42-301-68362,Collins 6V,Reeves County,2026-04-25,INSPECTION,Scheduled wellhead maintenance and valve replacement,47.0,10060.34
EVT-006390,42-301-68362,Collins 6V,Reeves County,2026-06-07,CHEMICAL_TREATMENT,Routine tubing pressure test and casing inspection,10.2,9611.04
EVT-006391,42-475-59626,Baker 5H,Coyanosa,2025-10-25,MAINTENANCE,Surface facility maintenance including separator cleaning and meter calibration,32.3,5379.47
EVT-006392,42-475-59626,Baker 5H,Coyanosa,2025-12-29,CHEMICAL_TREATMENT,Corrosion coupon retrieval and analysis - 2 mpy average rate,15.9,22623.34
EVT-006393,42-475-59626,Baker 5H,Coyanosa,2025-04-13,CHEMICAL_TREATMENT,Quarterly ESP system diagnostic and vibration analysis completed,36.0,10028.98
EVT-006394,42-389-39756,Ford 6H,Orla,2026-06-07,INSPECTION,Annual safety valve inspection and function test completed,3.0,890.15
EVT-006395,42-389-39756,Ford 6H,Orla,2023-04-10,MAINTENANCE,Corrosion coupon retrieval and analysis - 2 mpy average rate,31.9,3524.74
EVT-006396,42-389-39756,Ford 6H,Orla,2023-03-29,MAINTENANCE,Routine preventive maintenance on ESP system including motor inspection and cable check,35.3,4269.92
EVT-006397,42-389-41188,Reynolds 6H,Van Horn,2025-02-10,EQUIPMENT_CHANGE,"VSD drive failure causing ESP shutdown, replacement ordered",108.7,59277.04
EVT-006398,42-389-41188,Reynolds 6H,Van Horn,2025-03-07,EQUIPMENT_CHANGE,"Casing collapse detected during pressure test, integrity compromised",155.8,77394.12
EVT-006399,42-389-41188,Reynolds 6H,Van Horn,2026-06-23,FAILURE,"Severe corrosion-induced tubing failure, well flowing up annulus",54.7,185361.12
EVT-006400,42-389-41188,Reynolds 6H,Van Horn,2026-05-22,FAILURE,"Severe corrosion-induced tubing failure, well flowing up annulus",95.5,90056.87
EVT-006401,42-389-99817,Myers 3H,Coyanosa,2026-02-15,CHEMICAL_TREATMENT,Surface facility maintenance including separator cleaning and meter calibration,25.1,19649.18
EVT-006402,42-389-99817,Myers 3H,Coyanosa,2026-05-12,CHEMICAL_TREATMENT,Routine preventive maintenance on ESP system including motor inspection and cable check,30.8,9705.69
EVT-006403,42-389-99817,Myers 3H,Coyanosa,2026-01-22,CHEMICAL_TREATMENT,Routine preventive maintenance on ESP system including motor inspection and cable check,47.6,15023.99
EVT-006404,42-371-99968,Butler 11H,Fort Stockton,2024-11-20,INSPECTION,Surface facility maintenance including separator cleaning and meter calibration,12.0,17847.94
EVT-006405,42-371-99968,Butler 11H,Fort Stockton,2023-07-11,MAINTENANCE,Scheduled wellhead maintenance and valve replacement,40.1,17659.06
EVT-006406,42-371-99968,Butler 11H,Fort Stockton,2022-06-03,MAINTENANCE,Scheduled wellhead maintenance and valve replacement,45.2,12116.5
EVT-006407,42-371-99968,Butler 11H,Fort Stockton,2024-05-21,MAINTENANCE,Annual safety valve inspection and function test completed,29.1,1149.15
EVT-006408,42-109-64298,Myers 12H,Van Horn,2025-07-11,CHEMICAL_TREATMENT,Annual safety valve inspection and function test completed,29.1,4095.5
EVT-006409,42-109-64298,Myers 12H,Van Horn,2025-08-06,MAINTENANCE,Scheduled wellhead maintenance and valve replacement,16.0,8151.23
EVT-006410,42-109-64298,Myers 12H,Van Horn,2026-04-08,INSPECTION,Annual safety valve inspection and function test completed,10.6,3565.33
EVT-006411,42-389-85289,Gray 1H,Ward-Estes,2024-01-29,CHEMICAL_TREATMENT,Annual safety valve inspection and function test completed,40.4,861.93
EVT-006412,42-495-83036,Bailey 9H,Monahans,2025-04-20,INSPECTION,Quarterly ESP system diagnostic and vibration analysis completed,6.1,12918.08
EVT-006413,42-495-83036,Bailey 9H,Monahans,2026-04-12,MAINTENANCE,Routine tubing pressure test and casing inspection,44.3,20610.6
EVT-006414,42-389-63962,Coleman 4V,Van Horn,2026-04-30,CHEMICAL_TREATMENT,Routine tubing pressure test and casing inspection,33.9,23350.05
EVT-006415,42-389-63962,Coleman 4V,Van Horn,2026-01-28,MAINTENANCE,Corrosion coupon retrieval and analysis - 2 mpy average rate,8.6,22187.78
EVT-006416,42-389-63962,Coleman 4V,Van Horn,2026-06-06,MAINTENANCE,Quarterly ESP system diagnostic and vibration analysis completed,24.7,552.34
EVT-006417,42-389-63962,Coleman 4V,Van Horn,2026-03-27,MAINTENANCE,Annual safety valve inspection and function test completed,23.5,2768.83
EVT-006418,42-301-45833,Moore 6H,Van Horn,2024-03-30,CHEMICAL_TREATMENT,"Increasing water cut trend noted, zone isolation evaluation in progress",33.8,7048.32
EVT-006419,42-301-45833,Moore 6H,Van Horn,2024-06-16,CHEMICAL_TREATMENT,"Intermittent ESP trips due to gas slugging, VSD ramp adjusted",44.2,21926.62
EVT-006420,42-301-45833,Moore 6H,Van Horn,2024-02-20,EQUIPMENT_CHANGE,Emulsion issues at separator requiring increased demulsifier dosage,92.0,267198.37
EVT-006421,42-301-45833,Moore 6H,Van Horn,2026-01-31,MAINTENANCE,"Scale buildup detected in tubing, chemical squeeze scheduled",3.3,18552.46
EVT-006422,42-301-45833,Moore 6H,Van Horn,2026-04-23,FAILURE,"Increasing water cut trend noted, zone isolation evaluation in progress",99.0,84610.41
EVT-006423,42-371-87761,Morgan 1V,Van Horn,2024-10-31,EQUIPMENT_CHANGE,"Elevated motor temperature detected, monitoring increased frequency",146.0,127639.49
EVT-006424,42-371-87761,Morgan 1V,Van Horn,2024-10-21,MAINTENANCE,"Sand production increasing, pump wear accelerating",39.5,5208.77
EVT-006425,42-371-87761,Morgan 1V,Van Horn,2024-03-17,CHEMICAL_TREATMENT,"Sand production increasing, pump wear accelerating",47.6,9062.94
EVT-006426,42-371-87761,Morgan 1V,Van Horn,2025-03-15,CHEMICAL_TREATMENT,"Increasing water cut trend noted, zone isolation evaluation in progress",21.6,3149.77
EVT-006427,42-371-87761,Morgan 1V,Van Horn,2026-05-01,FAILURE,"Elevated motor temperature detected, monitoring increased frequency",241.8,529370.62
EVT-006428,42-389-88024,Jenkins 10V,Ward-Estes,2026-06-12,CHEMICAL_TREATMENT,Corrosion coupon retrieval and analysis - 2 mpy average rate,9.2,7380.84
EVT-006429,42-371-30563,University 3V,Toyah,2025-12-28,MAINTENANCE,Routine preventive maintenance on ESP system including motor inspection and cable check,17.8,17487.73
EVT-006430,42-371-30563,University 3V,Toyah,2026-02-05,CHEMICAL_TREATMENT,Annual safety valve inspection and function test completed,29.9,16205.23
EVT-006431,42-371-30563,University 3V,Toyah,2025-10-13,MAINTENANCE,Annual safety valve inspection and function test completed,23.5,19071.97
EVT-006432,42-371-30563,University 3V,Toyah,2026-04-22,MAINTENANCE,Annual safety valve inspection and function test completed,38.4,21239.36
EVT-006433,42-389-47123,Mitchell 7H,Pecos Valley,2023-04-10,MAINTENANCE,Annual safety valve inspection and function test completed,23.6,9499.42
EVT-006434,42-389-47123,Mitchell 7H,Pecos Valley,2024-04-03,CHEMICAL_TREATMENT,Surface facility maintenance including separator cleaning and meter calibration,26.6,3048.26
EVT-006435,42-495-79397,Peterson 9H,Culberson County,2022-11-30,MAINTENANCE,Quarterly ESP system diagnostic and vibration analysis completed,41.8,24759.04
EVT-006436,42-495-79397,Peterson 9H,Culberson County,2025-07-25,CHEMICAL_TREATMENT,Scheduled wellhead maintenance and valve replacement,35.2,19826.06
EVT-006437,42-495-79397,Peterson 9H,Culberson County,2024-10-29,INSPECTION,Annual safety valve inspection and function test completed,2.3,8889.44
EVT-006438,42-495-44733,Campbell 2H,Culberson County,2025-08-05,MAINTENANCE,Surface facility maintenance including separator cleaning and meter calibration,18.9,3752.78
EVT-006439,42-495-44733,Campbell 2H,Culberson County,2024-11-15,CHEMICAL_TREATMENT,Routine preventive maintenance on ESP system including motor inspection and cable check,3.0,5142.17
EVT-006440,42-495-44733,Campbell 2H,Culberson County,2024-10-26,CHEMICAL_TREATMENT,Annual safety valve inspection and function test completed,5.0,16522.21
EVT-006441,42-495-44733,Campbell 2H,Culberson County,2026-06-03,CHEMICAL_TREATMENT,Surface facility maintenance including separator cleaning and meter calibration,33.0,23193.97
EVT-006442,42-301-72008,Hayes 7H,Pecos Valley,2025-12-06,CHEMICAL_TREATMENT,Surface facility maintenance including separator cleaning and meter calibration,43.3,8071.86
EVT-006443,42-109-53507,Parker 7H,Ward-Estes,2025-02-14,FAILURE,"Hole in tubing at 6500ft, severe production loss and gas migration",443.1,452127.14
EVT-006444,42-109-53507,Parker 7H,Ward-Estes,2025-05-29,FAILURE,"Tubing leak detected at depth, production ceased for workover",300.2,557066.23
EVT-006445,42-109-53507,Parker 7H,Ward-Estes,2025-03-11,EQUIPMENT_CHANGE,"VSD drive failure causing ESP shutdown, replacement ordered",52.1,195175.6
EVT-006446,42-109-53507,Parker 7H,Ward-Estes,2024-10-15,WORKOVER,"Hole in tubing at 6500ft, severe production loss and gas migration",244.4,1493804.86
EVT-006447,42-109-53507,Parker 7H,Ward-Estes,2025-05-27,FAILURE,Gas lift valve failure causing complete loss of artificial lift,198.2,487330.98
EVT-006448,42-109-53507,Parker 7H,Ward-Estes,2025-01-25,EQUIPMENT_CHANGE,Complete ESP system failure - motor burnout and pump lockup,100.8,61110.65
EVT-006449,42-109-53507,Parker 7H,Ward-Estes,2026-06-18,FAILURE,Gas lift valve failure causing complete loss of artificial lift,422.1,662393.27
EVT-006450,42-109-53507,Parker 7H,Ward-Estes,2026-06-09,FAILURE,Gas lift valve failure causing complete loss of artificial lift,199.2,162811.12
EVT-006451,42-495-31468,Taylor 11H,Red Hills,2025-03-08,CHEMICAL_TREATMENT,Quarterly ESP system diagnostic and vibration analysis completed,23.4,12486.82
EVT-006452,42-495-31468,Taylor 11H,Red Hills,2024-06-30,INSPECTION,Corrosion coupon retrieval and analysis - 2 mpy average rate,39.9,24712.83
EVT-006453,42-389-76937,Sanders 4H,Fort Stockton,2025-10-06,CHEMICAL_TREATMENT,Quarterly ESP system diagnostic and vibration analysis completed,16.0,9172.82
EVT-006454,42-389-76937,Sanders 4H,Fort Stockton,2026-01-30,CHEMICAL_TREATMENT,Routine preventive maintenance on ESP system including motor inspection and cable check,42.8,7690.42
EVT-006455,42-389-76937,Sanders 4H,Fort Stockton,2025-11-24,MAINTENANCE,Annual safety valve inspection and function test completed,41.9,15581.12
EVT-006456,42-495-91075,Sullivan 11H,Pecos Valley,2025-01-29,INSPECTION,Routine preventive maintenance on ESP system including motor inspection and cable check,47.8,22817.58
EVT-006457,42-495-91075,Sullivan 11H,Pecos Valley,2026-01-30,INSPECTION,Routine preventive maintenance on ESP system including motor inspection and cable check,30.0,14580.03
EVT-006458,42-495-91075,Sullivan 11H,Pecos Valley,2023-09-07,INSPECTION,Corrosion coupon retrieval and analysis - 2 mpy average rate,19.3,4240.36
EVT-006459,42-109-88753,Harris 7H,Kermit,2023-03-30,MAINTENANCE,Surface facility maintenance including separator cleaning and meter calibration,20.6,5668.7
EVT-006460,42-109-88753,Harris 7H,Kermit,2024-04-24,MAINTENANCE,Surface facility maintenance including separator cleaning and meter calibration,28.5,7752.04
EVT-006461,42-389-38913,Reynolds 6H,Fort Stockton,2023-11-16,MAINTENANCE,Surface facility maintenance including separator cleaning and meter calibration,33.5,23904.11
EVT-006462,42-389-38913,Reynolds 6H,Fort Stockton,2026-05-01,INSPECTION,Annual safety valve inspection and function test completed,44.8,3698.11
EVT-006463,42-389-38913,Reynolds 6H,Fort Stockton,2024-10-12,MAINTENANCE,Annual safety valve inspection and function test completed,29.2,15754.96
EVT-006464,42-389-38913,Reynolds 6H,Fort Stockton,2023-11-09,CHEMICAL_TREATMENT,Routine tubing pressure test and casing inspection,3.5,5593.24
EVT-006465,42-389-33037,Sanders 4H,Reeves County,2025-03-31,EQUIPMENT_CHANGE,"Rod parting at depth, well dead, workover rig scheduled",30.6,149164.49
EVT-006466,42-389-33037,Sanders 4H,Reeves County,2026-02-02,WORKOVER,Gas lift valve failure causing complete loss of artificial lift,472.2,903988.73
EVT-006467,42-389-33037,Sanders 4H,Reeves County,2025-05-06,EQUIPMENT_CHANGE,"ESP motor failure due to overheating, well shut-in pending replacement",83.0,264797.03
EVT-006468,42-389-33037,Sanders 4H,Reeves County,2026-07-08,FAILURE,Electrical cable failure on ESP causing complete shutdown,400.7,511891.17
EVT-006469,42-389-33037,Sanders 4H,Reeves County,2026-05-30,FAILURE,"Severe corrosion-induced tubing failure, well flowing up annulus",187.3,690599.1
