API_NO,WELL_NAME,FIELD,OPERATOR,LATITUDE,LONGITUDE,COUNTY,STATE,FORMATION,STATUS,SPUD_DATE,FIRST_PROD_DATE,TVD_FT,MD_FT,LATERAL_LENGTH_FT,PERF_TOP_FT,PERF_BOTTOM_FT
42-475-91000,Jackson 10H,Monahans,Texas Energy LLC,31.435273,-103.026276,Ward,TX,Avalon Shale,ACTIVE,2023-12-22,2024-02-26,11160,23585,12426,11045,11226
42-389-50549,Wood 2H,Coyanosa,Texas Energy LLC,31.531578,-103.390321,Reeves,TX,Wolfcamp B,ACTIVE,2022-11-15,2023-02-06,9536,21346,11386,9036,9831
42-371-77600,Kelly 7H,Pecos Valley,Texas Energy LLC,31.098316,-103.122784,Pecos,TX,Wolfcamp A,ACTIVE,2023-12-08,2024-03-04,10561,16587,6311,10376,10712
42-475-47203,Watson 5H,Kermit,Texas Energy LLC,31.661768,-103.496172,Ward,TX,1st Bone Spring,SHUT-IN,2022-10-25,2023-01-07,12794,21259,8936,12629,13081
42-475-70600,Peterson 11H,Van Horn,Texas Energy LLC,31.68779,-103.386645,Ward,TX,Wolfcamp B,ACTIVE,2022-12-09,2023-02-25,8683,17114,8211,8190,8951
42-109-67143,Anderson 8H,Red Hills,Texas Energy LLC,31.528731,-104.541827,Culberson,TX,Wolfcamp B,ACTIVE,2023-01-02,2023-03-25,13322,23676,10574,13153,13512
42-475-49012,Fisher 3V,Balmorhea,Texas Energy LLC,31.499396,-103.229894,Ward,TX,Wolfcamp A,ACTIVE,2025-02-27,2025-05-09,9416,22687,13214,9295,9599
42-109-85993,Butler 11H,Kermit,Texas Energy LLC,31.954273,-104.257715,Culberson,TX,Wolfcamp A,ACTIVE,2025-06-25,2025-09-03,11798,24172,12458,11547,11858
42-495-45611,Roberts 5H,Red Hills,Texas Energy LLC,31.768444,-103.477194,Winkler,TX,1st Bone Spring,SHUT-IN,2024-01-21,2024-03-21,10220,23596,13758,10120,10436
42-475-66058,State 1V,Van Horn,Texas Energy LLC,31.67263,-103.33172,Ward,TX,1st Bone Spring,ACTIVE,2023-02-15,2023-04-30,13227,18875,5769,12966,13314
42-389-47494,Martin 8H,Toyah,Texas Energy LLC,31.672538,-103.631925,Reeves,TX,1st Bone Spring,SHUT-IN,2025-04-22,2025-06-22,10798,19933,9412,10532,11053
42-301-74285,Wallace 10V,Pecos Valley,Texas Energy LLC,31.933729,-103.981745,Loving,TX,Wolfcamp C,ACTIVE,2023-09-26,2023-12-11,12969,25977,13188,12536,13079
42-495-31233,Griffin 11H,Loving,Texas Energy LLC,31.873067,-103.253742,Winkler,TX,Wolfcamp C,ACTIVE,2025-04-27,2025-06-17,9877,24620,14771,9590,10140
42-475-35482,Owens 1H,Buena Vista,Texas Energy LLC,31.473352,-103.021787,Ward,TX,Wolfcamp C,ACTIVE,2024-02-15,2024-04-17,11889,25727,13470,11736,12140
42-389-66800,Hill 5V,Monahans,Texas Energy LLC,31.60746,-103.245684,Reeves,TX,Wolfcamp A,ACTIVE,2022-10-21,2023-01-07,10581,22892,12141,10126,10643
42-389-79375,Harris 12H,Loving,Texas Energy LLC,31.04705,-103.232853,Reeves,TX,Delaware Mountain,ACTIVE,2022-03-28,2022-06-12,11709,21943,9900,11272,11992
42-371-35170,Graham 6H,Mentone,Texas Energy LLC,31.181799,-103.331721,Pecos,TX,2nd Bone Spring,ACTIVE,2022-01-28,2022-03-22,9896,20146,10384,9572,10190
42-371-88414,Williams 6H,Buena Vista,Texas Energy LLC,30.565986,-103.675042,Pecos,TX,1st Bone Spring,ACTIVE,2024-06-17,2024-08-10,13196,22912,10063,13087,13294
42-109-30863,Bailey 5V,Red Hills,Texas Energy LLC,31.471721,-104.152684,Culberson,TX,Wolfcamp A,ACTIVE,2025-06-21,2025-09-16,10510,18264,7483,10025,10695
42-475-65262,Myers 11H,Culberson County,Texas Energy LLC,31.524211,-103.162781,Ward,TX,1st Bone Spring,ACTIVE,2025-12-10,2026-02-09,9868,20199,10677,9572,10087
42-371-49079,Stewart 7H,Wink,Texas Energy LLC,31.118334,-103.748067,Pecos,TX,Wolfcamp C,ACTIVE,2024-05-28,2024-08-11,12689,25575,12991,12202,12962
42-109-44804,Jordan 4H,Culberson County,Texas Energy LLC,31.710549,-104.194649,Culberson,TX,1st Bone Spring,ACTIVE,2023-04-23,2023-07-03,9384,17913,8811,9041,9618
42-389-75587,Ellis 6H,Van Horn,Texas Energy LLC,31.749779,-103.162962,Reeves,TX,3rd Bone Spring,ACTIVE,2022-06-24,2022-09-16,12055,24360,12004,11582,12342
42-495-56642,University 5H,Reeves County,Texas Energy LLC,31.976012,-103.210511,Winkler,TX,Wolfcamp A,ACTIVE,2025-01-17,2025-04-11,10828,16456,6055,10451,10954
42-475-50210,Bryant 6V,Pecos Valley,Texas Energy LLC,31.2856,-103.18776,Ward,TX,Wolfcamp A,ACTIVE,2022-11-25,2023-02-14,10668,19406,8453,10276,10824
42-389-67963,Ellis 7H,Orla,Texas Energy LLC,31.162038,-103.162452,Reeves,TX,Avalon Shale,ACTIVE,2024-08-03,2024-09-27,12249,24576,11854,12049,12489
42-389-62325,Powell 12V,Monahans,Texas Energy LLC,31.507159,-103.706831,Reeves,TX,Delaware Mountain,ACTIVE,2023-04-18,2023-07-08,9344,19831,10573,9160,9460
42-389-97219,Wallace 6H,Grandfalls,Texas Energy LLC,31.537665,-103.748138,Reeves,TX,Wolfcamp C,ACTIVE,2022-11-21,2023-01-05,10514,17856,7242,10222,10787
42-371-76746,Clayton 2H,Toyah,Texas Energy LLC,31.274384,-103.058428,Pecos,TX,1st Bone Spring,ACTIVE,2023-04-13,2023-07-12,12773,27818,14750,12481,12838
42-495-80589,Fisher 11V,Monahans,Texas Energy LLC,31.926957,-103.41383,Winkler,TX,2nd Bone Spring,ACTIVE,2023-03-14,2023-05-18,12338,21751,9025,11860,12421
42-495-61671,Wallace 11H,Balmorhea,Texas Energy LLC,32.098446,-103.249523,Winkler,TX,2nd Bone Spring,ACTIVE,2024-05-19,2024-08-16,11571,19778,8686,11470,11721
42-371-51724,Rogers 9H,Fort Stockton,Texas Energy LLC,30.867397,-102.709763,Pecos,TX,Wolfcamp A,ACTIVE,2022-07-13,2022-09-07,13336,22008,8500,12908,13620
42-389-44764,Hayes 5H,Wink,Texas Energy LLC,31.264547,-103.288217,Reeves,TX,Wolfcamp A,SHUT-IN,2023-03-20,2023-06-13,11821,23855,12007,11554,11893
42-475-93620,Harrison 9H,Grandfalls,Texas Energy LLC,31.513189,-103.257365,Ward,TX,1st Bone Spring,ACTIVE,2024-12-02,2025-01-23,10483,20880,9980,10100,10534
42-371-34803,Simmons 3H,Orla,Texas Energy LLC,31.198461,-103.738802,Pecos,TX,Bone Spring,ACTIVE,2023-07-18,2023-10-09,10392,18841,8668,9931,10572
42-475-93195,Cooper 3H,Mentone,Texas Energy LLC,31.292094,-103.478629,Ward,TX,Wolfcamp B,ACTIVE,2025-01-15,2025-03-08,12052,20782,8955,11665,12195
42-389-64681,King 10H,Monahans,Texas Energy LLC,31.474044,-103.291809,Reeves,TX,Wolfcamp A,ACTIVE,2022-02-14,2022-04-17,10832,16440,5866,10501,10934
42-109-90000,Scott 8H,Ward-Estes,Texas Energy LLC,31.558345,-104.10028,Culberson,TX,Wolfcamp B,ACTIVE,2022-04-19,2022-07-02,12261,21475,9014,11853,12424
42-495-51596,Butler 10H,Ward-Estes,Texas Energy LLC,31.841433,-103.214163,Winkler,TX,2nd Bone Spring,SHUT-IN,2025-10-09,2025-11-28,9616,18918,8877,9438,9749
42-475-87630,Reed 9H,Monahans,Texas Energy LLC,31.412703,-103.264155,Ward,TX,Wolfcamp B,ACTIVE,2025-12-16,2026-02-21,11053,24429,13552,10682,11123
42-371-56442,Roberts 4H,Pecos Valley,Texas Energy LLC,31.243056,-103.312962,Pecos,TX,Wolfcamp A,SHUT-IN,2024-04-22,2024-07-18,9017,18111,8613,8868,9271
42-109-99690,Hayes 4H,Red Hills,Texas Energy LLC,31.977024,-104.661208,Culberson,TX,1st Bone Spring,ACTIVE,2023-10-22,2023-12-09,10385,16638,5808,10151,10615
42-371-71164,Torres 7H,Grandfalls,Texas Energy LLC,30.786354,-102.565788,Pecos,TX,Wolfcamp A,ACTIVE,2023-05-14,2023-07-13,8642,20319,12054,8161,8797
42-371-68008,Hughes 10H,Kermit,Texas Energy LLC,31.232932,-102.993006,Pecos,TX,1st Bone Spring,SHUT-IN,2025-11-14,2026-01-13,10945,21629,10413,10711,11218
42-495-84339,Rogers 2H,Mentone,Texas Energy LLC,31.852888,-103.221729,Winkler,TX,Avalon Shale,ACTIVE,2025-05-02,2025-07-17,12431,26558,14355,12204,12540
42-475-33067,Roberts 3H,Loving,Texas Energy LLC,31.666782,-103.036074,Ward,TX,2nd Bone Spring,ACTIVE,2022-08-20,2022-11-05,13245,18341,5441,13058,13353
42-371-74500,Johnson 9H,Balmorhea,Texas Energy LLC,30.677258,-102.787147,Pecos,TX,Bone Spring,SHUT-IN,2024-12-27,2025-03-23,9709,18185,8871,9535,9824
42-389-98864,Taylor 10V,Imperial,Texas Energy LLC,31.460114,-103.363729,Reeves,TX,Bone Spring,ACTIVE,2025-03-20,2025-05-18,10879,18551,8171,10719,10935
42-389-84090,Moore 7H,Wink,Texas Energy LLC,31.774229,-103.409899,Reeves,TX,Wolfcamp B,SHUT-IN,2022-08-28,2022-11-04,9257,23273,13775,9060,9320
42-109-38954,Long 8H,Buena Vista,Texas Energy LLC,31.546838,-104.660729,Culberson,TX,Wolfcamp A,ACTIVE,2024-11-03,2025-01-07,9987,16944,7002,9533,10115
42-389-41233,Bailey 1V,Imperial,Texas Energy LLC,31.302183,-103.606266,Reeves,TX,Wolfcamp B,ACTIVE,2022-01-02,2022-03-05,8559,23409,14542,8438,8633
42-389-50273,Brooks 12H,Fort Stockton,Texas Energy LLC,31.479775,-103.39821,Reeves,TX,Bone Spring,ACTIVE,2022-09-26,2022-11-17,11053,20437,9774,10775,11277
42-389-56439,Powell 7H,Loving,Texas Energy LLC,31.161273,-103.515425,Reeves,TX,Bone Spring,ACTIVE,2025-01-24,2025-03-14,12207,18013,5325,11982,12361
42-389-59732,Kelly 1H,Balmorhea,Texas Energy LLC,31.564026,-103.121328,Reeves,TX,Bone Spring,ACTIVE,2024-09-06,2024-11-27,9344,20022,10630,8921,9626
42-371-99922,Bryant 8V,Van Horn,Texas Energy LLC,30.677556,-102.80076,Pecos,TX,2nd Bone Spring,ACTIVE,2024-02-21,2024-04-22,11339,21114,9653,10959,11441
42-371-53480,Cooper 9H,Pecos Valley,Texas Energy LLC,30.716448,-102.716367,Pecos,TX,2nd Bone Spring,ACTIVE,2023-11-26,2024-01-12,11202,23918,12904,10761,11460
42-371-74173,Bailey 5V,Grandfalls,Texas Energy LLC,30.757,-102.944361,Pecos,TX,Brushy Canyon,SHUT-IN,2022-11-19,2023-02-09,13010,21511,8420,12657,13162
42-109-61217,Turner 7V,Pecos Valley,Texas Energy LLC,31.462423,-104.329106,Culberson,TX,Bone Spring,ACTIVE,2023-01-03,2023-02-20,9538,21407,12185,9294,9599
42-371-79955,Martin 3H,Buena Vista,Texas Energy LLC,30.53086,-103.781593,Pecos,TX,Wolfcamp A,ACTIVE,2023-12-03,2024-02-17,12061,21401,9294,11829,12310
42-371-34458,Gibson 6H,Ward-Estes,Texas Energy LLC,30.932674,-103.366702,Pecos,TX,Wolfcamp A,ACTIVE,2022-04-04,2022-05-24,9320,22197,12580,8961,9610
42-475-41835,Morgan 11H,Culberson County,Texas Energy LLC,31.363663,-103.205824,Ward,TX,Wolfcamp A,ACTIVE,2023-01-28,2023-04-26,12413,23084,10919,11957,12700
42-301-35376,Myers 4H,Grandfalls,Texas Energy LLC,31.779893,-103.595092,Loving,TX,1st Bone Spring,ACTIVE,2022-08-04,2022-10-09,9190,22617,13266,9002,9250
42-301-52787,Reed 9H,Pecos Valley,Texas Energy LLC,31.860513,-103.614803,Loving,TX,2nd Bone Spring,ACTIVE,2022-08-05,2022-10-22,12658,27640,14493,12385,12951
42-495-88949,Taylor 10H,Ward-Estes,Texas Energy LLC,31.815121,-103.132028,Winkler,TX,Bone Spring,ACTIVE,2023-04-25,2023-06-10,9741,22184,11959,9317,9880
42-475-86345,Torres 6H,Wink,Texas Energy LLC,31.581016,-103.39533,Ward,TX,Wolfcamp A,ACTIVE,2022-11-23,2023-01-08,8650,20010,10954,8509,8708
42-475-87092,Stewart 4H,Van Horn,Texas Energy LLC,31.628854,-103.495305,Ward,TX,Wolfcamp B,ACTIVE,2025-11-21,2026-02-16,10410,16875,6311,9920,10580
42-371-58369,Stewart 1H,Loving,Texas Energy LLC,30.973265,-102.711914,Pecos,TX,2nd Bone Spring,ACTIVE,2023-06-14,2023-09-04,10321,25484,14695,10145,10604
42-389-42934,Cole 8H,Toyah,Texas Energy LLC,31.739386,-103.155666,Reeves,TX,1st Bone Spring,ACTIVE,2022-03-27,2022-06-02,11609,23276,11948,11246,11717
42-389-79372,Taylor 11V,Coyanosa,Texas Energy LLC,31.514795,-103.570066,Reeves,TX,Wolfcamp A,SHUT-IN,2024-01-12,2024-03-16,9976,18334,8509,9484,10150
42-109-70811,Mitchell 11H,Loving,Texas Energy LLC,31.344724,-104.089789,Culberson,TX,2nd Bone Spring,SHUT-IN,2024-01-07,2024-03-17,12888,24777,12273,12622,13098
42-389-79525,Cole 4H,Kermit,Texas Energy LLC,31.452799,-103.117982,Reeves,TX,Wolfcamp B,ACTIVE,2023-06-15,2023-09-02,11709,22299,10293,11538,11912
42-389-75453,Reed 4V,Reeves County,Texas Energy LLC,31.547449,-103.551235,Reeves,TX,Wolfcamp B,ACTIVE,2024-07-27,2024-09-11,13046,22366,9590,12869,13183
42-389-64632,Sullivan 3V,Buena Vista,Texas Energy LLC,31.039904,-103.280021,Reeves,TX,Wolfcamp A,ACTIVE,2023-09-06,2023-11-07,12430,19493,7032,12232,12485
42-475-50746,Woods 5H,Orla,Texas Energy LLC,31.480832,-103.185659,Ward,TX,Brushy Canyon,ACTIVE,2022-01-05,2022-03-15,12373,23576,11215,12186,12619
42-389-88383,Moore 7H,Buena Vista,Texas Energy LLC,31.782259,-103.69253,Reeves,TX,Wolfcamp A,ACTIVE,2022-10-21,2023-01-03,8557,14997,6567,8435,8791
42-371-58183,Gray 6H,Mentone,Texas Energy LLC,30.844056,-102.645482,Pecos,TX,Wolfcamp B,SHUT-IN,2025-06-22,2025-08-22,11566,19269,7500,11224,11633
42-301-72184,Bryant 12H,Wink,Texas Energy LLC,31.801644,-103.807669,Loving,TX,Wolfcamp B,ACTIVE,2024-08-26,2024-10-18,9631,21509,11762,9173,9907
42-389-67389,Moore 10H,Fort Stockton,Texas Energy LLC,31.671449,-103.300997,Reeves,TX,Delaware Mountain,ACTIVE,2024-01-25,2024-03-25,12401,23755,11378,12087,12593
42-301-37742,Powell 2V,Reeves County,Texas Energy LLC,31.876034,-103.835955,Loving,TX,2nd Bone Spring,ACTIVE,2022-03-10,2022-05-07,12276,20570,8384,12141,12557
42-109-85170,Reed 4V,Orla,Texas Energy LLC,31.3619,-104.687532,Culberson,TX,Bone Spring,ACTIVE,2024-01-25,2024-04-04,9531,21318,11601,9428,9699
42-301-95213,Scott 8H,Delaware Basin,Texas Energy LLC,31.726808,-103.808815,Loving,TX,Wolfcamp B,ACTIVE,2022-05-27,2022-08-12,12700,26815,13956,12560,12951
42-301-56254,Taylor 3H,Balmorhea,Texas Energy LLC,31.729725,-103.623124,Loving,TX,Brushy Canyon,SHUT-IN,2023-03-06,2023-06-04,12664,18089,5276,12510,12907
42-475-83476,Wilson 8H,Orla,Texas Energy LLC,31.246605,-103.003871,Ward,TX,1st Bone Spring,SHUT-IN,2024-09-23,2024-11-24,11903,24791,12905,11679,12069
42-475-72523,Gray 7H,Buena Vista,Texas Energy LLC,31.631859,-103.49383,Ward,TX,2nd Bone Spring,ACTIVE,2023-11-13,2024-01-07,9637,18850,9405,9400,9813
42-371-74222,Peterson 2H,Loving,Texas Energy LLC,30.837453,-103.003997,Pecos,TX,Wolfcamp A,ACTIVE,2024-06-21,2024-08-23,10691,25769,14918,10389,10810
42-495-31883,Reed 5V,Mentone,Texas Energy LLC,31.848103,-103.318103,Winkler,TX,3rd Bone Spring,ACTIVE,2025-07-14,2025-09-19,11385,25208,13887,11018,11684
42-475-59130,Ramirez 2H,Loving,Texas Energy LLC,31.297618,-103.235074,Ward,TX,1st Bone Spring,ACTIVE,2023-07-02,2023-09-17,12386,25723,13290,12197,12643
42-475-43508,Green 4V,Orla,Texas Energy LLC,31.550572,-103.248833,Ward,TX,1st Bone Spring,ACTIVE,2023-07-02,2023-09-02,10074,17405,7395,9965,10281
42-389-74966,Wood 6H,Fort Stockton,Texas Energy LLC,31.364266,-103.655193,Reeves,TX,Wolfcamp A,SHUT-IN,2022-05-02,2022-07-31,9442,15181,5370,9167,9657
42-109-68228,Nelson 1H,Kermit,Texas Energy LLC,31.811198,-104.671706,Culberson,TX,Bone Spring,ACTIVE,2023-01-24,2023-04-11,9697,24654,14470,9512,9907
42-475-58559,Henderson 8V,Pecos Valley,Texas Energy LLC,31.646558,-103.284381,Ward,TX,Wolfcamp A,ACTIVE,2025-10-22,2025-12-20,9944,16096,5942,9673,10193
42-475-88148,Moore 8V,Loving,Texas Energy LLC,31.461293,-103.498268,Ward,TX,2nd Bone Spring,ACTIVE,2025-02-14,2025-04-01,13026,26027,13388,12528,13233
42-301-34205,Bell 9H,Wink,Texas Energy LLC,31.983915,-103.56346,Loving,TX,Wolfcamp B,ACTIVE,2022-10-03,2022-12-22,9420,22794,13712,9058,9686
42-475-76890,Ranch 3H,Culberson County,Texas Energy LLC,31.355594,-103.057389,Ward,TX,Wolfcamp C,ACTIVE,2024-01-17,2024-04-08,9684,15366,5939,9325,9943
42-301-98162,Bennett 9H,Delaware Basin,Texas Energy LLC,31.959082,-103.717124,Loving,TX,3rd Bone Spring,ACTIVE,2024-10-14,2024-12-09,11473,24267,12430,11334,11668
42-475-63260,Hamilton 12V,Toyah,Texas Energy LLC,31.698569,-103.326947,Ward,TX,Wolfcamp A,ACTIVE,2024-07-02,2024-09-09,9999,20245,10530,9709,10216
42-371-85014,Baker 3H,Coyanosa,Texas Energy LLC,30.954361,-103.798101,Pecos,TX,2nd Bone Spring,ACTIVE,2024-10-07,2024-12-31,11792,26726,14856,11404,11933
42-389-37784,Owens 6H,Delaware Basin,Texas Energy LLC,31.111431,-103.417039,Reeves,TX,Wolfcamp B,ACTIVE,2022-06-03,2022-08-13,13400,20128,6320,13018,13572
42-301-52646,Hill 2H,Orla,Texas Energy LLC,31.660415,-103.526979,Loving,TX,Wolfcamp B,ACTIVE,2023-01-16,2023-03-27,9796,20117,9972,9415,9917
42-389-75745,Cox 5H,Buena Vista,Texas Energy LLC,31.704691,-103.184511,Reeves,TX,Wolfcamp C,SHUT-IN,2024-10-26,2025-01-20,12833,18144,5128,12450,12959
42-371-41362,Martin 10H,Coyanosa,Texas Energy LLC,31.217274,-103.617983,Pecos,TX,Wolfcamp B,SHUT-IN,2023-04-09,2023-07-04,9190,18321,9065,8783,9393
42-109-63303,Torres 1H,Culberson County,Texas Energy LLC,31.552006,-104.438077,Culberson,TX,Brushy Canyon,ACTIVE,2022-09-05,2022-11-08,8553,18200,9920,8344,8822
42-389-74295,Morris 12H,Balmorhea,Texas Energy LLC,31.072434,-103.169093,Reeves,TX,2nd Bone Spring,ACTIVE,2023-06-24,2023-09-03,9582,17416,8278,9385,9786
42-389-53283,Price 2H,Loving,Texas Energy LLC,31.107575,-103.591485,Reeves,TX,Avalon Shale,ACTIVE,2022-12-02,2023-02-11,8674,21986,13665,8338,8848
42-389-77638,Adams 9V,Ward-Estes,Texas Energy LLC,31.395535,-103.478864,Reeves,TX,Wolfcamp C,ACTIVE,2022-03-24,2022-05-16,10281,20193,9729,9987,10577
42-389-40408,Baker 8H,Imperial,Texas Energy LLC,31.309521,-103.362184,Reeves,TX,2nd Bone Spring,ACTIVE,2023-08-10,2023-11-06,13348,19304,6003,13154,13527
42-301-78971,Ellis 1H,Orla,Texas Energy LLC,31.60955,-103.756389,Loving,TX,Wolfcamp C,ACTIVE,2023-11-26,2024-01-29,11746,20396,9005,11638,12026
42-495-84444,Long 10H,Van Horn,Texas Energy LLC,31.708062,-103.128674,Winkler,TX,Wolfcamp A,ACTIVE,2023-10-28,2023-12-31,11151,23140,11965,10671,11206
42-389-49952,Parker 1H,Wink,Texas Energy LLC,31.485019,-103.665204,Reeves,TX,Wolfcamp C,ACTIVE,2023-10-25,2024-01-12,13125,20952,7433,12901,13354
42-389-66726,Evans 11V,Red Hills,Texas Energy LLC,31.67386,-103.28729,Reeves,TX,Wolfcamp B,SHUT-IN,2022-01-04,2022-04-04,12477,21553,8977,12124,12583
42-475-63567,Torres 6H,Imperial,Texas Energy LLC,31.647183,-103.262625,Ward,TX,3rd Bone Spring,ACTIVE,2023-06-23,2023-09-17,12262,19483,7490,12124,12523
42-389-65342,Perry 11V,Loving,Texas Energy LLC,31.701659,-103.615344,Reeves,TX,Wolfcamp A,ACTIVE,2024-09-14,2024-11-06,13459,26514,12815,13248,13656
42-389-32180,Ramirez 10H,Pecos Valley,Texas Energy LLC,31.294686,-103.328336,Reeves,TX,3rd Bone Spring,SHUT-IN,2025-05-21,2025-08-11,13231,22197,8728,13105,13430
42-371-58036,Stewart 12H,Buena Vista,Texas Energy LLC,31.264288,-102.570863,Pecos,TX,Delaware Mountain,ACTIVE,2024-11-04,2025-01-23,12066,22452,10704,11954,12337
42-371-47009,Davis 8H,Van Horn,Texas Energy LLC,30.642911,-103.759344,Pecos,TX,Wolfcamp A,ACTIVE,2025-11-16,2026-02-02,13335,22078,9193,13048,13441
42-389-70037,Stewart 7H,Fort Stockton,Texas Energy LLC,31.570192,-103.303442,Reeves,TX,Delaware Mountain,ACTIVE,2024-04-15,2024-06-18,12765,24369,11506,12613,12816
42-389-74430,Butler 10V,Loving,Texas Energy LLC,31.78636,-103.236229,Reeves,TX,Delaware Mountain,ACTIVE,2024-11-26,2025-02-24,13192,20716,7293,12899,13375
42-475-91763,Wallace 9H,Loving,Texas Energy LLC,31.514937,-103.011271,Ward,TX,Wolfcamp A,SHUT-IN,2023-09-19,2023-11-25,9142,18392,9390,8846,9241
42-371-66942,Peterson 7V,Pecos Valley,Texas Energy LLC,31.157847,-102.781933,Pecos,TX,2nd Bone Spring,ACTIVE,2023-07-08,2023-09-05,10219,22731,12773,9855,10419
42-109-80789,Gibson 9H,Wink,Texas Energy LLC,31.432909,-104.253421,Culberson,TX,1st Bone Spring,ACTIVE,2025-11-11,2026-01-02,9288,23034,13572,9154,9349
42-475-64650,Phillips 5V,Ward-Estes,Texas Energy LLC,31.505038,-103.403868,Ward,TX,Wolfcamp B,SHUT-IN,2023-12-23,2024-03-08,11097,23815,12861,10711,11386
42-371-89686,Adams 10H,Van Horn,Texas Energy LLC,31.276137,-102.764348,Pecos,TX,Brushy Canyon,ACTIVE,2024-02-19,2024-05-15,9696,19108,9175,9365,9814
42-109-34611,Peterson 9V,Monahans,Texas Energy LLC,31.762587,-104.494552,Culberson,TX,2nd Bone Spring,ACTIVE,2022-01-16,2022-03-11,12499,20407,7565,12399,12734
42-109-83578,Phillips 3V,Delaware Basin,Texas Energy LLC,31.961842,-104.539984,Culberson,TX,1st Bone Spring,SHUT-IN,2022-12-20,2023-03-16,11689,25756,14044,11491,11956
42-389-82606,Bryant 5V,Delaware Basin,Texas Energy LLC,31.620857,-103.627171,Reeves,TX,Wolfcamp A,ACTIVE,2023-05-09,2023-07-06,12401,24623,11869,12055,12619
42-301-77587,Wood 7H,Culberson County,Texas Energy LLC,31.85204,-103.860303,Loving,TX,3rd Bone Spring,ACTIVE,2023-08-04,2023-10-14,10897,22042,10992,10511,10974
42-389-37698,Johnson 11H,Coyanosa,Texas Energy LLC,31.419156,-103.212652,Reeves,TX,2nd Bone Spring,ACTIVE,2023-02-23,2023-04-18,8574,17174,8583,8241,8719
42-109-89175,Cook 10H,Van Horn,Texas Energy LLC,31.557996,-104.085566,Culberson,TX,Wolfcamp B,ACTIVE,2024-06-10,2024-08-21,9912,18701,9032,9567,10177
42-475-74291,Ross 2H,Balmorhea,Texas Energy LLC,31.339902,-103.088049,Ward,TX,Brushy Canyon,ACTIVE,2023-04-11,2023-06-21,10278,21638,11248,9814,10523
42-495-94495,Myers 3H,Kermit,Texas Energy LLC,31.726962,-103.293072,Winkler,TX,Wolfcamp B,ACTIVE,2022-02-05,2022-05-01,9126,17617,8435,8669,9179
42-475-34018,Howard 7H,Kermit,Texas Energy LLC,31.245879,-103.234759,Ward,TX,Wolfcamp B,SHUT-IN,2024-10-20,2024-12-09,8930,16140,7549,8444,9138
42-371-57118,Turner 7H,Ward-Estes,Texas Energy LLC,30.57528,-102.553169,Pecos,TX,Bone Spring,SHUT-IN,2022-08-03,2022-09-17,10283,24682,13976,9895,10356
42-371-51906,Sullivan 5H,Kermit,Texas Energy LLC,30.93497,-102.665824,Pecos,TX,1st Bone Spring,ACTIVE,2024-03-01,2024-04-23,12744,22235,9610,12246,12918
42-371-42878,Graham 3H,Fort Stockton,Texas Energy LLC,31.157711,-102.580569,Pecos,TX,2nd Bone Spring,ACTIVE,2025-12-28,2026-03-16,9448,14333,5067,9326,9673
42-495-73760,Ellis 7H,Ward-Estes,Texas Energy LLC,31.917821,-103.012286,Winkler,TX,Wolfcamp B,ACTIVE,2023-02-21,2023-04-28,11660,22558,11153,11261,11834
42-475-87445,Rogers 7H,Grandfalls,Texas Energy LLC,31.689374,-103.167517,Ward,TX,Bone Spring,ACTIVE,2022-11-04,2023-01-21,12367,19945,7654,11938,12622
42-109-73212,Jordan 1H,Wink,Texas Energy LLC,31.390451,-104.368186,Culberson,TX,Wolfcamp A,ACTIVE,2022-11-02,2023-01-19,10224,21204,10932,10023,10314
42-495-43145,University 8H,Grandfalls,Texas Energy LLC,31.894345,-103.231851,Winkler,TX,Wolfcamp A,ACTIVE,2022-06-28,2022-09-23,9821,16848,7293,9648,10012
42-389-83449,Jenkins 4V,Coyanosa,Texas Energy LLC,31.618923,-103.195971,Reeves,TX,Avalon Shale,ACTIVE,2022-12-12,2023-02-09,10792,19734,9425,10439,10954
42-495-51627,Parker 3H,Culberson County,Texas Energy LLC,31.875464,-103.037162,Winkler,TX,3rd Bone Spring,ACTIVE,2025-03-01,2025-05-16,9161,13772,5104,8970,9448
42-301-42502,Bell 4H,Loving,Texas Energy LLC,31.673912,-103.929694,Loving,TX,Wolfcamp B,SHUT-IN,2024-06-10,2024-08-31,13193,18147,5187,12759,13335
42-389-56728,Ellis 7H,Coyanosa,Texas Energy LLC,31.465331,-103.234587,Reeves,TX,Wolfcamp C,ACTIVE,2025-02-16,2025-04-13,12263,20629,8031,12073,12361
42-475-86626,Bass 2H,Van Horn,Texas Energy LLC,31.567267,-103.198143,Ward,TX,Brushy Canyon,SHUT-IN,2022-11-27,2023-01-28,13220,19160,5659,12733,13314
42-301-99193,Wilson 2V,Orla,Texas Energy LLC,31.726953,-103.871411,Loving,TX,Wolfcamp A,ACTIVE,2022-03-10,2022-05-20,9886,15980,5965,9620,9982
42-475-64362,Cox 2H,Culberson County,Texas Energy LLC,31.49228,-103.088791,Ward,TX,Wolfcamp C,SHUT-IN,2024-10-08,2025-01-02,9017,22054,12606,8559,9144
42-371-36899,Myers 9V,Toyah,Texas Energy LLC,31.298157,-102.560246,Pecos,TX,Wolfcamp A,SHUT-IN,2022-05-25,2022-07-29,11030,19762,8497,10902,11195
42-109-63795,Owens 8H,Ward-Estes,Texas Energy LLC,31.438329,-104.149732,Culberson,TX,Wolfcamp A,ACTIVE,2025-08-12,2025-09-29,13409,24217,11050,13092,13545
42-475-91201,Ramirez 9H,Van Horn,Texas Energy LLC,31.515673,-103.455591,Ward,TX,Wolfcamp C,ACTIVE,2025-02-06,2025-04-22,11827,22883,11421,11720,12019
42-109-84405,Resources 10H,Delaware Basin,Texas Energy LLC,31.466099,-104.216432,Culberson,TX,2nd Bone Spring,ACTIVE,2025-07-19,2025-09-08,9224,16480,7068,9059,9518
42-389-46563,Collins 1H,Loving,Texas Energy LLC,31.114136,-103.402707,Reeves,TX,2nd Bone Spring,ACTIVE,2025-12-15,2026-02-09,12095,23211,10799,11756,12273
42-495-63805,Morris 2H,Kermit,Texas Energy LLC,31.96758,-103.417118,Winkler,TX,Wolfcamp B,ACTIVE,2023-08-10,2023-09-26,11501,18445,6522,11305,11612
42-389-38361,Mitchell 1H,Delaware Basin,Texas Energy LLC,31.749435,-103.46877,Reeves,TX,Bone Spring,ACTIVE,2022-05-20,2022-07-13,9190,20393,11387,8973,9303
42-109-92831,Gray 11H,Grandfalls,Texas Energy LLC,31.730427,-104.167626,Culberson,TX,Wolfcamp B,ACTIVE,2022-07-20,2022-09-04,11918,18079,6086,11775,12148
42-475-45203,Bennett 5H,Buena Vista,Texas Energy LLC,31.226262,-103.267993,Ward,TX,2nd Bone Spring,ACTIVE,2023-07-22,2023-10-20,11695,24238,12775,11521,11880
42-371-49356,Harris 12H,Wink,Texas Energy LLC,30.58614,-103.216404,Pecos,TX,Wolfcamp B,ACTIVE,2023-12-16,2024-02-26,11857,19317,7008,11428,12078
42-389-75171,Turner 4H,Mentone,Texas Energy LLC,31.119388,-103.673189,Reeves,TX,1st Bone Spring,ACTIVE,2022-07-06,2022-08-22,8611,21932,13167,8411,8666
42-389-73525,Parker 7H,Balmorhea,Texas Energy LLC,31.439126,-103.220323,Reeves,TX,Delaware Mountain,ACTIVE,2023-12-21,2024-02-09,12743,20303,7421,12417,12811
42-495-99348,Adams 7V,Orla,Texas Energy LLC,32.073316,-103.115733,Winkler,TX,Brushy Canyon,ACTIVE,2024-04-09,2024-06-27,10703,24003,13353,10465,10867
42-371-36181,Edwards 8H,Imperial,Texas Energy LLC,30.790618,-103.020928,Pecos,TX,Wolfcamp B,ACTIVE,2024-11-07,2025-01-13,9656,19479,9875,9286,9893
42-389-85576,Morris 10H,Balmorhea,Texas Energy LLC,31.141148,-103.625721,Reeves,TX,Brushy Canyon,ACTIVE,2025-02-12,2025-04-23,11594,19324,7748,11269,11752
42-389-47350,Watson 3H,Loving,Texas Energy LLC,31.603837,-103.757293,Reeves,TX,1st Bone Spring,ACTIVE,2023-12-13,2024-03-09,10594,20926,10657,10304,10887
42-475-85508,Turner 4H,Toyah,Texas Energy LLC,31.355842,-103.302379,Ward,TX,1st Bone Spring,ACTIVE,2023-08-12,2023-10-18,12765,20400,8056,12535,12933
42-371-35846,Butler 7H,Imperial,Texas Energy LLC,30.682117,-103.569839,Pecos,TX,Wolfcamp B,ACTIVE,2024-06-04,2024-07-19,10975,24655,13893,10602,11244
42-371-64671,Powell 2H,Ward-Estes,Texas Energy LLC,31.145703,-102.851349,Pecos,TX,Wolfcamp A,SHUT-IN,2024-10-07,2025-01-05,9069,14996,5750,8853,9316
42-495-49731,Graham 7H,Reeves County,Texas Energy LLC,31.778471,-103.314608,Winkler,TX,Wolfcamp C,ACTIVE,2023-02-15,2023-04-20,10793,21619,10854,10457,11069
42-389-88190,James 4H,Imperial,Texas Energy LLC,31.180699,-103.514902,Reeves,TX,Delaware Mountain,SHUT-IN,2024-03-01,2024-05-28,12527,19155,6723,12203,12710
42-475-49523,Johnson 1H,Pecos Valley,Texas Energy LLC,31.570526,-103.383507,Ward,TX,Bone Spring,ACTIVE,2025-10-02,2025-12-01,9569,14480,5235,9146,9631
42-495-41854,Campbell 10V,Wink,Texas Energy LLC,32.018216,-103.333599,Winkler,TX,Wolfcamp A,ACTIVE,2025-11-21,2026-02-09,12079,20630,8823,11847,12158
42-371-40741,Ellis 10V,Red Hills,Texas Energy LLC,30.869698,-102.595901,Pecos,TX,Wolfcamp B,SHUT-IN,2022-05-26,2022-07-23,11985,25395,13132,11804,12168
42-475-69708,Washington 10H,Buena Vista,Texas Energy LLC,31.533005,-103.312266,Ward,TX,2nd Bone Spring,ACTIVE,2025-03-07,2025-06-03,10286,16053,6205,10051,10506
42-371-80466,Green 1H,Loving,Texas Energy LLC,31.005504,-102.767547,Pecos,TX,1st Bone Spring,ACTIVE,2024-01-19,2024-04-03,12463,22789,10634,12042,12735
42-475-51534,Griffin 10H,Balmorhea,Texas Energy LLC,31.21345,-103.451244,Ward,TX,1st Bone Spring,ACTIVE,2023-04-24,2023-06-10,9969,18524,8208,9762,10069
42-389-36286,Ward 3H,Buena Vista,Texas Energy LLC,31.136598,-103.137443,Reeves,TX,3rd Bone Spring,ACTIVE,2025-08-19,2025-10-11,10622,15980,5155,10260,10854
42-389-47173,Price 9H,Kermit,Texas Energy LLC,31.021154,-103.739091,Reeves,TX,Avalon Shale,ACTIVE,2023-07-13,2023-10-04,10219,23377,12779,10117,10370
42-475-59132,Powell 10H,Imperial,Texas Energy LLC,31.407668,-103.495481,Ward,TX,1st Bone Spring,SHUT-IN,2025-10-01,2025-12-14,12680,27610,14707,12424,12895
42-475-33441,Wallace 5H,Ward-Estes,Texas Energy LLC,31.504497,-103.171084,Ward,TX,Wolfcamp A,SHUT-IN,2024-01-06,2024-02-29,13139,24276,11566,12967,13378
42-495-93404,Foster 7H,Red Hills,Texas Energy LLC,32.036048,-103.067995,Winkler,TX,Wolfcamp A,ACTIVE,2025-01-18,2025-03-24,10643,20767,10203,10343,10900
42-475-35488,Bennett 1H,Coyanosa,Texas Energy LLC,31.476272,-103.480312,Ward,TX,Wolfcamp A,ACTIVE,2025-10-12,2025-11-27,12807,20462,8027,12674,12872
42-475-62195,Flores 8V,Red Hills,Texas Energy LLC,31.395815,-103.141479,Ward,TX,Wolfcamp B,ACTIVE,2024-02-13,2024-05-03,11720,16341,5053,11524,11977
42-475-79958,Ramirez 7H,Toyah,Texas Energy LLC,31.592902,-103.340633,Ward,TX,Wolfcamp B,SHUT-IN,2025-04-28,2025-06-26,10963,18653,7365,10626,11247
42-371-93720,Patterson 8H,Orla,Texas Energy LLC,30.974686,-102.894077,Pecos,TX,Wolfcamp B,ACTIVE,2024-03-26,2024-05-26,10357,23170,12933,10110,10604
42-389-47896,West 1H,Red Hills,Texas Energy LLC,31.404679,-103.630292,Reeves,TX,3rd Bone Spring,ACTIVE,2024-05-18,2024-08-01,11290,19919,9020,11131,11586
42-495-35713,Edwards 5V,Toyah,Texas Energy LLC,31.701745,-103.198265,Winkler,TX,2nd Bone Spring,ACTIVE,2025-09-27,2025-12-12,11363,23499,12586,10943,11472
42-371-32788,Patterson 9H,Monahans,Texas Energy LLC,31.013443,-103.247736,Pecos,TX,3rd Bone Spring,ACTIVE,2024-12-25,2025-02-10,10163,20630,9998,9957,10364
42-475-67883,Rivera 6H,Coyanosa,Texas Energy LLC,31.203611,-103.221834,Ward,TX,Wolfcamp C,ACTIVE,2024-04-03,2024-06-17,8976,22391,13413,8765,9034
42-389-49655,Roberts 7H,Grandfalls,Texas Energy LLC,31.324147,-103.405899,Reeves,TX,3rd Bone Spring,ACTIVE,2024-06-22,2024-08-09,11499,21921,10081,11312,11749
42-389-66818,Jenkins 2H,Buena Vista,Texas Energy LLC,31.074589,-103.271067,Reeves,TX,Avalon Shale,ACTIVE,2024-01-11,2024-03-01,10396,17783,7565,9971,10475
42-389-90140,Howard 10H,Fort Stockton,Texas Energy LLC,31.146832,-103.158226,Reeves,TX,Delaware Mountain,ACTIVE,2024-08-14,2024-10-13,13048,18187,5087,12835,13343
42-109-32116,Peterson 2H,Ward-Estes,Texas Energy LLC,31.305079,-104.157271,Culberson,TX,Wolfcamp B,ACTIVE,2025-11-10,2026-01-08,9191,20971,11384,8850,9245
42-389-62581,Hayes 7H,Buena Vista,Texas Energy LLC,31.385544,-103.335403,Reeves,TX,Delaware Mountain,ACTIVE,2022-01-21,2022-03-17,12641,25701,12688,12288,12913
42-389-46883,Johnson 8V,Toyah,Texas Energy LLC,31.008864,-103.508133,Reeves,TX,Bone Spring,ACTIVE,2024-07-20,2024-10-10,13421,21051,7528,12944,13625
42-371-87610,Scott 2H,Balmorhea,Texas Energy LLC,31.26828,-102.960954,Pecos,TX,1st Bone Spring,ACTIVE,2023-10-21,2024-01-11,10024,15336,5479,9831,10118
42-389-95776,Hayes 10H,Monahans,Texas Energy LLC,31.030318,-103.387248,Reeves,TX,Avalon Shale,ACTIVE,2025-11-08,2026-02-02,9033,17261,8254,8631,9195
42-389-71796,Butler 7H,Toyah,Texas Energy LLC,31.589691,-103.743893,Reeves,TX,Bone Spring,ACTIVE,2024-01-25,2024-03-16,12868,20733,8004,12395,13121
42-475-42326,Hayes 5H,Ward-Estes,Texas Energy LLC,31.402245,-103.224094,Ward,TX,Wolfcamp B,ACTIVE,2025-07-23,2025-09-09,13339,22855,9180,12952,13441
42-389-76525,Griffin 8H,Imperial,Texas Energy LLC,31.759935,-103.162528,Reeves,TX,Wolfcamp B,ACTIVE,2023-12-25,2024-03-16,12672,18699,6372,12569,12873
42-389-49165,West 12H,Delaware Basin,Texas Energy LLC,31.147365,-103.561642,Reeves,TX,2nd Bone Spring,ACTIVE,2024-06-20,2024-08-23,8520,20977,12364,8102,8777
42-371-46553,Hayes 1H,Reeves County,Texas Energy LLC,30.660145,-103.613824,Pecos,TX,1st Bone Spring,ACTIVE,2022-02-17,2022-04-18,11902,21202,9299,11721,12004
42-389-48830,Owens 6H,Kermit,Texas Energy LLC,31.250066,-103.297146,Reeves,TX,Wolfcamp A,SHUT-IN,2022-06-08,2022-08-21,9503,18845,9382,9277,9589
42-389-57710,Flores 8H,Delaware Basin,Texas Energy LLC,31.721018,-103.315399,Reeves,TX,Wolfcamp A,SHUT-IN,2024-09-19,2024-12-15,8769,17158,7938,8508,8823
42-475-44714,Rogers 8H,Fort Stockton,Texas Energy LLC,31.536615,-103.02818,Ward,TX,1st Bone Spring,ACTIVE,2025-05-01,2025-07-14,12725,21627,8658,12255,12957
42-389-38540,Clayton 8H,Coyanosa,Texas Energy LLC,31.318031,-103.535802,Reeves,TX,Delaware Mountain,ACTIVE,2022-10-02,2022-12-28,9016,18843,9601,8772,9250
42-475-51895,Richardson 3H,Grandfalls,Texas Energy LLC,31.514963,-103.064565,Ward,TX,2nd Bone Spring,ACTIVE,2022-03-21,2022-05-28,11241,18123,7257,11038,11403
42-389-55576,Bass 6H,Van Horn,Texas Energy LLC,31.005332,-103.217247,Reeves,TX,Wolfcamp B,ACTIVE,2025-09-05,2025-11-18,10916,17944,6795,10455,11201
42-495-75010,Minerals 6H,Wink,Texas Energy LLC,31.797666,-103.008405,Winkler,TX,Wolfcamp B,SHUT-IN,2023-11-05,2024-01-15,12021,17689,5522,11572,12305
42-495-56517,Cole 9H,Orla,Texas Energy LLC,32.045035,-103.345501,Winkler,TX,Wolfcamp C,ACTIVE,2023-06-03,2023-08-22,12866,19493,6939,12604,13130
42-301-47145,Ramirez 6H,Monahans,Texas Energy LLC,31.941715,-103.907837,Loving,TX,Wolfcamp A,ACTIVE,2024-04-02,2024-05-17,11985,19986,7625,11790,12065
42-301-46794,Hart 1H,Loving,Texas Energy LLC,31.747827,-103.514785,Loving,TX,Wolfcamp B,ACTIVE,2024-12-08,2025-02-11,12400,22064,9596,12126,12597
42-301-79412,Wood 10H,Coyanosa,Texas Energy LLC,31.629586,-103.50465,Loving,TX,Bone Spring,SHUT-IN,2022-06-23,2022-09-10,13364,19367,6392,12871,13477
42-389-79989,Roberts 7H,Balmorhea,Texas Energy LLC,31.074041,-103.621385,Reeves,TX,Wolfcamp A,ACTIVE,2025-05-21,2025-08-15,9762,16542,6975,9411,10017
42-495-84831,Flores 8H,Van Horn,Texas Energy LLC,31.836568,-103.425071,Winkler,TX,Wolfcamp A,ACTIVE,2024-05-22,2024-07-07,10164,24176,14502,9753,10343
42-389-66046,West 6H,Grandfalls,Texas Energy LLC,31.499454,-103.390245,Reeves,TX,Brushy Canyon,SHUT-IN,2025-09-20,2025-12-01,9312,16559,6874,8877,9528
42-475-46884,Price 2H,Delaware Basin,Texas Energy LLC,31.327044,-103.404313,Ward,TX,1st Bone Spring,ACTIVE,2023-12-26,2024-02-11,11213,25002,13384,10785,11268
42-475-33988,Bryant 11H,Imperial,Texas Energy LLC,31.631593,-103.036213,Ward,TX,Bone Spring,ACTIVE,2022-01-12,2022-02-27,9754,18043,7898,9587,9825
42-475-39604,Wheeler 4H,Van Horn,Texas Energy LLC,31.448165,-103.014659,Ward,TX,Wolfcamp A,ACTIVE,2023-01-05,2023-04-04,11232,25908,14565,10763,11300
42-371-94340,Morris 8H,Toyah,Texas Energy LLC,30.58207,-103.784055,Pecos,TX,Wolfcamp C,ACTIVE,2024-08-04,2024-09-22,11782,24413,13056,11387,11993
42-475-71738,Washington 8H,Van Horn,Texas Energy LLC,31.404213,-103.330764,Ward,TX,Bone Spring,ACTIVE,2025-07-22,2025-09-12,12215,25267,12836,12084,12368
42-475-88314,Jackson 1H,Toyah,Texas Energy LLC,31.594643,-103.054668,Ward,TX,Wolfcamp A,ACTIVE,2022-02-06,2022-04-18,13226,26847,14067,12977,13342
42-389-94816,Watson 2V,Orla,Texas Energy LLC,31.540569,-103.514522,Reeves,TX,Wolfcamp B,ACTIVE,2024-11-15,2025-01-27,12917,21019,7691,12796,13054
42-389-73888,Bass 1H,Reeves County,Texas Energy LLC,31.658848,-103.223673,Reeves,TX,Wolfcamp B,ACTIVE,2024-02-10,2024-05-05,13468,20044,6198,12991,13600
42-389-84775,Hughes 3H,Fort Stockton,Texas Energy LLC,31.033699,-103.761043,Reeves,TX,Bone Spring,ACTIVE,2024-03-15,2024-05-02,11085,20907,9687,10699,11217
42-109-36658,Stewart 1H,Orla,Texas Energy LLC,31.364609,-104.461139,Culberson,TX,Wolfcamp B,SHUT-IN,2024-03-24,2024-06-05,13019,25100,12007,12915,13097
42-495-40322,Green 12H,Culberson County,Texas Energy LLC,32.006203,-103.211673,Winkler,TX,2nd Bone Spring,ACTIVE,2023-08-02,2023-10-10,11201,25731,14802,10958,11267
42-389-58656,Nelson 2H,Imperial,Texas Energy LLC,31.606706,-103.445778,Reeves,TX,Bone Spring,ACTIVE,2023-10-23,2024-01-18,9706,21640,12195,9553,9886
42-389-62089,Bailey 9H,Pecos Valley,Texas Energy LLC,31.13702,-103.582036,Reeves,TX,Wolfcamp A,ACTIVE,2025-11-02,2025-12-23,11642,17111,5881,11324,11792
42-389-92986,Thompson 8H,Orla,Texas Energy LLC,31.079106,-103.308677,Reeves,TX,Wolfcamp A,ACTIVE,2022-10-22,2022-12-25,8632,15659,7217,8295,8853
42-475-43645,Fisher 2H,Wink,Texas Energy LLC,31.668344,-103.429678,Ward,TX,Wolfcamp B,ACTIVE,2023-11-03,2024-02-01,11250,23078,12317,11015,11353
42-301-90548,Powell 12H,Red Hills,Texas Energy LLC,31.941742,-103.750513,Loving,TX,1st Bone Spring,ACTIVE,2022-11-16,2023-02-04,11328,17401,6361,10846,11513
42-371-36303,Diaz 3H,Grandfalls,Texas Energy LLC,30.868963,-103.344539,Pecos,TX,Brushy Canyon,ACTIVE,2023-02-22,2023-05-13,10405,23485,13248,10176,10547
42-389-83626,Simmons 8H,Loving,Texas Energy LLC,31.096222,-103.603712,Reeves,TX,Wolfcamp A,ACTIVE,2022-05-26,2022-08-17,12898,21394,8951,12555,13124
42-389-90475,Baker 1H,Delaware Basin,Texas Energy LLC,31.17295,-103.476965,Reeves,TX,Wolfcamp A,ACTIVE,2025-10-02,2025-12-18,12371,18779,6238,12072,12547
42-475-41915,Harris 11H,Coyanosa,Texas Energy LLC,31.577891,-103.069449,Ward,TX,3rd Bone Spring,SHUT-IN,2022-07-13,2022-10-04,12334,25760,13669,11951,12604
42-475-39126,Land Trust 5H,Grandfalls,Texas Energy LLC,31.294488,-103.098236,Ward,TX,Wolfcamp B,ACTIVE,2024-04-28,2024-07-12,12296,17366,5555,11843,12453
42-475-80512,West 9H,Toyah,Texas Energy LLC,31.41927,-103.210429,Ward,TX,1st Bone Spring,ACTIVE,2025-01-24,2025-03-30,8730,19675,10453,8356,8833
42-389-60814,Sanders 12V,Van Horn,Texas Energy LLC,31.111091,-103.45387,Reeves,TX,1st Bone Spring,ACTIVE,2022-07-01,2022-09-18,11259,21233,9918,11117,11550
42-389-43114,Wood 6H,Van Horn,Texas Energy LLC,31.48572,-103.754728,Reeves,TX,Wolfcamp A,ACTIVE,2024-05-04,2024-07-07,13448,21001,7706,13243,13670
42-389-51804,Jordan 12H,Van Horn,Texas Energy LLC,31.479253,-103.756937,Reeves,TX,Wolfcamp C,ACTIVE,2023-03-05,2023-05-07,12850,19453,6753,12587,12966
42-301-38450,Barnes 4H,Fort Stockton,Texas Energy LLC,31.726914,-103.501781,Loving,TX,Wolfcamp A,ACTIVE,2023-08-05,2023-10-29,10248,20574,10245,10132,10451
42-475-80790,Beal 4H,Loving,Texas Energy LLC,31.496578,-103.048803,Ward,TX,Bone Spring,ACTIVE,2024-09-08,2024-11-23,13442,22085,8732,12969,13550
42-109-69727,Evans 8H,Loving,Texas Energy LLC,31.845867,-104.084696,Culberson,TX,Delaware Mountain,ACTIVE,2022-01-12,2022-04-10,12993,21657,8474,12494,13232
42-495-50446,Wilson 12H,Culberson County,Texas Energy LLC,32.003094,-103.073618,Winkler,TX,Wolfcamp B,ACTIVE,2023-05-01,2023-07-06,9411,19370,9999,9070,9466
42-389-43705,Harrison 7H,Orla,Texas Energy LLC,31.210141,-103.234932,Reeves,TX,Wolfcamp B,SHUT-IN,2023-08-11,2023-11-06,12369,26968,14824,12242,12535
42-495-43398,Henderson 2V,Kermit,Texas Energy LLC,31.789421,-103.004285,Winkler,TX,2nd Bone Spring,ACTIVE,2025-09-09,2025-11-17,13076,22906,10314,12664,13208
42-109-85372,Morris 4V,Grandfalls,Texas Energy LLC,31.450942,-104.556764,Culberson,TX,Wolfcamp B,ACTIVE,2025-12-24,2026-03-24,10503,18921,8811,10128,10571
42-109-88741,Cole 3H,Orla,Texas Energy LLC,31.945947,-104.781884,Culberson,TX,Wolfcamp A,ACTIVE,2024-05-14,2024-07-31,13444,22188,8652,13114,13722
42-389-71180,Hamilton 11H,Delaware Basin,Texas Energy LLC,31.190949,-103.52295,Reeves,TX,Wolfcamp C,ACTIVE,2025-10-19,2025-12-09,9100,22626,13808,8741,9217
42-371-59861,Hayes 9H,Van Horn,Texas Energy LLC,31.076085,-102.867166,Pecos,TX,Wolfcamp C,ACTIVE,2025-10-15,2025-12-30,13341,25053,12146,13154,13396
42-301-52911,Jenkins 8H,Pecos Valley,Texas Energy LLC,31.782878,-103.939816,Loving,TX,1st Bone Spring,ACTIVE,2023-07-19,2023-09-08,11165,22216,10924,10933,11262
42-389-85552,Bryant 11H,Loving,Texas Energy LLC,31.385031,-103.119006,Reeves,TX,Wolfcamp A,ACTIVE,2025-09-18,2025-12-03,12862,26988,13785,12645,13010
42-389-80122,Adams 4V,Red Hills,Texas Energy LLC,31.260548,-103.408019,Reeves,TX,Bone Spring,ACTIVE,2023-03-11,2023-05-25,13357,26529,12698,13234,13606
42-371-65742,Bailey 10H,Coyanosa,Texas Energy LLC,31.005507,-103.390811,Pecos,TX,1st Bone Spring,ACTIVE,2023-01-28,2023-03-19,9259,24583,14846,8948,9473
42-109-55647,Green 12H,Balmorhea,Texas Energy LLC,31.4857,-104.678854,Culberson,TX,Wolfcamp B,ACTIVE,2022-09-28,2022-11-25,8526,20209,12115,8175,8718
42-389-43709,Henderson 4H,Grandfalls,Texas Energy LLC,31.386239,-103.222973,Reeves,TX,Wolfcamp A,ACTIVE,2025-09-19,2025-12-12,10111,22525,12126,9637,10365
42-389-48564,Washington 12H,Delaware Basin,Texas Energy LLC,31.285756,-103.778367,Reeves,TX,Wolfcamp B,ACTIVE,2025-11-04,2026-01-05,12963,25804,12360,12594,13057
42-389-63186,Watson 10H,Kermit,Texas Energy LLC,31.485272,-103.599772,Reeves,TX,Wolfcamp A,ACTIVE,2024-10-23,2024-12-10,9431,17156,8076,9198,9640
42-495-69577,Price 2H,Van Horn,Texas Energy LLC,31.877616,-103.349708,Winkler,TX,Wolfcamp C,SHUT-IN,2025-11-23,2026-01-13,10584,23841,13072,10182,10759
42-475-39248,Diaz 12H,Van Horn,Texas Energy LLC,31.514784,-103.3653,Ward,TX,2nd Bone Spring,ACTIVE,2023-07-27,2023-09-19,11091,23083,12104,10978,11387
42-371-33615,Bryant 6H,Fort Stockton,Texas Energy LLC,31.135565,-102.927321,Pecos,TX,Wolfcamp A,ACTIVE,2024-02-25,2024-04-17,13285,19740,6318,13050,13539
42-475-36928,Alexander 9V,Orla,Texas Energy LLC,31.697004,-103.456795,Ward,TX,1st Bone Spring,ACTIVE,2023-07-17,2023-09-03,13404,20661,7233,13229,13682
42-389-46558,Cattle Co 7H,Toyah,Texas Energy LLC,31.403406,-103.357991,Reeves,TX,Delaware Mountain,SHUT-IN,2023-02-03,2023-03-21,12083,17415,5189,11589,12284
42-475-68175,Morris 12H,Loving,Texas Energy LLC,31.21632,-103.355948,Ward,TX,Wolfcamp A,SHUT-IN,2023-07-04,2023-09-21,10341,18212,7441,10105,10602
42-475-67947,Bell 3V,Kermit,Texas Energy LLC,31.257587,-103.489572,Ward,TX,Wolfcamp C,ACTIVE,2025-02-08,2025-04-21,13324,24920,11560,13184,13475
42-389-54523,Mitchell 6H,Balmorhea,Texas Energy LLC,31.251664,-103.484299,Reeves,TX,Bone Spring,SHUT-IN,2025-07-22,2025-10-06,11904,24176,12272,11719,11975
42-301-30291,Henderson 6H,Red Hills,Texas Energy LLC,31.723887,-103.774782,Loving,TX,Wolfcamp A,ACTIVE,2025-08-04,2025-10-06,12623,25178,12516,12415,12690
42-389-34187,Ramirez 11H,Pecos Valley,Texas Energy LLC,31.457054,-103.349794,Reeves,TX,Wolfcamp B,ACTIVE,2025-09-09,2025-11-08,8614,16502,7481,8455,8686
42-371-44383,Powell 1H,Ward-Estes,Texas Energy LLC,30.924671,-103.459213,Pecos,TX,Wolfcamp B,ACTIVE,2022-01-26,2022-04-05,9955,24744,14339,9598,10239
42-109-90051,Davis 7H,Buena Vista,Texas Energy LLC,31.754467,-104.565463,Culberson,TX,Brushy Canyon,ACTIVE,2022-06-26,2022-09-16,11951,21537,9677,11521,12118
42-109-35121,Washington 9H,Coyanosa,Texas Energy LLC,31.652919,-104.706185,Culberson,TX,Wolfcamp B,ACTIVE,2022-03-03,2022-04-27,10132,23389,13055,9652,10219
42-371-42061,Cook 7V,Coyanosa,Texas Energy LLC,31.145408,-102.808568,Pecos,TX,Wolfcamp B,ACTIVE,2025-05-02,2025-07-10,12946,26329,13076,12740,13088
42-371-78015,Clayton 10H,Kermit,Texas Energy LLC,30.78972,-102.565693,Pecos,TX,1st Bone Spring,SHUT-IN,2025-02-19,2025-04-13,12837,23756,11012,12577,13053
42-371-38126,Reed 10H,Reeves County,Texas Energy LLC,31.235293,-103.225506,Pecos,TX,Wolfcamp A,ACTIVE,2024-07-13,2024-09-02,11867,21071,8819,11461,12118
42-389-30951,Harrison 5H,Wink,Texas Energy LLC,31.300533,-103.435948,Reeves,TX,Wolfcamp C,ACTIVE,2024-06-22,2024-08-27,11082,20470,8925,10798,11302
42-475-30128,Foster 12V,Delaware Basin,Texas Energy LLC,31.421035,-103.353991,Ward,TX,Delaware Mountain,ACTIVE,2023-01-09,2023-03-12,11103,16450,5837,10913,11154
42-371-94904,Barnes 3V,Pecos Valley,Texas Energy LLC,30.636578,-102.7559,Pecos,TX,Wolfcamp C,ACTIVE,2025-05-24,2025-08-20,10720,24110,13560,10306,10997
42-389-90792,Ford 1H,Wink,Texas Energy LLC,31.373297,-103.104123,Reeves,TX,Wolfcamp A,ACTIVE,2025-08-28,2025-10-26,10857,19909,9306,10418,10925
42-301-43792,Owens 11H,Fort Stockton,Texas Energy LLC,31.699912,-103.874665,Loving,TX,Wolfcamp B,ACTIVE,2024-03-11,2024-05-22,11570,19042,7379,11093,11859
42-389-76938,Ross 5H,Balmorhea,Texas Energy LLC,31.593754,-103.463686,Reeves,TX,Wolfcamp B,ACTIVE,2023-01-23,2023-03-31,11856,24874,12617,11520,11989
42-389-32049,Ranch 10H,Monahans,Texas Energy LLC,31.429911,-103.114866,Reeves,TX,2nd Bone Spring,SHUT-IN,2024-11-21,2025-02-12,13012,21725,8377,12686,13118
42-389-90727,Collins 9V,Culberson County,Texas Energy LLC,31.395723,-103.502081,Reeves,TX,2nd Bone Spring,ACTIVE,2024-12-22,2025-02-25,13039,23034,10320,12847,13238
42-389-31889,Myers 5H,Ward-Estes,Texas Energy LLC,31.075316,-103.419005,Reeves,TX,Wolfcamp B,ACTIVE,2024-03-22,2024-06-17,8752,16538,7577,8509,8864
42-475-38782,Moore 6H,Imperial,Texas Energy LLC,31.480379,-103.113212,Ward,TX,Bone Spring,ACTIVE,2023-12-25,2024-02-22,11125,22322,10778,10889,11303
42-301-81792,State 12H,Buena Vista,Texas Energy LLC,31.76218,-103.899845,Loving,TX,Avalon Shale,ACTIVE,2024-12-27,2025-03-17,13275,23833,10703,13034,13382
42-495-56878,Ross 3H,Orla,Texas Energy LLC,31.906506,-103.218975,Winkler,TX,Delaware Mountain,ACTIVE,2024-12-01,2025-02-15,10144,16591,6879,10044,10233
42-301-59804,Harris 11H,Wink,Texas Energy LLC,31.814729,-103.539751,Loving,TX,1st Bone Spring,ACTIVE,2022-03-05,2022-05-09,13405,19383,5657,13006,13655
42-389-67887,Harrison 11H,Culberson County,Texas Energy LLC,31.452277,-103.685569,Reeves,TX,2nd Bone Spring,ACTIVE,2022-01-22,2022-03-19,12355,23752,10971,11936,12607
42-389-87011,Ford 2V,Monahans,Texas Energy LLC,31.145596,-103.482425,Reeves,TX,Wolfcamp A,ACTIVE,2022-02-05,2022-04-08,12825,22822,9691,12575,12997
42-389-55149,Russell 4H,Orla,Texas Energy LLC,31.487064,-103.78863,Reeves,TX,Wolfcamp A,ACTIVE,2025-07-22,2025-09-16,12697,20550,8077,12388,12795
42-389-49066,Hayes 10H,Kermit,Texas Energy LLC,31.503391,-103.484788,Reeves,TX,Bone Spring,ACTIVE,2024-12-05,2025-02-21,13055,21701,8496,12663,13114
42-475-98123,Wood 2H,Kermit,Texas Energy LLC,31.212261,-103.219036,Ward,TX,Wolfcamp B,ACTIVE,2022-11-13,2023-02-10,9867,22798,12888,9522,10154
42-495-36428,Morris 4V,Loving,Texas Energy LLC,32.064247,-103.127414,Winkler,TX,3rd Bone Spring,SHUT-IN,2023-10-09,2024-01-05,9620,16636,6591,9199,9835
42-109-49315,Ford 3H,Delaware Basin,Texas Energy LLC,31.478002,-104.318281,Culberson,TX,Wolfcamp A,ACTIVE,2025-07-23,2025-10-13,9158,23084,13495,8962,9432
42-389-59146,Cooper 10H,Balmorhea,Texas Energy LLC,31.654805,-103.746538,Reeves,TX,Wolfcamp A,ACTIVE,2025-12-23,2026-02-18,10752,23974,13714,10264,10812
42-495-87041,Brooks 7H,Kermit,Texas Energy LLC,31.896683,-103.347766,Winkler,TX,1st Bone Spring,ACTIVE,2025-05-22,2025-07-23,11287,22582,11471,10961,11371
42-371-51779,Reynolds 5H,Loving,Texas Energy LLC,30.845021,-102.613392,Pecos,TX,2nd Bone Spring,ACTIVE,2022-01-24,2022-03-22,9673,24663,14914,9565,9870
42-475-65902,Campbell 10H,Loving,Texas Energy LLC,31.207475,-103.378091,Ward,TX,2nd Bone Spring,ACTIVE,2024-03-26,2024-06-13,9722,21637,11591,9390,10005
42-109-31052,Barnes 2H,Orla,Texas Energy LLC,31.60403,-104.568427,Culberson,TX,Wolfcamp B,ACTIVE,2023-04-09,2023-05-31,10658,19892,9052,10339,10758
42-495-82099,Kelly 3H,Coyanosa,Texas Energy LLC,32.01349,-103.068713,Winkler,TX,2nd Bone Spring,ACTIVE,2023-01-28,2023-03-24,10552,21959,11812,10203,10826
42-301-49593,Hamilton 4H,Delaware Basin,Texas Energy LLC,31.644389,-103.532486,Loving,TX,Wolfcamp B,ACTIVE,2025-01-20,2025-04-12,11922,19564,7769,11693,12021
42-389-44970,Peterson 11H,Imperial,Texas Energy LLC,31.35708,-103.391628,Reeves,TX,Delaware Mountain,ACTIVE,2025-09-20,2025-12-07,10564,24998,14446,10319,10762
42-109-43451,Cooper 7H,Pecos Valley,Texas Energy LLC,31.535706,-104.415652,Culberson,TX,2nd Bone Spring,ACTIVE,2022-09-24,2022-12-10,11960,17489,5327,11811,12108
42-475-65666,Collins 6H,Delaware Basin,Texas Energy LLC,31.249852,-103.392454,Ward,TX,Delaware Mountain,ACTIVE,2025-12-20,2026-02-22,9309,16322,7366,8825,9429
42-389-64517,Ranch 11V,Toyah,Texas Energy LLC,31.433285,-103.482145,Reeves,TX,Wolfcamp B,ACTIVE,2022-10-28,2023-01-04,10456,20948,10254,10324,10674
42-389-87544,West 8H,Fort Stockton,Texas Energy LLC,31.202336,-103.520533,Reeves,TX,Delaware Mountain,ACTIVE,2022-04-05,2022-06-29,9329,19052,9840,9202,9468
42-475-64350,Owens 9H,Reeves County,Texas Energy LLC,31.431615,-103.48714,Ward,TX,Wolfcamp B,ACTIVE,2024-11-28,2025-01-27,9911,16715,6500,9725,10149
42-371-54833,Evans 10H,Balmorhea,Texas Energy LLC,31.130418,-103.217346,Pecos,TX,Wolfcamp B,ACTIVE,2024-07-08,2024-09-08,10015,22869,12411,9661,10186
42-475-39540,Russell 5H,Delaware Basin,Texas Energy LLC,31.211865,-103.349949,Ward,TX,Wolfcamp B,ACTIVE,2023-09-25,2023-11-15,10651,20348,9717,10267,10805
42-389-40778,West 11H,Coyanosa,Texas Energy LLC,31.088663,-103.625278,Reeves,TX,Delaware Mountain,ACTIVE,2024-08-16,2024-10-08,10635,18680,7842,10232,10896
42-475-50267,Foster 10H,Imperial,Texas Energy LLC,31.264889,-103.398599,Ward,TX,Wolfcamp B,ACTIVE,2023-08-11,2023-10-09,8830,21559,12330,8516,9023
42-389-44869,Jenkins 7V,Red Hills,Texas Energy LLC,31.020731,-103.669766,Reeves,TX,Wolfcamp A,SHUT-IN,2025-04-20,2025-06-22,12523,20427,8279,12354,12791
42-475-78872,Bailey 10V,Grandfalls,Texas Energy LLC,31.556007,-103.31557,Ward,TX,Wolfcamp B,ACTIVE,2022-05-23,2022-07-17,10406,18702,8793,9933,10502
42-475-42726,Campbell 11V,Reeves County,Texas Energy LLC,31.297266,-103.138074,Ward,TX,2nd Bone Spring,ACTIVE,2023-12-28,2024-02-21,9026,15078,6371,8849,9100
42-389-58358,King 1H,Orla,Texas Energy LLC,31.469313,-103.385344,Reeves,TX,1st Bone Spring,ACTIVE,2022-10-09,2022-12-14,9794,18356,8277,9459,10037
42-389-58551,Bell 6H,Red Hills,Texas Energy LLC,31.483005,-103.692111,Reeves,TX,Wolfcamp C,ACTIVE,2023-06-18,2023-08-06,10581,24055,13086,10266,10860
42-389-48260,King 2H,Grandfalls,Texas Energy LLC,31.409021,-103.64378,Reeves,TX,Delaware Mountain,ACTIVE,2022-03-21,2022-06-02,10380,22233,11992,9890,10665
42-109-83635,Gray 7H,Balmorhea,Texas Energy LLC,31.783197,-104.46729,Culberson,TX,Delaware Mountain,ACTIVE,2025-05-20,2025-07-04,11739,17635,5684,11247,11903
42-371-62873,Adams 11H,Orla,Texas Energy LLC,31.237472,-103.344848,Pecos,TX,Wolfcamp B,SHUT-IN,2022-04-06,2022-06-30,10092,20768,10503,9623,10254
42-495-97330,Patterson 1H,Coyanosa,Texas Energy LLC,31.979324,-103.444553,Winkler,TX,Wolfcamp A,ACTIVE,2022-12-23,2023-02-16,8517,14044,6022,8239,8806
42-475-81496,Price 4H,Kermit,Texas Energy LLC,31.295696,-103.464752,Ward,TX,Wolfcamp A,ACTIVE,2022-02-18,2022-04-06,9749,21174,11230,9455,9960
42-109-45378,Green 1V,Wink,Texas Energy LLC,31.426465,-104.320718,Culberson,TX,Wolfcamp C,ACTIVE,2023-10-07,2024-01-01,9820,16333,6438,9589,10087
42-475-89178,Sullivan 9H,Loving,Texas Energy LLC,31.694787,-103.487213,Ward,TX,Wolfcamp A,ACTIVE,2022-02-13,2022-04-05,9891,20927,10732,9396,10087
42-389-58903,University 4H,Orla,Texas Energy LLC,31.316211,-103.380473,Reeves,TX,Avalon Shale,SHUT-IN,2024-06-04,2024-07-19,12574,24308,12055,12408,12721
42-475-90764,James 4H,Van Horn,Texas Energy LLC,31.324539,-103.071413,Ward,TX,Wolfcamp B,ACTIVE,2023-12-03,2024-02-19,12733,22375,9542,12419,12920
42-109-31442,Graham 12H,Coyanosa,Texas Energy LLC,31.764935,-104.068662,Culberson,TX,3rd Bone Spring,ACTIVE,2023-07-27,2023-09-11,12707,21056,7852,12432,12803
42-371-69089,Mitchell 10V,Loving,Texas Energy LLC,30.58073,-103.151674,Pecos,TX,Wolfcamp B,ACTIVE,2024-05-13,2024-08-11,11431,17937,6113,11251,11728
42-371-88652,Richardson 10H,Monahans,Texas Energy LLC,31.128281,-103.359273,Pecos,TX,Wolfcamp A,ACTIVE,2022-03-19,2022-06-12,12575,19494,6595,12468,12661
42-389-66170,Washington 10H,Fort Stockton,Texas Energy LLC,31.73529,-103.44211,Reeves,TX,Wolfcamp A,ACTIVE,2024-03-05,2024-05-05,11507,25800,14538,11288,11622
42-389-71558,James 5H,Reeves County,Texas Energy LLC,31.19683,-103.424043,Reeves,TX,Delaware Mountain,SHUT-IN,2023-12-09,2024-02-16,9753,19199,9598,9443,9822
42-371-95494,Adams 4H,Delaware Basin,Texas Energy LLC,30.572588,-103.461343,Pecos,TX,Brushy Canyon,ACTIVE,2022-09-09,2022-10-25,13465,19532,5997,13335,13689
42-389-86732,Hart 3V,Reeves County,Texas Energy LLC,31.678605,-103.532949,Reeves,TX,Wolfcamp B,ACTIVE,2023-12-28,2024-03-04,9373,16904,7234,9215,9475
42-389-66927,Green 6H,Loving,Texas Energy LLC,31.757788,-103.118124,Reeves,TX,Wolfcamp B,ACTIVE,2024-04-27,2024-06-13,10473,16323,6270,10012,10736
42-475-69790,Cole 3H,Toyah,Texas Energy LLC,31.544318,-103.115708,Ward,TX,Wolfcamp C,ACTIVE,2022-01-07,2022-03-19,8587,20626,12402,8421,8698
42-371-72008,Jackson 9H,Grandfalls,Texas Energy LLC,30.692739,-103.025517,Pecos,TX,Brushy Canyon,ACTIVE,2025-10-19,2026-01-09,11986,26632,14606,11623,12234
42-371-88861,Thompson 10V,Loving,Texas Energy LLC,30.619186,-102.853777,Pecos,TX,Wolfcamp C,ACTIVE,2024-09-02,2024-11-28,12129,21834,9544,11984,12400
42-301-45247,Henderson 7H,Loving,Texas Energy LLC,31.875239,-103.662135,Loving,TX,Delaware Mountain,ACTIVE,2025-02-05,2025-04-16,11626,23901,12219,11414,11916
42-389-93644,Hughes 5H,Wink,Texas Energy LLC,31.535202,-103.639619,Reeves,TX,1st Bone Spring,ACTIVE,2022-04-25,2022-07-03,9929,21679,11574,9800,10109
42-109-82853,Kelly 3H,Monahans,Texas Energy LLC,31.624537,-104.080728,Culberson,TX,2nd Bone Spring,ACTIVE,2022-03-26,2022-05-30,11624,18980,7447,11337,11677
42-389-58913,Reynolds 7H,Culberson County,Texas Energy LLC,31.376208,-103.773655,Reeves,TX,Bone Spring,ACTIVE,2025-08-03,2025-09-24,13132,23639,10867,12741,13360
42-371-59740,Rivera 12H,Loving,Texas Energy LLC,30.500376,-102.767902,Pecos,TX,Wolfcamp A,ACTIVE,2025-11-21,2026-02-03,12313,26355,13756,12175,12435
42-371-63468,Gibson 11H,Van Horn,Texas Energy LLC,31.023475,-103.2915,Pecos,TX,2nd Bone Spring,ACTIVE,2023-09-11,2023-12-08,9973,20165,10132,9868,10195
42-389-95061,Price 11V,Mentone,Texas Energy LLC,31.598031,-103.387214,Reeves,TX,Wolfcamp C,ACTIVE,2025-03-25,2025-05-31,8917,21993,13312,8767,9115
42-389-37775,Washington 1H,Coyanosa,Texas Energy LLC,31.326046,-103.459175,Reeves,TX,Wolfcamp B,SHUT-IN,2022-02-18,2022-04-28,12098,24690,12823,11976,12347
42-301-53055,Ramirez 2H,Ward-Estes,Texas Energy LLC,31.956998,-103.786241,Loving,TX,Bone Spring,ACTIVE,2022-02-05,2022-03-23,9855,16673,6414,9399,10086
42-389-91654,Bryant 9H,Kermit,Texas Energy LLC,31.47219,-103.634545,Reeves,TX,Wolfcamp C,ACTIVE,2022-02-13,2022-05-01,10111,22268,12567,9997,10223
42-475-98194,Richardson 6H,Grandfalls,Texas Energy LLC,31.591651,-103.372037,Ward,TX,Avalon Shale,ACTIVE,2024-04-15,2024-06-25,10979,18014,7162,10709,11233
42-301-76210,Diaz 1H,Monahans,Texas Energy LLC,31.845941,-103.78253,Loving,TX,1st Bone Spring,SHUT-IN,2023-01-05,2023-03-29,12089,17288,5570,11955,12199
42-475-67912,Wheeler 8H,Monahans,Texas Energy LLC,31.526529,-103.416309,Ward,TX,Bone Spring,SHUT-IN,2023-10-27,2024-01-12,10804,16214,5745,10326,10990
42-475-63071,Edwards 10H,Buena Vista,Texas Energy LLC,31.218675,-103.125489,Ward,TX,Bone Spring,ACTIVE,2024-10-01,2024-12-05,10542,16443,6077,10354,10602
42-495-31105,Baker 8H,Pecos Valley,Texas Energy LLC,31.749906,-103.31476,Winkler,TX,Wolfcamp B,ACTIVE,2024-04-03,2024-06-26,10983,19345,8623,10631,11280
42-389-53737,Mitchell 1H,Buena Vista,Texas Energy LLC,31.098333,-103.267913,Reeves,TX,Wolfcamp B,ACTIVE,2023-02-24,2023-05-23,11967,19863,8356,11529,12162
42-371-61051,Ford 9H,Red Hills,Texas Energy LLC,30.741412,-103.613761,Pecos,TX,Wolfcamp C,ACTIVE,2023-11-22,2024-02-02,13053,25721,13120,12777,13344
42-389-30160,State 5H,Balmorhea,Texas Energy LLC,31.108295,-103.11391,Reeves,TX,Bone Spring,ACTIVE,2022-05-21,2022-07-21,10716,22760,12426,10346,10959
42-371-65965,Long 5H,Reeves County,Texas Energy LLC,30.568429,-103.475088,Pecos,TX,Bone Spring,ACTIVE,2024-05-22,2024-07-22,13480,18309,5202,13223,13675
42-475-72432,Owens 12H,Fort Stockton,Texas Energy LLC,31.532031,-103.088248,Ward,TX,Wolfcamp A,SHUT-IN,2025-06-04,2025-08-31,11829,21167,9305,11360,11879
42-475-37184,Morris 4H,Buena Vista,Texas Energy LLC,31.435648,-103.357384,Ward,TX,Wolfcamp C,ACTIVE,2025-10-13,2025-12-25,9742,19475,9811,9600,9963
42-475-42995,Owens 4H,Fort Stockton,Texas Energy LLC,31.536513,-103.075426,Ward,TX,Delaware Mountain,ACTIVE,2022-09-16,2022-11-20,8662,20789,11652,8316,8838
42-109-65373,Owens 11H,Ward-Estes,Texas Energy LLC,31.82873,-104.686467,Culberson,TX,Bone Spring,ACTIVE,2025-08-06,2025-10-14,8685,17286,8411,8492,8842
42-389-62013,Torres 8H,Delaware Basin,Texas Energy LLC,31.798471,-103.709199,Reeves,TX,1st Bone Spring,ACTIVE,2023-08-23,2023-10-29,10304,22800,12266,10050,10595
42-371-49372,Harris 6V,Imperial,Texas Energy LLC,31.025313,-103.255832,Pecos,TX,Brushy Canyon,ACTIVE,2023-01-11,2023-03-18,10928,25230,13956,10745,11188
42-371-41090,Richardson 9H,Pecos Valley,Texas Energy LLC,31.283943,-103.142007,Pecos,TX,Wolfcamp C,ACTIVE,2022-09-26,2022-11-28,12875,24807,12289,12480,13050
42-495-47453,Mitchell 6V,Balmorhea,Texas Energy LLC,31.964264,-103.010191,Winkler,TX,Delaware Mountain,SHUT-IN,2025-11-10,2026-01-09,11365,21062,9440,11236,11659
42-475-84590,Fisher 3V,Ward-Estes,Texas Energy LLC,31.274859,-103.408788,Ward,TX,1st Bone Spring,ACTIVE,2024-08-26,2024-11-20,8608,17919,9698,8429,8673
42-301-55035,Davis 11H,Fort Stockton,Texas Energy LLC,31.719548,-103.804948,Loving,TX,Bone Spring,ACTIVE,2023-03-02,2023-04-28,8707,23165,14714,8357,8856
42-475-96540,Harrison 3V,Grandfalls,Texas Energy LLC,31.504485,-103.42358,Ward,TX,Brushy Canyon,ACTIVE,2024-08-01,2024-09-22,11473,21256,10038,11344,11584
42-109-43577,Wilson 2V,Ward-Estes,Texas Energy LLC,31.957251,-104.692567,Culberson,TX,Wolfcamp A,SHUT-IN,2023-12-11,2024-02-07,10662,23942,13280,10434,10943
42-371-85146,Howard 11H,Culberson County,Texas Energy LLC,31.113303,-103.05547,Pecos,TX,Delaware Mountain,ACTIVE,2025-02-17,2025-04-21,9689,23760,13769,9402,9887
42-389-76129,Morris 7H,Grandfalls,Texas Energy LLC,31.548467,-103.204574,Reeves,TX,Wolfcamp A,ACTIVE,2024-02-14,2024-04-28,10486,20579,9734,10152,10668
42-389-31783,Reynolds 9H,Kermit,Texas Energy LLC,31.110294,-103.530943,Reeves,TX,Wolfcamp A,ACTIVE,2025-01-07,2025-03-17,12734,23857,11574,12465,13021
42-301-32947,Coleman 5H,Pecos Valley,Texas Energy LLC,31.686546,-103.904869,Loving,TX,Bone Spring,ACTIVE,2024-06-22,2024-09-14,13328,28104,14302,12978,13497
42-495-87373,White 3H,Toyah,Texas Energy LLC,31.756102,-103.089787,Winkler,TX,1st Bone Spring,ACTIVE,2025-03-03,2025-05-29,8591,17724,9476,8266,8732
42-301-53576,Ward 11H,Coyanosa,Texas Energy LLC,31.770285,-103.857518,Loving,TX,Wolfcamp A,ACTIVE,2025-11-17,2026-01-07,12308,18515,6353,11857,12545
42-475-70304,Phillips 7H,Grandfalls,Texas Energy LLC,31.403821,-103.420704,Ward,TX,Wolfcamp B,ACTIVE,2022-05-25,2022-07-25,9173,22135,12568,9053,9433
42-371-82336,Bennett 11H,Wink,Texas Energy LLC,30.683391,-102.723376,Pecos,TX,Wolfcamp B,ACTIVE,2025-01-12,2025-03-18,10559,24450,14317,10370,10848
42-109-82873,Taylor 4H,Toyah,Texas Energy LLC,31.313387,-104.620543,Culberson,TX,Bone Spring,ACTIVE,2022-06-23,2022-09-17,8806,20350,11147,8379,8921
42-475-89497,Graham 11H,Wink,Texas Energy LLC,31.200977,-103.286443,Ward,TX,Delaware Mountain,ACTIVE,2025-05-04,2025-07-31,12745,25396,12644,12460,12927
42-389-68038,Ramirez 4H,Van Horn,Texas Energy LLC,31.756308,-103.195085,Reeves,TX,3rd Bone Spring,SHUT-IN,2024-04-25,2024-06-19,12581,25992,13433,12226,12856
42-389-91846,Bell 1H,Loving,Texas Energy LLC,31.499695,-103.17682,Reeves,TX,Wolfcamp B,ACTIVE,2025-04-14,2025-07-03,8634,14488,6249,8245,8913
42-475-48758,Sanders 5H,Fort Stockton,Texas Energy LLC,31.316094,-103.181048,Ward,TX,Delaware Mountain,SHUT-IN,2023-02-15,2023-04-23,13313,23368,9901,12996,13539
42-495-90710,Gibson 8H,Delaware Basin,Texas Energy LLC,31.838003,-103.233743,Winkler,TX,Bone Spring,ACTIVE,2023-03-12,2023-05-26,12303,22325,10256,11821,12602
42-371-34152,Patterson 8H,Toyah,Texas Energy LLC,30.5748,-103.306957,Pecos,TX,1st Bone Spring,ACTIVE,2025-07-21,2025-09-25,13135,20113,6562,12765,13420
42-475-56336,Harrison 4H,Coyanosa,Texas Energy LLC,31.341281,-103.432262,Ward,TX,Avalon Shale,ACTIVE,2025-02-16,2025-04-03,12524,19062,6709,12137,12697
42-389-58110,Perry 2H,Fort Stockton,Texas Energy LLC,31.654031,-103.466901,Reeves,TX,3rd Bone Spring,ACTIVE,2022-01-20,2022-03-23,9726,16303,6787,9232,9978
42-475-95327,West 7H,Balmorhea,Texas Energy LLC,31.324385,-103.315281,Ward,TX,Wolfcamp A,SHUT-IN,2023-07-02,2023-09-09,11803,24516,12595,11306,12012
42-389-44618,Patterson 3H,Kermit,Texas Energy LLC,31.07751,-103.790437,Reeves,TX,Wolfcamp B,ACTIVE,2024-04-21,2024-06-22,10220,24686,14573,10076,10497
42-389-38020,White 10H,Van Horn,Texas Energy LLC,31.610029,-103.518447,Reeves,TX,Wolfcamp C,ACTIVE,2022-11-19,2023-02-06,9808,22466,13036,9421,9897
42-475-43404,Turner 2V,Buena Vista,Texas Energy LLC,31.387297,-103.352239,Ward,TX,Wolfcamp B,ACTIVE,2023-07-09,2023-09-22,8722,17719,9100,8462,8868
42-371-81432,Hamilton 2H,Imperial,Texas Energy LLC,31.035262,-103.476461,Pecos,TX,Wolfcamp A,ACTIVE,2022-01-10,2022-02-24,13315,22755,9027,13209,13548
42-371-83170,Russell 5V,Red Hills,Texas Energy LLC,30.861683,-103.520713,Pecos,TX,Wolfcamp C,ACTIVE,2024-06-06,2024-08-06,11293,24567,12984,10912,11459
42-389-31219,Ford 9H,Orla,Texas Energy LLC,31.240893,-103.336835,Reeves,TX,1st Bone Spring,ACTIVE,2025-02-17,2025-05-12,9464,18711,9631,9310,9641
42-371-57277,Land Trust 3H,Toyah,Texas Energy LLC,30.721141,-103.548165,Pecos,TX,Bone Spring,ACTIVE,2022-01-21,2022-03-30,10835,19213,8433,10607,10970
42-475-99522,Long 7H,Balmorhea,Texas Energy LLC,31.467383,-103.262423,Ward,TX,Wolfcamp B,SHUT-IN,2024-04-04,2024-06-26,9251,20349,11262,8993,9349
42-109-55785,Rogers 4H,Kermit,Texas Energy LLC,31.602436,-104.065392,Culberson,TX,Wolfcamp C,ACTIVE,2025-07-13,2025-09-02,10640,20699,9948,10381,10734
42-389-37938,Minerals 9H,Monahans,Texas Energy LLC,31.588396,-103.66354,Reeves,TX,Wolfcamp B,ACTIVE,2022-05-09,2022-07-06,9680,19056,9851,9566,9896
42-475-51891,Rogers 8V,Wink,Texas Energy LLC,31.232644,-103.477141,Ward,TX,Bone Spring,ACTIVE,2025-11-05,2026-01-10,12515,23668,10885,12319,12607
42-495-62185,Rivera 12H,Reeves County,Texas Energy LLC,32.089677,-103.437757,Winkler,TX,Bone Spring,ACTIVE,2023-08-10,2023-10-17,11796,17028,5607,11460,11852
42-371-56467,Bell 12H,Mentone,Texas Energy LLC,31.206039,-103.682766,Pecos,TX,2nd Bone Spring,ACTIVE,2022-02-23,2022-05-07,11473,17906,6397,11011,11621
42-389-66160,Sanders 2H,Culberson County,Texas Energy LLC,31.151847,-103.714488,Reeves,TX,1st Bone Spring,ACTIVE,2022-06-08,2022-07-31,13125,21057,8362,12634,13316
42-371-87264,Wallace 6V,Kermit,Texas Energy LLC,30.576834,-103.115457,Pecos,TX,Avalon Shale,ACTIVE,2025-08-14,2025-10-24,12278,18165,5453,11892,12334
42-495-71991,Sullivan 12H,Reeves County,Texas Energy LLC,31.85999,-103.299883,Winkler,TX,Delaware Mountain,ACTIVE,2025-03-13,2025-05-15,10289,24132,13613,10008,10341
42-109-39269,Nelson 9V,Orla,Texas Energy LLC,31.452409,-104.705433,Culberson,TX,Bone Spring,ACTIVE,2025-03-02,2025-05-23,12924,25206,12123,12657,13187
42-389-33620,Edwards 3H,Monahans,Texas Energy LLC,31.192992,-103.253121,Reeves,TX,Wolfcamp C,ACTIVE,2023-08-24,2023-10-21,9976,16176,5977,9786,10070
42-301-60464,State 4H,Mentone,Texas Energy LLC,31.801368,-103.647685,Loving,TX,1st Bone Spring,ACTIVE,2025-04-20,2025-06-09,8990,16126,7253,8635,9115
42-475-65779,Peterson 6H,Monahans,Texas Energy LLC,31.578151,-103.099508,Ward,TX,1st Bone Spring,SHUT-IN,2024-03-25,2024-06-07,9385,16142,7001,9035,9562
42-389-73257,Cole 8H,Wink,Texas Energy LLC,31.513628,-103.748151,Reeves,TX,2nd Bone Spring,ACTIVE,2025-06-26,2025-09-07,10612,24702,14309,10208,10671
42-301-53331,Davis 7V,Coyanosa,Texas Energy LLC,31.897939,-103.623353,Loving,TX,Wolfcamp B,ACTIVE,2022-02-19,2022-04-18,12805,27634,14666,12408,13082
42-371-86615,Anderson 1V,Pecos Valley,Texas Energy LLC,30.853293,-102.869052,Pecos,TX,Wolfcamp A,ACTIVE,2022-12-17,2023-02-09,9628,18298,8645,9300,9830
42-389-52825,Scott 6V,Balmorhea,Texas Energy LLC,31.175156,-103.616601,Reeves,TX,Wolfcamp B,ACTIVE,2024-02-01,2024-04-29,9624,21002,11208,9468,9760
42-109-31035,Alexander 3H,Balmorhea,Texas Energy LLC,31.878902,-104.079833,Culberson,TX,Wolfcamp C,ACTIVE,2025-12-12,2026-03-08,11813,20447,8232,11559,11884
42-495-91581,Stewart 5V,Grandfalls,Texas Energy LLC,31.850908,-103.294404,Winkler,TX,Bone Spring,ACTIVE,2022-04-24,2022-06-14,11517,20541,8955,11060,11695
42-389-89267,Hill 4H,Wink,Texas Energy LLC,31.049147,-103.102275,Reeves,TX,1st Bone Spring,ACTIVE,2024-06-06,2024-08-04,9176,19609,10278,8801,9461
42-371-66493,Peterson 5H,Coyanosa,Texas Energy LLC,30.53913,-102.54011,Pecos,TX,Avalon Shale,ACTIVE,2025-06-05,2025-08-08,8502,14485,6226,8040,8694
42-475-81483,Myers 11H,Fort Stockton,Texas Energy LLC,31.469066,-103.106347,Ward,TX,Bone Spring,ACTIVE,2024-07-27,2024-10-18,11432,22449,11336,10939,11689
42-301-63499,Simmons 6H,Orla,Texas Energy LLC,31.742615,-103.730441,Loving,TX,Wolfcamp B,ACTIVE,2023-06-08,2023-08-07,13239,28247,14720,12750,13419
42-371-96143,Thompson 5V,Fort Stockton,Texas Energy LLC,30.525397,-103.152697,Pecos,TX,Brushy Canyon,ACTIVE,2025-02-16,2025-05-14,12929,21624,8946,12721,13022
42-301-92230,Cook 10H,Fort Stockton,Texas Energy LLC,31.663512,-103.712454,Loving,TX,Bone Spring,ACTIVE,2022-03-15,2022-05-03,11770,27005,14909,11544,11954
42-475-54488,Roberts 10H,Buena Vista,Texas Energy LLC,31.329144,-103.280352,Ward,TX,Wolfcamp B,ACTIVE,2023-01-05,2023-03-06,9993,15437,5355,9845,10107
42-389-99963,State 6V,Pecos Valley,Texas Energy LLC,31.159531,-103.538829,Reeves,TX,Wolfcamp A,ACTIVE,2023-04-23,2023-06-29,11056,17773,7112,10760,11234
42-495-96988,Woods 2H,Culberson County,Texas Energy LLC,32.066815,-103.215824,Winkler,TX,Wolfcamp C,ACTIVE,2025-10-20,2026-01-11,10774,25407,14426,10405,10848
42-389-36490,Simmons 11H,Loving,Texas Energy LLC,31.7446,-103.304192,Reeves,TX,1st Bone Spring,ACTIVE,2022-01-01,2022-03-12,10858,19893,8542,10603,11105
42-109-33980,Scott 1H,Loving,Texas Energy LLC,31.916203,-104.054365,Culberson,TX,Wolfcamp A,ACTIVE,2024-05-01,2024-07-29,13113,25536,12859,12639,13340
42-389-88361,Kelly 10H,Van Horn,Texas Energy LLC,31.771093,-103.469958,Reeves,TX,Wolfcamp A,ACTIVE,2025-01-11,2025-02-25,9341,21340,12074,8988,9579
42-389-75332,Johnson 6V,Culberson County,Texas Energy LLC,31.042957,-103.494038,Reeves,TX,2nd Bone Spring,SHUT-IN,2024-01-21,2024-03-23,12190,24961,13038,11908,12381
42-389-78394,University 12V,Kermit,Texas Energy LLC,31.720861,-103.12247,Reeves,TX,3rd Bone Spring,ACTIVE,2022-05-28,2022-07-13,10427,22719,12073,10025,10577
42-389-79996,Edwards 8H,Red Hills,Texas Energy LLC,31.295521,-103.487957,Reeves,TX,Wolfcamp B,ACTIVE,2022-03-25,2022-06-22,9292,15880,6404,9016,9548
42-371-62366,West 11H,Culberson County,Texas Energy LLC,31.161361,-103.468591,Pecos,TX,Wolfcamp A,SHUT-IN,2023-06-24,2023-09-11,12620,19765,7372,12201,12898
42-389-61640,Henderson 5H,Buena Vista,Texas Energy LLC,31.682556,-103.147734,Reeves,TX,1st Bone Spring,ACTIVE,2022-10-16,2022-12-16,8745,14119,5528,8430,8861
42-371-62499,Reynolds 8H,Fort Stockton,Texas Energy LLC,30.672269,-102.823056,Pecos,TX,Bone Spring,ACTIVE,2025-10-06,2025-12-13,12053,17063,5202,11891,12166
42-301-84773,Turner 12H,Culberson County,Texas Energy LLC,31.884385,-103.910338,Loving,TX,2nd Bone Spring,ACTIVE,2023-05-22,2023-07-23,9634,15463,6195,9240,9712
42-389-97765,Barnes 5H,Van Horn,Texas Energy LLC,31.427186,-103.578991,Reeves,TX,Bone Spring,ACTIVE,2022-07-04,2022-10-01,9838,15541,5983,9608,10009
42-475-97725,Hamilton 10H,Fort Stockton,Texas Energy LLC,31.34877,-103.124459,Ward,TX,Bone Spring,ACTIVE,2024-08-11,2024-11-04,13177,24159,10710,12811,13259
42-301-79965,Bass 4H,Grandfalls,Texas Energy LLC,31.647305,-103.846542,Loving,TX,Wolfcamp A,ACTIVE,2025-12-24,2026-02-08,11226,21671,10598,10763,11437
42-389-38906,Davis 11H,Ward-Estes,Texas Energy LLC,31.009569,-103.731611,Reeves,TX,Wolfcamp B,ACTIVE,2024-04-02,2024-05-18,9253,15645,5931,8849,9471
42-109-38760,Collins 5H,Ward-Estes,Texas Energy LLC,31.753853,-104.442537,Culberson,TX,Bone Spring,ACTIVE,2024-10-06,2024-12-04,11064,18324,6925,10755,11296
42-475-32216,Hill 4H,Balmorhea,Texas Energy LLC,31.673323,-103.317012,Ward,TX,Wolfcamp B,ACTIVE,2025-01-05,2025-03-31,12185,24898,13044,11824,12431
42-109-82162,King 8H,Coyanosa,Texas Energy LLC,31.789306,-104.794864,Culberson,TX,Wolfcamp A,ACTIVE,2024-12-14,2025-02-07,9945,20773,11138,9485,10029
42-109-67877,Torres 3H,Grandfalls,Texas Energy LLC,31.977702,-104.680567,Culberson,TX,Bone Spring,ACTIVE,2025-05-23,2025-07-27,9613,22005,12660,9330,9826
42-371-58419,Cole 2H,Orla,Texas Energy LLC,31.260391,-102.970492,Pecos,TX,Delaware Mountain,ACTIVE,2025-11-25,2026-02-19,13137,21581,8027,12981,13365
42-371-96176,Ward 2H,Coyanosa,Texas Energy LLC,30.897333,-102.549789,Pecos,TX,Brushy Canyon,ACTIVE,2022-01-06,2022-03-05,8717,14298,5481,8563,8852
42-389-31958,Ramirez 2H,Fort Stockton,Texas Energy LLC,31.278933,-103.64411,Reeves,TX,Brushy Canyon,SHUT-IN,2025-03-28,2025-06-19,8505,18594,10102,8165,8785
42-475-98214,Morgan 3H,Ward-Estes,Texas Energy LLC,31.65214,-103.488278,Ward,TX,1st Bone Spring,ACTIVE,2025-06-02,2025-08-03,12252,18406,6314,11870,12310
42-389-61757,Graham 3V,Loving,Texas Energy LLC,31.32059,-103.543613,Reeves,TX,Wolfcamp A,ACTIVE,2024-03-16,2024-05-23,11539,23660,12234,11201,11636
42-475-94779,State 5H,Ward-Estes,Texas Energy LLC,31.601811,-103.291827,Ward,TX,Wolfcamp B,ACTIVE,2025-10-04,2025-12-26,9560,23025,13677,9286,9795
42-495-95707,Williams 6H,Balmorhea,Texas Energy LLC,31.845772,-103.478713,Winkler,TX,2nd Bone Spring,ACTIVE,2022-11-16,2023-01-29,11286,21591,10243,11115,11358
42-109-70160,Peterson 7H,Ward-Estes,Texas Energy LLC,31.505557,-104.235474,Culberson,TX,3rd Bone Spring,ACTIVE,2023-04-15,2023-06-08,9771,14954,5602,9641,9971
42-389-50869,Anderson 8H,Reeves County,Texas Energy LLC,31.310317,-103.338379,Reeves,TX,Wolfcamp B,ACTIVE,2024-09-27,2024-11-28,11984,24053,12008,11636,12188
42-389-72710,Harrison 5H,Orla,Texas Energy LLC,31.013661,-103.717056,Reeves,TX,Wolfcamp C,ACTIVE,2025-02-11,2025-04-27,10521,24406,14040,10257,10761
42-389-95133,Bailey 4V,Mentone,Texas Energy LLC,31.330188,-103.400913,Reeves,TX,Wolfcamp A,ACTIVE,2024-11-28,2025-01-13,11677,22129,10785,11219,11836
42-389-41074,Ward 8H,Monahans,Texas Energy LLC,31.047776,-103.201798,Reeves,TX,Delaware Mountain,ACTIVE,2023-04-13,2023-06-08,12031,25308,13724,11593,12159
42-389-65968,Nelson 12H,Mentone,Texas Energy LLC,31.263367,-103.510369,Reeves,TX,1st Bone Spring,ACTIVE,2022-08-24,2022-11-21,13454,23096,9705,13043,13721
42-475-68847,Hughes 6V,Pecos Valley,Texas Energy LLC,31.212469,-103.080698,Ward,TX,Wolfcamp A,SHUT-IN,2024-02-25,2024-05-08,9395,20581,11349,9048,9586
42-389-56429,Simmons 10V,Reeves County,Texas Energy LLC,31.084028,-103.487295,Reeves,TX,Avalon Shale,ACTIVE,2024-01-01,2024-02-28,10939,24050,12779,10780,11050
42-475-86373,West 8H,Delaware Basin,Texas Energy LLC,31.239976,-103.117783,Ward,TX,Brushy Canyon,ACTIVE,2024-12-22,2025-03-15,9039,23132,14325,8567,9303
42-495-87047,Fisher 11H,Wink,Texas Energy LLC,31.958624,-103.030124,Winkler,TX,Wolfcamp A,ACTIVE,2022-02-03,2022-03-23,9958,19156,9127,9822,10155
42-389-68609,Diaz 8H,Wink,Texas Energy LLC,31.373564,-103.144673,Reeves,TX,2nd Bone Spring,ACTIVE,2024-03-25,2024-05-13,10771,16684,6022,10473,10906
42-495-36380,Brooks 4V,Reeves County,Texas Energy LLC,31.797894,-103.477882,Winkler,TX,Wolfcamp A,ACTIVE,2024-04-27,2024-07-17,11112,25685,14461,10617,11334
42-475-90505,Minerals 5H,Coyanosa,Texas Energy LLC,31.671487,-103.395176,Ward,TX,3rd Bone Spring,SHUT-IN,2025-03-21,2025-05-24,10482,19795,9139,10304,10715
42-475-91580,Henderson 1H,Van Horn,Texas Energy LLC,31.437956,-103.072824,Ward,TX,Wolfcamp B,SHUT-IN,2024-05-11,2024-06-28,8730,22950,14674,8565,8994
42-495-94652,White 10H,Loving,Texas Energy LLC,31.772073,-103.069411,Winkler,TX,3rd Bone Spring,ACTIVE,2022-05-25,2022-08-14,12016,17618,5974,11696,12249
42-389-88066,Patterson 6H,Coyanosa,Texas Energy LLC,31.746816,-103.168261,Reeves,TX,Wolfcamp C,ACTIVE,2024-10-08,2024-12-28,12969,21357,8504,12477,13159
42-371-77357,Wood 5H,Loving,Texas Energy LLC,30.844247,-103.559355,Pecos,TX,Wolfcamp A,ACTIVE,2022-12-25,2023-02-13,13209,21558,8598,12920,13454
42-371-84656,Long 1H,Culberson County,Texas Energy LLC,31.240664,-103.274542,Pecos,TX,Delaware Mountain,ACTIVE,2024-03-04,2024-04-30,10612,24251,13223,10132,10901
42-109-73975,Roberts 7H,Red Hills,Texas Energy LLC,31.962893,-104.511606,Culberson,TX,Bone Spring,ACTIVE,2025-02-14,2025-04-13,10796,17448,7072,10606,10933
42-389-32174,Bass 8V,Red Hills,Texas Energy LLC,31.715278,-103.669079,Reeves,TX,Wolfcamp C,ACTIVE,2022-06-14,2022-08-11,9733,21250,11503,9413,9913
42-389-98719,Baker 4H,Fort Stockton,Texas Energy LLC,31.703466,-103.779736,Reeves,TX,Wolfcamp B,ACTIVE,2022-06-23,2022-08-19,10744,22122,11035,10407,10923
42-389-90390,Evans 8H,Van Horn,Texas Energy LLC,31.206355,-103.468717,Reeves,TX,Avalon Shale,ACTIVE,2024-05-13,2024-07-23,9556,21653,12222,9194,9822
42-475-84074,Minerals 1H,Delaware Basin,Texas Energy LLC,31.285415,-103.448058,Ward,TX,3rd Bone Spring,ACTIVE,2022-01-20,2022-04-17,11820,25240,13593,11504,11947
42-389-89562,Ward 1H,Kermit,Texas Energy LLC,31.51985,-103.21366,Reeves,TX,Brushy Canyon,ACTIVE,2025-01-11,2025-02-27,10366,19382,9062,10130,10650
42-371-61845,Harris 10H,Delaware Basin,Texas Energy LLC,30.559532,-103.314595,Pecos,TX,2nd Bone Spring,ACTIVE,2022-12-26,2023-03-02,9076,16731,7559,8656,9373
42-371-67941,Flores 10H,Wink,Texas Energy LLC,31.201395,-103.787953,Pecos,TX,Avalon Shale,SHUT-IN,2025-11-18,2026-02-04,12546,20115,7198,12188,12715
42-495-98506,Bryant 9V,Mentone,Texas Energy LLC,32.064313,-103.001601,Winkler,TX,Wolfcamp A,ACTIVE,2022-04-02,2022-05-29,9660,19946,9910,9450,9955
42-475-45378,Ross 2H,Loving,Texas Energy LLC,31.320662,-103.027339,Ward,TX,Wolfcamp A,ACTIVE,2025-09-20,2025-11-07,11125,25398,13980,10987,11184
42-109-60803,Cooper 6H,Delaware Basin,Texas Energy LLC,31.364302,-104.511746,Culberson,TX,Wolfcamp C,ACTIVE,2022-09-14,2022-12-09,11743,19343,7539,11598,12001
42-371-77091,Nelson 4H,Pecos Valley,Texas Energy LLC,31.22213,-103.798063,Pecos,TX,Wolfcamp A,ACTIVE,2025-04-26,2025-06-28,11803,23977,12429,11400,11881
42-389-86169,Land Trust 12H,Pecos Valley,Texas Energy LLC,31.394119,-103.735379,Reeves,TX,Brushy Canyon,ACTIVE,2022-03-10,2022-05-17,11426,25386,14371,11306,11518
42-389-72600,Minerals 5H,Culberson County,Texas Energy LLC,31.145472,-103.651516,Reeves,TX,Wolfcamp B,SHUT-IN,2024-09-01,2024-11-18,10065,16214,6402,9597,10219
42-475-75227,Perry 11V,Fort Stockton,Texas Energy LLC,31.322113,-103.130508,Ward,TX,Wolfcamp A,SHUT-IN,2023-03-03,2023-05-10,9592,22869,13416,9466,9750
42-475-48643,Thompson 12V,Van Horn,Texas Energy LLC,31.431789,-103.176949,Ward,TX,Wolfcamp A,ACTIVE,2023-07-14,2023-09-17,12193,17284,5408,11861,12394
42-301-51750,Nelson 10H,Red Hills,Texas Energy LLC,31.656607,-103.738374,Loving,TX,Bone Spring,ACTIVE,2023-06-24,2023-08-16,9845,23668,13591,9503,9897
42-301-32559,Jordan 4V,Van Horn,Texas Energy LLC,31.659361,-103.784811,Loving,TX,Brushy Canyon,ACTIVE,2024-08-03,2024-10-13,11018,22888,11594,10576,11203
42-371-64082,West 10V,Fort Stockton,Texas Energy LLC,31.206686,-103.101456,Pecos,TX,2nd Bone Spring,ACTIVE,2022-05-26,2022-08-04,8826,19688,10953,8360,9113
42-109-94887,Butler 5V,Balmorhea,Texas Energy LLC,31.618332,-104.007317,Culberson,TX,Bone Spring,ACTIVE,2025-11-16,2026-02-07,9385,22136,12804,9087,9515
42-389-59464,Kelly 9H,Culberson County,Texas Energy LLC,31.789425,-103.79889,Reeves,TX,Wolfcamp A,ACTIVE,2024-10-16,2024-12-02,12782,17904,5246,12287,12975
42-389-36413,White 1H,Grandfalls,Texas Energy LLC,31.201689,-103.496695,Reeves,TX,2nd Bone Spring,ACTIVE,2025-02-10,2025-04-05,10821,20078,9576,10503,11067
42-109-34854,Land Trust 6V,Kermit,Texas Energy LLC,31.723513,-104.7413,Culberson,TX,Wolfcamp A,ACTIVE,2022-12-24,2023-02-13,11129,23298,12403,10891,11362
42-389-47038,Martin 9H,Reeves County,Texas Energy LLC,31.067629,-103.114472,Reeves,TX,Brushy Canyon,ACTIVE,2024-12-18,2025-02-27,8909,15085,6211,8784,9179
42-475-46153,Gray 7V,Fort Stockton,Texas Energy LLC,31.634401,-103.337444,Ward,TX,1st Bone Spring,ACTIVE,2023-04-13,2023-06-19,10040,19018,8977,9690,10332
42-389-99293,Roberts 8H,Red Hills,Texas Energy LLC,31.73789,-103.422178,Reeves,TX,Wolfcamp B,ACTIVE,2025-09-11,2025-12-04,10255,23043,13247,9953,10345
42-389-74471,Moore 5H,Delaware Basin,Texas Energy LLC,31.367585,-103.198935,Reeves,TX,Avalon Shale,ACTIVE,2025-07-16,2025-10-07,9977,24639,14437,9618,10225
42-371-67957,Ford 12H,Orla,Texas Energy LLC,30.737993,-102.951917,Pecos,TX,Avalon Shale,ACTIVE,2022-05-24,2022-08-18,10358,16302,5553,10113,10595
42-389-37820,Brooks 3V,Monahans,Texas Energy LLC,31.71952,-103.722096,Reeves,TX,Wolfcamp A,ACTIVE,2022-09-16,2022-11-25,10884,23992,12679,10537,10945
42-389-72431,James 12H,Ward-Estes,Texas Energy LLC,31.697035,-103.100706,Reeves,TX,2nd Bone Spring,ACTIVE,2022-11-14,2023-01-13,12737,22533,9710,12512,12981
42-475-87963,Butler 7H,Imperial,Texas Energy LLC,31.658036,-103.409255,Ward,TX,Brushy Canyon,SHUT-IN,2025-06-11,2025-09-06,9356,16827,7634,9046,9583
42-389-33251,Cole 5V,Buena Vista,Texas Energy LLC,31.457596,-103.242689,Reeves,TX,1st Bone Spring,ACTIVE,2022-10-17,2022-12-13,12398,26051,13235,12289,12478
42-389-96631,Land Trust 7H,Delaware Basin,Texas Energy LLC,31.529888,-103.550219,Reeves,TX,Avalon Shale,ACTIVE,2025-05-11,2025-08-02,12478,26795,14604,12325,12661
42-301-89424,Hamilton 12H,Orla,Texas Energy LLC,31.844919,-103.972486,Loving,TX,Wolfcamp A,SHUT-IN,2022-03-16,2022-05-22,12784,26559,13474,12315,12900
42-389-85895,Anderson 5H,Buena Vista,Texas Energy LLC,31.163275,-103.685265,Reeves,TX,Brushy Canyon,ACTIVE,2022-03-28,2022-05-19,8527,17018,8924,8029,8774
42-389-85767,Green 2V,Loving,Texas Energy LLC,31.614495,-103.671034,Reeves,TX,Wolfcamp A,ACTIVE,2024-08-26,2024-10-11,10618,23606,13174,10273,10898
42-371-98775,Watson 12H,Monahans,Texas Energy LLC,31.00978,-103.109028,Pecos,TX,Delaware Mountain,ACTIVE,2025-06-13,2025-08-04,13036,21586,8851,12771,13268
42-301-97465,Flores 12H,Monahans,Texas Energy LLC,31.932321,-103.742561,Loving,TX,Wolfcamp C,ACTIVE,2025-06-06,2025-08-01,13008,28066,14866,12543,13195
42-475-76801,Anderson 7H,Culberson County,Texas Energy LLC,31.373359,-103.06139,Ward,TX,Wolfcamp B,ACTIVE,2023-09-08,2023-11-22,12482,20426,7977,12368,12750
42-495-32371,Gibson 7H,Coyanosa,Texas Energy LLC,31.920998,-103.47393,Winkler,TX,Wolfcamp C,ACTIVE,2022-08-04,2022-10-27,11512,21973,10763,11237,11673
42-389-40191,Reed 4V,Red Hills,Texas Energy LLC,31.723295,-103.256359,Reeves,TX,Wolfcamp A,ACTIVE,2022-10-08,2022-12-03,9785,20974,10709,9587,9898
42-389-64667,State 8H,Wink,Texas Energy LLC,31.757203,-103.299269,Reeves,TX,Wolfcamp C,ACTIVE,2024-05-13,2024-06-29,11002,19328,7911,10829,11302
42-389-53894,Johnson 5H,Pecos Valley,Texas Energy LLC,31.101747,-103.73823,Reeves,TX,Brushy Canyon,ACTIVE,2024-12-10,2025-02-23,10492,21946,11903,10002,10571
42-301-74588,Watson 2V,Monahans,Texas Energy LLC,31.941402,-103.603667,Loving,TX,2nd Bone Spring,ACTIVE,2023-10-21,2024-01-04,13303,19898,6096,12822,13411
42-109-96496,Beal 7H,Monahans,Texas Energy LLC,31.850489,-104.393902,Culberson,TX,Wolfcamp A,SHUT-IN,2024-12-01,2025-02-06,9053,19448,10649,8578,9271
42-475-45456,Alexander 7H,Kermit,Texas Energy LLC,31.568734,-103.396335,Ward,TX,Wolfcamp A,ACTIVE,2023-01-21,2023-03-19,10807,20284,9168,10673,10935
42-495-83180,Reed 8H,Balmorhea,Texas Energy LLC,31.767201,-103.058539,Winkler,TX,Bone Spring,ACTIVE,2024-03-21,2024-05-05,9242,17330,7777,9059,9354
42-475-74287,Hamilton 5V,Van Horn,Texas Energy LLC,31.455104,-103.008423,Ward,TX,1st Bone Spring,ACTIVE,2024-06-26,2024-09-24,10859,18785,7912,10694,10986
42-371-99508,Beal 7H,Grandfalls,Texas Energy LLC,30.93756,-102.657578,Pecos,TX,2nd Bone Spring,ACTIVE,2025-05-04,2025-07-18,11649,17836,6034,11227,11859
42-389-66444,Resources 11H,Coyanosa,Texas Energy LLC,31.573012,-103.13761,Reeves,TX,Bone Spring,ACTIVE,2025-06-27,2025-08-31,10123,17902,8229,9771,10300
42-301-49603,Alexander 10H,Buena Vista,Texas Energy LLC,31.842204,-103.911289,Loving,TX,Delaware Mountain,ACTIVE,2022-02-16,2022-05-14,9567,24506,14887,9467,9846
42-301-68625,Sanders 2H,Red Hills,Texas Energy LLC,31.669802,-103.876047,Loving,TX,2nd Bone Spring,ACTIVE,2023-02-09,2023-04-22,9143,21334,12504,8788,9279
42-475-81894,Flores 1H,Imperial,Texas Energy LLC,31.548338,-103.474425,Ward,TX,Wolfcamp C,ACTIVE,2024-05-11,2024-07-24,10569,20426,10074,10413,10836
42-389-72291,Jenkins 5H,Buena Vista,Texas Energy LLC,31.74779,-103.642171,Reeves,TX,Wolfcamp B,SHUT-IN,2023-11-10,2024-02-02,12870,19414,6530,12442,12963
42-495-47346,Patterson 4H,Delaware Basin,Texas Energy LLC,32.077163,-103.140441,Winkler,TX,Wolfcamp B,ACTIVE,2022-11-11,2023-01-27,9429,15135,5376,9264,9685
42-475-62141,Harris 9H,Imperial,Texas Energy LLC,31.35669,-103.324698,Ward,TX,1st Bone Spring,ACTIVE,2025-12-12,2026-02-20,12529,26997,14400,12366,12747
42-495-90485,Cooper 9V,Wink,Texas Energy LLC,31.833327,-103.303259,Winkler,TX,Wolfcamp B,ACTIVE,2025-01-18,2025-03-31,9146,23668,14398,8935,9437
42-389-71008,Campbell 1H,Red Hills,Texas Energy LLC,31.125911,-103.584951,Reeves,TX,1st Bone Spring,ACTIVE,2025-06-09,2025-08-19,11674,19198,7500,11257,11851
42-389-53631,Watson 3H,Toyah,Texas Energy LLC,31.089434,-103.701363,Reeves,TX,Wolfcamp A,ACTIVE,2022-01-10,2022-03-06,10572,24008,13714,10415,10694
42-389-74427,Ramirez 8H,Orla,Texas Energy LLC,31.583356,-103.396395,Reeves,TX,Brushy Canyon,ACTIVE,2023-04-11,2023-07-09,13220,24823,11159,13119,13363
42-371-98818,Long 4V,Toyah,Texas Energy LLC,30.537596,-103.106897,Pecos,TX,Wolfcamp A,ACTIVE,2023-11-21,2024-02-13,10353,17897,7491,9941,10511
42-371-93688,Patterson 9H,Kermit,Texas Energy LLC,30.807665,-102.517559,Pecos,TX,Wolfcamp A,ACTIVE,2022-05-28,2022-08-23,12731,23077,10082,12425,12786
42-301-35390,Henderson 8H,Orla,Texas Energy LLC,31.832195,-103.869854,Loving,TX,Delaware Mountain,ACTIVE,2025-03-09,2025-04-30,11066,16419,5723,10711,11339
42-301-42265,Cox 1H,Wink,Texas Energy LLC,31.963239,-103.534736,Loving,TX,Wolfcamp A,ACTIVE,2022-08-12,2022-10-29,8991,23250,13861,8867,9096
42-495-54892,Sullivan 9H,Kermit,Texas Energy LLC,31.837267,-103.143315,Winkler,TX,Avalon Shale,ACTIVE,2024-03-27,2024-06-22,13073,20840,7967,12924,13243
42-495-62049,Long 4H,Ward-Estes,Texas Energy LLC,32.015741,-103.072151,Winkler,TX,Bone Spring,ACTIVE,2022-08-24,2022-11-18,12293,25095,13078,12111,12549
42-389-65829,Moore 1H,Buena Vista,Texas Energy LLC,31.785186,-103.386625,Reeves,TX,Wolfcamp B,SHUT-IN,2024-12-10,2025-02-14,10344,23354,13418,10181,10536
42-371-87557,Watson 3H,Loving,Texas Energy LLC,31.187451,-102.997694,Pecos,TX,Wolfcamp A,ACTIVE,2023-08-16,2023-10-18,10871,17991,6638,10470,11047
42-371-41413,Davis 9H,Ward-Estes,Texas Energy LLC,30.766632,-102.644058,Pecos,TX,Wolfcamp A,ACTIVE,2023-06-07,2023-08-03,10847,20424,9532,10584,11094
42-495-83736,Johnson 8H,Monahans,Texas Energy LLC,32.048373,-103.015022,Winkler,TX,Wolfcamp B,SHUT-IN,2022-06-28,2022-09-24,12871,24574,11226,12609,13081
42-389-65124,Turner 6H,Loving,Texas Energy LLC,31.361897,-103.238226,Reeves,TX,2nd Bone Spring,ACTIVE,2022-06-07,2022-08-11,12129,19182,7385,11637,12343
42-389-30276,Ward 8H,Reeves County,Texas Energy LLC,31.013022,-103.315835,Reeves,TX,Wolfcamp B,ACTIVE,2025-12-13,2026-02-03,8591,22150,13974,8340,8689
42-475-52345,Graham 4V,Mentone,Texas Energy LLC,31.386642,-103.443383,Ward,TX,Delaware Mountain,ACTIVE,2025-05-09,2025-07-06,8518,22740,14319,8307,8804
42-495-86815,Fisher 5H,Culberson County,Texas Energy LLC,32.053143,-103.288131,Winkler,TX,1st Bone Spring,ACTIVE,2023-10-12,2023-12-19,9026,21060,12363,8909,9321
42-495-30017,Turner 3V,Orla,Texas Energy LLC,31.726103,-103.191576,Winkler,TX,Wolfcamp B,ACTIVE,2024-08-22,2024-10-10,13453,28172,14682,13277,13730
42-389-79877,Butler 5V,Van Horn,Texas Energy LLC,31.710451,-103.63172,Reeves,TX,Delaware Mountain,ACTIVE,2023-03-11,2023-05-06,11895,20873,9214,11641,12120
42-389-78460,Harrison 3H,Reeves County,Texas Energy LLC,31.596286,-103.53505,Reeves,TX,Bone Spring,ACTIVE,2025-03-07,2025-05-24,12054,20979,9361,11620,12107
42-301-69571,Fisher 5H,Kermit,Texas Energy LLC,31.601948,-103.948281,Loving,TX,3rd Bone Spring,ACTIVE,2022-12-10,2023-03-10,10254,21880,11213,10119,10322
42-475-93372,Simmons 5H,Delaware Basin,Texas Energy LLC,31.432437,-103.087133,Ward,TX,Delaware Mountain,SHUT-IN,2025-04-25,2025-07-08,13168,28351,14999,12874,13304
42-389-93334,Powell 9H,Grandfalls,Texas Energy LLC,31.527427,-103.788988,Reeves,TX,Wolfcamp A,SHUT-IN,2024-09-10,2024-10-26,12614,24993,12054,12423,12691
42-475-80666,Johnson 10H,Grandfalls,Texas Energy LLC,31.643523,-103.063944,Ward,TX,Wolfcamp B,ACTIVE,2022-08-03,2022-10-09,11215,19201,8169,10856,11307
42-371-96970,Beal 8H,Loving,Texas Energy LLC,30.578886,-103.51229,Pecos,TX,Wolfcamp B,ACTIVE,2023-01-06,2023-03-06,11966,21651,10082,11775,12055
42-109-39046,Morris 7H,Coyanosa,Texas Energy LLC,31.990296,-104.422343,Culberson,TX,2nd Bone Spring,SHUT-IN,2025-08-28,2025-11-05,11577,18090,6314,11139,11850
42-109-53204,Fisher 11V,Buena Vista,Texas Energy LLC,31.713582,-104.434765,Culberson,TX,Wolfcamp C,ACTIVE,2024-06-16,2024-09-03,10360,16779,6467,10103,10503
42-389-49978,Scott 5V,Grandfalls,Texas Energy LLC,31.082381,-103.648491,Reeves,TX,Wolfcamp A,ACTIVE,2025-06-19,2025-09-09,13454,23485,9542,12977,13727
42-371-62638,Harrison 4V,Monahans,Texas Energy LLC,30.912531,-103.308486,Pecos,TX,1st Bone Spring,ACTIVE,2023-11-03,2023-12-27,11777,21855,9835,11590,11960
42-389-77486,Wilson 8V,Ward-Estes,Texas Energy LLC,31.637763,-103.678423,Reeves,TX,Wolfcamp B,ACTIVE,2022-04-07,2022-06-02,12939,27078,14121,12836,13109
42-109-32154,West 3H,Culberson County,Texas Energy LLC,31.742368,-104.339962,Culberson,TX,Wolfcamp C,SHUT-IN,2023-10-14,2023-12-09,9201,23275,13576,8917,9268
42-495-38850,Cattle Co 2V,Imperial,Texas Energy LLC,31.841029,-103.044807,Winkler,TX,Bone Spring,ACTIVE,2024-10-04,2024-12-15,9371,16222,6836,9048,9475
42-475-80173,Hill 11H,Balmorhea,Texas Energy LLC,31.403016,-103.282405,Ward,TX,Wolfcamp C,ACTIVE,2025-06-27,2025-09-06,9763,19882,9726,9320,9845
42-389-80620,Wallace 6H,Red Hills,Texas Energy LLC,31.236832,-103.506528,Reeves,TX,1st Bone Spring,ACTIVE,2024-06-19,2024-08-24,8918,16475,7065,8610,9022
42-109-96790,Reynolds 1H,Delaware Basin,Texas Energy LLC,31.703954,-104.194134,Culberson,TX,Wolfcamp B,ACTIVE,2022-05-08,2022-06-26,11355,22895,11646,10995,11492
42-371-46409,Howard 11V,Ward-Estes,Texas Energy LLC,31.08691,-102.698901,Pecos,TX,Wolfcamp A,ACTIVE,2025-09-18,2025-12-14,10231,19537,9742,10108,10337
42-495-87233,Sanders 1H,Reeves County,Texas Energy LLC,31.964541,-103.196264,Winkler,TX,2nd Bone Spring,ACTIVE,2024-08-17,2024-11-09,11889,25686,13496,11416,12160
42-475-93501,Minerals 2V,Buena Vista,Texas Energy LLC,31.696663,-103.285946,Ward,TX,Avalon Shale,ACTIVE,2025-03-19,2025-06-06,8778,19751,11062,8405,8861
42-371-53070,Hayes 3V,Imperial,Texas Energy LLC,31.225187,-103.765174,Pecos,TX,2nd Bone Spring,ACTIVE,2024-03-24,2024-05-31,11385,20309,8493,11165,11472
42-109-34635,Reynolds 11H,Loving,Texas Energy LLC,31.687005,-104.068842,Culberson,TX,Wolfcamp B,SHUT-IN,2024-05-27,2024-07-15,13182,23912,11108,12825,13404
42-389-52832,Moore 9H,Kermit,Texas Energy LLC,31.608776,-103.102304,Reeves,TX,Wolfcamp B,ACTIVE,2024-02-27,2024-05-07,8647,15125,6388,8238,8718
42-109-61275,Bryant 7H,Reeves County,Texas Energy LLC,31.552491,-104.261912,Culberson,TX,2nd Bone Spring,ACTIVE,2025-08-19,2025-11-05,8805,20669,11532,8384,9045
42-475-92037,White 10H,Kermit,Texas Energy LLC,31.433541,-103.45974,Ward,TX,1st Bone Spring,ACTIVE,2025-02-26,2025-05-14,10984,24264,13201,10637,11111
42-389-82184,Torres 12H,Mentone,Texas Energy LLC,31.400173,-103.579869,Reeves,TX,Brushy Canyon,ACTIVE,2022-09-26,2022-11-19,8694,23629,14620,8399,8866
42-389-68549,Kelly 7H,Imperial,Texas Energy LLC,31.144835,-103.266574,Reeves,TX,1st Bone Spring,ACTIVE,2023-06-20,2023-08-08,11696,16756,5454,11556,11791
42-389-58329,Barnes 2H,Van Horn,Texas Energy LLC,31.37452,-103.530458,Reeves,TX,Wolfcamp A,ACTIVE,2024-05-23,2024-08-05,9761,22634,13265,9595,9867
42-389-72357,Cattle Co 6V,Pecos Valley,Texas Energy LLC,31.766257,-103.159523,Reeves,TX,Bone Spring,ACTIVE,2024-03-19,2024-05-03,11933,27295,14875,11613,12128
42-389-40458,Howard 5H,Kermit,Texas Energy LLC,31.684254,-103.193461,Reeves,TX,1st Bone Spring,ACTIVE,2024-06-07,2024-09-02,10687,16979,6169,10262,10780
42-389-71182,Adams 6H,Buena Vista,Texas Energy LLC,31.286303,-103.148572,Reeves,TX,Wolfcamp A,SHUT-IN,2025-01-07,2025-03-03,9332,15736,6287,9149,9382
42-371-60953,Reynolds 12V,Mentone,Texas Energy LLC,30.638468,-102.929513,Pecos,TX,Delaware Mountain,ACTIVE,2025-06-18,2025-08-08,12147,19848,7886,11840,12214
42-109-49055,Harris 1V,Wink,Texas Energy LLC,31.963452,-104.057751,Culberson,TX,Brushy Canyon,ACTIVE,2024-08-10,2024-10-30,9704,24210,14260,9378,9840
42-301-35666,Brooks 7H,Coyanosa,Texas Energy LLC,31.633198,-103.840826,Loving,TX,Avalon Shale,ACTIVE,2022-05-19,2022-08-07,8979,16138,7293,8767,9191
42-389-89849,Watson 4H,Ward-Estes,Texas Energy LLC,31.325422,-103.212413,Reeves,TX,Wolfcamp B,ACTIVE,2023-10-19,2023-12-09,9658,21780,11661,9244,9927
42-495-47392,Phillips 11H,Van Horn,Texas Energy LLC,31.799871,-103.144303,Winkler,TX,Bone Spring,SHUT-IN,2024-11-14,2025-01-22,12202,18587,6237,11709,12275
42-495-43254,Williams 6H,Pecos Valley,Texas Energy LLC,31.852765,-103.009867,Winkler,TX,Wolfcamp C,ACTIVE,2024-12-21,2025-02-09,12050,19269,6907,11852,12246
42-389-45437,Butler 10V,Balmorhea,Texas Energy LLC,31.376429,-103.193525,Reeves,TX,Wolfcamp A,ACTIVE,2022-11-13,2023-01-30,10944,22267,11768,10767,11029
42-301-33136,Jenkins 3H,Buena Vista,Texas Energy LLC,31.985542,-103.540331,Loving,TX,Wolfcamp C,ACTIVE,2023-09-23,2023-12-08,10101,21994,11494,9713,10366
42-389-50200,Campbell 11H,Buena Vista,Texas Energy LLC,31.035565,-103.74453,Reeves,TX,3rd Bone Spring,ACTIVE,2025-02-26,2025-04-22,10217,18266,7610,10109,10320
42-475-66428,Kelly 11H,Monahans,Texas Energy LLC,31.297858,-103.458205,Ward,TX,Brushy Canyon,ACTIVE,2024-10-20,2025-01-05,8959,19781,10915,8784,9192
42-389-85610,Kelly 9H,Toyah,Texas Energy LLC,31.440519,-103.353721,Reeves,TX,Wolfcamp A,ACTIVE,2023-03-04,2023-05-03,9115,21523,12873,8968,9324
42-389-92558,Cattle Co 1H,Delaware Basin,Texas Energy LLC,31.371417,-103.424146,Reeves,TX,3rd Bone Spring,ACTIVE,2022-08-03,2022-10-17,10117,16808,6636,9716,10222
42-389-36171,Harris 9H,Van Horn,Texas Energy LLC,31.725877,-103.26439,Reeves,TX,Wolfcamp A,ACTIVE,2025-10-19,2025-12-03,10306,21185,10552,9818,10576
42-495-94157,Foster 7V,Mentone,Texas Energy LLC,31.911086,-103.180446,Winkler,TX,Wolfcamp B,SHUT-IN,2024-08-20,2024-10-15,10936,25191,14669,10492,11020
42-109-67451,Butler 4H,Pecos Valley,Texas Energy LLC,31.306725,-104.238215,Culberson,TX,Wolfcamp B,ACTIVE,2022-03-26,2022-06-24,9225,23685,14038,9106,9367
42-495-38142,White 7V,Ward-Estes,Texas Energy LLC,31.967114,-103.267303,Winkler,TX,Avalon Shale,SHUT-IN,2022-11-10,2023-01-17,10309,19379,8590,10141,10481
42-389-93483,Long 7H,Balmorhea,Texas Energy LLC,31.276099,-103.413658,Reeves,TX,Avalon Shale,SHUT-IN,2023-10-13,2023-12-11,11865,17405,5715,11384,12036
42-301-33525,Howard 2H,Kermit,Texas Energy LLC,31.906078,-103.687423,Loving,TX,Wolfcamp B,ACTIVE,2022-11-08,2023-01-07,10422,20641,10113,10279,10705
42-475-58971,Gibson 11V,Orla,Texas Energy LLC,31.422889,-103.304433,Ward,TX,1st Bone Spring,SHUT-IN,2022-08-04,2022-10-06,11907,17931,6406,11434,11993
42-475-73479,Cooper 2H,Pecos Valley,Texas Energy LLC,31.599768,-103.055985,Ward,TX,Wolfcamp B,ACTIVE,2024-07-21,2024-10-08,9859,24333,14354,9560,9956
42-475-85236,Jackson 8H,Culberson County,Texas Energy LLC,31.239355,-103.26753,Ward,TX,Bone Spring,ACTIVE,2024-02-09,2024-04-23,10760,19223,8240,10350,10926
42-371-72601,Jackson 11H,Wink,Texas Energy LLC,31.230667,-102.709993,Pecos,TX,Bone Spring,ACTIVE,2024-06-28,2024-08-19,10233,17521,6873,9839,10527
42-389-41932,Resources 8H,Monahans,Texas Energy LLC,31.01256,-103.69747,Reeves,TX,Wolfcamp B,ACTIVE,2023-06-24,2023-09-01,12278,20871,8356,11818,12539
42-389-99275,Butler 1H,Orla,Texas Energy LLC,31.646938,-103.665393,Reeves,TX,Wolfcamp A,ACTIVE,2024-07-19,2024-10-06,9089,19360,10582,8640,9325
42-475-38608,Anderson 8H,Buena Vista,Texas Energy LLC,31.518254,-103.407229,Ward,TX,Wolfcamp A,ACTIVE,2025-09-02,2025-11-28,10955,17655,6687,10656,11213
42-475-89444,Coleman 12V,Mentone,Texas Energy LLC,31.389687,-103.280706,Ward,TX,Wolfcamp B,ACTIVE,2025-06-02,2025-08-22,12740,26437,13604,12380,13006
42-475-59567,Clayton 5H,Mentone,Texas Energy LLC,31.281328,-103.463145,Ward,TX,Wolfcamp B,ACTIVE,2022-06-06,2022-08-14,9818,16106,6228,9671,9954
42-301-86917,King 5H,Ward-Estes,Texas Energy LLC,31.883312,-103.769456,Loving,TX,Wolfcamp A,ACTIVE,2024-05-20,2024-08-02,12750,25534,13116,12341,13049
42-475-69316,Wilson 12H,Balmorhea,Texas Energy LLC,31.484665,-103.209143,Ward,TX,2nd Bone Spring,ACTIVE,2025-01-09,2025-03-21,13426,22865,9435,13003,13521
42-389-48554,Baker 5H,Reeves County,Texas Energy LLC,31.573062,-103.604939,Reeves,TX,Bone Spring,ACTIVE,2025-12-22,2026-03-05,12347,19161,6539,11931,12610
42-389-88368,Nelson 3H,Balmorhea,Texas Energy LLC,31.522162,-103.535927,Reeves,TX,Avalon Shale,SHUT-IN,2023-12-18,2024-02-26,12398,24447,11841,12228,12539
42-389-89525,Patterson 11H,Coyanosa,Texas Energy LLC,31.67116,-103.515418,Reeves,TX,Wolfcamp A,ACTIVE,2023-04-26,2023-06-14,11549,20545,9313,11088,11789
42-371-37094,Sanders 11H,Fort Stockton,Texas Energy LLC,31.179848,-102.877536,Pecos,TX,Bone Spring,ACTIVE,2024-03-07,2024-05-04,10102,15121,5149,9631,10371
42-301-73357,Cook 5H,Balmorhea,Texas Energy LLC,31.740724,-103.773127,Loving,TX,Wolfcamp A,SHUT-IN,2022-12-18,2023-03-17,10016,17875,8138,9538,10189
42-389-77616,Hart 12H,Culberson County,Texas Energy LLC,31.226397,-103.295535,Reeves,TX,Bone Spring,ACTIVE,2024-09-17,2024-11-23,11989,23504,11396,11745,12168
42-475-55767,Bass 1H,Culberson County,Texas Energy LLC,31.404635,-103.228149,Ward,TX,Wolfcamp C,ACTIVE,2022-02-16,2022-04-17,9618,20560,10464,9230,9915
42-371-79749,Moore 10H,Wink,Texas Energy LLC,30.71593,-103.57856,Pecos,TX,Wolfcamp A,ACTIVE,2025-11-15,2026-02-10,9502,23090,13548,9279,9699
42-109-31766,Price 1V,Delaware Basin,Texas Energy LLC,31.903191,-104.770545,Culberson,TX,2nd Bone Spring,ACTIVE,2023-05-19,2023-08-14,11462,22945,11904,11322,11665
42-475-80701,Roberts 1V,Fort Stockton,Texas Energy LLC,31.296399,-103.160865,Ward,TX,Delaware Mountain,ACTIVE,2025-02-02,2025-04-22,8986,23790,14403,8814,9142
42-389-90542,Baker 7H,Mentone,Texas Energy LLC,31.304924,-103.27783,Reeves,TX,Wolfcamp A,ACTIVE,2023-06-22,2023-09-04,12471,24598,12558,12329,12661
42-389-48639,Alexander 7H,Reeves County,Texas Energy LLC,31.609687,-103.662566,Reeves,TX,Wolfcamp B,ACTIVE,2022-03-07,2022-05-17,13163,21262,8172,12986,13322
42-475-32438,Green 10H,Fort Stockton,Texas Energy LLC,31.513922,-103.241888,Ward,TX,Wolfcamp A,ACTIVE,2025-10-24,2026-01-17,8990,22251,13556,8704,9158
42-475-60116,Land Trust 7V,Culberson County,Texas Energy LLC,31.634199,-103.105293,Ward,TX,2nd Bone Spring,ACTIVE,2022-12-22,2023-03-01,8539,22052,13686,8264,8716
42-109-97350,Stewart 9H,Van Horn,Texas Energy LLC,31.383548,-104.767493,Culberson,TX,Wolfcamp A,ACTIVE,2024-01-11,2024-03-25,9768,15079,5654,9503,9970
42-371-81487,Foster 10H,Mentone,Texas Energy LLC,30.750446,-102.663064,Pecos,TX,Brushy Canyon,ACTIVE,2025-07-07,2025-08-25,12441,24790,12533,12040,12586
42-389-76826,Ranch 6V,Coyanosa,Texas Energy LLC,31.599788,-103.5399,Reeves,TX,Wolfcamp B,ACTIVE,2023-11-20,2024-02-10,12990,19672,7026,12644,13257
42-389-33841,Cook 10V,Loving,Texas Energy LLC,31.094771,-103.518986,Reeves,TX,Wolfcamp C,ACTIVE,2022-12-24,2023-03-20,12638,23500,11308,12509,12739
42-495-60237,Cattle Co 5V,Van Horn,Texas Energy LLC,31.94369,-103.489783,Winkler,TX,Wolfcamp A,ACTIVE,2025-11-01,2025-12-30,10944,17929,7141,10506,11023
42-475-64582,Torres 9H,Fort Stockton,Texas Energy LLC,31.513601,-103.220217,Ward,TX,Wolfcamp B,ACTIVE,2023-04-24,2023-07-22,12417,25503,12766,11943,12489
42-495-70116,Bailey 12H,Reeves County,Texas Energy LLC,31.898778,-103.297704,Winkler,TX,Bone Spring,ACTIVE,2022-02-11,2022-04-07,11159,21409,10232,10708,11320
42-109-65842,Long 7H,Orla,Texas Energy LLC,31.501453,-104.341219,Culberson,TX,3rd Bone Spring,SHUT-IN,2022-05-23,2022-07-12,11337,23755,12247,11106,11578
42-371-91515,Bailey 9V,Delaware Basin,Texas Energy LLC,30.76966,-102.901149,Pecos,TX,1st Bone Spring,ACTIVE,2024-05-28,2024-07-30,13369,26515,13413,13109,13656
42-389-92574,Stewart 5H,Reeves County,Texas Energy LLC,31.761578,-103.545649,Reeves,TX,2nd Bone Spring,ACTIVE,2023-11-07,2023-12-27,12135,17971,6040,11836,12375
42-389-63025,Stewart 11H,Grandfalls,Texas Energy LLC,31.070944,-103.604879,Reeves,TX,2nd Bone Spring,ACTIVE,2022-07-12,2022-10-01,13435,21867,8215,13330,13657
42-389-51790,King 6H,Delaware Basin,Texas Energy LLC,31.060447,-103.361364,Reeves,TX,3rd Bone Spring,SHUT-IN,2025-11-18,2026-02-07,9702,20489,10458,9286,9973
42-371-35179,King 4H,Kermit,Texas Energy LLC,31.239064,-103.711834,Pecos,TX,1st Bone Spring,ACTIVE,2023-01-09,2023-03-12,9043,13922,5322,8581,9269
42-109-77682,Reed 7H,Ward-Estes,Texas Energy LLC,31.352578,-104.553292,Culberson,TX,Wolfcamp A,ACTIVE,2022-03-17,2022-06-08,13411,19922,6640,13253,13485
42-389-34604,Ramirez 2H,Balmorhea,Texas Energy LLC,31.426424,-103.320892,Reeves,TX,2nd Bone Spring,ACTIVE,2025-02-14,2025-04-14,9861,19451,9360,9495,10093
42-301-67744,Hughes 3H,Orla,Texas Energy LLC,31.670291,-103.875455,Loving,TX,Avalon Shale,ACTIVE,2024-01-15,2024-03-17,10172,21082,10570,10061,10369
42-495-60305,Johnson 12V,Monahans,Texas Energy LLC,31.935266,-103.182403,Winkler,TX,Wolfcamp A,ACTIVE,2023-02-01,2023-04-08,10337,15735,5407,10194,10427
42-109-73068,State 11H,Loving,Texas Energy LLC,31.424066,-104.275118,Culberson,TX,Wolfcamp A,SHUT-IN,2022-02-05,2022-04-07,9884,19860,9789,9653,10040
42-475-38021,Cook 4V,Toyah,Texas Energy LLC,31.308257,-103.256662,Ward,TX,Wolfcamp A,ACTIVE,2024-02-27,2024-05-01,12622,23157,10313,12287,12843
42-475-62346,Bryant 12H,Monahans,Texas Energy LLC,31.413778,-103.111893,Ward,TX,2nd Bone Spring,ACTIVE,2022-09-04,2022-11-16,12242,18334,5694,12017,12424
42-495-50455,Woods 12H,Monahans,Texas Energy LLC,31.977366,-103.036768,Winkler,TX,Wolfcamp B,ACTIVE,2025-01-13,2025-03-11,11834,20620,8599,11663,12101
42-389-58091,Graham 4H,Grandfalls,Texas Energy LLC,31.685689,-103.346834,Reeves,TX,1st Bone Spring,ACTIVE,2022-11-01,2023-01-15,9583,17535,7837,9479,9690
42-495-47004,Reynolds 12H,Ward-Estes,Texas Energy LLC,31.846518,-103.242343,Winkler,TX,Avalon Shale,ACTIVE,2022-09-07,2022-11-02,12951,19939,6734,12783,13049
42-475-35540,University 5H,Imperial,Texas Energy LLC,31.233537,-103.311287,Ward,TX,Bone Spring,ACTIVE,2025-09-18,2025-11-27,12801,25931,12645,12370,13092
42-301-80418,Flores 2H,Reeves County,Texas Energy LLC,31.964333,-103.908278,Loving,TX,1st Bone Spring,ACTIVE,2023-05-21,2023-08-08,10891,17198,6093,10420,11125
42-389-46102,Sanders 6H,Coyanosa,Texas Energy LLC,31.536262,-103.500557,Reeves,TX,Wolfcamp C,ACTIVE,2025-10-20,2025-12-26,11082,20583,9081,10599,11146
42-389-44474,Harris 2V,Mentone,Texas Energy LLC,31.668186,-103.331685,Reeves,TX,Wolfcamp A,ACTIVE,2024-11-08,2025-01-21,10925,20227,9327,10800,11000
42-495-56365,Hamilton 11H,Grandfalls,Texas Energy LLC,31.98518,-103.300504,Winkler,TX,Wolfcamp C,SHUT-IN,2022-04-08,2022-05-27,11269,16715,5344,10886,11377
42-371-45534,Wheeler 6H,Kermit,Texas Energy LLC,30.83584,-103.78181,Pecos,TX,Bone Spring,SHUT-IN,2025-07-15,2025-08-31,11638,20686,8831,11337,11926
42-389-48236,Murphy 10V,Van Horn,Texas Energy LLC,31.122953,-103.133154,Reeves,TX,Avalon Shale,ACTIVE,2025-04-13,2025-06-01,12878,23901,11331,12535,12955
42-475-81983,Mitchell 5H,Balmorhea,Texas Energy LLC,31.223615,-103.175713,Ward,TX,1st Bone Spring,ACTIVE,2025-11-12,2026-01-15,9063,23080,13789,8593,9150
42-389-87497,Resources 2H,Pecos Valley,Texas Energy LLC,31.300503,-103.183441,Reeves,TX,1st Bone Spring,ACTIVE,2024-01-06,2024-03-12,11312,17599,6041,10843,11612
42-389-89826,Gray 10H,Coyanosa,Texas Energy LLC,31.035611,-103.567176,Reeves,TX,Wolfcamp C,SHUT-IN,2023-06-27,2023-09-17,10325,22456,12360,10072,10603
42-371-94688,Scott 5H,Pecos Valley,Texas Energy LLC,30.781652,-102.511443,Pecos,TX,Wolfcamp C,ACTIVE,2025-09-15,2025-11-20,12768,24893,11798,12397,13037
42-389-53853,Flores 4H,Toyah,Texas Energy LLC,31.402091,-103.722833,Reeves,TX,Wolfcamp A,ACTIVE,2023-05-28,2023-08-07,12110,19288,6789,11685,12202
42-109-82460,Hill 12V,Kermit,Texas Energy LLC,31.711237,-104.578259,Culberson,TX,Delaware Mountain,ACTIVE,2025-09-23,2025-11-21,11239,23423,12482,11012,11500
42-371-47466,Peterson 5H,Buena Vista,Texas Energy LLC,30.668267,-102.502221,Pecos,TX,Wolfcamp A,SHUT-IN,2024-04-25,2024-06-19,11734,24158,12539,11318,12004
42-301-34374,Hughes 11H,Loving,Texas Energy LLC,31.772168,-103.817354,Loving,TX,Wolfcamp C,ACTIVE,2025-10-05,2025-11-26,9494,20499,11366,9221,9550
42-389-92596,Cattle Co 12H,Toyah,Texas Energy LLC,31.257902,-103.558771,Reeves,TX,Bone Spring,SHUT-IN,2025-05-18,2025-08-16,12246,21364,9529,11795,12312
42-495-54410,Davis 1H,Imperial,Texas Energy LLC,31.834807,-103.210135,Winkler,TX,3rd Bone Spring,ACTIVE,2022-01-18,2022-04-17,13284,23043,10114,12849,13387
42-389-61766,Hayes 6V,Coyanosa,Texas Energy LLC,31.667251,-103.126021,Reeves,TX,Wolfcamp C,ACTIVE,2025-08-26,2025-10-15,11391,20856,9082,10987,11446
42-109-68293,Evans 2H,Monahans,Texas Energy LLC,31.82173,-104.554087,Culberson,TX,1st Bone Spring,ACTIVE,2023-10-08,2024-01-06,10617,20227,9518,10287,10739
42-475-57376,Turner 4H,Buena Vista,Texas Energy LLC,31.297061,-103.253717,Ward,TX,Wolfcamp A,SHUT-IN,2025-03-25,2025-06-11,10391,22658,12624,10179,10568
42-301-69595,Roberts 1H,Red Hills,Texas Energy LLC,31.937696,-103.909138,Loving,TX,Delaware Mountain,ACTIVE,2024-12-19,2025-02-09,10676,18545,7975,10514,10964
42-475-79421,Taylor 1H,Kermit,Texas Energy LLC,31.211687,-103.202649,Ward,TX,Wolfcamp A,ACTIVE,2023-07-01,2023-09-03,9144,23584,14065,9042,9388
42-389-60347,Owens 4H,Toyah,Texas Energy LLC,31.785063,-103.234011,Reeves,TX,Delaware Mountain,ACTIVE,2025-07-03,2025-08-20,10551,16964,6875,10068,10619
42-475-85303,Gray 2H,Coyanosa,Texas Energy LLC,31.559383,-103.16546,Ward,TX,Brushy Canyon,ACTIVE,2025-03-23,2025-05-15,10466,16972,6017,10128,10523
42-109-46803,Alexander 11H,Van Horn,Texas Energy LLC,31.526014,-104.368011,Culberson,TX,Wolfcamp C,ACTIVE,2023-09-05,2023-10-29,10347,16954,6346,10199,10580
42-389-83015,Morgan 3V,Fort Stockton,Texas Energy LLC,31.64284,-103.791443,Reeves,TX,Bone Spring,ACTIVE,2025-07-25,2025-09-11,10981,22707,11962,10502,11193
42-475-56902,Sullivan 3V,Grandfalls,Texas Energy LLC,31.486321,-103.397825,Ward,TX,1st Bone Spring,ACTIVE,2025-01-24,2025-03-30,11143,16865,5358,10700,11356
42-389-45775,Myers 4H,Mentone,Texas Energy LLC,31.032831,-103.122169,Reeves,TX,2nd Bone Spring,ACTIVE,2024-05-24,2024-08-07,10154,24133,13741,9976,10215
42-475-62151,Wood 5H,Ward-Estes,Texas Energy LLC,31.313099,-103.488887,Ward,TX,Avalon Shale,ACTIVE,2025-01-19,2025-03-24,10610,17697,6744,10435,10802
42-475-30942,Turner 2H,Delaware Basin,Texas Energy LLC,31.235497,-103.184449,Ward,TX,Delaware Mountain,SHUT-IN,2023-05-22,2023-08-06,10255,23724,13834,9785,10544
42-495-94853,Diaz 10H,Balmorhea,Texas Energy LLC,31.889503,-103.209407,Winkler,TX,Wolfcamp A,ACTIVE,2023-07-07,2023-09-09,11981,23244,11178,11801,12270
42-371-99174,Ford 9V,Red Hills,Texas Energy LLC,31.138564,-103.010767,Pecos,TX,Wolfcamp C,ACTIVE,2024-04-11,2024-06-10,11465,20213,8782,11204,11706
42-371-40322,Hart 9H,Imperial,Texas Energy LLC,30.568523,-103.168212,Pecos,TX,Wolfcamp A,SHUT-IN,2023-05-17,2023-08-08,11966,20887,8470,11590,12209
42-371-36975,Green 1H,Fort Stockton,Texas Energy LLC,30.651136,-103.729063,Pecos,TX,Wolfcamp B,ACTIVE,2025-01-15,2025-03-23,13094,26011,12949,12742,13172
42-389-44210,State 4H,Van Horn,Texas Energy LLC,31.614829,-103.799185,Reeves,TX,Wolfcamp A,ACTIVE,2022-08-02,2022-10-01,12492,26309,13522,12361,12677
42-475-58837,Davis 11H,Mentone,Texas Energy LLC,31.528893,-103.271051,Ward,TX,Wolfcamp A,ACTIVE,2024-03-05,2024-04-26,9150,20432,11035,8769,9314
42-371-37157,Adams 11H,Wink,Texas Energy LLC,30.837649,-103.545971,Pecos,TX,3rd Bone Spring,ACTIVE,2025-12-23,2026-03-07,13413,24210,10425,13017,13607
42-109-61958,Bell 7H,Buena Vista,Texas Energy LLC,31.971228,-104.253959,Culberson,TX,Wolfcamp B,ACTIVE,2024-01-17,2024-03-25,12713,26004,13335,12364,12774
42-495-52084,Cook 2V,Mentone,Texas Energy LLC,32.080295,-103.215231,Winkler,TX,2nd Bone Spring,ACTIVE,2022-06-08,2022-08-11,12108,19281,7099,11886,12308
42-389-52630,Thompson 11H,Delaware Basin,Texas Energy LLC,31.718943,-103.488422,Reeves,TX,1st Bone Spring,SHUT-IN,2024-05-28,2024-07-22,9926,20868,10922,9712,10007
42-301-78434,Reed 12H,Imperial,Texas Energy LLC,31.93766,-103.821729,Loving,TX,Wolfcamp A,ACTIVE,2023-08-20,2023-11-15,9788,21712,12128,9673,9920
42-389-34514,Brooks 12H,Grandfalls,Texas Energy LLC,31.71415,-103.427391,Reeves,TX,Delaware Mountain,ACTIVE,2022-07-23,2022-09-25,12137,18107,5858,12035,12199
42-371-74353,Moore 8V,Toyah,Texas Energy LLC,31.182176,-103.689545,Pecos,TX,Delaware Mountain,ACTIVE,2025-03-08,2025-04-25,12952,22476,9382,12574,13033
42-389-82863,Morris 8H,Fort Stockton,Texas Energy LLC,31.413056,-103.577567,Reeves,TX,Bone Spring,ACTIVE,2022-02-20,2022-04-08,9767,22655,12579,9331,9843
42-389-79175,Myers 6H,Coyanosa,Texas Energy LLC,31.065884,-103.273291,Reeves,TX,Wolfcamp B,ACTIVE,2023-11-13,2024-01-11,11810,26323,14067,11310,11877
42-475-35980,Wood 11H,Delaware Basin,Texas Energy LLC,31.218183,-103.039613,Ward,TX,2nd Bone Spring,ACTIVE,2024-08-22,2024-10-18,9482,20979,11970,9073,9609
42-109-40180,Bass 10H,Red Hills,Texas Energy LLC,31.731459,-104.09247,Culberson,TX,Delaware Mountain,SHUT-IN,2024-08-13,2024-11-02,9806,15953,6593,9518,9911
42-389-69098,Hill 9H,Reeves County,Texas Energy LLC,31.647912,-103.612553,Reeves,TX,Wolfcamp A,ACTIVE,2024-12-02,2025-02-19,12880,21070,8659,12469,13128
42-371-59431,Powell 8H,Balmorhea,Texas Energy LLC,30.537572,-102.606091,Pecos,TX,Wolfcamp A,ACTIVE,2022-12-08,2023-03-07,11971,18629,6219,11744,12071
42-475-81393,Wood 11H,Van Horn,Texas Energy LLC,31.489298,-103.000476,Ward,TX,Wolfcamp B,ACTIVE,2022-05-26,2022-07-15,13259,24812,11938,12978,13418
42-475-37567,Cook 12H,Pecos Valley,Texas Energy LLC,31.479399,-103.163616,Ward,TX,Wolfcamp B,SHUT-IN,2023-10-03,2023-11-19,11970,22831,10644,11838,12158
42-389-37985,Wood 10H,Mentone,Texas Energy LLC,31.24486,-103.110301,Reeves,TX,Delaware Mountain,ACTIVE,2025-11-05,2026-01-05,11587,19934,8810,11442,11857
42-301-31161,Williams 9V,Coyanosa,Texas Energy LLC,31.640535,-103.753977,Loving,TX,Delaware Mountain,ACTIVE,2025-01-05,2025-04-02,10549,19234,8704,10247,10694
42-389-34304,Murphy 9H,Buena Vista,Texas Energy LLC,31.318793,-103.730812,Reeves,TX,Wolfcamp B,ACTIVE,2022-01-15,2022-04-06,12783,21595,9062,12552,13037
42-475-73583,Bailey 11H,Fort Stockton,Texas Energy LLC,31.266705,-103.32385,Ward,TX,Delaware Mountain,SHUT-IN,2025-11-06,2025-12-29,9016,21051,12498,8766,9117
42-109-46577,Nelson 9H,Kermit,Texas Energy LLC,31.608622,-104.504262,Culberson,TX,1st Bone Spring,ACTIVE,2025-09-06,2025-11-24,10970,18402,6990,10858,11123
42-389-75208,Peterson 2V,Culberson County,Texas Energy LLC,31.576163,-103.268159,Reeves,TX,Delaware Mountain,ACTIVE,2023-01-12,2023-03-22,10898,17559,6590,10665,11144
42-371-61795,Ross 4V,Loving,Texas Energy LLC,30.871141,-103.030802,Pecos,TX,2nd Bone Spring,ACTIVE,2022-07-01,2022-08-29,12936,23762,10675,12481,13210
42-475-33949,Ramirez 12H,Coyanosa,Texas Energy LLC,31.632234,-103.444071,Ward,TX,Wolfcamp B,ACTIVE,2025-10-13,2026-01-01,12360,21875,10006,12133,12462
42-389-61270,Wallace 3V,Culberson County,Texas Energy LLC,31.244304,-103.671869,Reeves,TX,Wolfcamp B,ACTIVE,2025-07-06,2025-09-20,12902,20808,7838,12717,13077
42-389-73292,Gibson 3H,Toyah,Texas Energy LLC,31.573886,-103.729619,Reeves,TX,Brushy Canyon,SHUT-IN,2025-08-21,2025-10-17,10853,20907,10262,10423,10918
42-301-67819,Collins 7H,Loving,Texas Energy LLC,31.951263,-103.611273,Loving,TX,2nd Bone Spring,ACTIVE,2025-03-25,2025-06-18,13223,27666,14034,12950,13464
42-109-89231,King 12H,Wink,Texas Energy LLC,31.582094,-104.075499,Culberson,TX,Wolfcamp A,ACTIVE,2023-05-25,2023-08-06,11405,25322,14306,10953,11555
42-371-39065,State 10H,Culberson County,Texas Energy LLC,30.670073,-102.931635,Pecos,TX,1st Bone Spring,ACTIVE,2025-10-16,2025-12-08,10734,20905,10515,10350,10852
42-389-37667,Jackson 7H,Mentone,Texas Energy LLC,31.238419,-103.730879,Reeves,TX,Wolfcamp B,ACTIVE,2023-10-19,2023-12-18,12538,26141,13333,12180,12686
42-109-96342,Land Trust 4H,Buena Vista,Texas Energy LLC,31.97958,-104.580325,Culberson,TX,Avalon Shale,ACTIVE,2024-04-15,2024-06-14,11569,25111,13634,11265,11810
42-389-39159,Hamilton 10H,Imperial,Texas Energy LLC,31.129672,-103.568223,Reeves,TX,2nd Bone Spring,ACTIVE,2023-08-23,2023-10-27,9632,24601,14495,9247,9924
42-301-60924,Davis 3H,Fort Stockton,Texas Energy LLC,31.9742,-103.890996,Loving,TX,Brushy Canyon,ACTIVE,2022-08-18,2022-10-25,9425,19668,10185,9109,9596
42-389-80393,Beal 9H,Imperial,Texas Energy LLC,31.680469,-103.274514,Reeves,TX,Wolfcamp A,ACTIVE,2024-06-01,2024-08-16,12657,24370,11355,12331,12862
42-475-74906,Kelly 4V,Wink,Texas Energy LLC,31.242664,-103.308977,Ward,TX,Brushy Canyon,ACTIVE,2023-09-27,2023-12-22,12922,19770,6642,12519,13027
42-371-81842,Minerals 3H,Balmorhea,Texas Energy LLC,31.187778,-103.501865,Pecos,TX,Wolfcamp B,ACTIVE,2023-01-02,2023-02-17,12813,19505,6679,12510,13065
42-371-84289,Thompson 3H,Grandfalls,Texas Energy LLC,30.611654,-103.036666,Pecos,TX,Wolfcamp B,SHUT-IN,2022-10-25,2023-01-02,9224,14251,5108,8797,9508
42-475-65885,Wallace 4H,Fort Stockton,Texas Energy LLC,31.21318,-103.387766,Ward,TX,Delaware Mountain,ACTIVE,2023-03-01,2023-05-03,10496,16214,5340,10083,10669
42-389-90338,Moore 1H,Delaware Basin,Texas Energy LLC,31.328089,-103.273138,Reeves,TX,1st Bone Spring,ACTIVE,2025-07-04,2025-08-26,9980,15288,5685,9564,10214
42-475-83282,Gibson 4H,Red Hills,Texas Energy LLC,31.260368,-103.320856,Ward,TX,Wolfcamp B,ACTIVE,2022-03-26,2022-06-22,10992,25417,14884,10782,11255
42-109-57314,Henderson 6H,Imperial,Texas Energy LLC,31.301074,-104.564843,Culberson,TX,Avalon Shale,ACTIVE,2025-08-02,2025-09-29,11672,21962,10366,11497,11735
42-389-81807,Martin 7V,Monahans,Texas Energy LLC,31.771207,-103.686412,Reeves,TX,Wolfcamp A,ACTIVE,2025-09-12,2025-11-25,10626,22335,11527,10285,10681
42-301-98971,Cole 2H,Orla,Texas Energy LLC,31.703087,-103.842463,Loving,TX,2nd Bone Spring,ACTIVE,2022-02-23,2022-05-17,12225,25823,13621,11756,12499
42-475-46420,Gray 11V,Culberson County,Texas Energy LLC,31.662858,-103.377528,Ward,TX,1st Bone Spring,ACTIVE,2024-06-11,2024-08-02,9167,20790,11692,8809,9254
42-389-90405,Russell 3H,Balmorhea,Texas Energy LLC,31.04902,-103.485373,Reeves,TX,Wolfcamp A,ACTIVE,2024-11-14,2025-01-07,9018,16609,7606,8725,9069
42-109-48293,Coleman 8V,Mentone,Texas Energy LLC,31.318415,-104.426185,Culberson,TX,Delaware Mountain,ACTIVE,2022-03-22,2022-06-17,8724,17572,9251,8345,9015
42-301-34901,Brooks 9H,Grandfalls,Texas Energy LLC,31.911116,-103.543323,Loving,TX,3rd Bone Spring,ACTIVE,2023-04-11,2023-06-25,12789,23167,10084,12522,12875
42-475-76608,Cooper 11H,Mentone,Texas Energy LLC,31.593565,-103.464029,Ward,TX,Wolfcamp B,ACTIVE,2025-09-20,2025-12-01,10446,16011,5130,10321,10640
42-389-47793,Powell 6H,Coyanosa,Texas Energy LLC,31.385196,-103.36096,Reeves,TX,3rd Bone Spring,ACTIVE,2022-09-10,2022-11-30,11084,25228,14096,10975,11187
42-109-64300,University 12H,Grandfalls,Texas Energy LLC,31.689315,-104.38216,Culberson,TX,Wolfcamp C,ACTIVE,2025-08-28,2025-10-18,11506,18840,7794,11161,11675
42-475-79496,Morris 5H,Kermit,Texas Energy LLC,31.462008,-103.382736,Ward,TX,Wolfcamp A,ACTIVE,2024-03-22,2024-05-30,11486,20000,8215,11152,11695
42-495-85304,Cox 3H,Monahans,Texas Energy LLC,31.92345,-103.035437,Winkler,TX,Avalon Shale,ACTIVE,2023-02-11,2023-04-19,13393,25932,12146,13049,13478
42-301-98977,Ranch 7H,Coyanosa,Texas Energy LLC,31.761101,-103.720516,Loving,TX,Bone Spring,SHUT-IN,2025-12-14,2026-02-07,9682,22598,13286,9334,9914
42-475-65576,Green 7H,Coyanosa,Texas Energy LLC,31.372069,-103.427972,Ward,TX,Delaware Mountain,ACTIVE,2025-10-18,2026-01-04,12276,24824,12710,12026,12397
42-475-93474,Davis 12V,Delaware Basin,Texas Energy LLC,31.660694,-103.22597,Ward,TX,Wolfcamp A,ACTIVE,2024-08-22,2024-10-22,13487,27117,13844,13159,13615
42-389-44605,Stewart 5H,Loving,Texas Energy LLC,31.270085,-103.362948,Reeves,TX,Wolfcamp B,ACTIVE,2024-09-12,2024-11-11,9742,15184,5376,9343,9873
42-371-49405,Morris 3H,Red Hills,Texas Energy LLC,30.598923,-103.678349,Pecos,TX,2nd Bone Spring,ACTIVE,2023-10-01,2023-12-18,13175,21059,7958,13036,13288
42-495-71347,Thompson 3H,Fort Stockton,Texas Energy LLC,31.893865,-103.201447,Winkler,TX,Bone Spring,ACTIVE,2022-01-08,2022-03-27,10997,21463,10465,10696,11237
42-371-77435,Peterson 12H,Grandfalls,Texas Energy LLC,30.881242,-103.361174,Pecos,TX,Wolfcamp B,ACTIVE,2022-03-20,2022-06-09,8884,17369,8709,8511,9099
42-371-63901,Peterson 7H,Mentone,Texas Energy LLC,30.826106,-103.213537,Pecos,TX,Wolfcamp A,ACTIVE,2022-11-24,2023-02-16,9018,23158,14594,8560,9285
42-475-82315,Bailey 1V,Delaware Basin,Texas Energy LLC,31.546295,-103.196506,Ward,TX,Wolfcamp A,ACTIVE,2024-07-13,2024-10-10,10626,18508,8346,10478,10906
42-371-99001,Evans 3H,Orla,Texas Energy LLC,31.009159,-103.591952,Pecos,TX,Wolfcamp C,ACTIVE,2023-03-22,2023-05-11,12589,23869,10830,12163,12741
42-389-37535,Cooper 5H,Toyah,Texas Energy LLC,31.285931,-103.509694,Reeves,TX,Wolfcamp A,ACTIVE,2024-05-03,2024-07-19,13322,26515,12738,13071,13373
42-389-97173,Diaz 6H,Orla,Texas Energy LLC,31.537691,-103.250054,Reeves,TX,Wolfcamp B,ACTIVE,2022-10-03,2022-12-09,8692,19408,10719,8399,8811
42-495-39632,Torres 8H,Grandfalls,Texas Energy LLC,31.725756,-103.162294,Winkler,TX,Wolfcamp A,ACTIVE,2024-07-21,2024-10-03,12031,18341,6705,11849,12174
42-301-35978,Price 3H,Pecos Valley,Texas Energy LLC,31.904971,-103.593951,Loving,TX,2nd Bone Spring,ACTIVE,2024-07-25,2024-10-01,10795,23013,11927,10459,10964
42-475-81366,Flores 4H,Grandfalls,Texas Energy LLC,31.659975,-103.421442,Ward,TX,Bone Spring,SHUT-IN,2023-03-05,2023-04-26,8866,15297,6916,8672,8974
42-389-39247,Long 10H,Fort Stockton,Texas Energy LLC,31.771874,-103.685876,Reeves,TX,Wolfcamp B,ACTIVE,2025-01-01,2025-03-29,11967,19359,7648,11521,12174
42-389-73842,Taylor 9V,Delaware Basin,Texas Energy LLC,31.311995,-103.296784,Reeves,TX,Wolfcamp B,ACTIVE,2024-09-11,2024-12-05,9810,14721,5383,9434,10011
42-495-87105,Jordan 6V,Reeves County,Texas Energy LLC,31.790537,-103.455992,Winkler,TX,Brushy Canyon,ACTIVE,2022-02-02,2022-04-07,9114,18271,9320,8662,9320
42-371-30100,Phillips 7H,Ward-Estes,Texas Energy LLC,30.605487,-102.819521,Pecos,TX,Wolfcamp A,ACTIVE,2024-04-23,2024-07-04,10595,24078,13212,10455,10824
42-389-75698,Wood 10H,Wink,Texas Energy LLC,31.054052,-103.768722,Reeves,TX,Bone Spring,ACTIVE,2025-12-27,2026-03-20,9587,16872,7269,9162,9754
42-389-41297,Adams 3V,Coyanosa,Texas Energy LLC,31.533645,-103.709632,Reeves,TX,Bone Spring,SHUT-IN,2025-05-08,2025-07-05,13061,18349,5770,12778,13336
42-495-71976,Land Trust 8H,Coyanosa,Texas Energy LLC,31.759112,-103.276652,Winkler,TX,Wolfcamp A,SHUT-IN,2024-03-03,2024-05-07,9544,17808,7979,9247,9684
42-389-97373,Sullivan 12H,Grandfalls,Texas Energy LLC,31.156606,-103.479046,Reeves,TX,Wolfcamp A,ACTIVE,2023-01-22,2023-04-08,10800,22620,11396,10646,11039
42-371-72674,Bass 11H,Kermit,Texas Energy LLC,30.604614,-102.5736,Pecos,TX,Wolfcamp B,ACTIVE,2022-09-07,2022-11-19,12942,23162,9963,12612,13105
42-389-98124,Sanders 1H,Culberson County,Texas Energy LLC,31.233045,-103.341193,Reeves,TX,Wolfcamp B,ACTIVE,2022-05-15,2022-08-03,9679,18357,8981,9352,9894
42-371-57151,Murphy 12H,Kermit,Texas Energy LLC,31.130153,-103.694753,Pecos,TX,Bone Spring,ACTIVE,2022-07-12,2022-09-24,8834,19698,10989,8645,9049
42-371-82645,Long 11H,Culberson County,Texas Energy LLC,30.858063,-103.179118,Pecos,TX,Wolfcamp A,ACTIVE,2025-02-20,2025-04-10,12279,25512,13108,11907,12455
42-475-51467,Harrison 1H,Loving,Texas Energy LLC,31.29663,-103.483885,Ward,TX,Brushy Canyon,ACTIVE,2023-04-03,2023-05-29,12098,25329,13027,11832,12369
42-389-33453,Mitchell 12H,Delaware Basin,Texas Energy LLC,31.556898,-103.502704,Reeves,TX,1st Bone Spring,ACTIVE,2023-01-05,2023-03-14,9657,15701,6294,9518,9710
42-389-35784,Ellis 7H,Balmorhea,Texas Energy LLC,31.062918,-103.600829,Reeves,TX,Delaware Mountain,ACTIVE,2025-09-17,2025-12-03,13065,19723,6608,12661,13168
42-371-33396,Wood 4V,Pecos Valley,Texas Energy LLC,30.63388,-103.359643,Pecos,TX,Wolfcamp A,ACTIVE,2024-06-28,2024-09-10,9275,22748,13879,8984,9468
42-371-64275,Adams 2V,Balmorhea,Texas Energy LLC,30.586794,-103.644779,Pecos,TX,Delaware Mountain,ACTIVE,2022-08-16,2022-10-06,9412,17696,8746,9114,9509
42-371-69926,Diaz 9H,Orla,Texas Energy LLC,30.954597,-103.220223,Pecos,TX,3rd Bone Spring,ACTIVE,2023-04-18,2023-06-29,13047,24990,12401,12947,13305
42-495-49887,Reed 2H,Coyanosa,Texas Energy LLC,31.759679,-103.21858,Winkler,TX,Wolfcamp A,SHUT-IN,2023-09-13,2023-11-25,12126,22377,9871,11725,12285
42-301-71573,Gray 1H,Imperial,Texas Energy LLC,31.951787,-103.61663,Loving,TX,Delaware Mountain,ACTIVE,2025-06-23,2025-09-03,9322,17164,7627,9089,9501
42-389-67183,Thompson 5H,Grandfalls,Texas Energy LLC,31.456364,-103.469604,Reeves,TX,Wolfcamp B,SHUT-IN,2025-05-22,2025-07-21,9776,15548,5375,9570,9849
42-475-89208,Rogers 10H,Orla,Texas Energy LLC,31.346695,-103.418627,Ward,TX,Wolfcamp C,SHUT-IN,2022-04-16,2022-07-01,10540,15529,5093,10043,10780
42-109-61854,Graham 2H,Monahans,Texas Energy LLC,31.391468,-104.777537,Culberson,TX,3rd Bone Spring,ACTIVE,2022-09-07,2022-11-02,8808,14307,5728,8319,8999
42-389-49536,Butler 9H,Reeves County,Texas Energy LLC,31.436472,-103.215783,Reeves,TX,Wolfcamp C,SHUT-IN,2024-01-12,2024-03-10,10544,17090,6684,10045,10737
42-389-48094,Sanders 1H,Buena Vista,Texas Energy LLC,31.111199,-103.717436,Reeves,TX,1st Bone Spring,ACTIVE,2022-09-28,2022-12-07,12127,17530,5487,11827,12229
42-301-66553,Davis 11H,Buena Vista,Texas Energy LLC,31.727761,-103.818413,Loving,TX,Bone Spring,ACTIVE,2025-08-25,2025-11-07,10845,22868,12363,10655,10997
42-389-40711,Henderson 4H,Fort Stockton,Texas Energy LLC,31.774269,-103.100449,Reeves,TX,2nd Bone Spring,ACTIVE,2024-03-24,2024-05-27,12509,21478,8487,12035,12767
42-495-95780,Morgan 2H,Wink,Texas Energy LLC,31.927079,-103.132201,Winkler,TX,Bone Spring,ACTIVE,2025-05-13,2025-07-24,9126,19484,10111,8870,9296
42-495-37314,Ward 2H,Balmorhea,Texas Energy LLC,31.903428,-103.087674,Winkler,TX,Wolfcamp A,ACTIVE,2024-10-09,2024-12-04,13234,27639,14726,13116,13446
42-389-93307,Owens 2H,Delaware Basin,Texas Energy LLC,31.411545,-103.198943,Reeves,TX,Wolfcamp C,ACTIVE,2022-03-17,2022-05-08,9861,18042,8233,9703,9920
42-389-58062,Anderson 12H,Van Horn,Texas Energy LLC,31.592796,-103.182909,Reeves,TX,3rd Bone Spring,ACTIVE,2024-04-18,2024-07-07,9678,18970,8874,9493,9811
42-389-72837,Rivera 4H,Coyanosa,Texas Energy LLC,31.241087,-103.203862,Reeves,TX,1st Bone Spring,ACTIVE,2025-10-05,2025-11-27,8805,17319,9004,8684,8932
42-475-37451,Bennett 3H,Culberson County,Texas Energy LLC,31.396903,-103.416499,Ward,TX,Wolfcamp B,ACTIVE,2024-08-08,2024-10-21,9934,16964,6800,9707,10025
42-301-62532,Rogers 1V,Van Horn,Texas Energy LLC,31.658773,-103.71733,Loving,TX,Delaware Mountain,ACTIVE,2023-03-07,2023-04-27,10015,18470,8654,9516,10101
42-475-45572,Cox 6V,Orla,Texas Energy LLC,31.264332,-103.451659,Ward,TX,Avalon Shale,ACTIVE,2025-09-02,2025-10-19,8818,16293,7245,8548,9073
42-475-62546,James 12V,Mentone,Texas Energy LLC,31.600717,-103.126504,Ward,TX,Wolfcamp C,ACTIVE,2022-02-10,2022-04-10,10308,16003,5759,10077,10364
42-475-93343,Williams 6H,Orla,Texas Energy LLC,31.3657,-103.339459,Ward,TX,1st Bone Spring,ACTIVE,2022-08-11,2022-10-22,13156,28276,14983,13021,13257
42-475-82755,Phillips 7V,Mentone,Texas Energy LLC,31.288517,-103.272562,Ward,TX,Wolfcamp B,ACTIVE,2022-04-05,2022-07-01,12643,19917,7569,12428,12876
42-389-86143,Collins 2H,Fort Stockton,Texas Energy LLC,31.713755,-103.424501,Reeves,TX,1st Bone Spring,ACTIVE,2024-12-14,2025-01-28,11442,19306,8251,11245,11564
42-389-70215,Scott 12H,Van Horn,Texas Energy LLC,31.587196,-103.593838,Reeves,TX,Avalon Shale,ACTIVE,2025-10-02,2025-11-27,13434,24090,10213,13021,13540
42-109-46456,Resources 4H,Coyanosa,Texas Energy LLC,31.464705,-104.108724,Culberson,TX,Wolfcamp A,ACTIVE,2025-09-05,2025-10-27,9735,16002,6423,9309,9895
42-389-95673,Baker 7V,Wink,Texas Energy LLC,31.257237,-103.790442,Reeves,TX,Bone Spring,ACTIVE,2024-11-25,2025-01-11,10034,18296,8673,9543,10330
42-371-56315,Wheeler 1H,Grandfalls,Texas Energy LLC,31.149459,-103.683768,Pecos,TX,Bone Spring,ACTIVE,2023-02-18,2023-05-02,12768,19879,6867,12667,13025
42-301-34060,Washington 10H,Balmorhea,Texas Energy LLC,31.981643,-103.620154,Loving,TX,Delaware Mountain,ACTIVE,2025-08-01,2025-09-15,11329,26179,14728,11086,11482
42-389-66122,Harrison 11H,Wink,Texas Energy LLC,31.49593,-103.67551,Reeves,TX,Bone Spring,ACTIVE,2025-05-15,2025-07-27,12058,22688,10742,11559,12189
42-301-47261,Martin 2H,Mentone,Texas Energy LLC,31.751372,-103.52559,Loving,TX,Wolfcamp A,ACTIVE,2023-03-25,2023-06-03,13006,24559,11693,12522,13111
42-389-50753,Murphy 1V,Loving,Texas Energy LLC,31.101499,-103.15699,Reeves,TX,1st Bone Spring,ACTIVE,2025-12-20,2026-03-20,10554,24358,13312,10305,10769
42-389-53426,Patterson 6H,Toyah,Texas Energy LLC,31.427163,-103.254658,Reeves,TX,Wolfcamp A,ACTIVE,2022-06-28,2022-08-22,10730,24471,13409,10620,10908
42-301-96741,Wood 11H,Pecos Valley,Texas Energy LLC,31.698259,-103.986475,Loving,TX,1st Bone Spring,ACTIVE,2025-12-26,2026-02-16,12989,19898,7222,12513,13085
42-109-32440,Morris 2H,Imperial,Texas Energy LLC,31.914956,-104.217621,Culberson,TX,Wolfcamp C,ACTIVE,2025-03-08,2025-05-18,13422,21073,7338,13024,13682
42-389-77771,Bell 12H,Fort Stockton,Texas Energy LLC,31.477006,-103.673267,Reeves,TX,Bone Spring,ACTIVE,2025-10-20,2025-12-09,9376,17766,8086,9047,9577
42-389-60988,Wilson 6H,Pecos Valley,Texas Energy LLC,31.104902,-103.18584,Reeves,TX,Wolfcamp A,ACTIVE,2025-01-17,2025-03-16,11987,26344,14102,11794,12211
42-301-35439,Alexander 5H,Culberson County,Texas Energy LLC,31.964533,-103.841951,Loving,TX,Bone Spring,ACTIVE,2024-03-18,2024-06-03,9780,23299,13726,9451,10056
42-389-39126,Cole 1H,Grandfalls,Texas Energy LLC,31.510377,-103.232296,Reeves,TX,Wolfcamp B,ACTIVE,2024-07-04,2024-09-02,8536,22432,13918,8339,8826
42-475-87621,Stewart 11H,Monahans,Texas Energy LLC,31.594886,-103.110558,Ward,TX,Brushy Canyon,ACTIVE,2024-09-18,2024-11-11,9473,20639,10771,9006,9668
42-495-88085,King 1H,Wink,Texas Energy LLC,31.950592,-103.434361,Winkler,TX,1st Bone Spring,ACTIVE,2025-08-28,2025-11-15,10731,24673,13987,10562,11029
42-109-64768,Anderson 1H,Imperial,Texas Energy LLC,31.762419,-104.562079,Culberson,TX,Bone Spring,ACTIVE,2023-01-12,2023-02-26,12002,18238,6435,11564,12212
42-301-30055,Parker 5H,Mentone,Texas Energy LLC,31.736692,-103.509494,Loving,TX,Bone Spring,ACTIVE,2022-03-12,2022-05-13,10974,23741,13119,10740,11055
42-389-44671,Martin 9V,Grandfalls,Texas Energy LLC,31.456779,-103.449826,Reeves,TX,Avalon Shale,ACTIVE,2022-04-20,2022-06-11,11067,21814,10395,10668,11305
42-475-81150,Green 1H,Van Horn,Texas Energy LLC,31.400424,-103.364253,Ward,TX,Bone Spring,ACTIVE,2025-09-23,2025-12-10,10620,20963,9971,10408,10745
42-389-85212,Foster 6V,Van Horn,Texas Energy LLC,31.095407,-103.48305,Reeves,TX,Wolfcamp B,ACTIVE,2022-11-26,2023-02-15,8538,20894,12565,8371,8803
42-301-78265,James 2H,Fort Stockton,Texas Energy LLC,31.845547,-103.782947,Loving,TX,Bone Spring,ACTIVE,2023-08-17,2023-11-10,12798,18970,6375,12459,12959
42-301-78908,Simmons 2H,Mentone,Texas Energy LLC,31.753615,-103.846095,Loving,TX,Delaware Mountain,ACTIVE,2023-04-25,2023-07-06,10591,21323,10711,10128,10766
42-389-74306,Owens 10H,Kermit,Texas Energy LLC,31.035424,-103.271809,Reeves,TX,1st Bone Spring,ACTIVE,2025-12-17,2026-03-17,9074,23722,14224,8647,9135
42-109-77178,Roberts 6H,Reeves County,Texas Energy LLC,31.606495,-104.380786,Culberson,TX,Wolfcamp C,ACTIVE,2024-09-14,2024-10-31,12016,24050,12336,11615,12206
42-371-41592,Ford 11H,Buena Vista,Texas Energy LLC,30.696185,-102.980138,Pecos,TX,1st Bone Spring,ACTIVE,2024-10-02,2024-12-07,12882,18038,5176,12550,13063
42-475-67396,Perry 9H,Toyah,Texas Energy LLC,31.640842,-103.229144,Ward,TX,1st Bone Spring,ACTIVE,2024-10-24,2024-12-08,13233,25998,13075,13061,13417
42-109-98732,Perry 5H,Monahans,Texas Energy LLC,31.404228,-104.646454,Culberson,TX,Wolfcamp B,ACTIVE,2024-07-15,2024-10-04,10492,18999,8700,10042,10753
42-389-62163,Anderson 8H,Loving,Texas Energy LLC,31.579423,-103.299074,Reeves,TX,2nd Bone Spring,ACTIVE,2025-01-11,2025-03-16,13027,25140,12392,12613,13182
42-389-37894,Harrison 4H,Delaware Basin,Texas Energy LLC,31.487705,-103.281937,Reeves,TX,Wolfcamp B,ACTIVE,2023-03-18,2023-05-06,9782,14743,5043,9452,10008
42-109-48202,Richardson 9V,Buena Vista,Texas Energy LLC,31.465715,-104.404782,Culberson,TX,Wolfcamp B,ACTIVE,2022-02-10,2022-04-21,12421,25953,13612,11928,12575
42-389-80010,Gibson 6H,Coyanosa,Texas Energy LLC,31.062782,-103.760854,Reeves,TX,Delaware Mountain,ACTIVE,2025-02-28,2025-04-28,13434,18770,5187,12936,13645
42-109-45906,Hamilton 9V,Fort Stockton,Texas Energy LLC,31.619523,-104.158867,Culberson,TX,Bone Spring,SHUT-IN,2025-09-15,2025-11-09,12388,24526,12373,11904,12501
42-301-92308,Ranch 2V,Grandfalls,Texas Energy LLC,31.96449,-103.678813,Loving,TX,Wolfcamp A,ACTIVE,2025-06-07,2025-08-23,11199,26320,14794,11076,11348
42-389-48291,Roberts 5H,Reeves County,Texas Energy LLC,31.797906,-103.277376,Reeves,TX,3rd Bone Spring,ACTIVE,2023-03-22,2023-06-19,10303,19832,9401,9902,10492
42-109-33232,Brooks 2H,Toyah,Texas Energy LLC,31.786432,-104.699134,Culberson,TX,3rd Bone Spring,ACTIVE,2022-03-07,2022-05-18,9878,16661,6621,9467,10113
42-109-48338,Beal 8H,Orla,Texas Energy LLC,31.532486,-104.575707,Culberson,TX,Delaware Mountain,ACTIVE,2022-10-24,2023-01-05,12266,24777,12719,11894,12427
42-389-89636,Sanders 12H,Red Hills,Texas Energy LLC,31.142449,-103.53856,Reeves,TX,1st Bone Spring,ACTIVE,2023-06-05,2023-07-22,13158,18922,5977,12989,13236
42-109-77115,Powell 4V,Delaware Basin,Texas Energy LLC,31.483157,-104.458002,Culberson,TX,Delaware Mountain,ACTIVE,2023-08-23,2023-11-11,9377,14789,5255,8926,9593
42-389-91308,White 7H,Delaware Basin,Texas Energy LLC,31.661381,-103.392023,Reeves,TX,Wolfcamp B,ACTIVE,2023-12-03,2024-01-28,10960,25857,14422,10620,11196
42-371-99828,Roberts 10H,Imperial,Texas Energy LLC,30.86878,-103.032303,Pecos,TX,Bone Spring,ACTIVE,2025-02-11,2025-04-10,13341,25707,12063,13019,13536
42-389-48030,Cattle Co 2V,Grandfalls,Texas Energy LLC,31.123956,-103.592946,Reeves,TX,2nd Bone Spring,ACTIVE,2024-10-05,2024-12-27,11586,18779,7527,11394,11848
42-475-58984,Torres 5H,Orla,Texas Energy LLC,31.262159,-103.49811,Ward,TX,Wolfcamp A,ACTIVE,2025-11-24,2026-01-17,9550,22583,13073,9211,9719
42-389-45830,Rivera 11H,Ward-Estes,Texas Energy LLC,31.574693,-103.38333,Reeves,TX,Bone Spring,ACTIVE,2024-06-13,2024-08-22,9785,17646,7750,9334,9929
42-371-70756,Woods 11H,Loving,Texas Energy LLC,30.724277,-103.160895,Pecos,TX,Brushy Canyon,ACTIVE,2023-05-24,2023-08-05,11128,20788,9414,10815,11332
42-371-34785,Thompson 5H,Kermit,Texas Energy LLC,30.722426,-103.769286,Pecos,TX,Wolfcamp B,ACTIVE,2025-08-09,2025-10-07,10403,19406,8822,9965,10585
42-475-57444,Harrison 3H,Delaware Basin,Texas Energy LLC,31.580597,-103.415697,Ward,TX,3rd Bone Spring,ACTIVE,2023-10-14,2024-01-07,12017,23565,11609,11673,12165
42-389-50093,Cox 5H,Orla,Texas Energy LLC,31.094194,-103.586553,Reeves,TX,Bone Spring,ACTIVE,2025-01-10,2025-03-14,10266,18603,7999,9788,10441
42-495-31385,Wood 7H,Loving,Texas Energy LLC,32.096554,-103.1693,Winkler,TX,Brushy Canyon,ACTIVE,2025-03-24,2025-06-15,11557,16593,5042,11242,11774
42-475-85144,Rivera 3H,Coyanosa,Texas Energy LLC,31.555749,-103.330009,Ward,TX,1st Bone Spring,ACTIVE,2022-10-06,2022-12-25,9208,19457,10261,8828,9272
42-475-55496,University 5H,Mentone,Texas Energy LLC,31.42738,-103.298022,Ward,TX,Wolfcamp C,ACTIVE,2022-09-10,2022-11-15,9458,23346,13409,9227,9732
42-109-33875,Ward 12H,Balmorhea,Texas Energy LLC,31.702597,-104.283352,Culberson,TX,Wolfcamp A,ACTIVE,2025-08-04,2025-10-26,11592,23322,11807,11270,11885
42-389-98765,Baker 5H,Ward-Estes,Texas Energy LLC,31.477433,-103.113643,Reeves,TX,Wolfcamp B,ACTIVE,2023-05-02,2023-06-19,13033,23033,9786,12869,13246
42-389-54811,Beal 10H,Toyah,Texas Energy LLC,31.436244,-103.624807,Reeves,TX,Brushy Canyon,ACTIVE,2023-09-27,2023-12-25,12881,21052,8181,12394,13092
42-475-43087,Barnes 7H,Coyanosa,Texas Energy LLC,31.364599,-103.172056,Ward,TX,Wolfcamp A,ACTIVE,2023-09-01,2023-11-22,9561,19004,9845,9401,9702
42-371-98186,Hart 3H,Reeves County,Texas Energy LLC,30.841071,-103.794352,Pecos,TX,Wolfcamp A,ACTIVE,2024-09-09,2024-11-01,11676,21114,9147,11298,11778
42-389-46626,Taylor 3H,Loving,Texas Energy LLC,31.299489,-103.281126,Reeves,TX,Bone Spring,ACTIVE,2024-11-26,2025-02-22,11132,25284,13842,10976,11333
42-389-70997,Stewart 3H,Imperial,Texas Energy LLC,31.466147,-103.385023,Reeves,TX,Wolfcamp B,ACTIVE,2024-04-02,2024-05-22,9554,15057,5773,9329,9751
42-495-39253,Ross 6H,Grandfalls,Texas Energy LLC,31.950848,-103.277415,Winkler,TX,Wolfcamp A,ACTIVE,2022-08-24,2022-10-21,12291,25282,13424,12011,12490
42-389-62298,Ellis 11H,Culberson County,Texas Energy LLC,31.584418,-103.399429,Reeves,TX,Bone Spring,ACTIVE,2022-11-11,2023-02-08,11727,17957,5796,11227,11996
42-109-41725,Reynolds 12H,Toyah,Texas Energy LLC,31.756609,-104.614224,Culberson,TX,Avalon Shale,SHUT-IN,2023-01-27,2023-04-07,12558,21069,8052,12075,12854
42-475-71110,Henderson 8H,Reeves County,Texas Energy LLC,31.386842,-103.1589,Ward,TX,Delaware Mountain,ACTIVE,2022-12-26,2023-02-24,13094,17882,5130,12941,13218
42-109-78005,Peterson 7H,Grandfalls,Texas Energy LLC,31.661438,-104.047564,Culberson,TX,Wolfcamp A,ACTIVE,2024-02-06,2024-04-19,8864,18501,9514,8663,9090
42-389-75735,Moore 1H,Pecos Valley,Texas Energy LLC,31.119477,-103.798131,Reeves,TX,1st Bone Spring,ACTIVE,2023-09-16,2023-11-16,9068,21423,12157,8602,9159
42-389-46176,Torres 9H,Toyah,Texas Energy LLC,31.615392,-103.647668,Reeves,TX,Bone Spring,ACTIVE,2023-02-07,2023-04-17,11333,22310,10751,11155,11515
42-495-36785,Coleman 6H,Delaware Basin,Texas Energy LLC,31.968469,-103.402069,Winkler,TX,Wolfcamp A,ACTIVE,2022-03-15,2022-06-03,13235,24532,11182,12965,13306
42-371-78448,Rivera 6H,Buena Vista,Texas Energy LLC,30.80889,-103.784152,Pecos,TX,Brushy Canyon,ACTIVE,2025-12-14,2026-02-25,10864,18872,7683,10392,11162
42-389-66981,Adams 11H,Monahans,Texas Energy LLC,31.692522,-103.744797,Reeves,TX,3rd Bone Spring,ACTIVE,2024-09-09,2024-11-28,11273,25010,14189,10998,11364
42-371-95072,Ranch 3H,Pecos Valley,Texas Energy LLC,30.68876,-103.27339,Pecos,TX,Wolfcamp B,ACTIVE,2023-02-22,2023-04-18,9978,18790,8668,9700,10111
42-475-76284,Taylor 8H,Fort Stockton,Texas Energy LLC,31.357903,-103.387675,Ward,TX,Wolfcamp A,ACTIVE,2024-12-18,2025-02-02,9597,19496,9429,9321,9858
42-389-38885,Jordan 1H,Coyanosa,Texas Energy LLC,31.280385,-103.249086,Reeves,TX,Wolfcamp B,ACTIVE,2023-07-16,2023-09-23,11377,25207,13946,11226,11639
42-389-61373,Russell 4H,Delaware Basin,Texas Energy LLC,31.51439,-103.651848,Reeves,TX,1st Bone Spring,ACTIVE,2022-01-21,2022-03-08,10005,24699,14531,9731,10165
42-389-67122,Johnson 6H,Balmorhea,Texas Energy LLC,31.300118,-103.375782,Reeves,TX,2nd Bone Spring,ACTIVE,2023-01-01,2023-03-19,11565,24530,13051,11253,11855
42-495-59878,Moore 5H,Grandfalls,Texas Energy LLC,31.945632,-103.059833,Winkler,TX,Wolfcamp C,ACTIVE,2022-07-01,2022-09-23,9019,15287,6461,8882,9123
42-109-77044,Wheeler 11H,Wink,Texas Energy LLC,31.533408,-104.557738,Culberson,TX,Wolfcamp B,ACTIVE,2022-08-25,2022-10-27,10163,18123,7893,10043,10460
42-389-80126,Griffin 2H,Imperial,Texas Energy LLC,31.458331,-103.558698,Reeves,TX,Wolfcamp A,ACTIVE,2022-11-27,2023-02-23,9693,18136,8117,9323,9823
42-389-31069,Thompson 2H,Loving,Texas Energy LLC,31.069075,-103.169969,Reeves,TX,3rd Bone Spring,ACTIVE,2024-08-03,2024-09-29,10255,25383,14843,9804,10464
42-109-65296,Gray 2H,Loving,Texas Energy LLC,31.342442,-104.428141,Culberson,TX,Wolfcamp A,ACTIVE,2022-05-18,2022-08-08,9331,18647,9035,8947,9547
42-371-91400,Ellis 2H,Fort Stockton,Texas Energy LLC,30.988025,-102.509165,Pecos,TX,3rd Bone Spring,ACTIVE,2023-11-11,2023-12-30,9988,24259,14424,9656,10173
42-371-84921,Minerals 10H,Red Hills,Texas Energy LLC,30.930576,-102.844976,Pecos,TX,Bone Spring,SHUT-IN,2025-01-13,2025-03-20,11812,19876,7704,11473,12097
42-389-32900,Washington 6V,Ward-Estes,Texas Energy LLC,31.428389,-103.164219,Reeves,TX,Avalon Shale,ACTIVE,2024-03-25,2024-06-03,13381,20547,7336,13091,13578
42-389-71139,Collins 3H,Balmorhea,Texas Energy LLC,31.28283,-103.173979,Reeves,TX,Bone Spring,ACTIVE,2023-12-08,2024-02-07,10193,18655,8755,9966,10457
42-389-41435,Cooper 8H,Loving,Texas Energy LLC,31.21022,-103.135937,Reeves,TX,Bone Spring,ACTIVE,2023-02-01,2023-03-28,9207,23243,14345,8767,9307
42-389-94325,Cooper 1H,Van Horn,Texas Energy LLC,31.150672,-103.517001,Reeves,TX,3rd Bone Spring,ACTIVE,2022-11-21,2023-01-25,12819,27131,14224,12360,13005
42-109-52661,Rogers 9H,Buena Vista,Texas Energy LLC,31.847478,-104.502309,Culberson,TX,2nd Bone Spring,ACTIVE,2025-09-14,2025-12-02,12591,23973,11577,12487,12667
42-389-71208,Rogers 2H,Monahans,Texas Energy LLC,31.12379,-103.166778,Reeves,TX,Wolfcamp B,ACTIVE,2023-02-11,2023-05-08,11419,22057,10938,11292,11712
42-389-76381,Perry 2V,Buena Vista,Texas Energy LLC,31.14186,-103.531947,Reeves,TX,Bone Spring,ACTIVE,2023-08-01,2023-10-02,11457,18323,7126,11094,11641
42-495-89064,Hart 12H,Mentone,Texas Energy LLC,31.973071,-103.438309,Winkler,TX,Bone Spring,ACTIVE,2023-10-13,2023-12-26,8588,20946,12575,8399,8668
42-475-50929,Powell 11V,Loving,Texas Energy LLC,31.274449,-103.45073,Ward,TX,Wolfcamp A,ACTIVE,2023-11-24,2024-01-12,11668,24860,13568,11198,11917
42-371-98597,Ellis 1H,Balmorhea,Texas Energy LLC,30.78961,-102.563671,Pecos,TX,Delaware Mountain,ACTIVE,2024-03-20,2024-05-06,10772,23121,12021,10637,10943
42-475-91027,Flores 8H,Kermit,Texas Energy LLC,31.459312,-103.247042,Ward,TX,1st Bone Spring,ACTIVE,2024-03-08,2024-06-01,12882,24788,11460,12751,13136
42-109-86681,Hamilton 6H,Monahans,Texas Energy LLC,31.681323,-104.075158,Culberson,TX,Wolfcamp A,ACTIVE,2023-08-13,2023-10-08,13350,20641,7603,13033,13510
42-389-56181,Adams 6H,Reeves County,Texas Energy LLC,31.622367,-103.217951,Reeves,TX,Wolfcamp B,ACTIVE,2025-04-23,2025-07-07,11208,19552,8842,11102,11429
42-475-43102,Barnes 12H,Kermit,Texas Energy LLC,31.446391,-103.253528,Ward,TX,Wolfcamp A,ACTIVE,2025-01-19,2025-03-24,9103,15984,7122,8646,9250
42-389-55762,Green 6V,Kermit,Texas Energy LLC,31.019832,-103.404408,Reeves,TX,Delaware Mountain,ACTIVE,2025-10-09,2025-12-24,8743,16717,8351,8356,8794
42-495-52009,Ranch 12H,Red Hills,Texas Energy LLC,31.811839,-103.229115,Winkler,TX,Delaware Mountain,ACTIVE,2025-08-19,2025-10-28,10106,17266,7299,9693,10231
42-389-99414,Reed 11H,Red Hills,Texas Energy LLC,31.052236,-103.4819,Reeves,TX,Wolfcamp C,ACTIVE,2025-05-06,2025-07-20,10306,22910,12178,10138,10360
42-475-31656,Anderson 10V,Kermit,Texas Energy LLC,31.334691,-103.39044,Ward,TX,3rd Bone Spring,ACTIVE,2022-08-14,2022-11-03,11659,25028,13853,11225,11869
42-475-89286,Ranch 10H,Balmorhea,Texas Energy LLC,31.35016,-103.083556,Ward,TX,Wolfcamp A,ACTIVE,2023-11-13,2024-01-30,12037,20456,7954,11711,12093
42-371-98860,Beal 3V,Toyah,Texas Energy LLC,30.8095,-103.740083,Pecos,TX,Wolfcamp C,ACTIVE,2022-08-06,2022-09-26,12476,22791,9841,12296,12679
42-389-74588,Beal 2H,Van Horn,Texas Energy LLC,31.080069,-103.414665,Reeves,TX,1st Bone Spring,ACTIVE,2024-12-06,2025-01-22,9881,19656,9702,9669,10044
42-389-83104,Beal 6H,Reeves County,Texas Energy LLC,31.324121,-103.19368,Reeves,TX,3rd Bone Spring,ACTIVE,2023-06-10,2023-08-06,10785,17453,6347,10314,10882
42-495-73946,Morgan 4H,Orla,Texas Energy LLC,31.945316,-103.24077,Winkler,TX,Wolfcamp B,ACTIVE,2025-11-10,2026-01-09,10532,16116,5866,10207,10827
42-389-72813,Morris 7H,Van Horn,Texas Energy LLC,31.785587,-103.69491,Reeves,TX,Wolfcamp A,ACTIVE,2024-06-24,2024-09-01,9040,14384,5020,8831,9273
42-389-75723,Ramirez 5H,Van Horn,Texas Energy LLC,31.710396,-103.526282,Reeves,TX,Wolfcamp A,ACTIVE,2024-10-04,2024-12-15,12227,27002,14284,11950,12350
42-389-78690,Davis 2H,Wink,Texas Energy LLC,31.517318,-103.663689,Reeves,TX,Wolfcamp B,ACTIVE,2024-03-18,2024-05-08,9035,17617,8471,8930,9278
42-495-84889,Anderson 3H,Loving,Texas Energy LLC,31.876285,-103.161651,Winkler,TX,Wolfcamp B,ACTIVE,2022-05-17,2022-07-23,9240,19185,9780,9063,9304
42-495-31390,James 10V,Pecos Valley,Texas Energy LLC,31.881364,-103.267895,Winkler,TX,Wolfcamp A,ACTIVE,2024-10-07,2024-11-27,9341,14651,5201,8876,9408
42-301-76023,Davis 4H,Balmorhea,Texas Energy LLC,31.899931,-103.6561,Loving,TX,Wolfcamp A,ACTIVE,2022-08-05,2022-09-23,11011,20246,8962,10704,11138
42-389-61752,White 2V,Buena Vista,Texas Energy LLC,31.138065,-103.148005,Reeves,TX,3rd Bone Spring,SHUT-IN,2023-07-16,2023-10-05,13296,19414,5989,12987,13516
42-389-41062,Harris 8H,Loving,Texas Energy LLC,31.773877,-103.383119,Reeves,TX,2nd Bone Spring,ACTIVE,2025-12-21,2026-02-14,10227,24943,14465,9951,10290
42-109-31157,Reynolds 6H,Imperial,Texas Energy LLC,31.519989,-104.254551,Culberson,TX,Wolfcamp C,ACTIVE,2025-08-23,2025-10-28,11320,20154,9172,10997,11587
42-371-76025,Powell 6H,Red Hills,Texas Energy LLC,31.013185,-103.280418,Pecos,TX,Wolfcamp A,ACTIVE,2024-01-04,2024-03-27,12059,22968,10663,11799,12220
42-371-65865,Parker 10V,Red Hills,Texas Energy LLC,30.926783,-103.669492,Pecos,TX,3rd Bone Spring,ACTIVE,2022-02-28,2022-05-11,12543,27102,14838,12424,12611
42-475-75582,Torres 9H,Loving,Texas Energy LLC,31.259317,-103.003577,Ward,TX,2nd Bone Spring,ACTIVE,2022-05-15,2022-08-11,12960,24952,11948,12666,13220
42-109-80538,Coleman 4H,Red Hills,Texas Energy LLC,31.982545,-104.105713,Culberson,TX,Wolfcamp A,ACTIVE,2024-10-21,2024-12-11,9706,22655,12552,9552,9946
42-301-91089,James 4V,Balmorhea,Texas Energy LLC,31.908298,-103.827004,Loving,TX,Bone Spring,ACTIVE,2023-12-01,2024-01-27,12121,23073,10914,11922,12172
42-301-67823,Foster 4V,Toyah,Texas Energy LLC,31.873894,-103.83716,Loving,TX,Wolfcamp C,ACTIVE,2023-09-08,2023-11-12,8550,21913,13013,8409,8848
42-389-31092,Price 11H,Ward-Estes,Texas Energy LLC,31.399142,-103.320131,Reeves,TX,Bone Spring,ACTIVE,2023-05-16,2023-07-18,9029,18372,9828,8697,9089
42-389-57770,Edwards 9H,Orla,Texas Energy LLC,31.163041,-103.433714,Reeves,TX,1st Bone Spring,ACTIVE,2022-07-19,2022-10-14,12815,18288,5712,12628,12880
42-475-73841,Torres 2H,Fort Stockton,Texas Energy LLC,31.297886,-103.051036,Ward,TX,Wolfcamp C,ACTIVE,2025-04-06,2025-05-28,8841,20512,11348,8687,9081
42-389-95907,Reed 10H,Fort Stockton,Texas Energy LLC,31.084908,-103.249176,Reeves,TX,Wolfcamp B,ACTIVE,2025-07-27,2025-10-22,8752,21177,12765,8379,8858
42-389-80837,Minerals 2H,Grandfalls,Texas Energy LLC,31.442426,-103.361079,Reeves,TX,1st Bone Spring,ACTIVE,2022-08-17,2022-10-05,13137,20587,7698,12717,13379
42-389-55035,State 8H,Mentone,Texas Energy LLC,31.270655,-103.316638,Reeves,TX,Wolfcamp B,ACTIVE,2023-02-11,2023-04-18,11287,17183,5699,10794,11418
42-371-67487,Coleman 9H,Reeves County,Texas Energy LLC,30.655797,-102.780853,Pecos,TX,1st Bone Spring,ACTIVE,2024-04-21,2024-06-05,9789,15993,6422,9290,9941
42-495-96086,Perry 12H,Coyanosa,Texas Energy LLC,31.753854,-103.250586,Winkler,TX,Bone Spring,ACTIVE,2025-09-25,2025-11-20,13239,21332,7845,13074,13315
42-495-33084,Cooper 7H,Ward-Estes,Texas Energy LLC,31.917099,-103.410636,Winkler,TX,Wolfcamp C,ACTIVE,2022-06-24,2022-08-10,12852,24097,11491,12663,12923
42-301-72298,Hill 10H,Culberson County,Texas Energy LLC,31.924222,-103.961337,Loving,TX,Wolfcamp A,ACTIVE,2022-08-11,2022-10-24,10979,18102,6813,10721,11263
42-475-83714,Hayes 9H,Mentone,Texas Energy LLC,31.346737,-103.086657,Ward,TX,Wolfcamp B,ACTIVE,2024-07-26,2024-09-20,11430,20023,9019,11220,11648
42-371-90393,Hamilton 2V,Orla,Texas Energy LLC,31.004802,-103.369829,Pecos,TX,Wolfcamp A,ACTIVE,2022-03-03,2022-06-01,9250,14255,5062,8799,9359
42-475-79664,Wheeler 2H,Van Horn,Texas Energy LLC,31.363704,-103.177505,Ward,TX,3rd Bone Spring,ACTIVE,2022-03-22,2022-05-15,12210,25712,13704,11911,12417
42-389-88436,Adams 12V,Fort Stockton,Texas Energy LLC,31.493052,-103.581292,Reeves,TX,Wolfcamp A,ACTIVE,2023-02-27,2023-05-27,12336,18895,6593,12078,12561
42-475-60161,Resources 6H,Reeves County,Texas Energy LLC,31.450131,-103.083323,Ward,TX,Wolfcamp B,SHUT-IN,2022-08-03,2022-10-07,13216,25336,12033,12909,13447
42-475-91165,Richardson 1H,Fort Stockton,Texas Energy LLC,31.610738,-103.335672,Ward,TX,Wolfcamp A,ACTIVE,2024-09-06,2024-12-05,9477,14830,5370,9292,9669
42-301-80921,Stewart 8H,Monahans,Texas Energy LLC,31.972408,-103.989341,Loving,TX,Brushy Canyon,ACTIVE,2024-09-13,2024-12-07,13283,26888,13500,13044,13463
42-371-32942,Simmons 3H,Reeves County,Texas Energy LLC,30.694936,-103.633749,Pecos,TX,1st Bone Spring,ACTIVE,2023-01-06,2023-03-08,9974,23919,13464,9667,10177
42-371-94725,Woods 8H,Mentone,Texas Energy LLC,30.989857,-103.288674,Pecos,TX,Delaware Mountain,ACTIVE,2022-01-08,2022-02-25,8585,15465,7273,8320,8855
42-389-78380,Patterson 5H,Culberson County,Texas Energy LLC,31.259649,-103.137501,Reeves,TX,Wolfcamp C,ACTIVE,2022-11-27,2023-01-11,11412,20252,8592,11169,11507
42-389-59041,Nelson 8H,Culberson County,Texas Energy LLC,31.569928,-103.748926,Reeves,TX,Bone Spring,ACTIVE,2025-04-23,2025-06-14,10879,16382,5077,10656,11097
42-389-38418,White 9H,Orla,Texas Energy LLC,31.727762,-103.650459,Reeves,TX,Delaware Mountain,ACTIVE,2022-12-02,2023-02-17,12507,21591,8745,12091,12596
42-371-88645,Roberts 8V,Grandfalls,Texas Energy LLC,31.124195,-103.354608,Pecos,TX,2nd Bone Spring,ACTIVE,2022-04-08,2022-07-03,11566,18153,7033,11414,11786
42-495-72688,Turner 2H,Balmorhea,Texas Energy LLC,31.792025,-103.444934,Winkler,TX,2nd Bone Spring,ACTIVE,2025-04-03,2025-06-17,13293,25784,12936,12970,13380
42-371-67657,Baker 5V,Grandfalls,Texas Energy LLC,31.15989,-103.508531,Pecos,TX,Wolfcamp A,ACTIVE,2022-02-16,2022-05-10,12466,19714,7700,12265,12649
42-475-53758,Gray 4H,Orla,Texas Energy LLC,31.539104,-103.36366,Ward,TX,3rd Bone Spring,ACTIVE,2025-10-26,2026-01-19,11106,17423,6591,10891,11160
42-475-45864,Davis 8H,Fort Stockton,Texas Energy LLC,31.459911,-103.376397,Ward,TX,Delaware Mountain,ACTIVE,2022-05-13,2022-07-27,10007,19217,8849,9628,10123
42-389-65531,Evans 9H,Toyah,Texas Energy LLC,31.62359,-103.152248,Reeves,TX,Bone Spring,ACTIVE,2023-10-01,2023-12-04,12340,21770,8951,12121,12406
42-109-94682,Martin 6H,Grandfalls,Texas Energy LLC,31.587895,-104.190511,Culberson,TX,2nd Bone Spring,ACTIVE,2024-07-15,2024-09-08,10570,18985,8397,10448,10738
42-301-39102,Bell 6V,Monahans,Texas Energy LLC,31.851337,-103.606849,Loving,TX,Wolfcamp A,ACTIVE,2022-01-15,2022-04-08,9916,18061,8589,9681,10075
42-389-89017,West 6V,Mentone,Texas Energy LLC,31.401649,-103.253298,Reeves,TX,Brushy Canyon,ACTIVE,2025-09-25,2025-12-03,9155,16125,7463,8883,9447
42-389-56804,Collins 10H,Delaware Basin,Texas Energy LLC,31.228065,-103.446506,Reeves,TX,Bone Spring,ACTIVE,2025-01-26,2025-03-18,13253,19816,7029,12845,13305
42-371-36702,Harrison 10H,Fort Stockton,Texas Energy LLC,30.866309,-103.435527,Pecos,TX,Bone Spring,ACTIVE,2025-03-28,2025-06-18,11078,20645,9417,10802,11298
42-475-89802,Cox 11H,Buena Vista,Texas Energy LLC,31.610357,-103.227705,Ward,TX,2nd Bone Spring,ACTIVE,2024-07-06,2024-09-26,11791,22865,11096,11514,12037
42-495-80499,West 5V,Orla,Texas Energy LLC,31.857681,-103.233112,Winkler,TX,2nd Bone Spring,SHUT-IN,2025-04-21,2025-06-17,12197,26878,14394,12058,12450
42-389-82901,Alexander 3H,Kermit,Texas Energy LLC,31.096238,-103.594364,Reeves,TX,Wolfcamp B,ACTIVE,2024-07-12,2024-09-22,11016,18700,7295,10724,11274
42-389-85291,Resources 12H,Loving,Texas Energy LLC,31.421557,-103.256385,Reeves,TX,2nd Bone Spring,ACTIVE,2023-01-12,2023-04-02,12382,20013,7188,12226,12447
42-475-76064,Morris 6V,Grandfalls,Texas Energy LLC,31.439326,-103.077117,Ward,TX,Bone Spring,ACTIVE,2022-07-27,2022-10-25,9376,19784,10339,8944,9444
42-109-98599,Hill 11H,Grandfalls,Texas Energy LLC,31.373368,-104.65422,Culberson,TX,Wolfcamp A,ACTIVE,2025-09-04,2025-10-24,13235,22385,9026,12884,13498
42-495-84645,Edwards 8H,Ward-Estes,Texas Energy LLC,32.011902,-103.365308,Winkler,TX,Wolfcamp B,ACTIVE,2024-12-11,2025-02-22,11023,23067,11968,10722,11268
42-371-78052,Hughes 10H,Wink,Texas Energy LLC,31.257799,-103.58762,Pecos,TX,Wolfcamp C,ACTIVE,2024-12-28,2025-02-21,10129,18058,8293,9763,10218
42-301-78931,Land Trust 11H,Mentone,Texas Energy LLC,31.822947,-103.76106,Loving,TX,Bone Spring,ACTIVE,2023-04-05,2023-06-08,9591,20503,11401,9301,9656
42-475-35565,Henderson 7H,Culberson County,Texas Energy LLC,31.357057,-103.265563,Ward,TX,Wolfcamp A,ACTIVE,2024-04-13,2024-06-19,11297,17620,6453,10827,11479
42-301-66068,Davis 8H,Orla,Texas Energy LLC,31.756476,-103.651174,Loving,TX,3rd Bone Spring,ACTIVE,2025-02-19,2025-04-29,8590,22911,14511,8473,8805
42-389-70737,Bass 8H,Van Horn,Texas Energy LLC,31.050275,-103.362294,Reeves,TX,3rd Bone Spring,ACTIVE,2024-05-08,2024-06-28,12379,21765,8905,12105,12642
42-389-31399,Howard 4H,Reeves County,Texas Energy LLC,31.587713,-103.786551,Reeves,TX,Wolfcamp B,ACTIVE,2024-12-13,2025-02-17,11504,25276,13398,11187,11658
42-109-92115,Hayes 1H,Pecos Valley,Texas Energy LLC,31.54269,-104.444912,Culberson,TX,Wolfcamp A,ACTIVE,2023-09-21,2023-11-26,11872,26204,14481,11437,12087
42-475-53006,Hart 3H,Loving,Texas Energy LLC,31.23268,-103.435877,Ward,TX,Avalon Shale,ACTIVE,2024-04-28,2024-07-25,8689,22549,13731,8460,8913
42-475-69263,Hayes 11H,Grandfalls,Texas Energy LLC,31.49784,-103.454248,Ward,TX,Avalon Shale,ACTIVE,2024-03-20,2024-06-15,11969,26563,14169,11611,12057
42-389-74561,University 6H,Grandfalls,Texas Energy LLC,31.655621,-103.492568,Reeves,TX,Brushy Canyon,ACTIVE,2024-04-18,2024-07-04,10776,20126,9019,10649,11004
42-475-41537,Rivera 7H,Balmorhea,Texas Energy LLC,31.513596,-103.108708,Ward,TX,Bone Spring,ACTIVE,2022-09-04,2022-11-27,11464,25325,13842,11252,11632
42-389-50707,James 4H,Ward-Estes,Texas Energy LLC,31.353029,-103.799527,Reeves,TX,Delaware Mountain,ACTIVE,2024-02-21,2024-04-29,10551,16781,6350,10111,10832
42-301-95338,Nelson 5V,Ward-Estes,Texas Energy LLC,31.850163,-103.620005,Loving,TX,Wolfcamp A,SHUT-IN,2025-02-01,2025-04-27,13487,22633,8920,13306,13616
42-475-55377,Coleman 5H,Culberson County,Texas Energy LLC,31.652185,-103.437009,Ward,TX,Wolfcamp C,ACTIVE,2023-03-26,2023-05-12,8995,15905,7091,8596,9156
42-495-33103,Woods 7H,Kermit,Texas Energy LLC,31.875239,-103.316662,Winkler,TX,2nd Bone Spring,ACTIVE,2022-07-16,2022-09-01,10784,23002,12148,10325,10942
42-475-93238,Wood 5H,Monahans,Texas Energy LLC,31.28936,-103.220453,Ward,TX,Bone Spring,ACTIVE,2023-11-04,2024-01-02,12158,19410,7650,11949,12338
42-109-75081,Richardson 8H,Buena Vista,Texas Energy LLC,31.377707,-104.75911,Culberson,TX,Bone Spring,ACTIVE,2024-06-10,2024-08-15,9157,18556,9252,8670,9317
42-389-77522,Foster 9H,Ward-Estes,Texas Energy LLC,31.111211,-103.490643,Reeves,TX,Wolfcamp A,ACTIVE,2022-04-05,2022-07-03,9666,18192,8712,9502,9769
42-371-48121,Simmons 6H,Balmorhea,Texas Energy LLC,30.65599,-103.397871,Pecos,TX,Wolfcamp A,ACTIVE,2022-08-27,2022-11-05,9994,14929,5057,9752,10285
42-371-46803,Edwards 5H,Toyah,Texas Energy LLC,30.50213,-103.374491,Pecos,TX,Wolfcamp A,ACTIVE,2023-09-16,2023-12-11,10348,20786,10854,9973,10632
42-475-63442,Hart 3H,Imperial,Texas Energy LLC,31.695213,-103.394692,Ward,TX,Wolfcamp B,ACTIVE,2023-08-06,2023-11-02,12542,18994,6871,12100,12709
42-495-83252,Ross 8H,Delaware Basin,Texas Energy LLC,31.865448,-103.037164,Winkler,TX,Wolfcamp A,SHUT-IN,2024-02-17,2024-05-15,10039,14824,5141,9758,10220
42-109-40969,Ellis 10V,Grandfalls,Texas Energy LLC,31.464648,-104.252523,Culberson,TX,Bone Spring,ACTIVE,2025-03-04,2025-04-23,12140,17755,5367,11765,12318
42-389-68944,Scott 8H,Balmorhea,Texas Energy LLC,31.629967,-103.179978,Reeves,TX,Wolfcamp A,ACTIVE,2022-02-26,2022-05-11,11908,18693,6585,11656,12002
42-475-59439,Ford 5H,Grandfalls,Texas Energy LLC,31.361991,-103.393749,Ward,TX,Bone Spring,ACTIVE,2023-11-19,2024-01-04,11882,18443,6659,11408,12069
42-301-81790,Sanders 3V,Kermit,Texas Energy LLC,31.858353,-103.587969,Loving,TX,1st Bone Spring,SHUT-IN,2025-05-20,2025-08-13,13303,23947,11121,12972,13538
42-371-99721,Barnes 5H,Balmorhea,Texas Energy LLC,30.81084,-103.758099,Pecos,TX,Delaware Mountain,ACTIVE,2022-05-15,2022-07-31,11281,18794,7746,10948,11407
42-495-99948,Davis 6V,Wink,Texas Energy LLC,32.022233,-103.462685,Winkler,TX,Wolfcamp B,ACTIVE,2022-01-23,2022-03-13,9994,22320,12379,9515,10222
42-389-33665,Baker 6V,Coyanosa,Texas Energy LLC,31.037766,-103.587938,Reeves,TX,Wolfcamp A,ACTIVE,2023-09-12,2023-12-09,8866,16981,8514,8532,9159
42-389-76260,Ramirez 8H,Monahans,Texas Energy LLC,31.166481,-103.515945,Reeves,TX,Wolfcamp C,ACTIVE,2024-06-22,2024-08-31,9590,22982,13682,9365,9695
42-475-58197,Anderson 10H,Van Horn,Texas Energy LLC,31.469018,-103.028768,Ward,TX,Wolfcamp B,ACTIVE,2022-12-02,2023-01-28,12865,19268,6065,12633,13136
42-495-99711,Cattle Co 4H,Van Horn,Texas Energy LLC,31.771897,-103.490513,Winkler,TX,3rd Bone Spring,ACTIVE,2024-07-19,2024-09-04,12526,17755,5381,12203,12622
42-109-42752,Simmons 2H,Culberson County,Texas Energy LLC,31.619329,-104.663448,Culberson,TX,Wolfcamp A,ACTIVE,2023-02-26,2023-04-24,11991,22848,10527,11514,12214
42-389-86660,Wood 11H,Orla,Texas Energy LLC,31.397081,-103.113148,Reeves,TX,Wolfcamp A,ACTIVE,2023-01-04,2023-03-25,9767,24014,14006,9298,9907
42-301-49649,Watson 9H,Orla,Texas Energy LLC,31.94281,-103.712704,Loving,TX,2nd Bone Spring,ACTIVE,2023-06-17,2023-09-06,10106,23465,13092,9987,10358
42-301-39332,Evans 2H,Wink,Texas Energy LLC,31.882978,-103.622055,Loving,TX,Wolfcamp A,ACTIVE,2025-02-21,2025-05-10,11975,17362,5545,11677,12211
42-475-93273,Myers 3V,Toyah,Texas Energy LLC,31.552252,-103.284338,Ward,TX,Delaware Mountain,ACTIVE,2022-02-11,2022-04-10,10056,21974,11705,9673,10290
42-475-97264,Hill 8H,Toyah,Texas Energy LLC,31.631636,-103.440971,Ward,TX,Wolfcamp A,SHUT-IN,2024-02-20,2024-05-01,9403,16261,6980,9011,9527
42-389-37587,Cole 11H,Buena Vista,Texas Energy LLC,31.647077,-103.43424,Reeves,TX,Avalon Shale,SHUT-IN,2024-06-26,2024-09-12,9406,20550,11173,9130,9650
42-109-78305,Cattle Co 8H,Wink,Texas Energy LLC,31.954167,-104.047404,Culberson,TX,Wolfcamp B,SHUT-IN,2022-08-16,2022-10-29,10882,17547,6478,10400,10967
42-475-70407,Clayton 5H,Loving,Texas Energy LLC,31.552633,-103.34275,Ward,TX,Wolfcamp A,ACTIVE,2024-08-27,2024-10-30,10270,23682,13603,10081,10348
42-389-69104,Nelson 1V,Reeves County,Texas Energy LLC,31.034025,-103.184115,Reeves,TX,1st Bone Spring,ACTIVE,2022-08-06,2022-10-15,9730,23061,13662,9323,10022
42-475-52335,Simmons 9H,Monahans,Texas Energy LLC,31.686202,-103.178074,Ward,TX,Bone Spring,ACTIVE,2025-11-06,2026-01-23,12448,20316,7873,12154,12501
42-109-49420,Coleman 10H,Balmorhea,Texas Energy LLC,31.329418,-104.687727,Culberson,TX,Brushy Canyon,ACTIVE,2025-01-25,2025-03-11,11455,22393,10619,11041,11600
42-109-33331,Myers 4H,Delaware Basin,Texas Energy LLC,31.923723,-104.540632,Culberson,TX,Wolfcamp A,ACTIVE,2024-09-12,2024-11-14,9108,22998,14161,8689,9246
42-389-93156,Bailey 2H,Orla,Texas Energy LLC,31.773907,-103.593401,Reeves,TX,Brushy Canyon,ACTIVE,2025-09-12,2025-11-01,11732,16730,5228,11358,11813
42-371-49401,Cox 10H,Ward-Estes,Texas Energy LLC,30.917423,-103.766277,Pecos,TX,2nd Bone Spring,SHUT-IN,2023-10-21,2023-12-24,12393,24788,12206,12143,12482
42-371-91082,Barnes 9H,Buena Vista,Texas Energy LLC,30.661545,-102.939279,Pecos,TX,Bone Spring,ACTIVE,2022-07-04,2022-09-11,12187,22713,10153,11895,12350
42-371-32826,Graham 8H,Monahans,Texas Energy LLC,30.938354,-103.361367,Pecos,TX,2nd Bone Spring,ACTIVE,2024-05-23,2024-07-19,12989,24039,11451,12822,13121
42-475-55965,State 3H,Buena Vista,Texas Energy LLC,31.649936,-103.061797,Ward,TX,Wolfcamp C,ACTIVE,2025-12-04,2026-01-26,8779,20371,12068,8326,8871
42-475-44559,Clayton 10H,Buena Vista,Texas Energy LLC,31.30979,-103.473431,Ward,TX,Wolfcamp B,ACTIVE,2023-10-23,2024-01-21,11814,23137,11421,11663,11920
42-475-85465,Stewart 7H,Reeves County,Texas Energy LLC,31.570923,-103.31359,Ward,TX,Wolfcamp B,ACTIVE,2024-03-09,2024-05-22,10176,17588,6971,9751,10416
42-301-85950,Powell 11H,Coyanosa,Texas Energy LLC,31.701148,-103.84889,Loving,TX,Bone Spring,ACTIVE,2022-02-21,2022-05-13,11321,18434,7338,10838,11424
42-301-54638,Edwards 7H,Van Horn,Texas Energy LLC,31.973785,-103.814503,Loving,TX,Wolfcamp C,ACTIVE,2025-01-04,2025-03-08,11184,22089,10908,11082,11450
42-475-49346,Graham 3H,Imperial,Texas Energy LLC,31.388278,-103.00865,Ward,TX,Wolfcamp A,ACTIVE,2022-02-17,2022-05-14,11272,25938,14722,11096,11482
42-495-96062,Edwards 3H,Orla,Texas Energy LLC,31.958243,-103.123735,Winkler,TX,Bone Spring,ACTIVE,2025-05-16,2025-08-02,9127,16273,7467,8637,9250
42-109-38745,Wood 10H,Imperial,Texas Energy LLC,31.719224,-104.510592,Culberson,TX,Delaware Mountain,SHUT-IN,2022-06-17,2022-09-06,8643,17561,9252,8246,8707
42-389-72457,Murphy 6H,Culberson County,Texas Energy LLC,31.613626,-103.720314,Reeves,TX,2nd Bone Spring,ACTIVE,2022-03-07,2022-05-12,11268,24555,12849,10926,11522
42-389-59850,Clayton 9H,Wink,Texas Energy LLC,31.078727,-103.750056,Reeves,TX,Wolfcamp B,ACTIVE,2024-04-23,2024-07-15,9629,23961,13898,9396,9681
42-495-69965,Powell 6H,Coyanosa,Texas Energy LLC,31.745789,-103.41511,Winkler,TX,Wolfcamp C,ACTIVE,2025-05-01,2025-07-29,12347,26502,14633,12085,12493
42-475-53646,White 3H,Balmorhea,Texas Energy LLC,31.523782,-103.489476,Ward,TX,1st Bone Spring,ACTIVE,2022-07-08,2022-09-20,11797,18680,6642,11428,11882
42-389-86708,Kelly 10V,Orla,Texas Energy LLC,31.397756,-103.658038,Reeves,TX,Wolfcamp B,ACTIVE,2022-12-10,2023-02-01,11958,26631,14935,11616,12112
42-109-69396,Washington 5V,Delaware Basin,Texas Energy LLC,31.307944,-104.483671,Culberson,TX,Delaware Mountain,SHUT-IN,2022-03-21,2022-05-31,11639,21505,9786,11304,11711
42-475-62087,Diaz 12V,Wink,Texas Energy LLC,31.281701,-103.310272,Ward,TX,Wolfcamp A,ACTIVE,2023-01-26,2023-04-01,11786,20739,9386,11578,12069
42-109-75005,Powell 9H,Ward-Estes,Texas Energy LLC,31.444381,-104.213539,Culberson,TX,Brushy Canyon,ACTIVE,2022-05-10,2022-07-14,8580,23161,14911,8141,8793
42-389-76758,Griffin 8H,Culberson County,Texas Energy LLC,31.435815,-103.344789,Reeves,TX,2nd Bone Spring,ACTIVE,2022-08-01,2022-10-06,8607,16673,7647,8423,8676
42-389-77498,Green 8H,Van Horn,Texas Energy LLC,31.744754,-103.390576,Reeves,TX,Brushy Canyon,ACTIVE,2024-02-12,2024-04-01,9951,17300,7210,9698,10174
42-495-37051,Gibson 3H,Toyah,Texas Energy LLC,32.08813,-103.345363,Winkler,TX,Wolfcamp C,ACTIVE,2023-04-06,2023-06-09,11019,17024,6316,10799,11288
42-389-89875,Graham 11V,Balmorhea,Texas Energy LLC,31.490887,-103.374968,Reeves,TX,Delaware Mountain,ACTIVE,2024-01-08,2024-03-03,9274,24025,14729,8983,9517
42-109-76001,Wheeler 2H,Reeves County,Texas Energy LLC,31.815479,-104.145459,Culberson,TX,3rd Bone Spring,ACTIVE,2024-10-16,2025-01-10,9771,18042,7827,9528,9858
42-371-58351,Hill 1H,Delaware Basin,Texas Energy LLC,31.193499,-103.650775,Pecos,TX,Wolfcamp A,ACTIVE,2023-05-09,2023-07-23,10132,16494,6506,9670,10323
42-371-76481,Nelson 12H,Mentone,Texas Energy LLC,30.507946,-103.677687,Pecos,TX,Wolfcamp A,ACTIVE,2022-09-28,2022-12-10,12474,27133,14687,12048,12559
42-371-69210,Johnson 2V,Kermit,Texas Energy LLC,31.257043,-103.288749,Pecos,TX,1st Bone Spring,ACTIVE,2022-03-11,2022-05-09,12683,18729,5583,12335,12930
42-109-53216,Hamilton 3H,Wink,Texas Energy LLC,31.998748,-104.085625,Culberson,TX,Wolfcamp C,ACTIVE,2024-01-01,2024-02-25,11921,17332,5831,11658,11999
42-301-59908,Gray 8V,Kermit,Texas Energy LLC,31.655198,-103.785589,Loving,TX,3rd Bone Spring,SHUT-IN,2025-03-25,2025-05-09,12738,18464,6140,12465,12868
42-301-40506,King 11H,Wink,Texas Energy LLC,31.895096,-103.839079,Loving,TX,Brushy Canyon,ACTIVE,2022-01-25,2022-04-22,8698,13780,5497,8433,8790
42-371-93790,Alexander 9H,Delaware Basin,Texas Energy LLC,30.752972,-102.587074,Pecos,TX,1st Bone Spring,ACTIVE,2022-01-11,2022-03-02,11066,21617,10844,10586,11154
42-475-52509,Wallace 3H,Red Hills,Texas Energy LLC,31.661147,-103.211436,Ward,TX,2nd Bone Spring,SHUT-IN,2023-08-06,2023-09-27,11878,20210,7925,11408,12175
42-389-83862,Reynolds 6V,Red Hills,Texas Energy LLC,31.532372,-103.156255,Reeves,TX,1st Bone Spring,ACTIVE,2022-11-17,2023-02-02,8821,22818,13745,8469,9113
42-495-64670,Beal 8H,Kermit,Texas Energy LLC,32.039037,-103.278096,Winkler,TX,Wolfcamp C,ACTIVE,2023-07-02,2023-09-22,9151,19098,9529,8739,9342
42-495-99584,Bass 5H,Buena Vista,Texas Energy LLC,31.787268,-103.027944,Winkler,TX,Delaware Mountain,ACTIVE,2022-10-13,2022-12-22,9828,17380,7471,9687,10083
42-495-34813,Washington 10H,Delaware Basin,Texas Energy LLC,31.75815,-103.483784,Winkler,TX,Wolfcamp B,ACTIVE,2022-02-14,2022-04-11,9821,19605,9659,9383,10048
42-389-79942,Howard 3H,Red Hills,Texas Energy LLC,31.668526,-103.402063,Reeves,TX,Bone Spring,ACTIVE,2022-12-01,2023-01-15,11328,25380,14317,11157,11547
42-475-91814,Wheeler 12H,Buena Vista,Texas Energy LLC,31.636409,-103.132081,Ward,TX,Bone Spring,SHUT-IN,2025-09-13,2025-11-17,9918,22883,12531,9546,10055
42-475-61051,Cook 7H,Pecos Valley,Texas Energy LLC,31.460214,-103.260845,Ward,TX,Wolfcamp B,ACTIVE,2024-04-17,2024-06-15,8986,13966,5450,8589,9056
42-475-97969,Murphy 1H,Toyah,Texas Energy LLC,31.449548,-103.20039,Ward,TX,Wolfcamp C,ACTIVE,2024-10-22,2024-12-30,12657,22953,10723,12244,12903
42-301-51538,Clayton 11H,Reeves County,Texas Energy LLC,31.773629,-103.803367,Loving,TX,Avalon Shale,SHUT-IN,2024-07-13,2024-10-09,13035,23259,9986,12555,13165
42-301-66799,Bryant 4H,Monahans,Texas Energy LLC,31.797135,-103.647976,Loving,TX,Wolfcamp A,ACTIVE,2024-10-17,2025-01-01,9896,23634,14040,9459,10135
42-389-59878,Owens 9V,Delaware Basin,Texas Energy LLC,31.65865,-103.504206,Reeves,TX,Bone Spring,ACTIVE,2022-01-03,2022-03-17,8604,21293,12620,8452,8686
42-495-93837,Simmons 7H,Wink,Texas Energy LLC,31.799938,-103.006535,Winkler,TX,Wolfcamp A,ACTIVE,2024-08-10,2024-10-01,12365,19966,7200,11882,12433
42-389-57257,Cattle Co 1H,Red Hills,Texas Energy LLC,31.047516,-103.388148,Reeves,TX,Bone Spring,ACTIVE,2025-06-13,2025-08-19,12647,19851,7457,12166,12771
42-301-91274,Wilson 10H,Reeves County,Texas Energy LLC,31.878446,-103.816666,Loving,TX,Brushy Canyon,ACTIVE,2025-01-05,2025-03-20,11357,24890,13077,11106,11576
42-301-77411,Gray 1H,Wink,Texas Energy LLC,31.975043,-103.586012,Loving,TX,Wolfcamp A,ACTIVE,2022-04-22,2022-06-29,11701,24190,12369,11486,11942
42-389-46541,Hill 2H,Grandfalls,Texas Energy LLC,31.655525,-103.273933,Reeves,TX,Bone Spring,ACTIVE,2024-01-06,2024-02-29,8869,20314,11848,8426,9068
42-389-47310,Barnes 12H,Kermit,Texas Energy LLC,31.261323,-103.226802,Reeves,TX,Wolfcamp B,ACTIVE,2025-01-26,2025-04-18,10685,16321,5857,10508,10773
42-389-49613,Harrison 2H,Mentone,Texas Energy LLC,31.11856,-103.388446,Reeves,TX,Bone Spring,ACTIVE,2024-09-12,2024-11-22,10663,22108,11275,10315,10859
42-371-94798,Bell 11H,Reeves County,Texas Energy LLC,30.945966,-103.204791,Pecos,TX,Wolfcamp A,ACTIVE,2023-01-19,2023-03-27,8640,19907,11103,8367,8796
42-475-74910,Kelly 9H,Imperial,Texas Energy LLC,31.288442,-103.269484,Ward,TX,1st Bone Spring,ACTIVE,2024-01-15,2024-02-29,13464,22856,9466,13202,13636
42-475-78258,James 12H,Reeves County,Texas Energy LLC,31.548228,-103.174547,Ward,TX,Wolfcamp B,SHUT-IN,2024-11-23,2025-02-19,8731,15920,7422,8322,8897
42-371-93035,Myers 10H,Grandfalls,Texas Energy LLC,30.947437,-103.165781,Pecos,TX,Bone Spring,ACTIVE,2023-04-03,2023-06-04,12023,22522,10298,11629,12095
42-301-69349,Reed 7V,Imperial,Texas Energy LLC,31.737268,-103.812542,Loving,TX,Bone Spring,ACTIVE,2022-11-16,2023-01-02,12595,22690,10236,12480,12710
42-389-69749,Alexander 7H,Imperial,Texas Energy LLC,31.22749,-103.436134,Reeves,TX,Bone Spring,ACTIVE,2023-07-15,2023-10-08,12113,22066,9795,11802,12201
42-109-91439,Jenkins 10H,Pecos Valley,Texas Energy LLC,31.97185,-104.259891,Culberson,TX,Wolfcamp A,ACTIVE,2022-02-14,2022-04-07,9123,19504,9926,8818,9238
42-475-98712,Howard 3H,Mentone,Texas Energy LLC,31.514513,-103.190132,Ward,TX,Wolfcamp A,ACTIVE,2022-08-11,2022-10-21,9740,21712,11765,9536,9895
42-301-45420,Wilson 1V,Mentone,Texas Energy LLC,31.709062,-103.921252,Loving,TX,Bone Spring,ACTIVE,2023-09-12,2023-12-01,11109,20193,9440,10649,11364
42-389-67960,Wallace 11H,Mentone,Texas Energy LLC,31.011191,-103.217333,Reeves,TX,Wolfcamp A,ACTIVE,2022-01-07,2022-03-12,11634,25190,13615,11484,11860
42-301-69103,Ramirez 9H,Red Hills,Texas Energy LLC,31.94951,-103.77429,Loving,TX,1st Bone Spring,ACTIVE,2022-02-14,2022-04-21,10932,18330,7695,10654,11223
42-389-97458,Foster 1H,Reeves County,Texas Energy LLC,31.463415,-103.570642,Reeves,TX,Bone Spring,ACTIVE,2024-03-10,2024-05-27,13254,22036,9099,13130,13379
42-371-73727,Clayton 2H,Ward-Estes,Texas Energy LLC,30.965582,-103.450126,Pecos,TX,Wolfcamp A,ACTIVE,2024-08-04,2024-10-08,11185,19108,8314,10975,11421
42-371-74923,Bennett 5V,Wink,Texas Energy LLC,30.993439,-102.526704,Pecos,TX,Bone Spring,ACTIVE,2024-09-05,2024-12-01,13331,27049,13520,13089,13587
42-389-92976,Foster 4H,Reeves County,Texas Energy LLC,31.250559,-103.164783,Reeves,TX,3rd Bone Spring,ACTIVE,2022-02-03,2022-04-17,9373,23993,14400,8885,9531
42-475-98513,Nelson 9H,Kermit,Texas Energy LLC,31.650573,-103.246371,Ward,TX,Wolfcamp C,SHUT-IN,2023-12-08,2024-02-04,11815,21746,9652,11472,11980
42-301-57879,Wood 9H,Van Horn,Texas Energy LLC,31.970633,-103.635531,Loving,TX,Wolfcamp A,ACTIVE,2024-07-22,2024-10-05,10040,19617,9792,9745,10217
42-389-31709,Mitchell 5H,Orla,Texas Energy LLC,31.102065,-103.356169,Reeves,TX,Wolfcamp A,ACTIVE,2025-08-12,2025-10-04,9345,18218,8992,8878,9444
42-371-70243,Williams 9H,Grandfalls,Texas Energy LLC,30.862052,-103.080712,Pecos,TX,Wolfcamp B,ACTIVE,2023-01-07,2023-03-15,12805,27948,14845,12628,12999
42-389-34460,Collins 4H,Balmorhea,Texas Energy LLC,31.163531,-103.48796,Reeves,TX,Wolfcamp B,ACTIVE,2023-09-09,2023-11-16,11765,17746,6351,11481,11980
42-389-98078,Owens 1H,Orla,Texas Energy LLC,31.344633,-103.296002,Reeves,TX,Wolfcamp A,ACTIVE,2024-08-25,2024-11-13,13177,21596,8239,12837,13358
42-389-36562,Evans 8H,Coyanosa,Texas Energy LLC,31.200313,-103.432322,Reeves,TX,Wolfcamp B,ACTIVE,2023-04-14,2023-06-17,9865,22961,13528,9647,10138
42-109-40593,Williams 8H,Kermit,Texas Energy LLC,31.70922,-104.540657,Culberson,TX,Wolfcamp B,ACTIVE,2023-12-15,2024-03-13,8756,20240,11846,8414,8853
42-389-50788,Henderson 1H,Mentone,Texas Energy LLC,31.139772,-103.198377,Reeves,TX,Wolfcamp B,ACTIVE,2022-09-08,2022-11-23,10612,21490,10575,10331,10858
42-371-67282,Edwards 3V,Culberson County,Texas Energy LLC,30.610893,-103.198962,Pecos,TX,Wolfcamp A,ACTIVE,2024-01-13,2024-03-19,9833,22906,12744,9502,9974
42-389-93344,Reed 5V,Red Hills,Texas Energy LLC,31.41136,-103.133995,Reeves,TX,Wolfcamp B,ACTIVE,2024-11-15,2025-01-06,9992,22486,12988,9729,10270
42-475-43506,Russell 9V,Balmorhea,Texas Energy LLC,31.354465,-103.324223,Ward,TX,2nd Bone Spring,ACTIVE,2024-05-27,2024-08-20,9599,19873,9916,9333,9672
42-109-91670,Harrison 7H,Fort Stockton,Texas Energy LLC,31.647052,-104.656964,Culberson,TX,Wolfcamp A,ACTIVE,2023-04-25,2023-06-15,10398,18705,8493,10042,10526
42-475-80277,Fisher 3H,Coyanosa,Texas Energy LLC,31.295305,-103.200311,Ward,TX,Wolfcamp B,SHUT-IN,2024-01-10,2024-03-14,13308,27984,14501,12958,13579
42-475-65300,Parker 11V,Wink,Texas Energy LLC,31.497102,-103.497097,Ward,TX,Brushy Canyon,SHUT-IN,2023-04-28,2023-06-15,10817,21428,10294,10689,11057
42-389-32625,Gibson 9H,Van Horn,Texas Energy LLC,31.157016,-103.593126,Reeves,TX,Avalon Shale,ACTIVE,2023-01-08,2023-04-07,12870,19797,6854,12525,13021
42-109-61594,Gray 6H,Grandfalls,Texas Energy LLC,31.611505,-104.033913,Culberson,TX,Wolfcamp B,ACTIVE,2024-11-16,2025-02-07,10387,23047,12355,10073,10495
42-389-51873,Davis 10H,Grandfalls,Texas Energy LLC,31.29415,-103.621419,Reeves,TX,Wolfcamp B,ACTIVE,2022-01-08,2022-02-24,12364,23219,10963,12188,12459
42-389-39528,Hill 4H,Grandfalls,Texas Energy LLC,31.003529,-103.150579,Reeves,TX,Wolfcamp A,ACTIVE,2023-05-28,2023-07-25,9421,23624,13817,9208,9618
42-475-70888,Howard 7H,Loving,Texas Energy LLC,31.487898,-103.045987,Ward,TX,Wolfcamp A,ACTIVE,2024-11-20,2025-01-11,13136,18663,5672,12764,13295
42-109-58053,Morris 4V,Wink,Texas Energy LLC,31.583722,-104.12044,Culberson,TX,3rd Bone Spring,ACTIVE,2024-10-13,2024-12-02,9324,15253,6345,8847,9376
42-371-79271,University 6H,Pecos Valley,Texas Energy LLC,30.664253,-103.560482,Pecos,TX,Wolfcamp A,ACTIVE,2023-05-15,2023-07-11,13297,23737,10896,13182,13397
42-389-84234,Simmons 5V,Delaware Basin,Texas Energy LLC,31.659449,-103.188235,Reeves,TX,Wolfcamp A,ACTIVE,2024-10-18,2025-01-13,10635,24798,14120,10386,10861
42-389-56406,Scott 6H,Van Horn,Texas Energy LLC,31.645156,-103.561469,Reeves,TX,Wolfcamp A,SHUT-IN,2023-02-28,2023-05-17,11489,17559,6188,11029,11780
42-389-45722,Morgan 12H,Mentone,Texas Energy LLC,31.019961,-103.223461,Reeves,TX,2nd Bone Spring,SHUT-IN,2022-10-06,2022-12-25,9060,22179,12765,8957,9226
42-109-71245,Hayes 8H,Loving,Texas Energy LLC,31.448839,-104.400615,Culberson,TX,Wolfcamp B,SHUT-IN,2024-12-19,2025-03-01,13280,24693,11543,13068,13365
42-475-39307,Richardson 6H,Van Horn,Texas Energy LLC,31.464143,-103.011152,Ward,TX,Wolfcamp B,SHUT-IN,2024-09-22,2024-11-17,12358,18070,6195,11958,12425
42-475-86219,Baker 12H,Van Horn,Texas Energy LLC,31.358942,-103.484217,Ward,TX,Wolfcamp B,ACTIVE,2022-08-25,2022-11-08,9035,22114,13450,8577,9151
42-301-42576,Gibson 2H,Culberson County,Texas Energy LLC,31.844442,-103.887878,Loving,TX,1st Bone Spring,ACTIVE,2022-08-10,2022-10-18,13481,19531,5669,13300,13680
42-301-72743,Jenkins 1H,Buena Vista,Texas Energy LLC,31.88346,-103.851774,Loving,TX,1st Bone Spring,ACTIVE,2023-06-05,2023-07-24,9903,23697,13573,9527,10050
42-371-42046,Hill 12H,Imperial,Texas Energy LLC,30.95639,-103.060216,Pecos,TX,2nd Bone Spring,ACTIVE,2023-08-27,2023-11-24,13220,19891,6562,12792,13346
42-475-57385,Bailey 10H,Balmorhea,Texas Energy LLC,31.534712,-103.077652,Ward,TX,Delaware Mountain,ACTIVE,2024-09-17,2024-12-16,10195,21066,10868,10050,10398
42-109-69986,Cox 11H,Culberson County,Texas Energy LLC,31.619343,-104.504287,Culberson,TX,Avalon Shale,ACTIVE,2022-02-05,2022-03-30,10053,18238,8140,9760,10280
42-495-50110,Ward 9H,Red Hills,Texas Energy LLC,32.046303,-103.170573,Winkler,TX,1st Bone Spring,ACTIVE,2023-05-19,2023-07-15,9518,22847,12890,9107,9667
42-495-33268,Hughes 10H,Mentone,Texas Energy LLC,31.969475,-103.386328,Winkler,TX,1st Bone Spring,ACTIVE,2025-05-08,2025-07-17,13384,27330,14432,13121,13642
42-371-31554,Howard 11H,Reeves County,Texas Energy LLC,30.731034,-102.763498,Pecos,TX,Brushy Canyon,ACTIVE,2022-09-21,2022-11-27,12037,21346,9466,11799,12155
42-389-67467,State 7V,Orla,Texas Energy LLC,31.443328,-103.455005,Reeves,TX,Avalon Shale,ACTIVE,2022-07-01,2022-09-23,10057,15407,5119,9740,10286
42-475-42293,Bailey 10V,Buena Vista,Texas Energy LLC,31.677706,-103.004757,Ward,TX,Delaware Mountain,ACTIVE,2023-06-22,2023-09-11,11289,18235,7400,11004,11438
42-475-33278,Moore 12H,Buena Vista,Texas Energy LLC,31.570775,-103.377554,Ward,TX,1st Bone Spring,ACTIVE,2025-01-01,2025-02-20,10291,19119,8811,9883,10347
42-475-83554,Price 12H,Reeves County,Texas Energy LLC,31.426482,-103.376748,Ward,TX,Wolfcamp B,ACTIVE,2024-06-17,2024-08-18,12530,22153,9919,12225,12624
42-371-44860,Cox 3V,Buena Vista,Texas Energy LLC,31.241079,-103.203529,Pecos,TX,Bone Spring,ACTIVE,2024-11-23,2025-02-19,12083,21941,9640,11666,12373
42-109-65456,Ross 9H,Coyanosa,Texas Energy LLC,31.806331,-104.716751,Culberson,TX,1st Bone Spring,ACTIVE,2023-01-02,2023-02-17,10107,23981,13752,9813,10331
42-389-81457,Roberts 6H,Ward-Estes,Texas Energy LLC,31.252049,-103.688965,Reeves,TX,3rd Bone Spring,ACTIVE,2023-05-20,2023-08-17,8939,16668,8086,8774,9051
42-371-42360,Sullivan 11H,Van Horn,Texas Energy LLC,31.209894,-103.766249,Pecos,TX,Wolfcamp B,SHUT-IN,2022-06-05,2022-07-21,9164,22054,12540,8702,9382
42-371-59627,Patterson 9H,Balmorhea,Texas Energy LLC,31.184253,-103.044836,Pecos,TX,1st Bone Spring,ACTIVE,2023-04-06,2023-06-08,10517,22415,11457,10334,10718
42-389-82985,Mitchell 3V,Wink,Texas Energy LLC,31.026592,-103.67072,Reeves,TX,Wolfcamp C,SHUT-IN,2024-12-01,2025-02-27,11174,18108,7262,10927,11413
42-389-48322,Ranch 4H,Monahans,Texas Energy LLC,31.097163,-103.756832,Reeves,TX,Wolfcamp A,SHUT-IN,2022-10-19,2022-12-19,9114,14037,5357,8913,9395
42-371-59294,Murphy 8H,Fort Stockton,Texas Energy LLC,30.514657,-103.402915,Pecos,TX,Brushy Canyon,ACTIVE,2024-11-04,2024-12-24,11687,16758,5009,11296,11987
42-495-79968,Myers 3H,Orla,Texas Energy LLC,31.854432,-103.168156,Winkler,TX,Brushy Canyon,SHUT-IN,2024-02-28,2024-05-11,9316,23365,13617,8983,9369
42-495-34436,Cooper 1H,Wink,Texas Energy LLC,31.828949,-103.447694,Winkler,TX,Wolfcamp C,ACTIVE,2022-03-12,2022-05-15,9833,22540,12648,9638,10075
42-301-34290,Perry 8V,Loving,Texas Energy LLC,31.742991,-103.678146,Loving,TX,1st Bone Spring,ACTIVE,2024-05-02,2024-07-05,11511,24902,13341,11304,11587
42-371-78215,Brooks 7H,Delaware Basin,Texas Energy LLC,30.505858,-103.0188,Pecos,TX,2nd Bone Spring,ACTIVE,2025-11-03,2026-01-08,11912,20908,9488,11499,12167
42-371-44681,Perry 1H,Wink,Texas Energy LLC,30.939792,-102.711124,Pecos,TX,1st Bone Spring,ACTIVE,2025-05-24,2025-07-26,13383,20827,6961,12912,13665
42-109-96469,Peterson 12H,Balmorhea,Texas Energy LLC,31.516499,-104.473286,Culberson,TX,Bone Spring,SHUT-IN,2025-11-24,2026-01-19,13162,23007,9930,12782,13425
42-495-92781,Patterson 2H,Culberson County,Texas Energy LLC,32.06007,-103.430288,Winkler,TX,Wolfcamp A,ACTIVE,2025-06-03,2025-08-07,8950,24069,14963,8751,9149
42-475-89394,Powell 3H,Imperial,Texas Energy LLC,31.221659,-103.129792,Ward,TX,3rd Bone Spring,ACTIVE,2022-02-08,2022-04-22,13355,27686,14498,13041,13455
42-389-61310,Alexander 11H,Orla,Texas Energy LLC,31.678385,-103.235422,Reeves,TX,2nd Bone Spring,ACTIVE,2025-03-06,2025-05-26,13135,20783,7395,12661,13308
42-389-74262,Clayton 12H,Buena Vista,Texas Energy LLC,31.334615,-103.735443,Reeves,TX,Wolfcamp A,ACTIVE,2022-06-21,2022-08-06,11264,20161,8893,10962,11423
42-475-49053,Clayton 5H,Fort Stockton,Texas Energy LLC,31.676424,-103.234055,Ward,TX,Wolfcamp C,ACTIVE,2024-07-14,2024-09-14,12737,25049,12057,12392,13028
42-475-89680,Morris 12V,Monahans,Texas Energy LLC,31.306133,-103.362614,Ward,TX,1st Bone Spring,ACTIVE,2025-07-15,2025-10-05,12914,27170,14492,12581,12968
42-109-77298,Moore 5H,Buena Vista,Texas Energy LLC,31.894126,-104.106582,Culberson,TX,Wolfcamp A,SHUT-IN,2025-04-07,2025-06-05,8957,15834,7257,8501,9187
42-389-37816,Fisher 10H,Fort Stockton,Texas Energy LLC,31.132738,-103.584672,Reeves,TX,Wolfcamp C,SHUT-IN,2024-12-13,2025-02-13,12599,26451,13847,12275,12669
42-389-90889,Hill 2H,Fort Stockton,Texas Energy LLC,31.70683,-103.268369,Reeves,TX,Avalon Shale,ACTIVE,2022-06-22,2022-08-06,8769,18637,9771,8568,8872
42-389-93784,Morris 5V,Loving,Texas Energy LLC,31.351133,-103.180256,Reeves,TX,2nd Bone Spring,ACTIVE,2023-02-07,2023-04-28,12667,19961,7766,12261,12948
42-495-97542,Wallace 11H,Imperial,Texas Energy LLC,31.70423,-103.399368,Winkler,TX,Wolfcamp B,SHUT-IN,2024-11-03,2024-12-27,12319,26900,14545,12122,12598
42-475-37255,Graham 11H,Van Horn,Texas Energy LLC,31.671151,-103.337578,Ward,TX,Wolfcamp A,ACTIVE,2022-12-20,2023-03-11,9196,21053,11658,8912,9254
42-475-97771,Hill 2H,Pecos Valley,Texas Energy LLC,31.433278,-103.08805,Ward,TX,Delaware Mountain,ACTIVE,2024-05-08,2024-07-20,12559,24628,12134,12411,12740
42-109-81043,Hamilton 2H,Reeves County,Texas Energy LLC,31.989438,-104.79433,Culberson,TX,1st Bone Spring,ACTIVE,2024-07-03,2024-09-12,9076,23637,14591,8878,9269
42-389-56007,Cooper 10H,Orla,Texas Energy LLC,31.547164,-103.713827,Reeves,TX,Wolfcamp A,ACTIVE,2024-11-17,2025-01-24,11892,20940,8615,11538,11963
42-109-74849,Sanders 3H,Red Hills,Texas Energy LLC,31.587006,-104.039489,Culberson,TX,3rd Bone Spring,ACTIVE,2025-03-17,2025-05-11,13087,23870,10375,12618,13363
42-109-41428,Foster 1H,Coyanosa,Texas Energy LLC,31.501231,-104.341282,Culberson,TX,1st Bone Spring,ACTIVE,2025-01-05,2025-03-17,11764,16536,5004,11489,12025
42-475-34810,Reed 12V,Balmorhea,Texas Energy LLC,31.440704,-103.319178,Ward,TX,Wolfcamp B,ACTIVE,2024-04-25,2024-07-06,12899,25784,12712,12547,12975
42-475-52671,University 5H,Mentone,Texas Energy LLC,31.51765,-103.078938,Ward,TX,Bone Spring,ACTIVE,2022-10-15,2022-12-04,9452,15621,6483,8979,9524
42-389-47643,Hart 8H,Monahans,Texas Energy LLC,31.023779,-103.283541,Reeves,TX,Brushy Canyon,ACTIVE,2024-03-10,2024-06-02,9289,15718,6253,8805,9472
42-109-80800,Moore 7H,Coyanosa,Texas Energy LLC,31.389952,-104.189565,Culberson,TX,Delaware Mountain,ACTIVE,2022-06-16,2022-09-11,13304,18471,5440,12893,13399
42-475-66101,Price 10H,Wink,Texas Energy LLC,31.365776,-103.013762,Ward,TX,1st Bone Spring,ACTIVE,2022-05-08,2022-07-05,10270,19186,8423,9779,10530
42-389-62908,Bryant 1V,Kermit,Texas Energy LLC,31.075434,-103.297778,Reeves,TX,Avalon Shale,ACTIVE,2025-01-06,2025-03-26,9546,20668,11486,9268,9663
42-109-49947,Campbell 9H,Imperial,Texas Energy LLC,31.64758,-104.680131,Culberson,TX,3rd Bone Spring,ACTIVE,2023-12-04,2024-02-28,12145,20446,8402,11774,12254
42-389-30643,Williams 4V,Culberson County,Texas Energy LLC,31.461239,-103.105475,Reeves,TX,Bone Spring,SHUT-IN,2023-07-02,2023-09-25,9736,16840,7486,9530,9826
42-475-59272,Russell 8V,Red Hills,Texas Energy LLC,31.516535,-103.336393,Ward,TX,Wolfcamp A,SHUT-IN,2025-06-20,2025-09-07,10138,18701,8083,9733,10342
42-389-68382,State 5H,Culberson County,Texas Energy LLC,31.402711,-103.645727,Reeves,TX,2nd Bone Spring,ACTIVE,2022-01-11,2022-03-11,8883,15900,7414,8595,9166
42-389-93871,Alexander 6H,Kermit,Texas Energy LLC,31.059869,-103.503283,Reeves,TX,Bone Spring,ACTIVE,2024-12-15,2025-01-31,9718,14861,5602,9408,9797
42-371-36334,Simmons 2H,Orla,Texas Energy LLC,30.985165,-103.541795,Pecos,TX,Bone Spring,ACTIVE,2024-04-02,2024-06-12,8784,15521,6258,8642,9069
42-475-55646,Reed 10H,Coyanosa,Texas Energy LLC,31.302831,-103.061287,Ward,TX,Avalon Shale,ACTIVE,2024-02-19,2024-04-04,12681,24670,11622,12516,12949
42-389-46366,Price 11H,Coyanosa,Texas Energy LLC,31.395032,-103.177722,Reeves,TX,1st Bone Spring,ACTIVE,2024-06-24,2024-09-03,9075,23643,14927,8911,9143
42-109-60216,Martin 6H,Loving,Texas Energy LLC,31.513457,-104.357627,Culberson,TX,Wolfcamp A,ACTIVE,2025-02-01,2025-04-18,8776,17988,9428,8375,8924
42-495-74875,Cattle Co 6H,Buena Vista,Texas Energy LLC,32.005308,-103.368568,Winkler,TX,1st Bone Spring,ACTIVE,2023-08-27,2023-10-18,9485,23732,14018,9234,9567
42-371-90106,Campbell 5V,Culberson County,Texas Energy LLC,30.834579,-102.811559,Pecos,TX,Wolfcamp A,ACTIVE,2023-10-18,2023-12-16,9208,21330,11745,8841,9383
42-371-73352,Turner 6H,Orla,Texas Energy LLC,31.287522,-102.516789,Pecos,TX,Wolfcamp A,ACTIVE,2024-07-22,2024-10-11,11037,19855,8356,10603,11275
42-495-41141,Wallace 10H,Toyah,Texas Energy LLC,31.747687,-103.302594,Winkler,TX,2nd Bone Spring,ACTIVE,2023-06-07,2023-08-29,11811,18560,7011,11494,12046
42-475-34910,Russell 10H,Wink,Texas Energy LLC,31.2861,-103.298513,Ward,TX,Wolfcamp A,ACTIVE,2023-01-24,2023-04-09,10700,21322,11102,10428,10959
42-109-89781,University 12H,Coyanosa,Texas Energy LLC,31.859679,-104.572726,Culberson,TX,Wolfcamp A,SHUT-IN,2025-07-10,2025-09-12,12962,25101,12131,12657,13088
42-371-85603,Cooper 4H,Loving,Texas Energy LLC,30.856136,-102.920087,Pecos,TX,Bone Spring,ACTIVE,2024-12-17,2025-03-10,11838,17583,5745,11709,12004
42-389-73724,Johnson 10V,Mentone,Texas Energy LLC,31.41574,-103.634279,Reeves,TX,Wolfcamp C,ACTIVE,2022-02-02,2022-03-21,11591,22134,10132,11136,11657
42-371-63323,Hart 1H,Monahans,Texas Energy LLC,30.799053,-102.617154,Pecos,TX,Wolfcamp A,ACTIVE,2025-01-01,2025-03-30,12977,22482,9708,12501,13111
42-495-88491,Taylor 4H,Red Hills,Texas Energy LLC,31.815512,-103.409652,Winkler,TX,1st Bone Spring,ACTIVE,2022-08-16,2022-10-31,12952,18168,5094,12600,13062
42-475-81129,Phillips 11V,Coyanosa,Texas Energy LLC,31.680221,-103.315134,Ward,TX,Wolfcamp A,ACTIVE,2022-05-16,2022-07-23,10295,19292,9083,9898,10523
42-301-68249,Price 1H,Toyah,Texas Energy LLC,31.900343,-103.77425,Loving,TX,1st Bone Spring,ACTIVE,2025-07-25,2025-09-09,10825,25202,14116,10474,10935
42-371-71806,University 10H,Kermit,Texas Energy LLC,30.848094,-103.142463,Pecos,TX,Wolfcamp A,ACTIVE,2022-12-19,2023-02-03,8907,15092,6038,8603,9013
42-389-39887,Woods 1H,Ward-Estes,Texas Energy LLC,31.331334,-103.291816,Reeves,TX,Wolfcamp C,ACTIVE,2022-08-01,2022-09-28,13075,23550,10922,12854,13221
42-301-82255,Barnes 12H,Reeves County,Texas Energy LLC,31.70428,-103.972683,Loving,TX,Wolfcamp B,ACTIVE,2025-04-19,2025-06-13,12891,21567,8378,12471,12969
42-495-37486,Jordan 11H,Buena Vista,Texas Energy LLC,32.022959,-103.223353,Winkler,TX,Delaware Mountain,ACTIVE,2024-03-13,2024-05-26,10451,18040,7160,10344,10572
42-301-39722,Harris 3H,Mentone,Texas Energy LLC,31.918861,-103.687526,Loving,TX,Wolfcamp A,ACTIVE,2025-01-13,2025-04-08,12414,24128,12005,12143,12526
42-301-66467,Sanders 8H,Delaware Basin,Texas Energy LLC,31.877881,-103.561341,Loving,TX,Bone Spring,SHUT-IN,2025-11-22,2026-02-19,11434,17785,6037,11061,11585
42-301-81795,Gibson 10V,Mentone,Texas Energy LLC,31.74418,-103.861912,Loving,TX,Wolfcamp A,ACTIVE,2024-08-16,2024-11-05,11367,16803,5057,11247,11466
42-371-72247,Wallace 9V,Van Horn,Texas Energy LLC,30.849515,-103.525784,Pecos,TX,Bone Spring,ACTIVE,2022-10-15,2022-11-29,9048,18044,9327,8728,9315
42-475-51443,Graham 1V,Wink,Texas Energy LLC,31.634847,-103.033121,Ward,TX,Wolfcamp C,ACTIVE,2023-04-15,2023-06-28,12210,19464,7163,11890,12362
42-475-87677,Jackson 5V,Mentone,Texas Energy LLC,31.414294,-103.437972,Ward,TX,2nd Bone Spring,ACTIVE,2024-07-22,2024-09-26,9662,18958,8982,9315,9765
42-301-70645,Cooper 11H,Grandfalls,Texas Energy LLC,31.961494,-103.698243,Loving,TX,Delaware Mountain,ACTIVE,2025-07-16,2025-09-16,13112,27880,14835,12966,13355
42-389-53998,Minerals 11V,Culberson County,Texas Energy LLC,31.725204,-103.557083,Reeves,TX,Wolfcamp B,ACTIVE,2025-05-02,2025-07-17,9318,21796,12257,9121,9584
42-109-46478,Butler 2H,Balmorhea,Texas Energy LLC,31.744005,-104.288867,Culberson,TX,Wolfcamp A,ACTIVE,2023-10-13,2023-12-10,11351,20262,8436,11154,11649
42-495-39038,Ramirez 8H,Kermit,Texas Energy LLC,31.902384,-103.329384,Winkler,TX,Wolfcamp C,SHUT-IN,2025-12-05,2026-02-15,9942,23978,13548,9509,10061
42-389-81736,Wilson 10H,Mentone,Texas Energy LLC,31.10637,-103.647305,Reeves,TX,1st Bone Spring,ACTIVE,2022-07-04,2022-09-08,10190,22161,12324,10015,10425
42-389-40357,Resources 3V,Van Horn,Texas Energy LLC,31.409044,-103.657762,Reeves,TX,Wolfcamp B,SHUT-IN,2022-05-23,2022-08-03,10454,16152,5948,10310,10740
42-301-76454,Coleman 9H,Grandfalls,Texas Energy LLC,31.772566,-103.932731,Loving,TX,Bone Spring,ACTIVE,2025-06-14,2025-09-11,10446,16369,6213,10147,10664
42-389-67915,Gray 8H,Delaware Basin,Texas Energy LLC,31.630609,-103.780884,Reeves,TX,Wolfcamp A,ACTIVE,2023-01-04,2023-03-15,11976,20779,9093,11498,12158
42-389-69838,Wilson 12H,Red Hills,Texas Energy LLC,31.581207,-103.109132,Reeves,TX,Delaware Mountain,ACTIVE,2024-02-02,2024-04-28,9521,21678,12352,9128,9759
42-475-51349,Barnes 12V,Wink,Texas Energy LLC,31.578303,-103.439821,Ward,TX,Wolfcamp B,ACTIVE,2023-02-26,2023-05-14,11447,24039,12831,11087,11525
42-389-72516,Cox 7H,Coyanosa,Texas Energy LLC,31.636915,-103.594643,Reeves,TX,Wolfcamp B,SHUT-IN,2023-03-06,2023-04-25,13492,24893,11267,13043,13603
42-389-74742,Minerals 5V,Mentone,Texas Energy LLC,31.284111,-103.356437,Reeves,TX,Bone Spring,ACTIVE,2022-03-16,2022-05-08,11852,18364,6752,11440,11952
42-389-69015,Reed 10V,Coyanosa,Texas Energy LLC,31.39537,-103.470278,Reeves,TX,1st Bone Spring,ACTIVE,2024-12-20,2025-02-08,8507,17333,8786,8236,8604
42-301-72086,Simmons 8H,Kermit,Texas Energy LLC,31.682355,-103.652639,Loving,TX,Wolfcamp A,ACTIVE,2023-08-14,2023-11-10,10190,21984,11988,9970,10260
42-475-39225,Hill 9H,Loving,Texas Energy LLC,31.617228,-103.461032,Ward,TX,Wolfcamp A,ACTIVE,2025-04-07,2025-06-24,10537,25016,14339,10346,10729
42-495-43242,White 12H,Imperial,Texas Energy LLC,31.834624,-103.338698,Winkler,TX,3rd Bone Spring,ACTIVE,2024-03-23,2024-06-11,11423,20261,8657,11022,11681
42-475-50571,Griffin 12H,Mentone,Texas Energy LLC,31.341545,-103.487878,Ward,TX,Wolfcamp A,ACTIVE,2025-11-13,2026-01-05,10711,16680,6391,10574,10890
42-389-93833,Ford 10H,Mentone,Texas Energy LLC,31.742362,-103.568496,Reeves,TX,Delaware Mountain,ACTIVE,2023-10-12,2023-12-12,10835,22116,11343,10441,10969
42-389-67172,Cook 7H,Coyanosa,Texas Energy LLC,31.214087,-103.338923,Reeves,TX,Wolfcamp A,ACTIVE,2022-03-26,2022-06-02,12751,27405,14829,12480,12844
42-389-47824,Perry 8H,Culberson County,Texas Energy LLC,31.578399,-103.336798,Reeves,TX,Wolfcamp A,ACTIVE,2023-01-10,2023-04-01,10076,22033,12068,9804,10179
42-371-36368,Davis 11H,Mentone,Texas Energy LLC,30.975139,-103.737652,Pecos,TX,Wolfcamp A,ACTIVE,2025-08-13,2025-10-04,12983,22108,9140,12524,13072
42-389-73911,Reynolds 12H,Grandfalls,Texas Energy LLC,31.00117,-103.339887,Reeves,TX,Wolfcamp A,ACTIVE,2025-08-02,2025-09-25,10792,16860,6524,10574,11071
42-475-79411,Murphy 6H,Kermit,Texas Energy LLC,31.579381,-103.076744,Ward,TX,Wolfcamp A,ACTIVE,2022-08-07,2022-10-15,11064,19876,9179,10764,11161
42-475-36076,Nelson 5V,Loving,Texas Energy LLC,31.625168,-103.443064,Ward,TX,Wolfcamp B,ACTIVE,2023-04-21,2023-06-16,11478,19481,7974,11185,11772
42-475-54380,Harrison 1H,Wink,Texas Energy LLC,31.4788,-103.255865,Ward,TX,Wolfcamp C,ACTIVE,2024-06-20,2024-09-05,11214,24538,13414,10922,11323
42-389-57854,Washington 7H,Grandfalls,Texas Energy LLC,31.338288,-103.484049,Reeves,TX,Avalon Shale,ACTIVE,2025-08-24,2025-11-17,9202,17480,8388,9098,9470
42-475-89000,Thompson 7H,Kermit,Texas Energy LLC,31.661679,-103.057593,Ward,TX,Wolfcamp B,ACTIVE,2022-05-28,2022-08-02,8770,14063,5377,8545,8910
42-109-36829,Nelson 3H,Buena Vista,Texas Energy LLC,31.744057,-104.686774,Culberson,TX,Wolfcamp A,ACTIVE,2023-04-17,2023-06-06,11991,24461,12652,11807,12225
42-475-94092,Bennett 11V,Grandfalls,Texas Energy LLC,31.304619,-103.459296,Ward,TX,Wolfcamp A,ACTIVE,2024-08-17,2024-10-30,9966,20467,10272,9675,10150
42-389-70862,Beal 4V,Buena Vista,Texas Energy LLC,31.093784,-103.606596,Reeves,TX,Avalon Shale,ACTIVE,2022-09-01,2022-11-28,10212,24746,14643,9911,10458
42-495-33581,Kelly 5H,Van Horn,Texas Energy LLC,31.788994,-103.071074,Winkler,TX,1st Bone Spring,ACTIVE,2025-01-20,2025-03-20,10522,25099,14968,10060,10630
42-475-46880,Resources 6H,Fort Stockton,Texas Energy LLC,31.245989,-103.076362,Ward,TX,Wolfcamp A,ACTIVE,2023-10-14,2023-12-23,12564,17938,5483,12115,12723
42-389-65060,Coleman 10H,Fort Stockton,Texas Energy LLC,31.717054,-103.202614,Reeves,TX,2nd Bone Spring,ACTIVE,2022-02-26,2022-05-21,13494,20506,6669,13107,13554
42-389-92425,West 9H,Monahans,Texas Energy LLC,31.575756,-103.265445,Reeves,TX,1st Bone Spring,ACTIVE,2023-04-22,2023-07-15,11203,19832,8812,10822,11276
42-475-51804,Hughes 9H,Delaware Basin,Texas Energy LLC,31.444643,-103.484647,Ward,TX,1st Bone Spring,ACTIVE,2024-12-01,2025-02-25,12947,19262,5995,12813,13152
42-389-51491,Ranch 4H,Balmorhea,Texas Energy LLC,31.185463,-103.320912,Reeves,TX,3rd Bone Spring,ACTIVE,2023-05-09,2023-07-17,8684,20589,11572,8222,8961
42-475-45292,Reed 8H,Buena Vista,Texas Energy LLC,31.269889,-103.026869,Ward,TX,Wolfcamp A,ACTIVE,2025-08-12,2025-11-07,12925,24892,11866,12445,13161
42-475-85824,Wallace 8H,Mentone,Texas Energy LLC,31.492489,-103.061879,Ward,TX,Wolfcamp B,ACTIVE,2024-04-28,2024-07-24,12551,24567,12085,12422,12764
42-475-85129,Ranch 2H,Pecos Valley,Texas Energy LLC,31.681976,-103.101066,Ward,TX,Wolfcamp A,ACTIVE,2025-12-21,2026-03-09,11816,17331,5603,11386,11983
42-389-52347,Harris 1H,Monahans,Texas Energy LLC,31.128014,-103.548915,Reeves,TX,Wolfcamp A,ACTIVE,2022-03-26,2022-06-17,9596,15220,5455,9308,9792
42-109-70953,Hill 3H,Mentone,Texas Energy LLC,31.546152,-104.337665,Culberson,TX,Wolfcamp B,SHUT-IN,2024-02-25,2024-04-27,13203,22234,8705,12884,13469
42-495-97065,Patterson 7H,Wink,Texas Energy LLC,31.944829,-103.42005,Winkler,TX,2nd Bone Spring,ACTIVE,2023-03-28,2023-05-21,9965,15734,5840,9708,10094
42-389-97127,Wheeler 5V,Red Hills,Texas Energy LLC,31.643345,-103.546564,Reeves,TX,Wolfcamp B,ACTIVE,2022-08-14,2022-10-23,10108,20243,10016,9614,10206
42-301-43958,Hayes 1H,Delaware Basin,Texas Energy LLC,31.78303,-103.573324,Loving,TX,Bone Spring,ACTIVE,2025-02-03,2025-03-21,10260,23604,13578,9794,10548
42-389-37492,Long 11H,Red Hills,Texas Energy LLC,31.132743,-103.472911,Reeves,TX,Brushy Canyon,ACTIVE,2024-11-17,2025-01-23,12819,26205,13690,12341,13007
42-109-98354,Fisher 4H,Loving,Texas Energy LLC,31.564292,-104.039142,Culberson,TX,1st Bone Spring,ACTIVE,2022-12-15,2023-02-28,11065,23049,11637,10771,11157
42-371-83264,Roberts 3H,Pecos Valley,Texas Energy LLC,31.27907,-102.825679,Pecos,TX,Delaware Mountain,ACTIVE,2024-07-26,2024-10-21,10532,19566,9371,10073,10609
42-389-53437,Davis 3H,Orla,Texas Energy LLC,31.230698,-103.130361,Reeves,TX,Wolfcamp A,ACTIVE,2023-09-21,2023-11-06,10901,23217,11824,10452,11089
42-371-85739,Phillips 1H,Culberson County,Texas Energy LLC,30.884023,-103.464583,Pecos,TX,Wolfcamp A,ACTIVE,2024-11-08,2025-01-07,12059,19415,6945,11910,12294
42-475-35535,Beal 1H,Ward-Estes,Texas Energy LLC,31.681893,-103.257079,Ward,TX,Wolfcamp B,ACTIVE,2025-06-22,2025-09-17,9239,21206,11502,8769,9504
42-495-99884,Butler 5H,Mentone,Texas Energy LLC,31.957018,-103.058832,Winkler,TX,Wolfcamp B,SHUT-IN,2025-03-02,2025-05-30,9919,17186,6886,9574,10163
42-371-55477,Cattle Co 11V,Loving,Texas Energy LLC,31.221485,-102.544884,Pecos,TX,Brushy Canyon,ACTIVE,2023-04-16,2023-07-06,12348,17485,5317,11987,12623
42-371-96952,Bailey 8V,Loving,Texas Energy LLC,30.711617,-102.858557,Pecos,TX,Bone Spring,ACTIVE,2025-07-05,2025-08-25,8635,16985,8315,8277,8860
42-389-46827,Bass 9H,Toyah,Texas Energy LLC,31.474743,-103.32733,Reeves,TX,Wolfcamp A,ACTIVE,2025-09-21,2025-11-08,10574,24789,14595,10117,10756
42-371-52004,Coleman 2H,Balmorhea,Texas Energy LLC,31.079209,-103.742784,Pecos,TX,Wolfcamp B,ACTIVE,2025-07-04,2025-09-01,10251,16850,6734,9986,10345
42-301-35694,Cox 10H,Buena Vista,Texas Energy LLC,31.768997,-103.685425,Loving,TX,Wolfcamp A,ACTIVE,2024-04-25,2024-06-13,9543,22316,12652,9216,9837
42-389-86996,Fisher 8H,Pecos Valley,Texas Energy LLC,31.241082,-103.798048,Reeves,TX,2nd Bone Spring,ACTIVE,2022-11-23,2023-01-13,13128,21051,7814,13005,13220
42-301-58673,Bass 2V,Loving,Texas Energy LLC,31.940852,-103.850077,Loving,TX,Wolfcamp A,ACTIVE,2025-12-24,2026-03-19,10179,20246,10064,10003,10295
42-301-35831,Williams 7H,Culberson County,Texas Energy LLC,31.740504,-103.964808,Loving,TX,Wolfcamp B,ACTIVE,2025-04-14,2025-06-18,10536,22765,11730,10073,10751
42-495-55506,Cattle Co 10H,Buena Vista,Texas Energy LLC,32.079202,-103.135347,Winkler,TX,Avalon Shale,ACTIVE,2025-06-21,2025-08-24,10249,21329,11436,9909,10326
42-495-41296,Ford 6H,Buena Vista,Texas Energy LLC,32.09686,-103.160626,Winkler,TX,2nd Bone Spring,SHUT-IN,2022-11-09,2023-01-18,13164,20877,7463,13027,13347
42-475-72260,Anderson 12H,Grandfalls,Texas Energy LLC,31.486269,-103.095837,Ward,TX,Wolfcamp B,ACTIVE,2024-03-20,2024-05-23,11476,23325,12143,11122,11688
42-371-80780,Cattle Co 7H,Red Hills,Texas Energy LLC,31.247958,-102.588553,Pecos,TX,Delaware Mountain,SHUT-IN,2025-07-28,2025-10-15,12120,25862,13366,11882,12372
42-389-60785,Johnson 7H,Ward-Estes,Texas Energy LLC,31.738358,-103.381601,Reeves,TX,Avalon Shale,ACTIVE,2024-12-20,2025-03-12,12922,20701,7340,12758,13206
42-475-41157,Jordan 6H,Grandfalls,Texas Energy LLC,31.352346,-103.125852,Ward,TX,Wolfcamp C,ACTIVE,2023-03-06,2023-05-04,10570,18370,8183,10378,10791
42-301-88077,Washington 8H,Loving,Texas Energy LLC,31.735967,-103.553768,Loving,TX,2nd Bone Spring,ACTIVE,2022-07-05,2022-09-03,11527,21073,9228,11220,11801
42-109-73452,Minerals 5H,Culberson County,Texas Energy LLC,31.594711,-104.031535,Culberson,TX,Wolfcamp A,ACTIVE,2024-12-26,2025-03-17,10633,16783,6006,10291,10831
42-495-69179,Morgan 12V,Balmorhea,Texas Energy LLC,32.03723,-103.226097,Winkler,TX,1st Bone Spring,ACTIVE,2023-10-23,2023-12-25,11328,18728,7173,10896,11627
42-389-35068,Nelson 5H,Fort Stockton,Texas Energy LLC,31.044654,-103.391187,Reeves,TX,1st Bone Spring,ACTIVE,2025-03-04,2025-05-12,9993,16267,6210,9561,10092
42-371-86347,Patterson 3H,Van Horn,Texas Energy LLC,30.835752,-103.537007,Pecos,TX,Bone Spring,ACTIVE,2025-03-13,2025-06-04,12261,17553,5252,12042,12449
42-371-47991,Graham 10H,Van Horn,Texas Energy LLC,30.570236,-103.303131,Pecos,TX,Wolfcamp C,ACTIVE,2023-07-10,2023-10-01,11197,23611,12359,11030,11299
42-475-58885,Morgan 7H,Pecos Valley,Texas Energy LLC,31.538456,-103.385035,Ward,TX,Bone Spring,ACTIVE,2024-04-10,2024-05-30,11768,21948,10603,11385,12056
42-495-46849,Ward 5H,Balmorhea,Texas Energy LLC,31.75861,-103.353834,Winkler,TX,Wolfcamp A,ACTIVE,2023-10-01,2023-12-01,11483,25078,13332,11119,11636
42-475-52746,University 4H,Culberson County,Texas Energy LLC,31.658813,-103.360265,Ward,TX,Wolfcamp C,ACTIVE,2025-04-08,2025-05-29,9171,21093,11693,8844,9334
42-389-53616,Flores 9H,Red Hills,Texas Energy LLC,31.597502,-103.103569,Reeves,TX,Wolfcamp A,ACTIVE,2025-05-16,2025-07-04,8996,20974,11919,8884,9268
42-475-97033,Baker 5H,Pecos Valley,Texas Energy LLC,31.257823,-103.050248,Ward,TX,2nd Bone Spring,SHUT-IN,2023-06-14,2023-08-02,11204,21526,10143,11041,11438
42-371-84332,Baker 7H,Van Horn,Texas Energy LLC,30.945058,-102.502116,Pecos,TX,Delaware Mountain,ACTIVE,2025-12-09,2026-03-09,11481,20740,9318,11192,11624
42-389-40962,Barnes 10H,Monahans,Texas Energy LLC,31.076311,-103.681521,Reeves,TX,Wolfcamp A,ACTIVE,2025-09-24,2025-12-14,10404,16654,5965,10052,10518
42-389-59225,White 8H,Wink,Texas Energy LLC,31.056419,-103.719934,Reeves,TX,Wolfcamp A,ACTIVE,2024-11-23,2025-02-20,11762,21477,9666,11516,11884
42-389-69675,Campbell 4H,Buena Vista,Texas Energy LLC,31.098099,-103.435206,Reeves,TX,Wolfcamp B,ACTIVE,2025-01-04,2025-03-04,12723,22687,10141,12240,12773
42-109-60763,Wallace 3H,Loving,Texas Energy LLC,31.524108,-104.514341,Culberson,TX,Delaware Mountain,ACTIVE,2023-02-26,2023-05-14,12397,25989,13771,12244,12653
42-301-76441,Bryant 6H,Ward-Estes,Texas Energy LLC,31.772443,-103.824453,Loving,TX,Wolfcamp A,ACTIVE,2022-09-02,2022-11-26,12095,20629,8432,11920,12149
42-371-49973,Wilson 10H,Red Hills,Texas Energy LLC,30.690836,-103.184371,Pecos,TX,Wolfcamp C,SHUT-IN,2023-10-20,2024-01-18,9438,17608,7683,9179,9515
42-389-58698,Harris 2V,Coyanosa,Texas Energy LLC,31.704597,-103.625883,Reeves,TX,Bone Spring,ACTIVE,2025-10-11,2025-12-14,9164,17803,8973,8745,9337
42-109-30211,Hill 3H,Reeves County,Texas Energy LLC,31.832096,-104.711374,Culberson,TX,Wolfcamp B,ACTIVE,2024-07-18,2024-09-20,11960,25333,12945,11651,12173
42-371-70051,Resources 11H,Coyanosa,Texas Energy LLC,31.254683,-103.787414,Pecos,TX,Wolfcamp B,ACTIVE,2025-12-18,2026-02-20,11171,25310,14616,10781,11422
42-495-75974,Davis 2V,Wink,Texas Energy LLC,31.744779,-103.481472,Winkler,TX,1st Bone Spring,SHUT-IN,2022-03-26,2022-06-06,12927,24831,11629,12468,13050
42-495-68955,Anderson 7H,Coyanosa,Texas Energy LLC,32.062528,-103.17105,Winkler,TX,Wolfcamp B,ACTIVE,2024-05-24,2024-07-11,9621,15343,6126,9220,9672
42-109-38692,Wheeler 7H,Orla,Texas Energy LLC,31.842476,-104.0591,Culberson,TX,3rd Bone Spring,ACTIVE,2022-06-12,2022-08-03,11023,19882,8861,10672,11310
42-109-86363,Baker 10H,Van Horn,Texas Energy LLC,31.469282,-104.021208,Culberson,TX,3rd Bone Spring,ACTIVE,2025-12-06,2026-02-14,11106,24243,13475,10783,11215
42-109-51410,Simmons 9H,Ward-Estes,Texas Energy LLC,31.396229,-104.645513,Culberson,TX,Avalon Shale,ACTIVE,2023-06-13,2023-09-11,12277,25746,13257,11926,12343
42-371-61108,Woods 2V,Monahans,Texas Energy LLC,30.70043,-103.627984,Pecos,TX,Brushy Canyon,SHUT-IN,2023-06-11,2023-08-03,13450,19184,5897,13338,13659
42-389-38593,Foster 5H,Fort Stockton,Texas Energy LLC,31.725132,-103.531248,Reeves,TX,Bone Spring,ACTIVE,2022-10-05,2022-11-30,11740,23629,12312,11281,11848
42-389-85164,Reynolds 6H,Reeves County,Texas Energy LLC,31.481693,-103.2306,Reeves,TX,1st Bone Spring,ACTIVE,2023-11-15,2024-02-09,9614,14574,5050,9412,9824
42-389-41793,Parker 9H,Kermit,Texas Energy LLC,31.391187,-103.503336,Reeves,TX,Bone Spring,ACTIVE,2023-10-01,2023-11-21,11307,17277,5996,11164,11407
42-109-34122,Rivera 8V,Pecos Valley,Texas Energy LLC,31.382045,-104.525752,Culberson,TX,Bone Spring,ACTIVE,2024-02-07,2024-04-30,8742,22046,13781,8377,8923
42-495-57202,Watson 5H,Loving,Texas Energy LLC,31.757169,-103.291527,Winkler,TX,Wolfcamp A,SHUT-IN,2024-07-04,2024-08-26,9326,17132,7571,8946,9525
42-389-75591,Ranch 12V,Van Horn,Texas Energy LLC,31.281763,-103.201403,Reeves,TX,Wolfcamp B,ACTIVE,2022-09-07,2022-12-06,10069,19361,9617,9583,10256
42-389-48941,Woods 11H,Monahans,Texas Energy LLC,31.562765,-103.379333,Reeves,TX,Wolfcamp A,ACTIVE,2024-06-13,2024-08-14,10537,20719,9762,10319,10684
42-389-84815,Harrison 9H,Fort Stockton,Texas Energy LLC,31.440397,-103.623232,Reeves,TX,Delaware Mountain,ACTIVE,2022-07-03,2022-09-16,11932,25966,13581,11575,12184
42-475-42240,Graham 5H,Orla,Texas Energy LLC,31.609212,-103.124431,Ward,TX,3rd Bone Spring,ACTIVE,2022-04-16,2022-07-09,9096,21481,12461,8674,9293
42-495-80299,James 12V,Kermit,Texas Energy LLC,32.001167,-103.115106,Winkler,TX,1st Bone Spring,SHUT-IN,2025-01-13,2025-03-01,12493,18901,6422,12264,12682
42-475-54370,Beal 6H,Loving,Texas Energy LLC,31.44819,-103.045866,Ward,TX,Delaware Mountain,ACTIVE,2025-03-05,2025-04-23,10575,16335,5897,10441,10680
42-475-80038,Simmons 1H,Red Hills,Texas Energy LLC,31.413583,-103.047645,Ward,TX,Wolfcamp C,ACTIVE,2025-07-24,2025-10-14,9503,15781,6342,9362,9600
42-389-73420,Mitchell 11H,Loving,Texas Energy LLC,31.274183,-103.655928,Reeves,TX,3rd Bone Spring,ACTIVE,2025-09-11,2025-11-06,12123,16788,5099,11772,12190
42-389-39103,Sanders 3H,Coyanosa,Texas Energy LLC,31.133316,-103.567491,Reeves,TX,1st Bone Spring,ACTIVE,2023-05-03,2023-06-27,8579,23171,14732,8237,8778
42-109-87965,Morgan 9H,Monahans,Texas Energy LLC,31.746797,-104.415647,Culberson,TX,2nd Bone Spring,ACTIVE,2024-07-24,2024-09-26,9472,24178,14761,9002,9555
42-475-68112,Coleman 10V,Imperial,Texas Energy LLC,31.218509,-103.30016,Ward,TX,Avalon Shale,ACTIVE,2022-09-01,2022-11-12,13221,23461,10174,13089,13339
42-389-43926,Davis 1H,Red Hills,Texas Energy LLC,31.730087,-103.29922,Reeves,TX,Wolfcamp A,ACTIVE,2025-01-16,2025-03-11,8507,14306,5619,8208,8625
42-389-92352,Foster 10H,Buena Vista,Texas Energy LLC,31.362991,-103.490687,Reeves,TX,Wolfcamp B,ACTIVE,2024-10-21,2025-01-09,10200,15690,5801,10025,10264
42-389-65557,State 2H,Kermit,Texas Energy LLC,31.042468,-103.341669,Reeves,TX,1st Bone Spring,ACTIVE,2022-01-10,2022-04-06,11666,20342,8787,11306,11966
42-475-71426,Myers 1H,Reeves County,Texas Energy LLC,31.259353,-103.251313,Ward,TX,Wolfcamp C,ACTIVE,2022-02-26,2022-05-20,10995,24398,13328,10790,11212
42-389-49722,Watson 7H,Delaware Basin,Texas Energy LLC,31.597147,-103.264129,Reeves,TX,Delaware Mountain,ACTIVE,2025-05-27,2025-07-29,9815,19219,9201,9408,9925
42-475-34306,Ranch 5H,Orla,Texas Energy LLC,31.288435,-103.170294,Ward,TX,Bone Spring,ACTIVE,2025-08-25,2025-10-16,13160,26372,13037,12777,13385
42-389-84003,Rogers 1H,Coyanosa,Texas Energy LLC,31.781061,-103.397847,Reeves,TX,3rd Bone Spring,ACTIVE,2025-05-27,2025-07-12,9043,20843,12077,8875,9249
42-495-42595,Harris 5H,Van Horn,Texas Energy LLC,31.754382,-103.169184,Winkler,TX,Avalon Shale,ACTIVE,2025-10-13,2025-12-26,12857,27301,14282,12525,13010
42-371-51177,Minerals 11H,Mentone,Texas Energy LLC,31.27652,-103.123019,Pecos,TX,Wolfcamp B,ACTIVE,2025-11-10,2026-01-14,9619,23014,12939,9163,9688
42-389-93936,Myers 7H,Grandfalls,Texas Energy LLC,31.2897,-103.44889,Reeves,TX,Wolfcamp A,ACTIVE,2024-11-21,2025-01-12,10084,21481,11726,9862,10188
42-495-65183,Wheeler 2H,Loving,Texas Energy LLC,32.069181,-103.185235,Winkler,TX,Wolfcamp A,ACTIVE,2022-08-06,2022-10-01,11744,22268,10091,11611,11860
42-389-52936,Powell 5H,Orla,Texas Energy LLC,31.444853,-103.601264,Reeves,TX,Wolfcamp B,ACTIVE,2024-10-19,2025-01-10,10934,15958,5523,10695,11007
42-389-66935,Green 7H,Van Horn,Texas Energy LLC,31.158931,-103.509853,Reeves,TX,Avalon Shale,ACTIVE,2022-09-21,2022-12-14,10373,17327,6457,10037,10473
42-389-30529,King 12H,Wink,Texas Energy LLC,31.203774,-103.414686,Reeves,TX,1st Bone Spring,ACTIVE,2024-12-27,2025-03-05,12992,24498,11471,12556,13251
42-389-43277,Collins 1H,Grandfalls,Texas Energy LLC,31.116751,-103.302226,Reeves,TX,Bone Spring,ACTIVE,2025-07-11,2025-10-03,12270,23090,10684,12003,12392
42-475-77560,Powell 4H,Monahans,Texas Energy LLC,31.651579,-103.157376,Ward,TX,Wolfcamp B,SHUT-IN,2024-05-03,2024-07-02,10936,19762,8446,10754,11220
42-475-35861,White 7H,Monahans,Texas Energy LLC,31.313094,-103.086445,Ward,TX,1st Bone Spring,ACTIVE,2025-08-10,2025-09-30,13323,19598,6365,13205,13455
42-301-90377,Cooper 10H,Buena Vista,Texas Energy LLC,31.967288,-103.652603,Loving,TX,Bone Spring,ACTIVE,2024-06-22,2024-09-06,9959,15464,5272,9485,10047
42-301-66896,Kelly 3H,Coyanosa,Texas Energy LLC,31.756295,-103.970909,Loving,TX,2nd Bone Spring,ACTIVE,2023-06-01,2023-08-20,9254,22558,13062,8834,9515
42-389-63382,Cooper 12V,Reeves County,Texas Energy LLC,31.264473,-103.56224,Reeves,TX,Wolfcamp C,SHUT-IN,2025-04-24,2025-07-18,9536,17387,7788,9260,9794
42-495-68159,White 7H,Mentone,Texas Energy LLC,32.088293,-103.307114,Winkler,TX,Wolfcamp B,ACTIVE,2022-10-20,2023-01-04,11976,21031,9213,11762,12094
42-301-99337,Jordan 5H,Monahans,Texas Energy LLC,31.799803,-103.986005,Loving,TX,Delaware Mountain,ACTIVE,2024-08-11,2024-10-24,11788,26631,14614,11320,12042
42-371-78382,University 10V,Delaware Basin,Texas Energy LLC,30.789824,-103.148107,Pecos,TX,2nd Bone Spring,ACTIVE,2023-08-07,2023-09-23,10230,20121,9946,10083,10366
42-495-50892,Wood 10H,Monahans,Texas Energy LLC,31.741485,-103.044387,Winkler,TX,Wolfcamp A,ACTIVE,2024-10-01,2024-12-28,9570,22926,12914,9221,9648
42-109-35297,Hart 5H,Balmorhea,Texas Energy LLC,31.453173,-104.409886,Culberson,TX,Wolfcamp B,ACTIVE,2024-07-16,2024-09-28,8880,14697,5653,8615,8956
42-475-33969,Rogers 11H,Monahans,Texas Energy LLC,31.449019,-103.186418,Ward,TX,Bone Spring,SHUT-IN,2025-02-23,2025-04-12,9794,21921,12202,9447,9962
42-475-37542,Cole 3H,Delaware Basin,Texas Energy LLC,31.647921,-103.261687,Ward,TX,1st Bone Spring,SHUT-IN,2024-10-09,2024-11-24,13396,26378,13041,12936,13641
42-389-77342,Woods 2H,Ward-Estes,Texas Energy LLC,31.220795,-103.288149,Reeves,TX,1st Bone Spring,ACTIVE,2023-03-12,2023-05-01,9437,18921,9271,8937,9637
42-389-44040,Resources 4V,Van Horn,Texas Energy LLC,31.192981,-103.602031,Reeves,TX,Delaware Mountain,ACTIVE,2023-11-16,2024-02-02,8527,16450,7442,8417,8660
42-495-77084,Howard 3H,Fort Stockton,Texas Energy LLC,31.73991,-103.197182,Winkler,TX,Wolfcamp B,ACTIVE,2025-01-01,2025-02-25,9543,18173,9092,9377,9650
42-475-71714,Hayes 3H,Red Hills,Texas Energy LLC,31.540781,-103.499673,Ward,TX,Wolfcamp B,ACTIVE,2024-07-13,2024-10-05,11218,23781,12481,11099,11275
42-109-50787,Hayes 1H,Ward-Estes,Texas Energy LLC,31.879437,-104.252441,Culberson,TX,2nd Bone Spring,ACTIVE,2022-02-01,2022-04-26,11475,23598,11644,11121,11669
42-475-67980,Johnson 9H,Ward-Estes,Texas Energy LLC,31.663902,-103.245891,Ward,TX,Delaware Mountain,ACTIVE,2023-02-15,2023-04-23,12775,26437,13407,12556,12971
42-371-71973,Gray 1V,Orla,Texas Energy LLC,31.231464,-103.318084,Pecos,TX,Delaware Mountain,ACTIVE,2024-09-19,2024-12-10,11920,21412,9836,11720,12054
42-389-47784,Clayton 6H,Van Horn,Texas Energy LLC,31.682304,-103.605487,Reeves,TX,Delaware Mountain,ACTIVE,2023-01-12,2023-03-22,9645,14693,5451,9206,9884
42-495-72160,Davis 11H,Pecos Valley,Texas Energy LLC,31.848149,-103.428257,Winkler,TX,Wolfcamp A,ACTIVE,2025-10-04,2025-12-02,8788,23080,14234,8651,8843
42-475-80475,Anderson 9V,Delaware Basin,Texas Energy LLC,31.501062,-103.107971,Ward,TX,Wolfcamp A,ACTIVE,2025-03-14,2025-05-15,9950,17259,7665,9542,10241
42-389-81214,Phillips 9V,Grandfalls,Texas Energy LLC,31.525155,-103.529888,Reeves,TX,Wolfcamp A,ACTIVE,2024-02-17,2024-05-15,11393,23734,11888,10988,11454
42-109-88648,Harrison 12H,Culberson County,Texas Energy LLC,31.499826,-104.370186,Culberson,TX,1st Bone Spring,ACTIVE,2022-08-15,2022-10-24,10189,19348,8979,9939,10404
42-109-96448,Collins 10H,Toyah,Texas Energy LLC,31.375499,-104.459285,Culberson,TX,Bone Spring,ACTIVE,2024-10-23,2025-01-09,10125,24699,14305,9954,10208
42-389-75178,Martin 3V,Wink,Texas Energy LLC,31.768016,-103.178902,Reeves,TX,1st Bone Spring,ACTIVE,2023-07-19,2023-09-24,12960,20306,7402,12522,13078
42-475-78752,Patterson 7V,Reeves County,Texas Energy LLC,31.25701,-103.365898,Ward,TX,Bone Spring,ACTIVE,2022-07-19,2022-09-02,10198,25151,14576,10007,10295
42-389-80516,Myers 7V,Delaware Basin,Texas Energy LLC,31.40078,-103.54905,Reeves,TX,Wolfcamp C,ACTIVE,2023-12-14,2024-01-29,12638,18589,5688,12147,12839
42-475-34903,Price 2H,Loving,Texas Energy LLC,31.34506,-103.424231,Ward,TX,Brushy Canyon,ACTIVE,2023-12-06,2024-02-21,12729,27869,14973,12362,13017
42-389-35836,Coleman 7H,Loving,Texas Energy LLC,31.082252,-103.592283,Reeves,TX,Wolfcamp A,ACTIVE,2025-07-05,2025-09-10,10849,19992,8700,10399,10997
42-475-77254,Turner 6H,Delaware Basin,Texas Energy LLC,31.288673,-103.264051,Ward,TX,Delaware Mountain,ACTIVE,2023-07-13,2023-09-19,11223,25809,14219,11090,11341
42-371-70572,Cattle Co 2H,Wink,Texas Energy LLC,30.937709,-102.540369,Pecos,TX,Wolfcamp A,ACTIVE,2024-03-03,2024-05-04,13222,24035,10952,13077,13290
42-389-68905,Ramirez 1H,Van Horn,Texas Energy LLC,31.100289,-103.47037,Reeves,TX,2nd Bone Spring,ACTIVE,2022-07-23,2022-09-28,12456,21181,8736,12144,12538
42-389-40302,Wilson 2H,Coyanosa,Texas Energy LLC,31.339844,-103.265883,Reeves,TX,2nd Bone Spring,ACTIVE,2022-01-26,2022-04-23,12706,26984,14718,12366,12786
42-389-40696,Anderson 12H,Orla,Texas Energy LLC,31.29993,-103.780269,Reeves,TX,3rd Bone Spring,ACTIVE,2024-08-23,2024-10-15,12342,24821,12349,12240,12623
42-371-52709,James 4H,Reeves County,Texas Energy LLC,30.710967,-103.134402,Pecos,TX,Wolfcamp A,ACTIVE,2024-04-14,2024-06-27,12379,21135,8973,11941,12575
42-371-84140,Fisher 2V,Orla,Texas Energy LLC,31.060678,-103.31576,Pecos,TX,Wolfcamp A,SHUT-IN,2025-02-19,2025-05-11,9010,21314,12126,8844,9120
42-495-93956,Hart 4H,Delaware Basin,Texas Energy LLC,32.048953,-103.48205,Winkler,TX,Brushy Canyon,SHUT-IN,2022-11-23,2023-01-13,12134,20069,7725,11881,12415
42-371-65396,Kelly 6H,Buena Vista,Texas Energy LLC,31.272115,-103.652618,Pecos,TX,Bone Spring,ACTIVE,2022-08-22,2022-11-14,10779,17007,6364,10632,10919
42-495-52323,West 6H,Grandfalls,Texas Energy LLC,31.972507,-103.326862,Winkler,TX,Wolfcamp C,ACTIVE,2024-10-03,2024-12-15,9045,14785,5896,8919,9230
42-301-42186,Hill 11H,Wink,Texas Energy LLC,31.982925,-103.79558,Loving,TX,3rd Bone Spring,ACTIVE,2023-11-24,2024-02-02,12542,17997,5128,12158,12657
42-475-85735,Campbell 6H,Wink,Texas Energy LLC,31.662306,-103.207399,Ward,TX,1st Bone Spring,ACTIVE,2022-12-15,2023-01-29,11108,18934,8197,10664,11259
42-475-35144,Griffin 1H,Monahans,Texas Energy LLC,31.47885,-103.241937,Ward,TX,Wolfcamp B,ACTIVE,2024-05-15,2024-07-09,11960,21910,9823,11833,12186
42-475-91566,Flores 4H,Pecos Valley,Texas Energy LLC,31.680328,-103.156754,Ward,TX,Wolfcamp C,ACTIVE,2024-06-13,2024-07-29,12521,24910,12148,12193,12803
42-371-67613,Price 8H,Delaware Basin,Texas Energy LLC,30.531162,-103.303086,Pecos,TX,Wolfcamp A,ACTIVE,2022-05-04,2022-07-21,9859,23566,13304,9753,9995
42-495-62112,Barnes 5V,Monahans,Texas Energy LLC,31.713597,-103.379572,Winkler,TX,Brushy Canyon,ACTIVE,2022-08-28,2022-11-22,11630,21286,9509,11196,11793
42-109-74778,Murphy 1H,Pecos Valley,Texas Energy LLC,31.447437,-104.032806,Culberson,TX,1st Bone Spring,ACTIVE,2022-01-22,2022-03-19,11884,26406,14106,11428,12114
42-475-88975,Resources 3H,Culberson County,Texas Energy LLC,31.511905,-103.367463,Ward,TX,Wolfcamp A,ACTIVE,2022-07-18,2022-09-02,8547,19636,11470,8441,8640
42-495-63211,Gibson 9H,Fort Stockton,Texas Energy LLC,31.842183,-103.207216,Winkler,TX,Wolfcamp A,ACTIVE,2023-07-02,2023-08-21,11909,21606,9876,11509,12144
42-475-88939,King 1V,Buena Vista,Texas Energy LLC,31.61475,-103.15648,Ward,TX,Wolfcamp B,ACTIVE,2025-06-21,2025-09-17,10864,19112,8398,10406,11161
42-389-69776,Jordan 4H,Kermit,Texas Energy LLC,31.560728,-103.111747,Reeves,TX,Bone Spring,ACTIVE,2024-05-06,2024-07-20,8921,21483,12454,8422,9188
42-301-48625,Resources 8V,Imperial,Texas Energy LLC,31.825244,-103.905883,Loving,TX,Wolfcamp B,ACTIVE,2022-01-08,2022-04-01,10292,15657,5326,9948,10342
42-389-51893,University 8H,Wink,Texas Energy LLC,31.525838,-103.312892,Reeves,TX,3rd Bone Spring,ACTIVE,2023-10-09,2023-11-23,11998,23172,10717,11716,12240
42-301-86799,Hart 7V,Kermit,Texas Energy LLC,31.986325,-103.907227,Loving,TX,Wolfcamp B,ACTIVE,2024-03-25,2024-06-19,12570,23093,10109,12432,12620
42-109-63940,Owens 2H,Imperial,Texas Energy LLC,31.762388,-104.362828,Culberson,TX,1st Bone Spring,ACTIVE,2024-07-04,2024-09-26,13421,21864,7996,13186,13483
42-389-62208,Sullivan 6H,Imperial,Texas Energy LLC,31.399441,-103.341774,Reeves,TX,2nd Bone Spring,SHUT-IN,2025-08-06,2025-10-12,9886,17416,7293,9507,10061
42-389-99607,Land Trust 2H,Ward-Estes,Texas Energy LLC,31.380215,-103.653183,Reeves,TX,Bone Spring,ACTIVE,2024-04-14,2024-06-23,10558,23965,13443,10115,10803
42-301-51368,Campbell 4V,Grandfalls,Texas Energy LLC,31.640967,-103.922723,Loving,TX,1st Bone Spring,ACTIVE,2022-07-15,2022-09-02,9454,17049,7150,9346,9626
42-475-82450,Rivera 7H,Mentone,Texas Energy LLC,31.569602,-103.10302,Ward,TX,Brushy Canyon,ACTIVE,2024-10-07,2025-01-05,9672,23589,13520,9280,9922
42-371-81222,Gray 2H,Delaware Basin,Texas Energy LLC,30.580537,-102.765926,Pecos,TX,Brushy Canyon,ACTIVE,2025-07-11,2025-10-04,12193,19516,7639,11941,12245
42-371-73272,Williams 1V,Balmorhea,Texas Energy LLC,30.579977,-102.50479,Pecos,TX,Wolfcamp A,ACTIVE,2025-08-04,2025-10-05,13360,23264,9774,12991,13428
42-475-75340,Beal 6H,Monahans,Texas Energy LLC,31.363148,-103.363717,Ward,TX,Bone Spring,ACTIVE,2025-08-28,2025-10-29,11800,19064,7257,11631,11862
42-301-92324,Woods 7H,Van Horn,Texas Energy LLC,31.814203,-103.608071,Loving,TX,Avalon Shale,ACTIVE,2022-09-26,2022-12-18,10126,16640,6274,9685,10324
42-389-99520,Alexander 4V,Wink,Texas Energy LLC,31.377501,-103.320678,Reeves,TX,1st Bone Spring,ACTIVE,2025-03-28,2025-05-22,13498,20905,7574,13134,13669
42-109-82022,West 3H,Fort Stockton,Texas Energy LLC,31.578049,-104.316323,Culberson,TX,Wolfcamp A,ACTIVE,2025-02-24,2025-05-23,11107,25012,13567,11003,11357
42-475-75476,Diaz 12H,Wink,Texas Energy LLC,31.606633,-103.122804,Ward,TX,Bone Spring,ACTIVE,2023-04-21,2023-06-13,12210,25556,13187,11745,12456
42-475-59958,Minerals 4V,Monahans,Texas Energy LLC,31.607095,-103.139592,Ward,TX,Wolfcamp C,ACTIVE,2023-03-26,2023-05-19,12374,17213,5159,12059,12551
42-389-53491,University 5H,Mentone,Texas Energy LLC,31.120279,-103.753066,Reeves,TX,Wolfcamp A,ACTIVE,2024-02-02,2024-04-26,12339,26738,14739,12205,12478
42-371-95779,Ward 3H,Pecos Valley,Texas Energy LLC,31.080796,-102.835539,Pecos,TX,Brushy Canyon,ACTIVE,2024-09-01,2024-11-28,10437,16483,5852,10162,10596
42-495-69107,Hart 12V,Pecos Valley,Texas Energy LLC,31.928569,-103.450279,Winkler,TX,Wolfcamp A,ACTIVE,2025-02-17,2025-05-10,12915,20219,7033,12430,13018
42-109-59274,Gray 5H,Coyanosa,Texas Energy LLC,31.879929,-104.675567,Culberson,TX,1st Bone Spring,ACTIVE,2025-09-07,2025-11-11,13492,27742,14683,13181,13758
42-389-62268,Cattle Co 6H,Fort Stockton,Texas Energy LLC,31.317656,-103.170075,Reeves,TX,Wolfcamp A,ACTIVE,2025-02-25,2025-04-12,11440,18761,7243,11077,11664
42-389-77523,State 5H,Fort Stockton,Texas Energy LLC,31.311392,-103.610789,Reeves,TX,Avalon Shale,ACTIVE,2025-12-16,2026-02-18,12673,17991,5232,12409,12850
42-475-59400,Roberts 9H,Reeves County,Texas Energy LLC,31.571206,-103.219365,Ward,TX,1st Bone Spring,ACTIVE,2025-07-14,2025-10-10,11061,24662,14046,10955,11301
42-475-60241,Thompson 10H,Imperial,Texas Energy LLC,31.419161,-103.171325,Ward,TX,Bone Spring,ACTIVE,2023-02-14,2023-04-19,8857,14594,5824,8465,9095
42-109-45014,Collins 11H,Coyanosa,Texas Energy LLC,31.777197,-104.370424,Culberson,TX,Wolfcamp A,ACTIVE,2025-01-24,2025-03-26,12600,20546,7927,12446,12872
42-495-49600,Wood 8V,Red Hills,Texas Energy LLC,31.702517,-103.003029,Winkler,TX,Wolfcamp B,ACTIVE,2022-12-01,2023-02-10,9990,23520,13797,9777,10108
42-371-64395,Scott 6H,Grandfalls,Texas Energy LLC,31.055388,-103.171116,Pecos,TX,Wolfcamp C,ACTIVE,2024-02-08,2024-04-14,10714,23522,12992,10566,10864
42-475-89593,King 6H,Mentone,Texas Energy LLC,31.228727,-103.240734,Ward,TX,Wolfcamp B,ACTIVE,2025-08-24,2025-10-12,11686,19701,8382,11481,11815
42-301-66842,Cole 5H,Grandfalls,Texas Energy LLC,31.838743,-103.915811,Loving,TX,Bone Spring,SHUT-IN,2022-03-25,2022-06-04,8985,18915,9543,8550,9067
42-371-61584,Foster 11H,Fort Stockton,Texas Energy LLC,30.649177,-103.644904,Pecos,TX,Wolfcamp A,ACTIVE,2023-03-01,2023-05-05,10350,25616,14840,10010,10573
42-475-99581,Butler 6H,Culberson County,Texas Energy LLC,31.674983,-103.033974,Ward,TX,Wolfcamp A,ACTIVE,2023-08-14,2023-10-09,12146,21543,9574,11913,12351
42-371-72437,Taylor 12H,Delaware Basin,Texas Energy LLC,30.512625,-103.455022,Pecos,TX,Bone Spring,SHUT-IN,2025-06-17,2025-09-07,9393,21813,12405,9180,9685
42-389-36528,Edwards 7V,Orla,Texas Energy LLC,31.129598,-103.679069,Reeves,TX,Wolfcamp C,ACTIVE,2023-09-17,2023-11-20,8874,21151,12351,8555,8988
42-301-60843,Bass 11V,Culberson County,Texas Energy LLC,31.703883,-103.826573,Loving,TX,Avalon Shale,ACTIVE,2025-04-19,2025-06-29,9186,19659,10363,8856,9345
42-389-56143,Phillips 11V,Monahans,Texas Energy LLC,31.514122,-103.241961,Reeves,TX,3rd Bone Spring,SHUT-IN,2024-08-18,2024-11-02,11318,25599,14267,11054,11467
42-109-69319,Henderson 1H,Grandfalls,Texas Energy LLC,31.484553,-104.783468,Culberson,TX,Bone Spring,ACTIVE,2025-01-20,2025-03-16,8836,15873,6924,8378,9043
42-371-39244,Moore 7H,Van Horn,Texas Energy LLC,30.681044,-102.566235,Pecos,TX,2nd Bone Spring,SHUT-IN,2023-04-15,2023-06-08,10756,20632,10365,10330,10836
42-301-74359,Sullivan 12H,Pecos Valley,Texas Energy LLC,31.920341,-103.692987,Loving,TX,Wolfcamp A,ACTIVE,2022-03-16,2022-06-07,12066,18075,6444,11832,12172
42-389-65973,Howard 9H,Red Hills,Texas Energy LLC,31.088985,-103.644262,Reeves,TX,Delaware Mountain,ACTIVE,2025-02-01,2025-03-18,11873,23630,11703,11467,11938
42-475-49326,Scott 3H,Orla,Texas Energy LLC,31.260141,-103.121406,Ward,TX,3rd Bone Spring,ACTIVE,2022-07-03,2022-09-29,12066,20716,8308,11645,12153
42-475-63181,Murphy 12H,Coyanosa,Texas Energy LLC,31.669872,-103.390565,Ward,TX,Wolfcamp B,ACTIVE,2025-06-28,2025-09-13,10127,19530,9385,9926,10378
42-389-51141,Torres 4H,Reeves County,Texas Energy LLC,31.431393,-103.664626,Reeves,TX,Wolfcamp A,ACTIVE,2023-05-08,2023-07-25,10424,24658,14008,10324,10713
42-389-66746,Alexander 10H,Monahans,Texas Energy LLC,31.155561,-103.29398,Reeves,TX,1st Bone Spring,ACTIVE,2024-08-25,2024-11-09,9977,20591,10293,9873,10163
42-475-57962,Taylor 10H,Imperial,Texas Energy LLC,31.632602,-103.293937,Ward,TX,Wolfcamp B,ACTIVE,2025-12-03,2026-02-25,12716,20530,7314,12374,12817
42-109-66007,Parker 3H,Pecos Valley,Texas Energy LLC,31.81074,-104.082135,Culberson,TX,Wolfcamp A,ACTIVE,2023-03-23,2023-06-06,8819,14931,6002,8612,9090
42-301-44884,Minerals 5H,Coyanosa,Texas Energy LLC,31.659985,-103.986148,Loving,TX,Bone Spring,ACTIVE,2022-04-06,2022-06-07,9617,14858,5477,9375,9835
42-109-48899,Torres 2H,Loving,Texas Energy LLC,31.826578,-104.229831,Culberson,TX,Wolfcamp A,SHUT-IN,2025-11-18,2026-01-23,11644,19245,7292,11192,11879
42-475-54244,Cox 8H,Wink,Texas Energy LLC,31.246266,-103.083885,Ward,TX,2nd Bone Spring,ACTIVE,2023-01-26,2023-04-23,9610,22514,12759,9313,9855
42-495-91216,Coleman 7H,Balmorhea,Texas Energy LLC,31.998078,-103.252099,Winkler,TX,Wolfcamp B,ACTIVE,2024-07-04,2024-09-24,13313,23087,10105,13108,13607
42-371-91645,King 12V,Coyanosa,Texas Energy LLC,30.674734,-102.87939,Pecos,TX,Wolfcamp B,ACTIVE,2024-10-26,2024-12-22,12535,26249,13971,12405,12695
42-389-54141,Evans 3H,Pecos Valley,Texas Energy LLC,31.192311,-103.701413,Reeves,TX,Wolfcamp B,ACTIVE,2024-02-15,2024-05-15,9532,19188,10043,9064,9666
42-389-47555,Harrison 7H,Reeves County,Texas Energy LLC,31.705965,-103.290744,Reeves,TX,Wolfcamp A,SHUT-IN,2023-06-18,2023-08-20,9102,20447,11329,8772,9347
42-389-44264,Stewart 3V,Delaware Basin,Texas Energy LLC,31.140616,-103.375361,Reeves,TX,Wolfcamp A,ACTIVE,2022-01-28,2022-04-15,8755,23380,14533,8448,9001
42-301-84195,Torres 8V,Reeves County,Texas Energy LLC,31.956077,-103.805938,Loving,TX,Wolfcamp B,ACTIVE,2025-08-09,2025-10-24,11566,21232,9466,11320,11782
42-301-55863,University 12H,Delaware Basin,Texas Energy LLC,31.77983,-103.785224,Loving,TX,Wolfcamp A,SHUT-IN,2022-09-06,2022-11-13,11170,19366,8228,11012,11287
42-301-72092,Jenkins 3H,Ward-Estes,Texas Energy LLC,31.681786,-103.768655,Loving,TX,2nd Bone Spring,ACTIVE,2023-10-26,2024-01-19,11263,19670,7999,10832,11520
42-301-58687,Coleman 11H,Imperial,Texas Energy LLC,31.900135,-103.881014,Loving,TX,Wolfcamp A,ACTIVE,2024-07-04,2024-08-30,10287,22194,12331,9846,10476
42-301-54115,Campbell 6H,Imperial,Texas Energy LLC,31.772433,-103.567101,Loving,TX,3rd Bone Spring,ACTIVE,2024-06-12,2024-08-10,10539,24022,13011,10252,10761
42-371-34209,White 1H,Fort Stockton,Texas Energy LLC,30.983339,-103.574346,Pecos,TX,Delaware Mountain,ACTIVE,2024-10-17,2024-12-20,10362,22756,11941,10182,10481
42-475-37455,Moore 2H,Red Hills,Texas Energy LLC,31.357862,-103.035071,Ward,TX,Wolfcamp A,ACTIVE,2025-06-14,2025-08-20,12733,19354,6555,12316,12919
42-301-65066,Gibson 6V,Kermit,Texas Energy LLC,31.960281,-103.514753,Loving,TX,3rd Bone Spring,ACTIVE,2024-11-06,2025-02-03,9474,22548,13011,9066,9607
42-301-93049,Ramirez 2H,Imperial,Texas Energy LLC,31.643306,-103.608618,Loving,TX,Wolfcamp B,ACTIVE,2022-02-05,2022-04-07,8971,16716,7269,8680,9265
42-301-30633,West 12H,Kermit,Texas Energy LLC,31.725286,-103.60717,Loving,TX,Wolfcamp B,ACTIVE,2023-11-24,2024-01-29,12431,24970,12583,12148,12679
42-495-67207,Peterson 2H,Red Hills,Texas Energy LLC,31.954503,-103.33108,Winkler,TX,Wolfcamp A,ACTIVE,2024-09-10,2024-10-30,10862,18848,7846,10401,11140
42-495-51697,Richardson 11H,Culberson County,Texas Energy LLC,31.988473,-103.478154,Winkler,TX,Brushy Canyon,SHUT-IN,2025-04-18,2025-06-17,11035,24144,12684,10836,11179
42-389-30342,Reynolds 11H,Monahans,Texas Energy LLC,31.031518,-103.775932,Reeves,TX,Wolfcamp A,ACTIVE,2022-05-22,2022-07-30,8643,18467,10236,8242,8699
42-495-62124,Scott 1V,Red Hills,Texas Energy LLC,31.791336,-103.14131,Winkler,TX,Wolfcamp B,ACTIVE,2023-12-27,2024-02-14,9585,22956,13561,9454,9688
42-109-93491,Cole 5V,Red Hills,Texas Energy LLC,31.823993,-104.129086,Culberson,TX,3rd Bone Spring,ACTIVE,2025-01-19,2025-04-13,11080,20731,10137,10836,11282
42-389-80913,Rivera 3H,Coyanosa,Texas Energy LLC,31.153977,-103.430553,Reeves,TX,Brushy Canyon,ACTIVE,2024-05-08,2024-07-31,9521,21166,11884,9090,9725
42-475-98713,Bennett 4H,Mentone,Texas Energy LLC,31.251306,-103.185727,Ward,TX,Wolfcamp B,ACTIVE,2025-03-03,2025-05-08,10729,16290,5671,10499,10807
42-371-53151,Green 4H,Van Horn,Texas Energy LLC,31.11797,-103.742963,Pecos,TX,Delaware Mountain,ACTIVE,2023-12-15,2024-03-13,9451,15782,6663,9280,9534
42-389-71450,Campbell 2H,Kermit,Texas Energy LLC,31.009585,-103.651062,Reeves,TX,1st Bone Spring,ACTIVE,2023-07-10,2023-10-01,12592,19489,6668,12218,12844
42-389-49329,Cattle Co 1H,Fort Stockton,Texas Energy LLC,31.382087,-103.287307,Reeves,TX,Wolfcamp B,ACTIVE,2022-03-06,2022-04-29,12932,21983,8880,12469,13143
42-389-84209,Bell 6V,Ward-Estes,Texas Energy LLC,31.338832,-103.556185,Reeves,TX,1st Bone Spring,ACTIVE,2023-06-20,2023-09-01,9694,21455,12216,9475,9795
42-389-92518,Peterson 9H,Van Horn,Texas Energy LLC,31.03402,-103.23335,Reeves,TX,Wolfcamp B,SHUT-IN,2023-02-11,2023-04-07,10016,24555,14322,9863,10227
42-475-75654,Murphy 9H,Wink,Texas Energy LLC,31.401097,-103.054907,Ward,TX,Wolfcamp C,ACTIVE,2025-08-18,2025-10-30,10789,21065,9893,10604,10874
42-371-41164,Griffin 1H,Coyanosa,Texas Energy LLC,30.879086,-103.326156,Pecos,TX,1st Bone Spring,ACTIVE,2025-10-11,2025-12-25,9752,19878,9757,9649,9881
42-371-32487,Peterson 7H,Wink,Texas Energy LLC,30.525668,-102.52623,Pecos,TX,Wolfcamp A,ACTIVE,2022-02-26,2022-04-19,8914,21338,12322,8566,9134
42-109-78908,Cattle Co 6V,Reeves County,Texas Energy LLC,31.304373,-104.747271,Culberson,TX,1st Bone Spring,ACTIVE,2024-01-20,2024-03-16,12299,19423,6789,11863,12371
42-389-89563,Reed 7H,Imperial,Texas Energy LLC,31.173165,-103.402452,Reeves,TX,Wolfcamp B,ACTIVE,2023-04-26,2023-07-15,11358,24861,13618,11090,11656
42-109-71018,Richardson 3H,Grandfalls,Texas Energy LLC,31.391687,-104.117408,Culberson,TX,Avalon Shale,ACTIVE,2023-02-13,2023-05-10,11066,18037,6577,10932,11272
42-389-49462,Wood 6H,Buena Vista,Texas Energy LLC,31.21741,-103.520202,Reeves,TX,Wolfcamp A,ACTIVE,2022-01-24,2022-04-01,10219,22003,11544,9727,10373
42-301-86300,Parker 10V,Buena Vista,Texas Energy LLC,31.990793,-103.877725,Loving,TX,Wolfcamp A,ACTIVE,2023-06-08,2023-07-26,10794,18236,7071,10434,11091
42-109-69273,Sanders 1H,Pecos Valley,Texas Energy LLC,31.593087,-104.670176,Culberson,TX,Wolfcamp A,ACTIVE,2023-08-20,2023-10-17,10458,23586,12876,9965,10751
42-389-88128,Gibson 7H,Pecos Valley,Texas Energy LLC,31.333727,-103.738036,Reeves,TX,Wolfcamp A,ACTIVE,2022-03-05,2022-06-01,12015,25101,13518,11737,12283
42-301-79063,Scott 6H,Monahans,Texas Energy LLC,31.842613,-103.57966,Loving,TX,1st Bone Spring,ACTIVE,2023-04-09,2023-06-24,12084,21501,9687,11881,12323
42-475-82488,Sanders 2H,Mentone,Texas Energy LLC,31.606783,-103.224952,Ward,TX,Wolfcamp B,SHUT-IN,2022-11-28,2023-02-15,12284,23609,11770,12088,12466
42-371-30662,Myers 9H,Red Hills,Texas Energy LLC,30.546729,-103.168883,Pecos,TX,Wolfcamp A,ACTIVE,2023-02-05,2023-04-17,9093,20938,11381,8716,9379
42-389-73231,Coleman 12H,Monahans,Texas Energy LLC,31.723694,-103.397752,Reeves,TX,Wolfcamp C,ACTIVE,2022-09-08,2022-10-23,11649,24171,12898,11259,11836
42-371-96852,Coleman 1H,Culberson County,Texas Energy LLC,30.864396,-102.769533,Pecos,TX,Delaware Mountain,ACTIVE,2024-09-08,2024-11-24,10941,19286,8147,10523,11154
42-389-86928,Henderson 3H,Orla,Texas Energy LLC,31.378594,-103.268972,Reeves,TX,Wolfcamp C,ACTIVE,2022-07-27,2022-09-20,8612,14017,5655,8151,8765
42-389-56262,Resources 8H,Monahans,Texas Energy LLC,31.48557,-103.690391,Reeves,TX,Delaware Mountain,ACTIVE,2023-02-12,2023-05-05,9024,22365,13595,8854,9253
42-371-84624,Owens 11H,Reeves County,Texas Energy LLC,30.513075,-102.67089,Pecos,TX,2nd Bone Spring,ACTIVE,2023-09-22,2023-12-11,10855,18128,6898,10635,11141
42-389-35183,Harrison 10V,Balmorhea,Texas Energy LLC,31.698896,-103.668286,Reeves,TX,Wolfcamp A,SHUT-IN,2024-01-07,2024-03-04,9461,22743,12846,9237,9689
42-389-94441,Stewart 1V,Monahans,Texas Energy LLC,31.256507,-103.568374,Reeves,TX,Wolfcamp B,ACTIVE,2025-04-03,2025-06-16,12138,26484,14388,11993,12407
42-371-97896,Wheeler 5H,Mentone,Texas Energy LLC,30.868177,-103.72935,Pecos,TX,Wolfcamp B,ACTIVE,2025-12-11,2026-01-28,9494,24262,14578,9133,9733
42-389-52923,Ellis 3H,Monahans,Texas Energy LLC,31.444651,-103.302827,Reeves,TX,Wolfcamp A,ACTIVE,2025-01-27,2025-04-01,13294,23278,9979,12908,13533
42-389-62441,Beal 10H,Grandfalls,Texas Energy LLC,31.378055,-103.768376,Reeves,TX,Delaware Mountain,ACTIVE,2023-02-04,2023-04-09,11249,23666,12415,10773,11388
42-475-31577,Harrison 4H,Pecos Valley,Texas Energy LLC,31.234207,-103.398273,Ward,TX,Wolfcamp C,ACTIVE,2025-10-20,2026-01-11,10551,20288,9642,10091,10670
42-495-43113,Baker 6H,Culberson County,Texas Energy LLC,31.814055,-103.465096,Winkler,TX,Wolfcamp C,ACTIVE,2024-12-19,2025-02-11,13133,27293,14287,12872,13428
42-109-63847,Brooks 2H,Balmorhea,Texas Energy LLC,31.968924,-104.588268,Culberson,TX,Brushy Canyon,ACTIVE,2025-03-21,2025-06-05,9388,16798,7357,8895,9548
42-475-85737,Reed 10H,Mentone,Texas Energy LLC,31.27511,-103.166363,Ward,TX,Wolfcamp B,ACTIVE,2025-11-12,2026-01-12,9125,14542,5035,8949,9374
42-475-77422,Bryant 8H,Kermit,Texas Energy LLC,31.329771,-103.318316,Ward,TX,1st Bone Spring,ACTIVE,2022-10-06,2022-12-19,12004,24751,13167,11784,12166
42-301-49010,Morgan 12H,Balmorhea,Texas Energy LLC,31.911806,-103.938848,Loving,TX,2nd Bone Spring,ACTIVE,2024-04-18,2024-06-06,11658,21420,9646,11450,11842
42-389-64227,Nelson 6H,Reeves County,Texas Energy LLC,31.710524,-103.102511,Reeves,TX,Wolfcamp A,ACTIVE,2022-08-27,2022-11-17,9316,18123,8365,8938,9463
42-475-71548,Washington 7V,Coyanosa,Texas Energy LLC,31.597123,-103.036717,Ward,TX,3rd Bone Spring,ACTIVE,2024-12-25,2025-03-22,13471,18612,5058,13283,13565
42-301-32366,Cox 10V,Ward-Estes,Texas Energy LLC,31.842273,-103.976254,Loving,TX,2nd Bone Spring,ACTIVE,2023-01-23,2023-04-06,10590,25466,14550,10406,10743
42-475-35960,Torres 4H,Reeves County,Texas Energy LLC,31.373841,-103.03727,Ward,TX,1st Bone Spring,ACTIVE,2025-11-11,2026-01-13,11834,18053,6550,11570,11941
42-475-52877,Bell 11V,Fort Stockton,Texas Energy LLC,31.689687,-103.357696,Ward,TX,Bone Spring,ACTIVE,2022-07-20,2022-09-21,12299,20061,7373,12114,12512
42-389-85264,Alexander 7H,Red Hills,Texas Energy LLC,31.561609,-103.601872,Reeves,TX,Bone Spring,SHUT-IN,2025-01-09,2025-03-23,12691,22464,10118,12558,12854
42-301-77246,Washington 2V,Reeves County,Texas Energy LLC,31.663113,-103.941491,Loving,TX,Delaware Mountain,ACTIVE,2022-11-07,2023-01-03,11129,23047,11431,10742,11365
42-495-49617,Bailey 11H,Fort Stockton,Texas Energy LLC,31.724828,-103.277939,Winkler,TX,Wolfcamp C,ACTIVE,2022-07-21,2022-10-03,8694,15272,6099,8420,8917
42-109-54607,Clayton 4H,Van Horn,Texas Energy LLC,31.686184,-104.289289,Culberson,TX,Wolfcamp A,ACTIVE,2025-01-02,2025-03-08,9263,18827,10056,8981,9505
42-389-87978,Howard 5H,Wink,Texas Energy LLC,31.453734,-103.76037,Reeves,TX,Wolfcamp A,ACTIVE,2025-10-02,2025-12-06,12270,19373,7017,11794,12340
42-389-38830,Washington 1H,Reeves County,Texas Energy LLC,31.073273,-103.151539,Reeves,TX,1st Bone Spring,ACTIVE,2025-09-24,2025-12-01,8730,16135,7893,8440,8792
42-109-70312,Morgan 10H,Toyah,Texas Energy LLC,31.888475,-104.509648,Culberson,TX,Wolfcamp C,ACTIVE,2022-09-06,2022-10-30,9837,21260,11802,9465,10120
42-475-48519,Davis 12H,Pecos Valley,Texas Energy LLC,31.494825,-103.490991,Ward,TX,Wolfcamp B,ACTIVE,2025-11-02,2026-01-17,10754,18639,7800,10268,11052
42-371-88249,Thompson 3H,Mentone,Texas Energy LLC,31.211104,-103.158768,Pecos,TX,2nd Bone Spring,SHUT-IN,2022-12-26,2023-02-23,9109,19128,10359,8750,9244
42-389-86068,Turner 5H,Coyanosa,Texas Energy LLC,31.416476,-103.297073,Reeves,TX,Avalon Shale,ACTIVE,2022-11-03,2022-12-22,10466,16669,6534,10072,10530
42-301-87325,Richardson 5H,Loving,Texas Energy LLC,31.70197,-103.885722,Loving,TX,Wolfcamp A,ACTIVE,2023-01-13,2023-03-22,8893,17230,8745,8431,9177
42-475-45022,Evans 12H,Van Horn,Texas Energy LLC,31.402772,-103.404418,Ward,TX,Bone Spring,ACTIVE,2023-03-23,2023-05-09,10391,19748,9095,10268,10628
42-495-52834,Bell 10H,Culberson County,Texas Energy LLC,31.729101,-103.214691,Winkler,TX,Brushy Canyon,SHUT-IN,2024-04-14,2024-07-07,13488,27160,13877,13109,13760
42-389-32635,Hill 11H,Loving,Texas Energy LLC,31.613378,-103.247884,Reeves,TX,Wolfcamp C,ACTIVE,2023-12-25,2024-02-16,11043,16804,5873,10582,11166
42-371-97773,Fisher 7H,Orla,Texas Energy LLC,30.82321,-102.985174,Pecos,TX,Wolfcamp B,ACTIVE,2023-06-25,2023-09-20,12881,21314,8040,12700,13065
42-389-83366,Cox 3H,Mentone,Texas Energy LLC,31.787942,-103.152068,Reeves,TX,Bone Spring,ACTIVE,2022-04-24,2022-06-22,11450,20872,8994,11350,11724
42-389-94764,Reed 6V,Monahans,Texas Energy LLC,31.482023,-103.409522,Reeves,TX,Brushy Canyon,ACTIVE,2023-09-09,2023-11-28,12692,24874,12262,12487,12876
42-109-74199,Bass 12H,Reeves County,Texas Energy LLC,31.906564,-104.774661,Culberson,TX,Wolfcamp B,ACTIVE,2022-10-06,2022-12-24,10704,22246,11568,10520,10941
42-495-68770,Price 2H,Van Horn,Texas Energy LLC,31.744854,-103.105265,Winkler,TX,Bone Spring,ACTIVE,2024-05-28,2024-08-19,10164,15605,5600,9946,10339
42-495-42264,Washington 3V,Pecos Valley,Texas Energy LLC,31.709136,-103.425392,Winkler,TX,2nd Bone Spring,ACTIVE,2023-08-09,2023-11-03,12689,20406,8159,12276,12949
42-109-69655,Bennett 11H,Monahans,Texas Energy LLC,31.956205,-104.632182,Culberson,TX,Wolfcamp B,ACTIVE,2022-01-02,2022-03-04,11691,20079,8056,11337,11859
42-389-72491,Perry 8H,Delaware Basin,Texas Energy LLC,31.062865,-103.771071,Reeves,TX,Wolfcamp B,ACTIVE,2022-03-22,2022-05-16,8529,15116,6347,8179,8671
42-475-70094,Morris 11H,Reeves County,Texas Energy LLC,31.448807,-103.10682,Ward,TX,Bone Spring,ACTIVE,2022-05-19,2022-08-08,12946,20942,7840,12686,13185
42-475-96345,Clayton 6H,Balmorhea,Texas Energy LLC,31.596592,-103.260433,Ward,TX,Wolfcamp A,ACTIVE,2022-04-09,2022-06-09,13353,24320,11027,13239,13648
42-389-40324,Owens 3H,Kermit,Texas Energy LLC,31.457435,-103.782297,Reeves,TX,1st Bone Spring,ACTIVE,2023-05-07,2023-07-25,10509,21991,11194,10276,10727
42-495-47655,Rivera 7H,Balmorhea,Texas Energy LLC,31.839796,-103.082553,Winkler,TX,2nd Bone Spring,ACTIVE,2025-12-16,2026-03-01,10482,15976,5301,10280,10557
42-301-82963,Hayes 3H,Pecos Valley,Texas Energy LLC,31.622123,-103.795606,Loving,TX,2nd Bone Spring,ACTIVE,2023-04-22,2023-07-21,10596,20777,9829,10305,10652
42-371-37001,Moore 3H,Reeves County,Texas Energy LLC,31.025885,-102.505942,Pecos,TX,Wolfcamp A,ACTIVE,2023-10-10,2023-12-28,9544,17928,8746,9105,9836
42-389-57362,Patterson 4H,Culberson County,Texas Energy LLC,31.580158,-103.119636,Reeves,TX,Bone Spring,ACTIVE,2022-08-28,2022-11-09,9091,19108,10364,8666,9218
42-389-40955,Rogers 10H,Toyah,Texas Energy LLC,31.795146,-103.772397,Reeves,TX,Bone Spring,ACTIVE,2022-09-18,2022-12-13,12827,19069,6150,12533,13050
42-371-66347,Griffin 4H,Ward-Estes,Texas Energy LLC,31.112651,-103.12231,Pecos,TX,Wolfcamp C,ACTIVE,2024-06-11,2024-08-29,9160,16081,7267,8942,9308
42-371-44570,Kelly 8H,Orla,Texas Energy LLC,30.609453,-102.798443,Pecos,TX,3rd Bone Spring,ACTIVE,2024-10-16,2025-01-01,9306,19768,10592,9074,9395
42-109-58138,Evans 6H,Wink,Texas Energy LLC,31.410827,-104.21365,Culberson,TX,1st Bone Spring,ACTIVE,2024-03-17,2024-05-26,10944,20949,9881,10618,11103
42-371-43413,Ramirez 3V,Imperial,Texas Energy LLC,31.002613,-103.460572,Pecos,TX,Bone Spring,ACTIVE,2025-04-25,2025-07-06,10397,23981,13836,10239,10664
42-475-58905,Powell 5H,Van Horn,Texas Energy LLC,31.346045,-103.362574,Ward,TX,3rd Bone Spring,SHUT-IN,2025-09-17,2025-11-08,13191,19836,6871,12695,13380
42-301-62392,Edwards 5V,Imperial,Texas Energy LLC,31.976759,-103.714478,Loving,TX,3rd Bone Spring,ACTIVE,2022-03-15,2022-06-06,13269,24960,12189,13074,13465
42-475-36790,Evans 10H,Grandfalls,Texas Energy LLC,31.251478,-103.174754,Ward,TX,Avalon Shale,ACTIVE,2022-04-15,2022-06-01,9437,21790,12798,9031,9737
42-475-73557,Simmons 6V,Imperial,Texas Energy LLC,31.475119,-103.459223,Ward,TX,2nd Bone Spring,ACTIVE,2022-07-18,2022-10-04,8864,14956,5824,8369,9000
42-389-45930,Butler 2H,Buena Vista,Texas Energy LLC,31.097488,-103.631208,Reeves,TX,Wolfcamp B,ACTIVE,2025-05-05,2025-07-30,11081,21432,10727,10857,11316
42-301-36076,Fisher 3H,Pecos Valley,Texas Energy LLC,31.807736,-103.952007,Loving,TX,3rd Bone Spring,SHUT-IN,2023-01-17,2023-03-16,11459,22765,11399,11048,11531
42-475-88201,Wheeler 8H,Mentone,Texas Energy LLC,31.23488,-103.107338,Ward,TX,Brushy Canyon,ACTIVE,2025-03-06,2025-06-01,8766,20484,11666,8332,9050
42-389-71288,Reynolds 6H,Loving,Texas Energy LLC,31.740834,-103.524933,Reeves,TX,Wolfcamp C,ACTIVE,2023-03-25,2023-06-15,9392,16546,7546,9208,9557
42-389-54670,Myers 3H,Buena Vista,Texas Energy LLC,31.68721,-103.653539,Reeves,TX,Wolfcamp C,ACTIVE,2024-08-05,2024-10-19,11956,16932,5357,11771,12237
42-389-60305,Baker 7V,Loving,Texas Energy LLC,31.637414,-103.416251,Reeves,TX,Wolfcamp C,ACTIVE,2023-12-24,2024-03-19,11692,22616,11199,11458,11762
42-109-96433,Long 3H,Red Hills,Texas Energy LLC,31.561659,-104.053994,Culberson,TX,3rd Bone Spring,ACTIVE,2025-08-11,2025-10-25,9267,17575,7946,9071,9414
42-389-49445,Barnes 8V,Red Hills,Texas Energy LLC,31.498886,-103.743085,Reeves,TX,Avalon Shale,ACTIVE,2025-04-26,2025-06-27,9672,21000,10960,9174,9737
42-301-40411,Flores 1H,Grandfalls,Texas Energy LLC,31.704085,-103.759597,Loving,TX,Wolfcamp B,ACTIVE,2025-06-03,2025-08-22,11265,24730,13051,11114,11336
42-475-37328,Washington 7H,Toyah,Texas Energy LLC,31.582025,-103.026099,Ward,TX,Avalon Shale,ACTIVE,2023-10-11,2024-01-08,11439,25659,14692,10979,11668
42-389-41822,Bailey 7H,Imperial,Texas Energy LLC,31.120547,-103.454494,Reeves,TX,3rd Bone Spring,ACTIVE,2024-08-23,2024-10-09,11205,17882,6314,10721,11498
42-371-46341,Collins 8V,Coyanosa,Texas Energy LLC,30.72805,-102.807948,Pecos,TX,Wolfcamp A,ACTIVE,2023-08-12,2023-09-27,11898,17675,5872,11541,12043
42-301-82334,Price 11H,Fort Stockton,Texas Energy LLC,31.941532,-103.888474,Loving,TX,Wolfcamp B,ACTIVE,2025-02-03,2025-03-31,9387,21176,11503,9066,9488
42-389-83510,Minerals 6H,Wink,Texas Energy LLC,31.28967,-103.632481,Reeves,TX,Bone Spring,ACTIVE,2025-10-07,2026-01-04,11327,17853,7000,11144,11565
42-389-93942,Cattle Co 11H,Fort Stockton,Texas Energy LLC,31.18614,-103.112827,Reeves,TX,3rd Bone Spring,ACTIVE,2023-01-23,2023-04-02,11434,18397,7207,11314,11608
42-389-60083,Woods 11H,Monahans,Texas Energy LLC,31.704877,-103.791729,Reeves,TX,Bone Spring,ACTIVE,2024-09-03,2024-11-14,11329,18936,7822,11099,11444
42-495-81936,Bass 1V,Wink,Texas Energy LLC,32.012572,-103.229864,Winkler,TX,3rd Bone Spring,ACTIVE,2023-10-28,2023-12-29,11624,26650,14544,11499,11713
42-109-47723,Turner 3H,Grandfalls,Texas Energy LLC,31.336982,-104.656166,Culberson,TX,Avalon Shale,ACTIVE,2022-04-18,2022-07-07,9184,19777,10556,8809,9257
42-495-35073,Butler 5H,Grandfalls,Texas Energy LLC,32.026695,-103.165784,Winkler,TX,Wolfcamp B,ACTIVE,2023-08-08,2023-10-17,8518,20111,12045,8380,8773
42-495-84214,Land Trust 9H,Fort Stockton,Texas Energy LLC,31.80212,-103.221999,Winkler,TX,Wolfcamp A,ACTIVE,2022-01-17,2022-04-05,10705,20783,10111,10473,10761
42-389-39875,Ramirez 8V,Pecos Valley,Texas Energy LLC,31.372727,-103.422856,Reeves,TX,Delaware Mountain,ACTIVE,2025-11-09,2026-02-04,10316,17033,6866,9886,10501
42-495-66325,Kelly 8V,Mentone,Texas Energy LLC,31.721784,-103.313593,Winkler,TX,Bone Spring,ACTIVE,2024-08-20,2024-10-27,9037,17535,8085,8703,9109
42-389-35230,Long 9H,Red Hills,Texas Energy LLC,31.190838,-103.539777,Reeves,TX,1st Bone Spring,ACTIVE,2022-11-15,2023-02-02,12927,17785,5203,12627,13059
42-371-90005,Minerals 6V,Monahans,Texas Energy LLC,30.740943,-102.945511,Pecos,TX,Wolfcamp B,ACTIVE,2022-05-09,2022-07-30,8785,21790,13446,8577,9079
42-371-97656,Harrison 6H,Imperial,Texas Energy LLC,31.233797,-102.684628,Pecos,TX,Wolfcamp B,SHUT-IN,2025-08-01,2025-09-18,12340,26593,14180,12179,12551
42-109-45552,James 6H,Pecos Valley,Texas Energy LLC,31.977344,-104.150066,Culberson,TX,Wolfcamp A,ACTIVE,2022-03-26,2022-05-29,11551,20412,8761,11120,11825
42-389-36158,Evans 9H,Grandfalls,Texas Energy LLC,31.742511,-103.194324,Reeves,TX,Delaware Mountain,ACTIVE,2024-11-24,2025-01-24,9953,24393,13969,9611,10130
42-109-79157,Reynolds 9V,Imperial,Texas Energy LLC,31.777686,-104.580823,Culberson,TX,Wolfcamp C,ACTIVE,2024-07-09,2024-09-02,8617,18530,10091,8301,8888
42-389-65597,Ross 10H,Delaware Basin,Texas Energy LLC,31.053459,-103.607201,Reeves,TX,1st Bone Spring,ACTIVE,2024-07-14,2024-09-05,12321,22721,10235,11843,12375
42-109-79628,Martin 3V,Ward-Estes,Texas Energy LLC,31.966248,-104.173813,Culberson,TX,2nd Bone Spring,ACTIVE,2025-02-17,2025-04-25,13187,22871,9620,12949,13392
42-109-73544,Murphy 8H,Culberson County,Texas Energy LLC,31.889129,-104.496088,Culberson,TX,Wolfcamp C,ACTIVE,2024-06-20,2024-09-17,10145,22814,12848,9955,10441
42-109-83947,Campbell 6H,Ward-Estes,Texas Energy LLC,31.518101,-104.039172,Culberson,TX,Wolfcamp A,ACTIVE,2022-09-05,2022-11-24,11219,18037,6756,11060,11444
42-371-81559,Roberts 7H,Orla,Texas Energy LLC,30.689203,-103.284905,Pecos,TX,Wolfcamp B,ACTIVE,2022-11-21,2023-02-01,10678,15947,5131,10299,10878
42-301-45728,Hayes 11V,Van Horn,Texas Energy LLC,31.646651,-103.938974,Loving,TX,Wolfcamp B,ACTIVE,2025-05-23,2025-07-13,13356,21216,7967,13009,13571
42-389-63902,Green 11H,Loving,Texas Energy LLC,31.580149,-103.408678,Reeves,TX,1st Bone Spring,ACTIVE,2024-04-24,2024-06-27,11944,22252,10428,11711,12143
42-301-57312,Thompson 6V,Ward-Estes,Texas Energy LLC,31.884268,-103.931647,Loving,TX,Wolfcamp B,ACTIVE,2023-04-06,2023-06-09,9241,20774,11158,8764,9386
42-389-92601,Sullivan 5H,Ward-Estes,Texas Energy LLC,31.240315,-103.11107,Reeves,TX,Bone Spring,ACTIVE,2022-01-17,2022-03-09,12683,24566,11961,12535,12851
42-301-42190,Gray 9H,Red Hills,Texas Energy LLC,31.804291,-103.617943,Loving,TX,1st Bone Spring,ACTIVE,2025-07-22,2025-10-16,11640,26017,13971,11465,11871
42-371-78290,Bennett 9H,Pecos Valley,Texas Energy LLC,30.861534,-102.90796,Pecos,TX,1st Bone Spring,SHUT-IN,2024-01-21,2024-03-29,8874,19401,10333,8547,8983
42-301-96489,Torres 2H,Fort Stockton,Texas Energy LLC,31.740003,-103.982621,Loving,TX,Bone Spring,ACTIVE,2023-07-20,2023-10-04,9489,23099,13284,9308,9751
42-301-50410,Harrison 3H,Buena Vista,Texas Energy LLC,31.721429,-103.999954,Loving,TX,Wolfcamp B,ACTIVE,2022-12-16,2023-03-01,10954,16387,5149,10634,11208
42-389-75032,James 12H,Loving,Texas Energy LLC,31.653687,-103.108292,Reeves,TX,Wolfcamp C,SHUT-IN,2022-12-26,2023-02-15,9345,19354,10133,9092,9430
42-371-42182,Hart 4H,Imperial,Texas Energy LLC,30.83483,-103.139311,Pecos,TX,Brushy Canyon,ACTIVE,2025-08-01,2025-10-15,9614,16586,6982,9178,9721
42-371-44322,Kelly 3H,Fort Stockton,Texas Energy LLC,30.698925,-103.552728,Pecos,TX,Wolfcamp A,ACTIVE,2022-08-26,2022-11-14,9302,15297,5828,8926,9566
42-389-57964,Rogers 4V,Buena Vista,Texas Energy LLC,31.530668,-103.568253,Reeves,TX,Bone Spring,ACTIVE,2022-02-22,2022-04-30,12150,21513,8937,11722,12357
42-301-40097,Jordan 5V,Monahans,Texas Energy LLC,31.99498,-103.900036,Loving,TX,1st Bone Spring,ACTIVE,2024-07-01,2024-09-27,11158,24538,13442,10707,11321
42-495-78697,Minerals 2H,Orla,Texas Energy LLC,31.736909,-103.094018,Winkler,TX,Bone Spring,ACTIVE,2023-07-27,2023-10-03,11284,25329,14226,10972,11493
42-389-75476,Phillips 10H,Pecos Valley,Texas Energy LLC,31.501463,-103.621997,Reeves,TX,3rd Bone Spring,SHUT-IN,2023-05-10,2023-07-18,12357,21426,9171,12167,12593
42-389-81248,Rogers 11H,Kermit,Texas Energy LLC,31.637416,-103.205373,Reeves,TX,Wolfcamp B,ACTIVE,2022-09-28,2022-12-17,9658,16219,7019,9556,9854
42-495-34392,Anderson 9H,Ward-Estes,Texas Energy LLC,31.779672,-103.132339,Winkler,TX,Wolfcamp C,ACTIVE,2024-03-21,2024-05-07,13002,26161,13534,12773,13175
42-475-69405,Moore 12V,Coyanosa,Texas Energy LLC,31.244858,-103.150785,Ward,TX,Brushy Canyon,ACTIVE,2024-11-11,2025-02-04,10641,22837,12417,10416,10860
42-389-64931,Bennett 3H,Red Hills,Texas Energy LLC,31.620522,-103.750031,Reeves,TX,Delaware Mountain,ACTIVE,2025-01-04,2025-04-04,10539,22132,11304,10213,10652
42-301-30949,Flores 12V,Loving,Texas Energy LLC,31.924738,-103.986674,Loving,TX,Brushy Canyon,ACTIVE,2024-05-03,2024-06-27,13249,19145,5942,12750,13384
42-109-54725,Cox 9H,Loving,Texas Energy LLC,31.441164,-104.341708,Culberson,TX,Wolfcamp A,ACTIVE,2023-07-18,2023-10-16,8585,20118,11983,8440,8856
42-109-96518,Bennett 2V,Ward-Estes,Texas Energy LLC,31.304895,-104.192614,Culberson,TX,Wolfcamp C,ACTIVE,2023-03-20,2023-05-18,11514,22377,10381,11060,11760
42-389-99590,Peterson 3H,Kermit,Texas Energy LLC,31.396951,-103.53462,Reeves,TX,Wolfcamp A,ACTIVE,2025-10-08,2025-12-05,11393,20674,8964,10977,11458
42-389-44810,Cox 12H,Red Hills,Texas Energy LLC,31.504819,-103.657169,Reeves,TX,Wolfcamp A,ACTIVE,2024-05-05,2024-07-27,13376,18986,5708,13029,13496
42-495-88258,Moore 8H,Toyah,Texas Energy LLC,31.717053,-103.046471,Winkler,TX,Wolfcamp B,ACTIVE,2023-06-23,2023-09-09,11699,24668,13405,11510,11916
42-389-33534,Ford 1H,Orla,Texas Energy LLC,31.725543,-103.385675,Reeves,TX,1st Bone Spring,SHUT-IN,2023-01-09,2023-03-19,11181,19613,8467,10914,11317
42-109-84616,Moore 10H,Mentone,Texas Energy LLC,31.753008,-104.091961,Culberson,TX,Delaware Mountain,ACTIVE,2023-09-13,2023-10-28,10789,24035,12896,10388,10909
42-495-58974,West 10H,Culberson County,Texas Energy LLC,31.725489,-103.356084,Winkler,TX,Bone Spring,ACTIVE,2025-08-18,2025-10-02,11309,21716,10580,11032,11569
42-371-41722,Bass 3H,Red Hills,Texas Energy LLC,30.584376,-102.50863,Pecos,TX,Avalon Shale,ACTIVE,2024-11-16,2025-02-11,9508,17176,7224,9135,9720
42-301-64816,Washington 1H,Delaware Basin,Texas Energy LLC,31.793533,-103.810545,Loving,TX,Wolfcamp A,ACTIVE,2025-07-22,2025-10-10,10475,17051,6675,10348,10665
42-389-81497,Baker 12H,Coyanosa,Texas Energy LLC,31.172472,-103.222812,Reeves,TX,Wolfcamp A,ACTIVE,2022-11-27,2023-02-23,13323,20631,7018,12993,13490
42-389-42348,Hart 3H,Loving,Texas Energy LLC,31.249322,-103.559608,Reeves,TX,Bone Spring,ACTIVE,2025-10-28,2026-01-02,10040,16644,6288,9571,10275
42-389-70334,Resources 8H,Reeves County,Texas Energy LLC,31.399747,-103.124532,Reeves,TX,Wolfcamp A,ACTIVE,2024-12-02,2025-02-10,9468,18262,8468,9034,9688
42-389-58277,Land Trust 7V,Grandfalls,Texas Energy LLC,31.031861,-103.757672,Reeves,TX,Wolfcamp B,SHUT-IN,2025-12-13,2026-02-01,12895,26833,13808,12717,13016
42-371-49443,King 10H,Ward-Estes,Texas Energy LLC,30.782497,-103.207296,Pecos,TX,2nd Bone Spring,ACTIVE,2023-12-23,2024-03-19,9757,17141,7641,9598,9817
42-495-63977,Butler 6V,Monahans,Texas Energy LLC,31.751769,-103.337962,Winkler,TX,1st Bone Spring,ACTIVE,2022-12-06,2023-02-03,9290,16041,6740,8843,9461
42-495-90314,Fisher 10H,Culberson County,Texas Energy LLC,31.976722,-103.06561,Winkler,TX,Wolfcamp B,ACTIVE,2025-05-03,2025-06-25,9606,14528,5227,9449,9864
42-389-99250,Wheeler 2V,Loving,Texas Energy LLC,31.643513,-103.448566,Reeves,TX,Bone Spring,ACTIVE,2023-10-03,2023-12-07,9254,15073,6063,9037,9414
42-301-45653,Wheeler 6H,Red Hills,Texas Energy LLC,31.622419,-103.681261,Loving,TX,Delaware Mountain,SHUT-IN,2023-11-20,2024-01-05,11225,21829,10185,10762,11318
42-301-34582,Woods 8H,Balmorhea,Texas Energy LLC,31.957321,-103.688274,Loving,TX,1st Bone Spring,ACTIVE,2024-07-27,2024-09-26,8851,20453,11116,8688,8910
42-371-90387,University 9V,Toyah,Texas Energy LLC,30.87821,-103.118118,Pecos,TX,Wolfcamp B,ACTIVE,2025-10-18,2025-12-15,10562,20238,9927,10089,10722
42-475-56047,Hamilton 4H,Coyanosa,Texas Energy LLC,31.380213,-103.473956,Ward,TX,Wolfcamp B,ACTIVE,2024-01-06,2024-03-08,13289,20154,6960,13065,13341
42-389-38394,Cattle Co 5H,Orla,Texas Energy LLC,31.352352,-103.619395,Reeves,TX,Delaware Mountain,ACTIVE,2023-03-28,2023-06-20,8906,17335,8812,8471,8965
42-475-89898,Moore 6V,Monahans,Texas Energy LLC,31.27447,-103.053434,Ward,TX,Wolfcamp B,SHUT-IN,2024-10-11,2024-12-27,12675,26397,13721,12213,12869
42-389-48405,Baker 5H,Ward-Estes,Texas Energy LLC,31.452032,-103.510212,Reeves,TX,Wolfcamp A,ACTIVE,2025-05-03,2025-07-18,11409,25762,14481,11131,11656
42-371-37441,Foster 7H,Pecos Valley,Texas Energy LLC,31.144344,-102.756927,Pecos,TX,1st Bone Spring,ACTIVE,2025-05-09,2025-07-19,11814,23429,11361,11696,12013
42-301-34963,Wilson 10H,Delaware Basin,Texas Energy LLC,31.82726,-103.647559,Loving,TX,Brushy Canyon,ACTIVE,2023-12-24,2024-03-11,10789,23435,12617,10649,10972
42-389-36834,Reynolds 3H,Coyanosa,Texas Energy LLC,31.458087,-103.251829,Reeves,TX,Bone Spring,ACTIVE,2023-01-26,2023-03-24,13436,19266,6262,12941,13511
42-371-45842,Moore 6H,Imperial,Texas Energy LLC,31.203056,-103.148359,Pecos,TX,1st Bone Spring,ACTIVE,2025-04-01,2025-06-23,9003,14097,5141,8861,9090
42-389-78660,Cattle Co 4H,Fort Stockton,Texas Energy LLC,31.720827,-103.669767,Reeves,TX,Delaware Mountain,ACTIVE,2022-05-12,2022-07-27,13146,26120,12596,12976,13291
42-389-62989,Ward 4H,Pecos Valley,Texas Energy LLC,31.254671,-103.734329,Reeves,TX,1st Bone Spring,ACTIVE,2025-10-13,2025-12-30,11266,17187,5755,10866,11425
42-301-59213,Wilson 4H,Kermit,Texas Energy LLC,31.910752,-103.724206,Loving,TX,Brushy Canyon,SHUT-IN,2025-07-27,2025-10-21,11742,17328,5124,11451,11992
42-389-60664,Bailey 3H,Buena Vista,Texas Energy LLC,31.666128,-103.321369,Reeves,TX,2nd Bone Spring,ACTIVE,2024-05-06,2024-07-31,10915,22085,11387,10439,11205
42-389-47083,Johnson 12H,Imperial,Texas Energy LLC,31.16961,-103.78107,Reeves,TX,Wolfcamp A,SHUT-IN,2025-02-12,2025-05-07,9826,22415,12853,9441,10002
42-475-45962,Bryant 4V,Monahans,Texas Energy LLC,31.660043,-103.106007,Ward,TX,Wolfcamp C,ACTIVE,2024-08-26,2024-10-15,12607,27263,14303,12126,12688
42-495-65162,Nelson 6H,Ward-Estes,Texas Energy LLC,31.898069,-103.414485,Winkler,TX,2nd Bone Spring,ACTIVE,2022-03-17,2022-06-14,12405,22780,10002,11953,12516
42-475-53440,Resources 5V,Ward-Estes,Texas Energy LLC,31.427672,-103.061564,Ward,TX,Wolfcamp A,ACTIVE,2022-05-01,2022-07-20,11734,24975,13598,11462,12004
42-475-84987,Resources 1H,Wink,Texas Energy LLC,31.31022,-103.205367,Ward,TX,1st Bone Spring,SHUT-IN,2023-04-25,2023-06-30,9337,15745,6519,9188,9478
42-389-58305,Ranch 3V,Orla,Texas Energy LLC,31.650442,-103.636901,Reeves,TX,Wolfcamp A,ACTIVE,2024-03-04,2024-05-30,8711,15385,7159,8428,8963
42-475-44110,Brooks 5H,Orla,Texas Energy LLC,31.407867,-103.400102,Ward,TX,Wolfcamp A,ACTIVE,2024-08-12,2024-10-23,9866,21598,11969,9715,9960
42-109-41946,Morris 10V,Delaware Basin,Texas Energy LLC,31.372611,-104.791662,Culberson,TX,1st Bone Spring,ACTIVE,2022-05-21,2022-07-15,8816,16324,7466,8429,9078
42-475-75095,Butler 1H,Delaware Basin,Texas Energy LLC,31.66997,-103.31058,Ward,TX,Wolfcamp B,SHUT-IN,2023-10-17,2024-01-06,12991,24891,11849,12516,13072
42-495-68628,Flores 3V,Fort Stockton,Texas Energy LLC,31.917094,-103.254954,Winkler,TX,Wolfcamp B,ACTIVE,2024-10-28,2025-01-16,9813,15984,6128,9634,9978
42-389-96416,Parker 9H,Red Hills,Texas Energy LLC,31.688456,-103.394076,Reeves,TX,Wolfcamp A,SHUT-IN,2022-11-28,2023-02-03,12927,18773,5732,12707,13066
42-475-33517,Reed 11H,Ward-Estes,Texas Energy LLC,31.59561,-103.422988,Ward,TX,Wolfcamp A,ACTIVE,2025-12-21,2026-02-19,8733,15971,6955,8492,8909
42-389-96770,Ward 6H,Culberson County,Texas Energy LLC,31.3393,-103.22595,Reeves,TX,Wolfcamp A,ACTIVE,2022-10-16,2022-12-15,12610,21941,9411,12231,12807
42-371-85535,Graham 3V,Van Horn,Texas Energy LLC,30.755714,-103.325469,Pecos,TX,1st Bone Spring,ACTIVE,2025-01-18,2025-04-02,11088,18793,7370,10837,11352
42-475-89345,Baker 6H,Buena Vista,Texas Energy LLC,31.336067,-103.188623,Ward,TX,Wolfcamp A,ACTIVE,2022-03-04,2022-05-06,10705,17985,7048,10381,10941
42-109-63730,Sanders 1H,Wink,Texas Energy LLC,31.764386,-104.597171,Culberson,TX,Wolfcamp B,ACTIVE,2025-02-09,2025-05-08,12754,17744,5339,12444,13023
42-389-94943,Myers 1V,Loving,Texas Energy LLC,31.693318,-103.754009,Reeves,TX,Wolfcamp C,ACTIVE,2024-04-28,2024-06-13,11827,22768,10531,11454,12076
42-371-98157,Resources 5H,Toyah,Texas Energy LLC,31.199034,-102.894769,Pecos,TX,Bone Spring,ACTIVE,2023-03-14,2023-04-29,11453,25326,13988,10987,11662
42-495-67345,Ford 5H,Grandfalls,Texas Energy LLC,32.011588,-103.154762,Winkler,TX,Bone Spring,ACTIVE,2025-05-21,2025-07-08,10460,23463,13108,10303,10571
42-109-35672,Ellis 2H,Balmorhea,Texas Energy LLC,31.346373,-104.265931,Culberson,TX,Avalon Shale,ACTIVE,2023-03-22,2023-05-28,8739,14875,6487,8257,9030
42-389-50625,Martin 11H,Wink,Texas Energy LLC,31.289778,-103.297888,Reeves,TX,Wolfcamp C,ACTIVE,2022-08-22,2022-11-05,12424,20980,8452,12242,12639
42-475-45753,Collins 7V,Van Horn,Texas Energy LLC,31.325965,-103.40398,Ward,TX,Wolfcamp A,ACTIVE,2024-09-09,2024-12-03,8832,14666,5482,8648,9004
42-389-89827,Owens 7H,Red Hills,Texas Energy LLC,31.47486,-103.313851,Reeves,TX,Delaware Mountain,ACTIVE,2024-08-22,2024-10-31,10959,17110,5657,10740,11204
42-389-78971,Bennett 9H,Culberson County,Texas Energy LLC,31.332676,-103.415536,Reeves,TX,2nd Bone Spring,ACTIVE,2025-09-23,2025-11-30,9139,22996,14243,9008,9401
42-389-67982,Bailey 2H,Reeves County,Texas Energy LLC,31.629095,-103.696391,Reeves,TX,Bone Spring,ACTIVE,2025-05-03,2025-07-12,12610,25020,12118,12153,12693
42-109-55489,Roberts 2H,Grandfalls,Texas Energy LLC,31.595114,-104.703573,Culberson,TX,1st Bone Spring,ACTIVE,2022-01-10,2022-04-09,13432,19102,5922,13089,13654
42-389-75884,West 5H,Van Horn,Texas Energy LLC,31.600982,-103.229773,Reeves,TX,Wolfcamp C,ACTIVE,2024-08-26,2024-10-23,10415,24206,13840,9922,10605
42-475-54101,Jenkins 11H,Delaware Basin,Texas Energy LLC,31.520963,-103.332996,Ward,TX,Delaware Mountain,ACTIVE,2024-11-22,2025-01-15,10943,18775,7659,10652,11048
42-389-68304,Wood 6H,Coyanosa,Texas Energy LLC,31.180675,-103.522099,Reeves,TX,Bone Spring,ACTIVE,2023-04-20,2023-07-12,12643,19640,7422,12421,12808
42-389-79669,Morris 3H,Mentone,Texas Energy LLC,31.097691,-103.395683,Reeves,TX,1st Bone Spring,ACTIVE,2022-02-23,2022-04-24,9175,19395,10497,8906,9238
42-371-30128,Watson 10H,Monahans,Texas Energy LLC,30.505211,-102.69213,Pecos,TX,Avalon Shale,ACTIVE,2022-02-27,2022-05-07,12627,20513,8310,12486,12848
42-301-69948,Flores 3H,Loving,Texas Energy LLC,31.809753,-103.840342,Loving,TX,Bone Spring,ACTIVE,2023-01-22,2023-04-02,12150,26989,14750,11792,12223
42-495-38487,Campbell 3H,Mentone,Texas Energy LLC,31.836947,-103.345346,Winkler,TX,1st Bone Spring,ACTIVE,2024-08-15,2024-11-04,8599,22605,13587,8383,8838
42-475-46522,Watson 5H,Culberson County,Texas Energy LLC,31.563394,-103.18354,Ward,TX,Brushy Canyon,ACTIVE,2025-01-03,2025-03-09,11553,16830,5627,11142,11853
42-495-57361,Hart 1H,Imperial,Texas Energy LLC,32.069221,-103.193441,Winkler,TX,Wolfcamp A,ACTIVE,2023-07-26,2023-09-19,11932,23443,11406,11733,12045
42-389-55232,Anderson 3V,Delaware Basin,Texas Energy LLC,31.25625,-103.742358,Reeves,TX,Bone Spring,ACTIVE,2023-11-21,2024-01-18,11975,18387,6702,11600,12237
42-389-63544,Owens 10V,Ward-Estes,Texas Energy LLC,31.172524,-103.695336,Reeves,TX,Wolfcamp C,ACTIVE,2024-02-02,2024-04-02,11939,23992,12489,11783,12203
42-475-68342,Sullivan 3H,Balmorhea,Texas Energy LLC,31.33038,-103.056591,Ward,TX,Wolfcamp B,SHUT-IN,2024-10-21,2025-01-01,13214,26521,13472,13105,13490
42-389-75958,Torres 9H,Red Hills,Texas Energy LLC,31.727814,-103.677185,Reeves,TX,Wolfcamp B,SHUT-IN,2023-08-15,2023-10-04,10686,15836,5447,10438,10960
42-389-87741,Perry 5V,Buena Vista,Texas Energy LLC,31.055506,-103.627957,Reeves,TX,Wolfcamp A,SHUT-IN,2022-02-22,2022-04-12,11858,25392,13487,11750,12066
42-371-58884,Graham 7H,Coyanosa,Texas Energy LLC,30.881564,-103.699052,Pecos,TX,Wolfcamp B,ACTIVE,2024-04-15,2024-07-01,12780,21853,9291,12572,12947
42-301-36587,Peterson 8H,Orla,Texas Energy LLC,31.789956,-103.925345,Loving,TX,Wolfcamp A,ACTIVE,2022-10-11,2022-12-10,11702,23724,11784,11533,11769
42-389-38926,Resources 12H,Toyah,Texas Energy LLC,31.757238,-103.240312,Reeves,TX,Wolfcamp A,SHUT-IN,2023-05-02,2023-07-09,8979,21510,12198,8510,9134
42-389-79701,Beal 12H,Monahans,Texas Energy LLC,31.350028,-103.747827,Reeves,TX,Wolfcamp C,ACTIVE,2022-02-01,2022-04-28,11719,22602,11077,11575,11950
42-475-59828,Jordan 2H,Imperial,Texas Energy LLC,31.358267,-103.347082,Ward,TX,Wolfcamp B,ACTIVE,2025-04-09,2025-07-08,12476,23065,10744,12152,12755
42-301-37502,Resources 2H,Monahans,Texas Energy LLC,31.990122,-103.563461,Loving,TX,Wolfcamp C,ACTIVE,2023-01-20,2023-03-13,12846,22897,9578,12388,13088
42-371-37128,Patterson 8V,Delaware Basin,Texas Energy LLC,31.18111,-102.587919,Pecos,TX,Wolfcamp A,ACTIVE,2024-02-07,2024-04-29,12491,22776,10420,12326,12712
42-301-84930,Moore 12H,Pecos Valley,Texas Energy LLC,31.74627,-103.710205,Loving,TX,Bone Spring,ACTIVE,2025-12-27,2026-02-11,11994,21290,9346,11815,12221
42-371-68187,Campbell 10H,Van Horn,Texas Energy LLC,31.054869,-102.762681,Pecos,TX,Wolfcamp B,SHUT-IN,2024-12-12,2025-02-06,13400,23867,10215,12909,13478
42-109-43005,Davis 2H,Coyanosa,Texas Energy LLC,31.996754,-104.155248,Culberson,TX,1st Bone Spring,ACTIVE,2022-11-15,2023-01-31,13261,18978,5534,13013,13529
42-389-91564,Bell 6V,Loving,Texas Energy LLC,31.304907,-103.693107,Reeves,TX,2nd Bone Spring,ACTIVE,2025-05-07,2025-07-27,11896,20739,8733,11487,12011
42-389-57993,Diaz 11H,Balmorhea,Texas Energy LLC,31.66691,-103.666347,Reeves,TX,Wolfcamp B,ACTIVE,2025-06-12,2025-08-28,8909,16681,8229,8490,9122
42-371-38981,Roberts 7H,Van Horn,Texas Energy LLC,30.976028,-102.922224,Pecos,TX,Avalon Shale,ACTIVE,2022-10-03,2022-12-13,13281,27576,14260,13020,13570
42-475-65033,Baker 4H,Reeves County,Texas Energy LLC,31.212206,-103.364019,Ward,TX,3rd Bone Spring,ACTIVE,2025-09-23,2025-12-08,10396,15963,5774,10110,10468
42-371-33360,Griffin 6H,Coyanosa,Texas Energy LLC,30.672832,-103.565041,Pecos,TX,Wolfcamp B,ACTIVE,2025-05-12,2025-08-08,11318,22587,10773,11091,11438
42-389-43096,Henderson 5V,Monahans,Texas Energy LLC,31.07384,-103.162497,Reeves,TX,3rd Bone Spring,SHUT-IN,2022-09-01,2022-10-22,12387,27062,14647,12085,12560
42-475-37420,Harrison 7H,Buena Vista,Texas Energy LLC,31.217956,-103.093724,Ward,TX,3rd Bone Spring,ACTIVE,2025-01-22,2025-04-12,10798,23390,12635,10401,10930
42-109-62322,Torres 12H,Wink,Texas Energy LLC,31.346889,-104.600825,Culberson,TX,3rd Bone Spring,SHUT-IN,2025-01-05,2025-03-02,9426,21448,11937,8950,9713
42-301-34948,Peterson 10V,Culberson County,Texas Energy LLC,31.889798,-103.534658,Loving,TX,Wolfcamp B,ACTIVE,2022-03-21,2022-06-05,12096,16977,5175,11660,12384
42-389-51992,Wallace 3H,Culberson County,Texas Energy LLC,31.324414,-103.313834,Reeves,TX,Wolfcamp B,ACTIVE,2022-04-14,2022-07-06,10391,16369,5869,9902,10462
42-371-74224,Reynolds 1H,Red Hills,Texas Energy LLC,30.902653,-103.57781,Pecos,TX,Wolfcamp C,ACTIVE,2025-04-06,2025-06-06,11562,20375,8989,11388,11861
42-389-67961,Phillips 8H,Mentone,Texas Energy LLC,31.352874,-103.598442,Reeves,TX,3rd Bone Spring,ACTIVE,2024-04-22,2024-07-15,9355,15856,6315,9024,9654
42-301-61656,Harrison 1H,Red Hills,Texas Energy LLC,31.604044,-103.54474,Loving,TX,2nd Bone Spring,ACTIVE,2022-12-13,2023-02-10,11244,17604,6417,10881,11381
42-475-36787,Woods 4H,Mentone,Texas Energy LLC,31.398171,-103.347245,Ward,TX,1st Bone Spring,ACTIVE,2023-08-03,2023-09-25,13363,22099,8705,12915,13526
42-389-39078,Turner 11H,Toyah,Texas Energy LLC,31.261969,-103.579265,Reeves,TX,Wolfcamp A,ACTIVE,2024-04-07,2024-06-13,8723,16370,7249,8398,8804
42-109-61380,Cook 4H,Coyanosa,Texas Energy LLC,31.69621,-104.521189,Culberson,TX,Bone Spring,ACTIVE,2025-11-22,2026-01-18,9640,19167,9833,9189,9865
42-389-39088,Phillips 7H,Reeves County,Texas Energy LLC,31.373838,-103.171272,Reeves,TX,Wolfcamp A,SHUT-IN,2025-08-01,2025-09-19,12141,25580,12967,11650,12411
42-475-34804,Long 8H,Loving,Texas Energy LLC,31.475797,-103.228265,Ward,TX,Wolfcamp B,ACTIVE,2024-03-15,2024-05-31,12681,19070,6483,12395,12859
42-475-56257,Cooper 12V,Orla,Texas Energy LLC,31.584964,-103.212781,Ward,TX,Wolfcamp A,ACTIVE,2023-02-01,2023-04-21,13430,19374,5646,13265,13618
42-109-83444,Cox 10H,Imperial,Texas Energy LLC,31.498593,-104.741048,Culberson,TX,Bone Spring,SHUT-IN,2023-03-24,2023-05-11,10601,18767,8047,10233,10750
42-475-39171,Cooper 7H,Buena Vista,Texas Energy LLC,31.676699,-103.430462,Ward,TX,3rd Bone Spring,ACTIVE,2022-11-04,2023-01-07,12805,24366,12021,12677,13078
42-109-86557,Parker 12V,Imperial,Texas Energy LLC,31.665431,-104.503698,Culberson,TX,Wolfcamp C,ACTIVE,2025-06-19,2025-09-16,13219,19754,6600,13051,13334
42-389-80328,Myers 12H,Mentone,Texas Energy LLC,31.395502,-103.629211,Reeves,TX,Delaware Mountain,SHUT-IN,2023-03-26,2023-06-23,12743,24905,12611,12358,12856
42-475-38820,Jordan 5H,Wink,Texas Energy LLC,31.384144,-103.28594,Ward,TX,Wolfcamp A,ACTIVE,2024-01-19,2024-04-15,9248,23926,14440,8956,9449
42-389-87847,Myers 7H,Balmorhea,Texas Energy LLC,31.218071,-103.731531,Reeves,TX,Wolfcamp A,ACTIVE,2024-09-20,2024-12-05,12748,24462,12103,12300,12810
42-475-77170,Reed 8H,Mentone,Texas Energy LLC,31.608814,-103.14094,Ward,TX,Delaware Mountain,ACTIVE,2025-10-16,2025-12-25,11012,23247,12365,10764,11234
42-109-53183,Wilson 10H,Toyah,Texas Energy LLC,31.980964,-104.399828,Culberson,TX,Delaware Mountain,ACTIVE,2022-01-24,2022-03-12,11828,25324,13515,11531,11896
42-389-82530,Bell 6H,Grandfalls,Texas Energy LLC,31.105927,-103.73073,Reeves,TX,2nd Bone Spring,ACTIVE,2024-06-16,2024-09-11,12782,24142,11530,12515,13024
42-109-63944,Watson 5H,Mentone,Texas Energy LLC,31.49818,-104.725477,Culberson,TX,Avalon Shale,ACTIVE,2024-05-04,2024-06-30,12266,20168,7927,11926,12484
42-495-31545,Beal 2H,Reeves County,Texas Energy LLC,31.941317,-103.311062,Winkler,TX,2nd Bone Spring,ACTIVE,2022-05-05,2022-07-29,13412,18944,5221,13308,13707
42-495-30974,Williams 3H,Buena Vista,Texas Energy LLC,32.087833,-103.068997,Winkler,TX,Bone Spring,ACTIVE,2023-08-16,2023-11-04,13018,23222,10582,12599,13275
42-389-69472,Cooper 2H,Toyah,Texas Energy LLC,31.392441,-103.399126,Reeves,TX,Bone Spring,ACTIVE,2022-09-06,2022-11-16,12948,26659,13798,12801,13087
42-301-50868,Wilson 4V,Grandfalls,Texas Energy LLC,31.983723,-103.83862,Loving,TX,Wolfcamp B,ACTIVE,2024-09-18,2024-11-13,11760,17707,6244,11613,11833
42-475-91029,Hughes 8H,Red Hills,Texas Energy LLC,31.214081,-103.134905,Ward,TX,2nd Bone Spring,ACTIVE,2025-04-06,2025-06-01,11557,17844,6280,11305,11810
42-389-62912,Parker 9H,Grandfalls,Texas Energy LLC,31.369397,-103.798088,Reeves,TX,2nd Bone Spring,ACTIVE,2023-01-26,2023-04-07,13037,21404,8765,12707,13189
42-475-62786,Flores 8H,Fort Stockton,Texas Energy LLC,31.547096,-103.016972,Ward,TX,2nd Bone Spring,ACTIVE,2025-10-28,2025-12-13,12448,19116,6904,12314,12595
42-389-82762,Minerals 2H,Orla,Texas Energy LLC,31.345085,-103.303253,Reeves,TX,Wolfcamp A,ACTIVE,2024-05-16,2024-08-09,8775,23408,14563,8480,9029
42-389-81713,Clayton 3H,Red Hills,Texas Energy LLC,31.336845,-103.568151,Reeves,TX,Avalon Shale,ACTIVE,2025-09-16,2025-12-13,9543,20134,10322,9052,9792
42-475-64757,Bass 6H,Reeves County,Texas Energy LLC,31.510957,-103.485761,Ward,TX,Delaware Mountain,ACTIVE,2023-07-02,2023-09-19,11588,26632,14805,11220,11681
42-389-33416,Resources 5H,Imperial,Texas Energy LLC,31.255102,-103.646686,Reeves,TX,3rd Bone Spring,SHUT-IN,2024-10-08,2024-12-02,9320,18552,9060,9097,9438
42-495-87749,Howard 9V,Toyah,Texas Energy LLC,31.884672,-103.359114,Winkler,TX,Wolfcamp C,ACTIVE,2023-05-02,2023-07-27,12436,23584,11081,12284,12668
42-475-31628,Hill 3H,Delaware Basin,Texas Energy LLC,31.54658,-103.296691,Ward,TX,Wolfcamp B,ACTIVE,2022-08-22,2022-10-25,9825,22727,12524,9433,10066
42-109-67389,Scott 3H,Balmorhea,Texas Energy LLC,31.52596,-104.545137,Culberson,TX,3rd Bone Spring,ACTIVE,2024-10-20,2024-12-24,9314,19795,10690,9130,9394
42-389-43932,Cole 4H,Mentone,Texas Energy LLC,31.65512,-103.10598,Reeves,TX,3rd Bone Spring,ACTIVE,2025-04-19,2025-07-11,10639,21268,10865,10489,10900
42-389-81245,Bailey 7V,Red Hills,Texas Energy LLC,31.673127,-103.109454,Reeves,TX,Wolfcamp A,ACTIVE,2024-12-22,2025-03-04,12591,21042,8739,12396,12823
42-301-47451,Hart 9V,Toyah,Texas Energy LLC,31.85663,-103.661431,Loving,TX,Wolfcamp A,SHUT-IN,2024-12-07,2025-03-02,9740,21615,11745,9289,9903
42-301-51212,Alexander 3V,Reeves County,Texas Energy LLC,31.969962,-103.578774,Loving,TX,2nd Bone Spring,ACTIVE,2025-09-23,2025-12-04,9843,22610,12493,9520,10131
42-495-68415,White 7H,Grandfalls,Texas Energy LLC,31.848682,-103.292562,Winkler,TX,Wolfcamp A,SHUT-IN,2023-06-04,2023-07-29,8745,21604,13151,8489,8898
42-475-69064,Bryant 9H,Delaware Basin,Texas Energy LLC,31.379643,-103.423387,Ward,TX,Wolfcamp A,ACTIVE,2025-06-14,2025-08-27,10470,19259,8826,9983,10589
42-301-52087,State 1H,Pecos Valley,Texas Energy LLC,31.600692,-103.507436,Loving,TX,Wolfcamp B,ACTIVE,2024-02-06,2024-04-03,12581,20607,7978,12370,12880
42-109-53073,Russell 8V,Reeves County,Texas Energy LLC,31.748908,-104.700047,Culberson,TX,Wolfcamp A,ACTIVE,2025-06-26,2025-08-27,13176,21992,8680,12976,13304
42-389-36678,Woods 11H,Coyanosa,Texas Energy LLC,31.304282,-103.43252,Reeves,TX,Wolfcamp B,ACTIVE,2025-11-02,2026-01-05,9401,18684,9411,9158,9692
42-389-74304,Cooper 10H,Coyanosa,Texas Energy LLC,31.081768,-103.700362,Reeves,TX,3rd Bone Spring,ACTIVE,2023-01-17,2023-04-08,10318,19721,9356,10014,10504
42-475-66466,Harrison 5H,Kermit,Texas Energy LLC,31.669242,-103.245426,Ward,TX,2nd Bone Spring,ACTIVE,2023-06-18,2023-08-31,9612,22281,13043,9280,9730
42-495-57155,Foster 11V,Monahans,Texas Energy LLC,31.75728,-103.281323,Winkler,TX,Delaware Mountain,ACTIVE,2023-08-25,2023-11-12,10612,17306,6692,10175,10803
42-109-30421,Bailey 11H,Red Hills,Texas Energy LLC,31.716934,-104.618291,Culberson,TX,Bone Spring,ACTIVE,2025-12-09,2026-02-07,11131,25914,14666,11023,11394
42-389-67189,Gibson 8H,Red Hills,Texas Energy LLC,31.332978,-103.234812,Reeves,TX,Wolfcamp A,ACTIVE,2025-07-08,2025-09-02,8808,23261,14769,8341,8985
42-109-34850,Parker 6H,Mentone,Texas Energy LLC,31.927081,-104.065572,Culberson,TX,Wolfcamp A,ACTIVE,2025-12-10,2026-02-10,11098,21672,10665,10958,11290
42-389-39403,Barnes 11H,Orla,Texas Energy LLC,31.518711,-103.699203,Reeves,TX,Brushy Canyon,ACTIVE,2022-03-21,2022-05-31,12235,27589,14902,11918,12444
42-371-95612,Diaz 11H,Ward-Estes,Texas Energy LLC,30.755567,-103.296217,Pecos,TX,Wolfcamp A,ACTIVE,2025-09-03,2025-10-20,10139,24336,14661,9933,10247
42-475-31594,Butler 9H,Orla,Texas Energy LLC,31.256376,-103.167044,Ward,TX,Wolfcamp B,ACTIVE,2023-08-26,2023-10-23,10045,22812,12778,9700,10149
42-301-87997,Watson 10H,Kermit,Texas Energy LLC,31.872896,-103.821746,Loving,TX,Wolfcamp B,ACTIVE,2023-02-11,2023-03-31,9445,21522,11661,9193,9705
42-475-83110,Gray 3V,Orla,Texas Energy LLC,31.575816,-103.238265,Ward,TX,Delaware Mountain,ACTIVE,2023-02-20,2023-04-29,10944,17954,6892,10633,11091
42-371-76597,Washington 8H,Reeves County,Texas Energy LLC,30.636894,-102.91477,Pecos,TX,Wolfcamp B,ACTIVE,2025-01-16,2025-04-05,11298,21339,9789,10921,11586
42-109-44570,Jackson 2H,Fort Stockton,Texas Energy LLC,31.889811,-104.758926,Culberson,TX,2nd Bone Spring,ACTIVE,2022-03-10,2022-05-27,12927,21153,8072,12516,13209
42-389-65933,Parker 10H,Balmorhea,Texas Energy LLC,31.557365,-103.709746,Reeves,TX,3rd Bone Spring,ACTIVE,2025-08-22,2025-11-09,12706,18603,6228,12382,12948
42-495-58043,Long 8H,Coyanosa,Texas Energy LLC,31.725692,-103.2962,Winkler,TX,Wolfcamp A,SHUT-IN,2022-10-13,2022-12-27,8548,19116,10763,8063,8697
42-475-41944,Owens 6H,Loving,Texas Energy LLC,31.62224,-103.088852,Ward,TX,Wolfcamp B,ACTIVE,2024-10-09,2024-11-27,12353,18997,6803,11899,12530
42-371-86362,Mitchell 10V,Pecos Valley,Texas Energy LLC,30.709594,-102.622154,Pecos,TX,Bone Spring,ACTIVE,2022-01-18,2022-04-11,13039,23605,10575,12823,13236
42-389-78808,James 5H,Grandfalls,Texas Energy LLC,31.185695,-103.519452,Reeves,TX,Wolfcamp B,ACTIVE,2025-05-13,2025-07-03,9662,15489,5416,9245,9820
42-371-42622,Richardson 6V,Red Hills,Texas Energy LLC,30.859884,-103.364946,Pecos,TX,Bone Spring,ACTIVE,2024-01-14,2024-03-06,11376,26000,14921,10981,11573
42-371-38178,Watson 8H,Pecos Valley,Texas Energy LLC,31.249168,-103.330059,Pecos,TX,Wolfcamp A,SHUT-IN,2025-05-09,2025-08-02,9942,15956,6369,9807,10062
42-389-51542,Jenkins 3V,Buena Vista,Texas Energy LLC,31.743938,-103.281657,Reeves,TX,Wolfcamp A,SHUT-IN,2025-04-26,2025-07-05,10011,18219,8053,9575,10171
42-389-42218,Resources 4V,Balmorhea,Texas Energy LLC,31.770541,-103.622641,Reeves,TX,Bone Spring,ACTIVE,2025-09-09,2025-10-31,13065,25777,12430,12759,13232
42-475-51300,Collins 11H,Pecos Valley,Texas Energy LLC,31.371714,-103.388242,Ward,TX,1st Bone Spring,ACTIVE,2024-03-19,2024-06-10,8684,20749,12291,8263,8855
42-475-61082,Bailey 6H,Balmorhea,Texas Energy LLC,31.334704,-103.020737,Ward,TX,Bone Spring,ACTIVE,2025-12-25,2026-03-03,11490,22839,11563,11160,11586
42-389-94350,Reynolds 2H,Fort Stockton,Texas Energy LLC,31.368164,-103.396707,Reeves,TX,1st Bone Spring,ACTIVE,2024-07-20,2024-09-14,11900,20664,9081,11484,12137
42-301-81102,Cox 5H,Loving,Texas Energy LLC,31.662669,-103.526929,Loving,TX,Wolfcamp A,ACTIVE,2024-06-18,2024-09-14,10031,19541,9814,9558,10086
42-389-50036,Scott 11H,Van Horn,Texas Energy LLC,31.608172,-103.341144,Reeves,TX,Wolfcamp C,SHUT-IN,2025-11-19,2026-02-13,11147,20980,10179,10822,11214
42-475-53174,Davis 11H,Loving,Texas Energy LLC,31.698373,-103.406668,Ward,TX,Wolfcamp B,ACTIVE,2022-01-17,2022-04-06,8868,17139,8433,8610,9025
42-109-42856,Jackson 11H,Delaware Basin,Texas Energy LLC,31.817934,-104.055756,Culberson,TX,2nd Bone Spring,ACTIVE,2025-05-08,2025-07-04,13085,23960,10551,12863,13362
42-475-53345,Alexander 7V,Kermit,Texas Energy LLC,31.219406,-103.156009,Ward,TX,Wolfcamp B,ACTIVE,2023-05-27,2023-07-25,10893,23841,12947,10471,11043
42-495-79982,Taylor 4V,Van Horn,Texas Energy LLC,31.984189,-103.412485,Winkler,TX,1st Bone Spring,ACTIVE,2023-04-19,2023-06-09,9736,16743,6846,9299,9926
42-475-30440,Ranch 10H,Mentone,Texas Energy LLC,31.458079,-103.214131,Ward,TX,Wolfcamp A,ACTIVE,2022-01-19,2022-03-10,11649,26221,14301,11170,11859
42-389-92808,White 10H,Delaware Basin,Texas Energy LLC,31.354154,-103.53477,Reeves,TX,Bone Spring,SHUT-IN,2023-04-27,2023-07-06,9618,24365,14628,9224,9733
42-301-32433,Harris 4H,Pecos Valley,Texas Energy LLC,31.834227,-103.530606,Loving,TX,Wolfcamp B,ACTIVE,2024-10-15,2024-12-24,8981,18199,9094,8689,9197
42-389-56626,Cattle Co 5H,Monahans,Texas Energy LLC,31.152435,-103.196644,Reeves,TX,2nd Bone Spring,ACTIVE,2023-10-07,2023-12-09,10051,21588,11853,9742,10303
42-389-73777,Stewart 12H,Fort Stockton,Texas Energy LLC,31.042458,-103.228587,Reeves,TX,Wolfcamp B,ACTIVE,2024-02-12,2024-04-22,9806,18258,8374,9613,10042
42-389-78522,Scott 4V,Red Hills,Texas Energy LLC,31.168488,-103.745231,Reeves,TX,Bone Spring,ACTIVE,2023-04-01,2023-05-29,10718,17424,7159,10553,10906
42-109-56946,Fisher 5H,Ward-Estes,Texas Energy LLC,31.4401,-104.343834,Culberson,TX,Delaware Mountain,ACTIVE,2022-11-21,2023-01-19,13143,21999,9134,12782,13199
42-475-64832,Cole 8V,Van Horn,Texas Energy LLC,31.251983,-103.109539,Ward,TX,1st Bone Spring,ACTIVE,2025-01-20,2025-03-12,13336,20040,6615,13188,13416
42-389-96445,Roberts 4H,Coyanosa,Texas Energy LLC,31.35505,-103.442275,Reeves,TX,Bone Spring,ACTIVE,2025-05-05,2025-06-20,11175,26426,14944,10891,11310
42-109-52473,Bell 11H,Orla,Texas Energy LLC,31.476358,-104.724204,Culberson,TX,1st Bone Spring,ACTIVE,2024-11-16,2025-01-04,11245,16657,5289,10846,11409
42-301-97763,Harrison 8H,Reeves County,Texas Energy LLC,31.834248,-103.558233,Loving,TX,2nd Bone Spring,ACTIVE,2022-03-27,2022-06-04,11204,23659,12206,10735,11416
42-389-86525,Powell 7H,Wink,Texas Energy LLC,31.020538,-103.275145,Reeves,TX,2nd Bone Spring,SHUT-IN,2022-12-27,2023-03-12,11887,21730,10265,11389,12130
42-475-59224,Ramirez 11V,Imperial,Texas Energy LLC,31.660966,-103.25156,Ward,TX,Wolfcamp A,ACTIVE,2023-05-22,2023-07-08,12504,20511,8449,12178,12720
42-389-59288,Cook 5H,Buena Vista,Texas Energy LLC,31.031193,-103.75878,Reeves,TX,Wolfcamp C,ACTIVE,2022-01-20,2022-04-01,11453,25258,13995,11014,11699
42-475-92446,Morris 11V,Loving,Texas Energy LLC,31.668605,-103.177605,Ward,TX,Wolfcamp B,ACTIVE,2024-06-21,2024-09-03,12425,19899,7509,12051,12700
42-475-98347,Bass 1H,Coyanosa,Texas Energy LLC,31.350815,-103.17833,Ward,TX,Delaware Mountain,SHUT-IN,2022-08-23,2022-11-04,9102,15254,6323,8691,9189
42-389-41081,Bennett 12H,Orla,Texas Energy LLC,31.784777,-103.273899,Reeves,TX,Delaware Mountain,ACTIVE,2023-09-01,2023-10-16,9419,21706,11797,8939,9696
42-109-64983,Cook 11H,Mentone,Texas Energy LLC,31.53887,-104.755939,Culberson,TX,Avalon Shale,ACTIVE,2022-12-24,2023-03-03,11617,17662,6528,11487,11896
42-109-99226,Washington 8V,Culberson County,Texas Energy LLC,31.647323,-104.134078,Culberson,TX,Wolfcamp B,ACTIVE,2023-02-15,2023-04-28,11581,17824,6161,11441,11663
42-475-48341,Nelson 2H,Ward-Estes,Texas Energy LLC,31.393299,-103.362451,Ward,TX,Brushy Canyon,ACTIVE,2023-10-25,2023-12-28,12121,23311,11502,11856,12335
42-389-69309,Turner 4H,Kermit,Texas Energy LLC,31.539637,-103.422841,Reeves,TX,Wolfcamp A,ACTIVE,2025-07-20,2025-09-19,8805,22068,13318,8308,9061
42-389-60725,Gibson 4H,Culberson County,Texas Energy LLC,31.777981,-103.739031,Reeves,TX,Wolfcamp B,ACTIVE,2022-05-12,2022-08-01,11928,23821,12366,11634,12131
42-389-77250,Woods 6H,Delaware Basin,Texas Energy LLC,31.44204,-103.667593,Reeves,TX,Wolfcamp B,ACTIVE,2024-01-07,2024-03-10,10003,18472,8121,9695,10093
42-495-42879,Thompson 3H,Mentone,Texas Energy LLC,31.857158,-103.254453,Winkler,TX,Wolfcamp C,ACTIVE,2024-03-19,2024-05-31,12438,23523,11547,12276,12554
42-109-81936,Powell 12H,Van Horn,Texas Energy LLC,31.450643,-104.438311,Culberson,TX,Wolfcamp B,ACTIVE,2025-03-25,2025-06-12,13307,23842,10152,13204,13605
42-475-33279,Wood 7H,Ward-Estes,Texas Energy LLC,31.332569,-103.424851,Ward,TX,Wolfcamp B,ACTIVE,2024-04-10,2024-05-30,9122,19589,10195,8781,9368
42-389-69599,Wood 2H,Kermit,Texas Energy LLC,31.159374,-103.530715,Reeves,TX,Wolfcamp B,SHUT-IN,2024-12-10,2025-01-25,11742,20747,9497,11353,12013
42-389-90149,Myers 10H,Coyanosa,Texas Energy LLC,31.162133,-103.615011,Reeves,TX,Wolfcamp B,ACTIVE,2025-09-09,2025-11-23,10829,24583,13736,10604,10976
42-109-92750,Bryant 4H,Monahans,Texas Energy LLC,31.674485,-104.153363,Culberson,TX,Bone Spring,ACTIVE,2023-09-19,2023-12-03,9912,23034,13340,9643,10208
42-475-40161,Sullivan 9H,Delaware Basin,Texas Energy LLC,31.335063,-103.234265,Ward,TX,Wolfcamp A,ACTIVE,2024-05-05,2024-07-03,10741,15502,5161,10448,11041
42-389-79250,Jordan 10H,Wink,Texas Energy LLC,31.163508,-103.773465,Reeves,TX,2nd Bone Spring,ACTIVE,2024-11-26,2025-01-12,12766,24726,11797,12519,13008
42-475-72268,Gibson 4H,Buena Vista,Texas Energy LLC,31.60219,-103.430412,Ward,TX,Wolfcamp A,ACTIVE,2024-02-10,2024-05-01,12277,25906,13942,11985,12527
42-301-88205,University 5H,Fort Stockton,Texas Energy LLC,31.687978,-103.931959,Loving,TX,Brushy Canyon,ACTIVE,2025-06-28,2025-09-17,10024,16136,6437,9621,10262
42-389-93771,Watson 3H,Reeves County,Texas Energy LLC,31.48546,-103.450604,Reeves,TX,Brushy Canyon,ACTIVE,2022-02-11,2022-05-12,12405,27159,14958,12233,12515
42-389-44599,Baker 12H,Orla,Texas Energy LLC,31.071312,-103.281593,Reeves,TX,Bone Spring,ACTIVE,2025-10-24,2025-12-08,11046,17163,6013,10672,11144
42-495-43792,Ranch 6H,Coyanosa,Texas Energy LLC,31.831139,-103.208815,Winkler,TX,Wolfcamp A,ACTIVE,2022-02-02,2022-04-15,9565,22086,12802,9237,9634
42-109-80630,Bryant 6H,Grandfalls,Texas Energy LLC,31.427675,-104.592143,Culberson,TX,Wolfcamp C,ACTIVE,2025-01-15,2025-04-05,13493,19210,5366,13147,13755
42-475-97138,Resources 12H,Kermit,Texas Energy LLC,31.493817,-103.27536,Ward,TX,2nd Bone Spring,ACTIVE,2023-02-27,2023-05-18,11339,21031,9811,10991,11602
42-389-44980,Clayton 12H,Monahans,Texas Energy LLC,31.066093,-103.138721,Reeves,TX,Wolfcamp A,ACTIVE,2023-07-01,2023-08-16,12628,17800,5535,12323,12767
42-475-81375,Woods 1H,Pecos Valley,Texas Energy LLC,31.465201,-103.02612,Ward,TX,2nd Bone Spring,ACTIVE,2025-08-12,2025-10-08,9906,16686,6882,9693,10161
42-389-40693,Barnes 10H,Balmorhea,Texas Energy LLC,31.217682,-103.336643,Reeves,TX,Wolfcamp C,SHUT-IN,2022-06-14,2022-08-05,10820,25535,14717,10451,11040
42-389-89183,King 2V,Culberson County,Texas Energy LLC,31.511203,-103.586748,Reeves,TX,Wolfcamp A,ACTIVE,2023-04-03,2023-06-11,10825,18936,8373,10576,11043
42-475-59820,Jenkins 7V,Imperial,Texas Energy LLC,31.476801,-103.079601,Ward,TX,1st Bone Spring,ACTIVE,2023-08-10,2023-09-29,11734,17316,5568,11342,12014
42-475-80393,Flores 12V,Red Hills,Texas Energy LLC,31.661545,-103.009009,Ward,TX,Wolfcamp A,ACTIVE,2024-02-07,2024-04-04,10160,22333,12436,10015,10449
42-475-61058,Edwards 12H,Coyanosa,Texas Energy LLC,31.509427,-103.131553,Ward,TX,Bone Spring,SHUT-IN,2023-01-05,2023-03-19,11535,16291,5208,11435,11639
42-475-97585,Parker 4H,Ward-Estes,Texas Energy LLC,31.44214,-103.395016,Ward,TX,2nd Bone Spring,ACTIVE,2024-05-28,2024-08-09,10847,24980,14010,10747,11096
42-301-71830,Barnes 10H,Red Hills,Texas Energy LLC,31.716579,-103.652521,Loving,TX,Wolfcamp B,SHUT-IN,2024-02-19,2024-04-16,13351,26974,13939,12902,13597
42-301-50219,Peterson 1H,Delaware Basin,Texas Energy LLC,31.903108,-103.549101,Loving,TX,Wolfcamp A,ACTIVE,2024-01-03,2024-03-11,10130,14770,5071,9805,10238
42-371-39979,King 1H,Loving,Texas Energy LLC,30.61782,-103.65582,Pecos,TX,Bone Spring,ACTIVE,2025-06-08,2025-08-19,11332,26224,14645,11035,11603
42-475-80667,Ford 10H,Van Horn,Texas Energy LLC,31.342073,-103.138133,Ward,TX,Wolfcamp B,SHUT-IN,2023-06-10,2023-09-04,11710,18931,7112,11248,12000
42-475-57028,Land Trust 5V,Mentone,Texas Energy LLC,31.397544,-103.151618,Ward,TX,Bone Spring,ACTIVE,2023-12-17,2024-02-22,11848,24385,12281,11428,12134
42-389-97959,Baker 10H,Wink,Texas Energy LLC,31.133908,-103.730195,Reeves,TX,Brushy Canyon,SHUT-IN,2025-08-04,2025-10-30,13042,18960,6072,12816,13185
42-495-70088,Powell 8H,Reeves County,Texas Energy LLC,31.844945,-103.10587,Winkler,TX,1st Bone Spring,ACTIVE,2023-12-04,2024-02-16,12460,20379,8083,12027,12752
42-389-85569,Johnson 4V,Fort Stockton,Texas Energy LLC,31.433363,-103.732619,Reeves,TX,1st Bone Spring,ACTIVE,2022-06-04,2022-08-03,10503,19987,9600,10373,10578
42-475-58954,Davis 10H,Kermit,Texas Energy LLC,31.690581,-103.484687,Ward,TX,Wolfcamp C,SHUT-IN,2025-04-12,2025-06-19,12635,22895,9853,12461,12903
42-495-86191,Gibson 9V,Ward-Estes,Texas Energy LLC,31.702647,-103.25079,Winkler,TX,3rd Bone Spring,SHUT-IN,2023-04-21,2023-06-13,12498,24592,11716,12300,12695
42-371-63361,Williams 5H,Loving,Texas Energy LLC,30.940442,-103.625371,Pecos,TX,Bone Spring,ACTIVE,2025-09-20,2025-11-25,11990,24359,12391,11669,12144
42-389-67606,Bryant 11H,Fort Stockton,Texas Energy LLC,31.168146,-103.249969,Reeves,TX,Wolfcamp C,SHUT-IN,2023-09-16,2023-11-10,9194,18870,9649,8755,9406
42-389-40865,Alexander 6V,Ward-Estes,Texas Energy LLC,31.261108,-103.468455,Reeves,TX,3rd Bone Spring,ACTIVE,2023-01-05,2023-03-01,10626,24376,14098,10398,10813
42-389-62947,Henderson 4V,Toyah,Texas Energy LLC,31.712797,-103.148336,Reeves,TX,Wolfcamp B,ACTIVE,2023-07-26,2023-10-19,10940,23026,11650,10770,11128
42-495-68944,Woods 3H,Wink,Texas Energy LLC,31.763908,-103.107048,Winkler,TX,Avalon Shale,ACTIVE,2023-01-17,2023-03-14,10413,21282,10518,10195,10470
42-371-63801,Resources 2H,Monahans,Texas Energy LLC,30.7558,-102.854766,Pecos,TX,Wolfcamp B,ACTIVE,2024-05-17,2024-07-30,8601,23262,14626,8101,8758
42-109-94861,Gray 7H,Grandfalls,Texas Energy LLC,31.784871,-104.146171,Culberson,TX,Wolfcamp A,ACTIVE,2025-09-11,2025-11-11,13351,21315,7727,12996,13572
42-389-89740,Fisher 11H,Ward-Estes,Texas Energy LLC,31.11794,-103.601625,Reeves,TX,Bone Spring,ACTIVE,2022-05-28,2022-08-26,13201,26183,12836,12991,13377
42-389-59968,Myers 9H,Coyanosa,Texas Energy LLC,31.52908,-103.15122,Reeves,TX,1st Bone Spring,ACTIVE,2023-07-13,2023-09-15,12740,22617,10131,12562,12797
42-389-41679,Woods 11H,Monahans,Texas Energy LLC,31.075329,-103.517511,Reeves,TX,3rd Bone Spring,ACTIVE,2023-06-06,2023-07-27,11049,21548,10818,10587,11209
42-389-88073,Cole 12H,Buena Vista,Texas Energy LLC,31.663987,-103.16196,Reeves,TX,2nd Bone Spring,ACTIVE,2023-12-07,2024-02-08,12176,20281,7906,12038,12273
42-371-35300,Reed 4H,Van Horn,Texas Energy LLC,30.661596,-103.438431,Pecos,TX,1st Bone Spring,ACTIVE,2024-02-15,2024-04-04,11341,19487,7670,11134,11614
42-371-91953,Gray 4H,Coyanosa,Texas Energy LLC,30.694398,-103.185135,Pecos,TX,Wolfcamp A,SHUT-IN,2025-07-15,2025-09-01,9306,15211,5993,8834,9442
42-389-53049,Long 10H,Delaware Basin,Texas Energy LLC,31.779352,-103.615717,Reeves,TX,1st Bone Spring,ACTIVE,2024-04-06,2024-06-15,13352,23328,9861,13041,13531
42-475-38378,Simmons 1H,Balmorhea,Texas Energy LLC,31.2551,-103.334382,Ward,TX,1st Bone Spring,ACTIVE,2023-11-10,2024-01-09,12070,22903,11103,11927,12346
42-495-66403,Richardson 8H,Pecos Valley,Texas Energy LLC,32.051773,-103.031514,Winkler,TX,3rd Bone Spring,ACTIVE,2022-12-22,2023-02-08,10463,19672,9144,10167,10592
42-389-83808,Jackson 12H,Red Hills,Texas Energy LLC,31.640562,-103.677695,Reeves,TX,Delaware Mountain,ACTIVE,2022-08-13,2022-11-10,10474,20748,9889,10317,10612
42-301-86440,Long 5H,Wink,Texas Energy LLC,31.840981,-103.588829,Loving,TX,Wolfcamp A,SHUT-IN,2024-05-15,2024-08-06,11990,19926,7730,11663,12129
42-389-82208,Bailey 6H,Van Horn,Texas Energy LLC,31.480282,-103.57066,Reeves,TX,Wolfcamp B,SHUT-IN,2025-03-27,2025-06-11,13112,23833,11206,12929,13233
42-389-53969,Stewart 7H,Orla,Texas Energy LLC,31.787516,-103.158795,Reeves,TX,2nd Bone Spring,ACTIVE,2022-09-26,2022-12-07,12418,25810,13859,12061,12556
42-389-90375,Jordan 2H,Coyanosa,Texas Energy LLC,31.276928,-103.607045,Reeves,TX,3rd Bone Spring,SHUT-IN,2022-04-07,2022-05-26,9326,23591,14731,8998,9529
42-389-46637,Owens 2H,Coyanosa,Texas Energy LLC,31.599821,-103.188578,Reeves,TX,Wolfcamp B,SHUT-IN,2022-05-23,2022-08-12,9131,22225,13128,8770,9273
42-389-63814,Hart 4H,Culberson County,Texas Energy LLC,31.706782,-103.269056,Reeves,TX,Wolfcamp A,SHUT-IN,2023-12-19,2024-03-17,10245,22470,11814,10144,10471
42-109-47351,Ward 7H,Buena Vista,Texas Energy LLC,31.660428,-104.376552,Culberson,TX,Wolfcamp A,ACTIVE,2024-02-11,2024-04-17,13345,28449,14973,13190,13579
42-389-87779,Taylor 2H,Coyanosa,Texas Energy LLC,31.026692,-103.544597,Reeves,TX,Wolfcamp B,ACTIVE,2023-03-26,2023-06-13,11497,25207,13697,11258,11759
42-475-73050,Evans 9H,Reeves County,Texas Energy LLC,31.247054,-103.315566,Ward,TX,1st Bone Spring,ACTIVE,2025-07-02,2025-09-29,10572,20204,9492,10443,10870
42-301-84797,Green 1H,Wink,Texas Energy LLC,31.698787,-103.552447,Loving,TX,Wolfcamp A,ACTIVE,2025-05-20,2025-07-10,12029,19815,8028,11678,12172
42-371-73506,Watson 7H,Monahans,Texas Energy LLC,30.718573,-102.760855,Pecos,TX,Delaware Mountain,SHUT-IN,2023-08-23,2023-11-07,11509,24789,13507,11367,11745
42-301-42181,Roberts 9H,Loving,Texas Energy LLC,31.715506,-103.541365,Loving,TX,Avalon Shale,ACTIVE,2022-10-17,2022-12-04,12453,21911,9527,11953,12695
42-301-92437,Brooks 8H,Kermit,Texas Energy LLC,31.613508,-103.616235,Loving,TX,Wolfcamp C,ACTIVE,2023-10-19,2023-12-29,9682,20574,11164,9328,9851
42-475-76969,Johnson 10H,Toyah,Texas Energy LLC,31.493724,-103.11269,Ward,TX,Bone Spring,ACTIVE,2023-10-25,2023-12-20,9984,15631,5483,9631,10220
42-389-48099,Butler 3V,Monahans,Texas Energy LLC,31.251921,-103.128998,Reeves,TX,Wolfcamp C,ACTIVE,2024-02-05,2024-05-03,8944,21137,11909,8780,9186
42-495-84635,Bryant 7H,Orla,Texas Energy LLC,31.837516,-103.34885,Winkler,TX,Wolfcamp C,ACTIVE,2025-03-14,2025-05-05,9224,19556,9841,9049,9339
42-475-79051,Morris 5H,Wink,Texas Energy LLC,31.480729,-103.203114,Ward,TX,Bone Spring,ACTIVE,2024-11-11,2025-01-12,10639,20226,9895,10463,10821
42-389-62096,Jackson 4H,Orla,Texas Energy LLC,31.32565,-103.111725,Reeves,TX,Wolfcamp B,ACTIVE,2023-02-21,2023-05-02,8626,15836,7360,8434,8730
42-371-86675,Rogers 1V,Pecos Valley,Texas Energy LLC,31.211518,-103.278094,Pecos,TX,3rd Bone Spring,ACTIVE,2024-07-05,2024-09-04,10325,25089,14574,9832,10458
42-475-62028,Anderson 10H,Culberson County,Texas Energy LLC,31.627769,-103.097145,Ward,TX,Wolfcamp A,ACTIVE,2025-04-07,2025-06-03,9676,24782,14891,9331,9780
42-109-72079,Resources 3H,Pecos Valley,Texas Energy LLC,31.615601,-104.402679,Culberson,TX,Wolfcamp C,ACTIVE,2022-05-06,2022-07-17,9796,14612,5244,9378,10067
42-475-61499,Barnes 8H,Loving,Texas Energy LLC,31.545305,-103.177049,Ward,TX,Wolfcamp A,SHUT-IN,2023-05-22,2023-08-12,11523,24342,12753,11152,11661
42-389-80895,Rivera 10H,Reeves County,Texas Energy LLC,31.080618,-103.745517,Reeves,TX,1st Bone Spring,ACTIVE,2025-12-02,2026-02-09,12268,26961,14384,11838,12387
42-475-54633,Gray 12H,Kermit,Texas Energy LLC,31.420858,-103.043284,Ward,TX,2nd Bone Spring,ACTIVE,2022-09-26,2022-11-20,9037,19360,10097,8678,9190
42-109-66469,Hayes 6H,Van Horn,Texas Energy LLC,31.526944,-104.072535,Culberson,TX,Wolfcamp C,ACTIVE,2023-08-11,2023-10-14,8873,16440,7223,8409,9114
42-475-94078,Scott 9H,Mentone,Texas Energy LLC,31.471498,-103.149635,Ward,TX,Wolfcamp B,ACTIVE,2023-02-24,2023-05-03,13237,22289,8872,12856,13484
42-389-59771,Nelson 9V,Balmorhea,Texas Energy LLC,31.141848,-103.410933,Reeves,TX,Delaware Mountain,ACTIVE,2025-07-24,2025-09-12,12642,23300,10508,12484,12918
42-389-94660,Woods 7H,Coyanosa,Texas Energy LLC,31.493225,-103.763367,Reeves,TX,Wolfcamp A,ACTIVE,2025-03-10,2025-05-28,11965,17422,5499,11860,12090
42-389-74265,Patterson 11H,Ward-Estes,Texas Energy LLC,31.676908,-103.373189,Reeves,TX,1st Bone Spring,ACTIVE,2025-01-23,2025-04-19,12115,18481,6501,11924,12225
42-389-52631,Resources 5V,Mentone,Texas Energy LLC,31.039085,-103.136731,Reeves,TX,3rd Bone Spring,ACTIVE,2023-10-03,2023-11-26,9532,20635,11593,9417,9583
42-109-49297,Johnson 8H,Imperial,Texas Energy LLC,31.637502,-104.714867,Culberson,TX,1st Bone Spring,ACTIVE,2022-08-04,2022-10-15,9846,16081,5937,9596,9936
42-389-31927,Woods 11H,Van Horn,Texas Energy LLC,31.003683,-103.461293,Reeves,TX,Delaware Mountain,ACTIVE,2024-12-10,2025-02-07,9653,23984,14297,9314,9808
42-389-50848,Edwards 4H,Buena Vista,Texas Energy LLC,31.092199,-103.162003,Reeves,TX,Wolfcamp A,ACTIVE,2023-08-02,2023-09-18,10294,19577,8811,10116,10588
42-495-50665,Johnson 6H,Orla,Texas Energy LLC,31.760364,-103.357081,Winkler,TX,Wolfcamp A,ACTIVE,2024-11-23,2025-02-13,11795,20551,8810,11570,11963
42-109-79114,Russell 1H,Ward-Estes,Texas Energy LLC,31.62948,-104.021199,Culberson,TX,Wolfcamp B,SHUT-IN,2022-02-20,2022-04-19,11064,24664,13368,10565,11303
42-389-30859,Hart 1H,Wink,Texas Energy LLC,31.765924,-103.628725,Reeves,TX,3rd Bone Spring,ACTIVE,2022-02-20,2022-04-20,11265,20748,9647,10798,11489
42-109-53323,Bennett 12V,Wink,Texas Energy LLC,31.856783,-104.452293,Culberson,TX,Bone Spring,ACTIVE,2022-05-02,2022-06-24,11206,17500,5912,10757,11475
42-389-97571,Price 10H,Pecos Valley,Texas Energy LLC,31.660582,-103.7752,Reeves,TX,Wolfcamp A,ACTIVE,2024-05-12,2024-07-02,8542,19682,10729,8073,8639
42-371-33767,Coleman 11H,Pecos Valley,Texas Energy LLC,30.910956,-103.116565,Pecos,TX,Wolfcamp B,ACTIVE,2022-07-19,2022-09-16,9186,24425,14887,8866,9297
42-475-42183,Wilson 7H,Red Hills,Texas Energy LLC,31.386311,-103.328639,Ward,TX,Brushy Canyon,ACTIVE,2025-12-28,2026-03-13,11954,19301,7732,11787,12182
42-389-68036,Kelly 4H,Fort Stockton,Texas Energy LLC,31.780903,-103.63516,Reeves,TX,Bone Spring,ACTIVE,2025-03-28,2025-06-01,11756,20462,8476,11460,11987
42-109-92294,Gibson 2H,Delaware Basin,Texas Energy LLC,31.781885,-104.676006,Culberson,TX,Wolfcamp A,ACTIVE,2024-11-02,2024-12-20,11412,19151,7521,11038,11664
42-475-30627,Hart 7H,Kermit,Texas Energy LLC,31.320845,-103.037312,Ward,TX,Wolfcamp B,ACTIVE,2022-11-05,2023-02-02,8539,18303,9913,8428,8757
42-389-46847,Mitchell 6V,Orla,Texas Energy LLC,31.258243,-103.788131,Reeves,TX,Wolfcamp C,ACTIVE,2025-09-01,2025-11-25,12057,22268,10306,11866,12190
42-301-67870,Peterson 5H,Monahans,Texas Energy LLC,31.635585,-103.59209,Loving,TX,Wolfcamp A,ACTIVE,2023-07-25,2023-10-06,11372,20663,8829,11239,11601
42-495-71405,James 11V,Buena Vista,Texas Energy LLC,31.863538,-103.446708,Winkler,TX,Wolfcamp B,ACTIVE,2025-10-12,2026-01-04,10757,22541,11511,10553,10912
42-389-50388,Peterson 2H,Monahans,Texas Energy LLC,31.767588,-103.320327,Reeves,TX,Wolfcamp B,ACTIVE,2023-02-21,2023-05-19,13436,19039,5456,13166,13674
42-389-81067,Land Trust 12H,Loving,Texas Energy LLC,31.193795,-103.172038,Reeves,TX,Delaware Mountain,ACTIVE,2022-09-02,2022-11-03,11750,24589,13057,11597,12011
42-371-86344,Wheeler 7V,Buena Vista,Texas Energy LLC,30.82337,-103.072197,Pecos,TX,1st Bone Spring,ACTIVE,2025-11-04,2026-01-17,11921,17578,5500,11595,12015
42-301-99090,Nelson 8H,Mentone,Texas Energy LLC,31.877566,-103.677081,Loving,TX,Wolfcamp C,ACTIVE,2025-07-26,2025-10-12,11960,18395,6848,11569,12156
42-389-72975,Jordan 8H,Wink,Texas Energy LLC,31.149281,-103.266951,Reeves,TX,Avalon Shale,ACTIVE,2023-07-19,2023-09-16,10320,20987,10625,9909,10570
42-371-57934,Coleman 6H,Coyanosa,Texas Energy LLC,31.275802,-103.180632,Pecos,TX,Wolfcamp B,ACTIVE,2022-04-18,2022-06-07,8807,21795,13180,8393,9105
42-109-37261,Butler 10H,Monahans,Texas Energy LLC,31.517782,-104.244215,Culberson,TX,Wolfcamp B,SHUT-IN,2023-12-13,2024-03-12,9414,22402,12825,9081,9524
42-389-98579,James 8H,Culberson County,Texas Energy LLC,31.379653,-103.748065,Reeves,TX,Wolfcamp B,SHUT-IN,2023-03-15,2023-06-09,11689,17123,5463,11416,11917
42-475-92050,Turner 4H,Culberson County,Texas Energy LLC,31.304653,-103.498665,Ward,TX,Avalon Shale,ACTIVE,2023-08-28,2023-10-12,11148,17839,6274,11022,11233
42-389-46178,Watson 6H,Orla,Texas Energy LLC,31.042555,-103.585925,Reeves,TX,Wolfcamp A,ACTIVE,2024-09-22,2024-12-11,9770,16409,6409,9532,9856
42-371-31861,Simmons 12H,Kermit,Texas Energy LLC,31.093143,-103.015032,Pecos,TX,1st Bone Spring,ACTIVE,2023-05-26,2023-08-23,10434,23063,12944,10064,10704
42-371-90687,Powell 3H,Delaware Basin,Texas Energy LLC,30.856257,-103.093713,Pecos,TX,Wolfcamp A,SHUT-IN,2024-09-19,2024-11-04,10449,15534,5325,10166,10704
42-475-89616,Cole 7H,Kermit,Texas Energy LLC,31.43188,-103.430688,Ward,TX,3rd Bone Spring,ACTIVE,2022-11-03,2023-01-11,11227,24458,13698,10976,11386
42-301-63584,Mitchell 6H,Kermit,Texas Energy LLC,31.629222,-103.7215,Loving,TX,Wolfcamp C,SHUT-IN,2022-01-09,2022-03-27,11620,22076,9956,11318,11841
42-389-84002,Reed 2H,Monahans,Texas Energy LLC,31.338441,-103.108076,Reeves,TX,Bone Spring,ACTIVE,2022-09-26,2022-12-18,12246,22477,10029,11798,12423
42-475-79033,Morgan 3H,Buena Vista,Texas Energy LLC,31.433797,-103.190213,Ward,TX,Delaware Mountain,ACTIVE,2024-06-18,2024-08-03,13268,23901,10636,12786,13471
42-389-73649,King 12V,Loving,Texas Energy LLC,31.582923,-103.647287,Reeves,TX,Wolfcamp A,ACTIVE,2023-02-28,2023-04-18,12369,21694,8880,11871,12582
42-301-72317,Gibson 4H,Pecos Valley,Texas Energy LLC,31.98631,-103.615268,Loving,TX,Wolfcamp A,ACTIVE,2024-10-09,2024-12-03,11819,26239,14622,11639,11876
42-389-92344,Flores 9H,Fort Stockton,Texas Energy LLC,31.746724,-103.784853,Reeves,TX,Wolfcamp A,ACTIVE,2023-04-12,2023-05-29,11155,17253,6189,11031,11237
42-475-74453,West 11H,Ward-Estes,Texas Energy LLC,31.660868,-103.073273,Ward,TX,Wolfcamp A,ACTIVE,2025-07-27,2025-10-23,11451,24507,12738,11269,11660
42-495-76658,Davis 7H,Mentone,Texas Energy LLC,31.959056,-103.121266,Winkler,TX,Wolfcamp C,ACTIVE,2025-07-28,2025-09-19,12848,27068,13891,12638,13002
42-371-76698,Cattle Co 3H,Red Hills,Texas Energy LLC,30.630902,-103.466189,Pecos,TX,Brushy Canyon,ACTIVE,2022-02-04,2022-05-02,12539,20802,8204,12158,12609
42-371-95691,Taylor 4H,Buena Vista,Texas Energy LLC,30.921084,-102.618309,Pecos,TX,Bone Spring,ACTIVE,2022-06-22,2022-09-09,10876,16877,6104,10509,10938
42-389-72026,Wood 3H,Pecos Valley,Texas Energy LLC,31.559577,-103.302579,Reeves,TX,3rd Bone Spring,ACTIVE,2024-07-16,2024-09-07,13288,20916,7757,13032,13574
42-109-72733,Nelson 10V,Buena Vista,Texas Energy LLC,31.692128,-104.028434,Culberson,TX,1st Bone Spring,ACTIVE,2025-03-17,2025-06-01,10162,16168,6249,9982,10418
42-109-59215,Rivera 8H,Pecos Valley,Texas Energy LLC,31.66146,-104.517682,Culberson,TX,Delaware Mountain,ACTIVE,2023-08-06,2023-10-04,9131,22719,13430,8888,9235
42-389-80296,Howard 4H,Kermit,Texas Energy LLC,31.197066,-103.273874,Reeves,TX,Bone Spring,ACTIVE,2025-10-21,2025-12-26,11416,26238,14546,11236,11629
42-389-30973,Ross 1H,Monahans,Texas Energy LLC,31.242009,-103.420088,Reeves,TX,Bone Spring,ACTIVE,2023-04-08,2023-06-02,13324,28054,14659,13004,13464
42-389-79921,Adams 5H,Red Hills,Texas Energy LLC,31.116261,-103.330822,Reeves,TX,Brushy Canyon,ACTIVE,2023-01-23,2023-03-27,10171,23570,13866,9888,10429
42-371-45386,Resources 12V,Culberson County,Texas Energy LLC,31.120505,-103.49197,Pecos,TX,1st Bone Spring,SHUT-IN,2025-03-20,2025-05-12,10192,18906,8390,10062,10387
42-371-65173,James 5H,Ward-Estes,Texas Energy LLC,30.537719,-102.921433,Pecos,TX,1st Bone Spring,ACTIVE,2024-12-05,2025-01-31,9128,15596,6825,8929,9217
42-475-96255,King 6V,Balmorhea,Texas Energy LLC,31.301078,-103.23167,Ward,TX,Wolfcamp C,SHUT-IN,2025-02-17,2025-05-01,8955,21019,12429,8593,9111
42-389-85293,Powell 3H,Mentone,Texas Energy LLC,31.066459,-103.100579,Reeves,TX,Avalon Shale,ACTIVE,2023-08-22,2023-10-17,11729,23654,12422,11369,11879
42-495-49322,Peterson 1H,Buena Vista,Texas Energy LLC,32.065411,-103.026137,Winkler,TX,Wolfcamp A,ACTIVE,2023-05-01,2023-07-11,11437,21766,9922,11093,11554
42-389-56144,Cook 9H,Buena Vista,Texas Energy LLC,31.708632,-103.579083,Reeves,TX,Brushy Canyon,SHUT-IN,2024-01-25,2024-04-20,10065,19617,9687,9566,10127
42-475-30937,Cox 9H,Orla,Texas Energy LLC,31.374691,-103.459686,Ward,TX,Wolfcamp B,ACTIVE,2024-05-18,2024-07-25,12685,23711,11363,12482,12928
42-389-86020,Fisher 6H,Fort Stockton,Texas Energy LLC,31.064697,-103.183922,Reeves,TX,Avalon Shale,ACTIVE,2023-04-02,2023-05-19,12287,18777,6161,11967,12488
42-495-74676,Campbell 8H,Culberson County,Texas Energy LLC,31.845337,-103.472862,Winkler,TX,Bone Spring,ACTIVE,2025-12-22,2026-02-28,12207,18674,6868,11719,12425
42-109-74914,Sanders 3H,Toyah,Texas Energy LLC,31.586434,-104.344477,Culberson,TX,Delaware Mountain,ACTIVE,2022-08-11,2022-11-04,9948,20231,10134,9819,9999
42-495-53254,Richardson 1H,Wink,Texas Energy LLC,32.086517,-103.125333,Winkler,TX,2nd Bone Spring,ACTIVE,2024-07-27,2024-09-14,12000,25584,14018,11751,12170
42-371-49441,Cooper 7V,Ward-Estes,Texas Energy LLC,30.57297,-103.477316,Pecos,TX,Wolfcamp A,SHUT-IN,2023-01-13,2023-03-27,13054,26822,14013,12906,13222
42-389-65038,Campbell 5H,Wink,Texas Energy LLC,31.062216,-103.452653,Reeves,TX,Wolfcamp C,ACTIVE,2025-10-09,2025-12-21,13171,18016,5176,12888,13444
42-475-71781,Watson 11V,Van Horn,Texas Energy LLC,31.663001,-103.317093,Ward,TX,Wolfcamp B,ACTIVE,2024-06-16,2024-08-21,13155,23904,10623,12764,13299
42-475-94238,Owens 8H,Ward-Estes,Texas Energy LLC,31.688175,-103.339044,Ward,TX,Wolfcamp A,ACTIVE,2024-09-27,2024-11-26,10186,16040,6278,9833,10251
42-475-34526,Ellis 10H,Reeves County,Texas Energy LLC,31.52181,-103.337993,Ward,TX,Delaware Mountain,ACTIVE,2023-08-03,2023-09-21,9646,16733,7483,9279,9737
42-301-41995,Richardson 5H,Toyah,Texas Energy LLC,31.602078,-103.845866,Loving,TX,Wolfcamp A,SHUT-IN,2025-09-18,2025-12-04,11842,18060,6692,11697,11982
42-389-69741,Land Trust 4H,Imperial,Texas Energy LLC,31.492465,-103.42259,Reeves,TX,Wolfcamp B,ACTIVE,2025-05-24,2025-08-21,10021,19569,9535,9578,10082
42-371-76097,Patterson 11H,Balmorhea,Texas Energy LLC,30.893821,-102.811918,Pecos,TX,Wolfcamp A,ACTIVE,2022-01-21,2022-04-18,12295,21746,9379,12022,12502
42-371-41753,Brooks 5H,Balmorhea,Texas Energy LLC,31.017307,-102.536037,Pecos,TX,Wolfcamp C,SHUT-IN,2024-04-27,2024-07-01,8978,16253,7542,8604,9231
42-475-39652,Edwards 6V,Imperial,Texas Energy LLC,31.297281,-103.012812,Ward,TX,Wolfcamp B,ACTIVE,2022-03-04,2022-05-23,13117,22650,9084,12678,13319
42-475-56485,Hughes 12H,Culberson County,Texas Energy LLC,31.613976,-103.364434,Ward,TX,Wolfcamp A,SHUT-IN,2023-04-02,2023-06-28,12850,21700,8697,12631,12913
42-371-84675,Russell 11H,Coyanosa,Texas Energy LLC,31.211312,-103.647977,Pecos,TX,Wolfcamp C,ACTIVE,2024-12-07,2025-02-20,11316,23231,12178,10957,11422
42-371-30914,State 11V,Kermit,Texas Energy LLC,30.645649,-103.427165,Pecos,TX,Wolfcamp B,ACTIVE,2022-01-06,2022-04-02,10604,20105,9803,10111,10688
42-389-84379,Alexander 7H,Kermit,Texas Energy LLC,31.523938,-103.216415,Reeves,TX,Wolfcamp A,ACTIVE,2025-08-08,2025-10-15,9313,20388,11018,8883,9454
42-389-43076,Land Trust 9V,Mentone,Texas Energy LLC,31.123749,-103.403049,Reeves,TX,1st Bone Spring,ACTIVE,2023-01-21,2023-04-07,8557,20036,11582,8091,8801
42-495-98337,Reynolds 5V,Toyah,Texas Energy LLC,31.953427,-103.363252,Winkler,TX,Bone Spring,ACTIVE,2025-11-13,2026-01-20,13314,19618,6275,13086,13460
42-389-48894,Diaz 3H,Ward-Estes,Texas Energy LLC,31.598932,-103.105953,Reeves,TX,Delaware Mountain,ACTIVE,2025-04-27,2025-06-23,13397,20151,6783,13226,13638
42-109-44637,Washington 1H,Toyah,Texas Energy LLC,31.399565,-104.274544,Culberson,TX,Brushy Canyon,ACTIVE,2023-08-27,2023-10-27,9720,23697,14033,9275,9867
42-301-48927,Ward 5H,Pecos Valley,Texas Energy LLC,31.714745,-103.634511,Loving,TX,Wolfcamp B,ACTIVE,2024-03-02,2024-05-15,11861,26104,13871,11645,12013
42-389-50124,University 12H,Orla,Texas Energy LLC,31.596658,-103.429737,Reeves,TX,1st Bone Spring,ACTIVE,2024-04-15,2024-06-20,10176,24202,14409,9854,10422
42-389-36765,Reynolds 10H,Delaware Basin,Texas Energy LLC,31.525056,-103.595773,Reeves,TX,Wolfcamp B,ACTIVE,2023-09-03,2023-11-04,10564,17865,7171,10321,10684
42-389-63079,Griffin 9H,Delaware Basin,Texas Energy LLC,31.774354,-103.27711,Reeves,TX,Wolfcamp A,ACTIVE,2022-01-22,2022-04-12,12694,20156,7292,12203,12793
42-389-70285,White 6H,Balmorhea,Texas Energy LLC,31.392602,-103.715639,Reeves,TX,Brushy Canyon,ACTIVE,2024-07-04,2024-08-18,8924,22054,13129,8571,9024
42-475-56805,Bell 5H,Kermit,Texas Energy LLC,31.398316,-103.380335,Ward,TX,Wolfcamp C,SHUT-IN,2024-06-17,2024-09-01,12317,19254,6615,11848,12487
42-301-46236,Barnes 10H,Imperial,Texas Energy LLC,31.87247,-103.879031,Loving,TX,Wolfcamp A,ACTIVE,2024-06-06,2024-08-06,9240,18438,9670,8943,9302
42-301-36265,Diaz 5H,Buena Vista,Texas Energy LLC,31.729805,-103.650448,Loving,TX,Wolfcamp A,ACTIVE,2025-06-25,2025-08-20,12594,18891,6456,12314,12801
42-371-79166,Reynolds 4H,Fort Stockton,Texas Energy LLC,30.520339,-102.672207,Pecos,TX,Wolfcamp A,ACTIVE,2023-07-19,2023-09-09,9260,17146,7868,8864,9495
42-389-42224,King 7H,Monahans,Texas Energy LLC,31.741094,-103.205913,Reeves,TX,Bone Spring,ACTIVE,2023-07-01,2023-09-08,10672,22918,12454,10356,10900
42-495-46757,Washington 10H,Pecos Valley,Texas Energy LLC,31.778354,-103.460434,Winkler,TX,Wolfcamp C,SHUT-IN,2024-08-05,2024-11-03,11846,21529,9310,11662,12059
42-371-91438,Land Trust 2H,Coyanosa,Texas Energy LLC,31.078008,-103.200179,Pecos,TX,Delaware Mountain,ACTIVE,2025-04-15,2025-06-27,13074,18450,5493,12903,13271
42-371-52523,Nelson 9V,Toyah,Texas Energy LLC,31.144568,-102.727345,Pecos,TX,Wolfcamp A,ACTIVE,2024-08-04,2024-09-24,10516,21900,11658,10293,10683
42-475-77880,Cook 2V,Red Hills,Texas Energy LLC,31.677834,-103.443161,Ward,TX,Delaware Mountain,SHUT-IN,2023-04-01,2023-06-17,12776,20250,7115,12366,12907
42-495-84419,Washington 6H,Coyanosa,Texas Energy LLC,31.998443,-103.116858,Winkler,TX,2nd Bone Spring,ACTIVE,2022-03-26,2022-05-21,13005,24600,11579,12733,13223
42-495-63951,Beal 3H,Coyanosa,Texas Energy LLC,31.802143,-103.126175,Winkler,TX,1st Bone Spring,ACTIVE,2025-01-27,2025-04-15,8993,22267,13392,8885,9187
42-475-93040,Ellis 5H,Wink,Texas Energy LLC,31.347709,-103.390535,Ward,TX,Brushy Canyon,ACTIVE,2025-02-06,2025-04-21,11112,17827,6860,10656,11263
42-371-40832,Ranch 2H,Reeves County,Texas Energy LLC,30.670574,-102.798334,Pecos,TX,Wolfcamp B,ACTIVE,2025-04-22,2025-06-17,9062,22147,12672,8811,9166
42-495-75251,Ross 1H,Fort Stockton,Texas Energy LLC,31.751281,-103.15272,Winkler,TX,Wolfcamp B,ACTIVE,2024-04-14,2024-06-20,13003,23406,10351,12716,13152
42-475-65251,Edwards 4H,Mentone,Texas Energy LLC,31.245379,-103.113296,Ward,TX,Wolfcamp B,ACTIVE,2023-08-05,2023-10-18,13307,23479,10291,12919,13453
42-495-70567,Turner 9V,Culberson County,Texas Energy LLC,31.924664,-103.002654,Winkler,TX,Wolfcamp B,ACTIVE,2023-09-05,2023-12-01,13096,18738,5286,12851,13357
42-109-73749,Washington 4V,Loving,Texas Energy LLC,31.522818,-104.701018,Culberson,TX,3rd Bone Spring,ACTIVE,2024-09-25,2024-12-13,9152,23602,13993,8757,9424
42-109-86603,Howard 2V,Loving,Texas Energy LLC,31.430016,-104.3313,Culberson,TX,Wolfcamp B,SHUT-IN,2022-02-09,2022-04-04,11612,19396,7527,11313,11743
42-301-68919,Cox 9V,Reeves County,Texas Energy LLC,31.952907,-103.956436,Loving,TX,Bone Spring,ACTIVE,2025-12-06,2026-02-25,9401,14877,5181,9037,9529
42-389-37287,Gray 2H,Fort Stockton,Texas Energy LLC,31.345859,-103.210301,Reeves,TX,Wolfcamp B,ACTIVE,2023-12-23,2024-02-26,11105,20535,9256,10979,11337
42-389-83835,Gray 9H,Buena Vista,Texas Energy LLC,31.693241,-103.656528,Reeves,TX,Wolfcamp A,ACTIVE,2023-04-24,2023-06-21,10289,20964,11076,10171,10404
42-371-39872,Morris 5H,Van Horn,Texas Energy LLC,31.172304,-103.103416,Pecos,TX,Wolfcamp B,ACTIVE,2023-10-24,2023-12-13,13236,19894,6552,12964,13355
42-301-63962,Scott 5H,Culberson County,Texas Energy LLC,31.650854,-103.69665,Loving,TX,Wolfcamp A,ACTIVE,2025-12-27,2026-02-25,8926,23806,14627,8774,9020
42-371-39666,Johnson 8H,Kermit,Texas Energy LLC,30.600261,-103.387864,Pecos,TX,1st Bone Spring,ACTIVE,2023-03-14,2023-05-30,8953,16017,7034,8775,9080
42-389-59958,White 11V,Wink,Texas Energy LLC,31.02116,-103.400243,Reeves,TX,Avalon Shale,ACTIVE,2024-01-07,2024-03-02,9367,15257,6028,8914,9475
42-475-69691,Cooper 9H,Fort Stockton,Texas Energy LLC,31.598165,-103.20429,Ward,TX,Wolfcamp B,ACTIVE,2022-06-27,2022-08-29,9128,15736,6479,8724,9307
42-475-86810,Land Trust 8H,Coyanosa,Texas Energy LLC,31.580162,-103.090198,Ward,TX,2nd Bone Spring,ACTIVE,2024-10-18,2024-12-11,13028,20669,7878,12734,13196
42-495-37570,Washington 11V,Monahans,Texas Energy LLC,31.759919,-103.477461,Winkler,TX,3rd Bone Spring,ACTIVE,2023-05-08,2023-07-11,10402,21029,10870,10032,10555
42-109-91853,State 11H,Loving,Texas Energy LLC,31.387543,-104.222352,Culberson,TX,2nd Bone Spring,ACTIVE,2023-08-26,2023-11-09,12343,25253,12469,11861,12636
42-389-79836,Ramirez 1H,Van Horn,Texas Energy LLC,31.42274,-103.555788,Reeves,TX,Wolfcamp B,ACTIVE,2023-11-23,2024-02-02,9054,17664,8579,8887,9342
42-475-73025,State 1H,Orla,Texas Energy LLC,31.410552,-103.015171,Ward,TX,Bone Spring,ACTIVE,2023-04-11,2023-07-04,12821,22251,9471,12565,12912
42-389-90211,Wheeler 11H,Van Horn,Texas Energy LLC,31.429791,-103.671361,Reeves,TX,1st Bone Spring,ACTIVE,2023-04-26,2023-06-24,11020,21819,10423,10872,11087
42-389-87377,Alexander 3H,Ward-Estes,Texas Energy LLC,31.792789,-103.433152,Reeves,TX,Wolfcamp B,SHUT-IN,2025-06-22,2025-09-13,8928,18977,10482,8660,9002
42-475-60475,Foster 9H,Pecos Valley,Texas Energy LLC,31.655043,-103.458091,Ward,TX,Wolfcamp B,ACTIVE,2022-10-17,2022-12-08,12757,17758,5117,12322,12859
42-389-60266,Bass 6H,Imperial,Texas Energy LLC,31.477089,-103.638361,Reeves,TX,1st Bone Spring,ACTIVE,2023-09-28,2023-12-20,12340,23154,11126,12042,12515
42-389-95147,Harrison 9H,Van Horn,Texas Energy LLC,31.582046,-103.13398,Reeves,TX,Wolfcamp C,SHUT-IN,2025-04-15,2025-06-22,12405,26242,14226,11976,12534
42-389-48156,Stewart 11H,Imperial,Texas Energy LLC,31.331645,-103.572002,Reeves,TX,Brushy Canyon,ACTIVE,2022-06-17,2022-09-05,9564,15979,6060,9196,9835
42-389-58316,Owens 10H,Red Hills,Texas Energy LLC,31.473427,-103.605823,Reeves,TX,Wolfcamp A,ACTIVE,2023-07-15,2023-09-03,10582,23012,11968,10127,10668
42-475-30665,Bennett 12V,Grandfalls,Texas Energy LLC,31.408886,-103.477888,Ward,TX,Wolfcamp A,ACTIVE,2025-08-26,2025-11-23,9302,21721,12412,9079,9373
42-301-80581,Edwards 9H,Van Horn,Texas Energy LLC,31.845438,-103.511286,Loving,TX,Bone Spring,ACTIVE,2023-05-27,2023-08-16,10859,22231,11022,10698,10914
42-389-51916,Wood 2H,Loving,Texas Energy LLC,31.347741,-103.505228,Reeves,TX,Wolfcamp B,SHUT-IN,2025-10-20,2025-12-16,12250,18640,6752,11995,12301
42-475-50446,Williams 11H,Buena Vista,Texas Energy LLC,31.589469,-103.440061,Ward,TX,1st Bone Spring,ACTIVE,2022-08-12,2022-11-04,11083,24568,13066,10689,11355
42-475-84645,Watson 10H,Imperial,Texas Energy LLC,31.659524,-103.147476,Ward,TX,Wolfcamp A,ACTIVE,2022-10-17,2022-12-16,10736,23780,13267,10332,10825
42-301-71193,Moore 8H,Buena Vista,Texas Energy LLC,31.649446,-103.944842,Loving,TX,2nd Bone Spring,ACTIVE,2022-06-16,2022-08-07,11652,21265,9646,11245,11890
42-389-52119,Foster 5H,Kermit,Texas Energy LLC,31.039826,-103.367397,Reeves,TX,Wolfcamp A,ACTIVE,2022-01-23,2022-04-11,12064,24844,12433,11620,12240
42-109-47790,Cook 8H,Coyanosa,Texas Energy LLC,31.32344,-104.601071,Culberson,TX,Wolfcamp A,ACTIVE,2022-01-10,2022-03-10,12192,26610,14493,11834,12431
42-475-39289,Myers 8H,Reeves County,Texas Energy LLC,31.206543,-103.039482,Ward,TX,Wolfcamp C,ACTIVE,2024-09-24,2024-12-04,11523,17821,5955,11108,11641
42-389-86314,Bell 5H,Orla,Texas Energy LLC,31.659878,-103.4537,Reeves,TX,Bone Spring,SHUT-IN,2025-06-22,2025-08-09,8876,15648,6631,8541,8930
42-475-58607,Reynolds 4V,Red Hills,Texas Energy LLC,31.413262,-103.087766,Ward,TX,Wolfcamp A,ACTIVE,2023-02-02,2023-03-23,12546,23609,10639,12071,12611
42-495-50207,Russell 12H,Toyah,Texas Energy LLC,31.958301,-103.41382,Winkler,TX,1st Bone Spring,ACTIVE,2025-02-11,2025-05-09,10623,23577,13427,10193,10844
42-475-56171,Diaz 5H,Mentone,Texas Energy LLC,31.248493,-103.396524,Ward,TX,Wolfcamp C,ACTIVE,2024-07-16,2024-09-30,10670,17320,6493,10292,10819
42-495-41818,Morgan 7H,Fort Stockton,Texas Energy LLC,31.869264,-103.095518,Winkler,TX,Wolfcamp B,ACTIVE,2024-03-06,2024-05-06,10975,16918,6229,10750,11176
42-371-57688,Long 9H,Orla,Texas Energy LLC,30.916696,-103.168525,Pecos,TX,Delaware Mountain,ACTIVE,2025-09-21,2025-11-11,12973,22497,9230,12753,13271
42-495-38089,Clayton 1V,Loving,Texas Energy LLC,31.805141,-103.08826,Winkler,TX,Wolfcamp A,ACTIVE,2025-12-22,2026-02-14,11974,25712,14221,11780,12266
42-301-30402,Torres 6V,Orla,Texas Energy LLC,31.952913,-103.65994,Loving,TX,3rd Bone Spring,ACTIVE,2022-05-20,2022-07-08,9509,23280,13617,9014,9706
42-371-79692,Ramirez 5H,Buena Vista,Texas Energy LLC,30.722605,-102.563435,Pecos,TX,Wolfcamp C,ACTIVE,2024-04-21,2024-06-09,8829,14809,5508,8603,8930
42-389-41818,Hughes 6H,Kermit,Texas Energy LLC,31.579308,-103.692103,Reeves,TX,Wolfcamp C,ACTIVE,2025-12-07,2026-02-20,11582,24398,12593,11358,11827
42-371-80021,Taylor 8H,Orla,Texas Energy LLC,30.918363,-102.525788,Pecos,TX,Bone Spring,ACTIVE,2024-03-16,2024-05-09,12835,25672,12581,12542,12892
42-389-99989,Williams 4H,Mentone,Texas Energy LLC,31.430665,-103.610937,Reeves,TX,3rd Bone Spring,ACTIVE,2022-02-09,2022-04-07,8886,23754,14889,8628,8978
42-109-30088,Roberts 6V,Orla,Texas Energy LLC,31.62466,-104.335376,Culberson,TX,Bone Spring,ACTIVE,2025-08-15,2025-10-08,12053,22837,10287,11645,12317
42-475-59199,Bailey 10V,Coyanosa,Texas Energy LLC,31.486519,-103.161585,Ward,TX,Wolfcamp A,ACTIVE,2024-05-05,2024-07-30,8862,18175,8821,8716,9002
42-389-32380,Gray 10V,Coyanosa,Texas Energy LLC,31.523358,-103.124973,Reeves,TX,Brushy Canyon,ACTIVE,2023-02-11,2023-04-07,11214,21979,11102,10757,11326
42-301-32503,Cole 8H,Toyah,Texas Energy LLC,31.65693,-103.597279,Loving,TX,Wolfcamp A,ACTIVE,2022-07-23,2022-10-15,11538,20190,8830,11301,11766
42-389-71742,Griffin 5H,Balmorhea,Texas Energy LLC,31.361204,-103.615126,Reeves,TX,Avalon Shale,ACTIVE,2024-05-10,2024-06-28,9396,22527,13532,8901,9622
42-475-32421,Bell 9H,Red Hills,Texas Energy LLC,31.505406,-103.300388,Ward,TX,Wolfcamp C,ACTIVE,2024-10-16,2024-12-21,9700,15736,6300,9418,9912
42-371-67727,Patterson 1H,Grandfalls,Texas Energy LLC,31.086211,-102.98255,Pecos,TX,Wolfcamp A,ACTIVE,2023-01-13,2023-03-13,11320,24908,13154,10934,11534
42-371-33864,Gray 7H,Red Hills,Texas Energy LLC,31.112348,-102.655829,Pecos,TX,Wolfcamp C,ACTIVE,2023-04-04,2023-05-27,10013,15722,5429,9600,10220
42-371-73916,Henderson 5H,Delaware Basin,Texas Energy LLC,30.99149,-103.579695,Pecos,TX,1st Bone Spring,ACTIVE,2022-11-16,2023-02-14,10937,16450,5878,10584,11056
42-389-90429,White 1H,Kermit,Texas Energy LLC,31.702654,-103.705152,Reeves,TX,Wolfcamp B,ACTIVE,2024-09-21,2024-11-09,12709,21168,8175,12288,12805
42-301-86208,Powell 5H,Red Hills,Texas Energy LLC,31.805196,-103.609839,Loving,TX,Avalon Shale,ACTIVE,2023-03-01,2023-04-19,10638,23943,13556,10437,10750
42-475-52631,Ward 12H,Buena Vista,Texas Energy LLC,31.287751,-103.047342,Ward,TX,Wolfcamp B,ACTIVE,2023-01-12,2023-03-16,9725,16704,7364,9433,9820
42-301-61399,Alexander 12H,Buena Vista,Texas Energy LLC,31.806644,-103.60002,Loving,TX,Wolfcamp B,ACTIVE,2024-07-07,2024-08-25,9994,17028,7238,9838,10207
42-301-57389,Adams 11H,Grandfalls,Texas Energy LLC,31.647069,-103.986951,Loving,TX,Brushy Canyon,ACTIVE,2022-11-28,2023-02-23,8949,19406,10168,8496,9192
42-475-81707,King 2H,Orla,Texas Energy LLC,31.637919,-103.336666,Ward,TX,Wolfcamp A,SHUT-IN,2022-07-13,2022-09-14,13029,28312,14860,12898,13083
42-389-40874,Diaz 10H,Culberson County,Texas Energy LLC,31.747981,-103.360793,Reeves,TX,Wolfcamp A,ACTIVE,2023-05-09,2023-07-04,9260,15533,6267,8975,9543
42-301-37049,Jenkins 3H,Delaware Basin,Texas Energy LLC,31.634101,-103.719221,Loving,TX,Wolfcamp A,ACTIVE,2023-04-05,2023-06-25,11999,17982,6124,11854,12081
42-301-35075,Sanders 6H,Loving,Texas Energy LLC,31.943437,-103.888783,Loving,TX,3rd Bone Spring,ACTIVE,2022-11-07,2023-01-16,11189,21138,9564,11054,11486
42-389-72788,Griffin 7H,Culberson County,Texas Energy LLC,31.498038,-103.156618,Reeves,TX,Bone Spring,ACTIVE,2023-12-19,2024-02-27,13001,25034,12214,12642,13148
42-109-93788,Wheeler 10V,Wink,Texas Energy LLC,31.408358,-104.562634,Culberson,TX,Wolfcamp A,ACTIVE,2022-10-16,2023-01-01,12850,19987,7579,12490,12920
42-371-40625,Resources 2H,Buena Vista,Texas Energy LLC,30.566106,-103.552451,Pecos,TX,3rd Bone Spring,ACTIVE,2022-11-24,2023-02-15,8711,16025,7453,8451,8858
42-495-76531,Flores 11H,Wink,Texas Energy LLC,31.766535,-103.193661,Winkler,TX,Brushy Canyon,SHUT-IN,2022-01-04,2022-03-06,10318,23948,13366,9953,10510
42-371-33574,Johnson 6H,Toyah,Texas Energy LLC,30.809027,-102.909619,Pecos,TX,Wolfcamp A,ACTIVE,2024-06-12,2024-07-30,12020,25423,13340,11827,12181
42-475-82127,Wheeler 3H,Culberson County,Texas Energy LLC,31.578116,-103.337452,Ward,TX,1st Bone Spring,ACTIVE,2024-02-23,2024-05-16,10293,24930,14907,10128,10461
42-389-79451,Hughes 8V,Balmorhea,Texas Energy LLC,31.593921,-103.43548,Reeves,TX,1st Bone Spring,ACTIVE,2024-11-12,2024-12-30,9893,24455,14739,9536,10045
42-389-58367,Nelson 8H,Fort Stockton,Texas Energy LLC,31.66367,-103.197749,Reeves,TX,2nd Bone Spring,SHUT-IN,2023-08-16,2023-11-04,13388,23377,9675,12947,13657
42-495-43318,Jackson 8H,Toyah,Texas Energy LLC,31.859344,-103.232909,Winkler,TX,1st Bone Spring,ACTIVE,2022-01-27,2022-03-23,9255,22723,13053,8854,9442
42-371-78085,Harrison 12H,Coyanosa,Texas Energy LLC,30.933635,-102.816178,Pecos,TX,Bone Spring,ACTIVE,2023-05-28,2023-07-14,12184,21345,9305,12040,12346
42-371-42659,Beal 1H,Toyah,Texas Energy LLC,31.26124,-103.551691,Pecos,TX,Wolfcamp A,ACTIVE,2022-02-09,2022-04-23,9474,21853,11912,9191,9693
42-389-62520,Resources 12V,Wink,Texas Energy LLC,31.141623,-103.601118,Reeves,TX,Bone Spring,ACTIVE,2024-02-25,2024-05-09,13259,24468,11523,13010,13472
42-389-38834,Brooks 12H,Reeves County,Texas Energy LLC,31.193401,-103.369275,Reeves,TX,Wolfcamp C,ACTIVE,2023-04-24,2023-06-28,8858,22691,14319,8680,8995
42-495-83311,Wilson 5H,Reeves County,Texas Energy LLC,31.77532,-103.265985,Winkler,TX,1st Bone Spring,SHUT-IN,2024-03-27,2024-06-08,12899,18454,6030,12611,13032
42-301-44323,Wallace 1V,Delaware Basin,Texas Energy LLC,31.638868,-103.94172,Loving,TX,Wolfcamp B,SHUT-IN,2024-07-22,2024-10-02,12691,27747,14989,12249,12927
42-495-88617,Washington 10H,Pecos Valley,Texas Energy LLC,32.06102,-103.460179,Winkler,TX,Wolfcamp A,ACTIVE,2022-12-24,2023-02-23,12768,27699,14615,12277,12900
42-109-66831,Morris 5V,Red Hills,Texas Energy LLC,31.823476,-104.05901,Culberson,TX,3rd Bone Spring,ACTIVE,2025-03-11,2025-05-26,9739,24216,14104,9303,9951
42-475-60641,Murphy 7V,Balmorhea,Texas Energy LLC,31.20466,-103.491879,Ward,TX,Brushy Canyon,ACTIVE,2022-04-01,2022-05-30,10116,19189,9155,9777,10278
42-109-61701,Watson 10H,Toyah,Texas Energy LLC,31.636199,-104.2311,Culberson,TX,Bone Spring,ACTIVE,2023-04-18,2023-06-26,9264,23337,14317,9117,9527
42-389-57291,Bennett 12H,Pecos Valley,Texas Energy LLC,31.379187,-103.534322,Reeves,TX,2nd Bone Spring,SHUT-IN,2024-09-20,2024-12-01,12448,26947,14074,11984,12502
42-371-51376,Diaz 9V,Culberson County,Texas Energy LLC,31.279265,-102.691666,Pecos,TX,Brushy Canyon,ACTIVE,2025-11-28,2026-01-12,10537,24801,14327,10128,10810
42-389-72672,Collins 7H,Coyanosa,Texas Energy LLC,31.182615,-103.678575,Reeves,TX,Wolfcamp C,ACTIVE,2023-11-04,2024-01-01,10123,21463,11723,10017,10337
42-389-58143,Kelly 3H,Culberson County,Texas Energy LLC,31.726643,-103.607513,Reeves,TX,1st Bone Spring,ACTIVE,2024-08-14,2024-11-02,12424,18012,5999,12181,12572
42-389-66811,Ford 5H,Grandfalls,Texas Energy LLC,31.254669,-103.653619,Reeves,TX,Wolfcamp C,ACTIVE,2024-05-28,2024-08-24,12580,17991,5796,12226,12679
42-109-96046,Cole 2H,Van Horn,Texas Energy LLC,31.679744,-104.290498,Culberson,TX,Bone Spring,ACTIVE,2025-11-24,2026-02-11,10842,23089,11920,10736,11025
42-301-68362,Collins 6V,Reeves County,Texas Energy LLC,31.947588,-103.877897,Loving,TX,Bone Spring,ACTIVE,2025-12-20,2026-03-06,10791,16784,6285,10621,11056
42-475-59626,Baker 5H,Coyanosa,Texas Energy LLC,31.372479,-103.492935,Ward,TX,3rd Bone Spring,ACTIVE,2024-06-20,2024-08-29,10586,24833,14193,10158,10804
42-389-39756,Ford 6H,Orla,Texas Energy LLC,31.537081,-103.189174,Reeves,TX,Wolfcamp B,ACTIVE,2022-08-14,2022-10-02,11061,16537,5680,10883,11125
42-389-41188,Reynolds 6H,Van Horn,Texas Energy LLC,31.074584,-103.732405,Reeves,TX,Bone Spring,SHUT-IN,2024-11-04,2025-01-14,11396,23713,11929,10927,11459
42-389-99817,Myers 3H,Coyanosa,Texas Energy LLC,31.663893,-103.265946,Reeves,TX,Wolfcamp B,SHUT-IN,2025-04-21,2025-06-06,10336,17730,7270,9919,10514
42-371-99968,Butler 11H,Fort Stockton,Texas Energy LLC,30.981392,-102.833249,Pecos,TX,Delaware Mountain,ACTIVE,2022-03-08,2022-06-01,10978,20217,9374,10660,11159
42-109-64298,Myers 12H,Van Horn,Texas Energy LLC,31.849847,-104.076241,Culberson,TX,Wolfcamp A,ACTIVE,2023-08-26,2023-11-19,10861,16482,5407,10594,11037
42-389-85289,Gray 1H,Ward-Estes,Texas Energy LLC,31.797415,-103.34489,Reeves,TX,Avalon Shale,ACTIVE,2022-07-26,2022-09-25,10600,17061,6125,10140,10824
42-495-83036,Bailey 9H,Monahans,Texas Energy LLC,32.040884,-103.427117,Winkler,TX,Wolfcamp B,ACTIVE,2024-10-19,2024-12-08,11152,19788,8683,11032,11264
42-389-63962,Coleman 4V,Van Horn,Texas Energy LLC,31.199589,-103.394183,Reeves,TX,Bone Spring,ACTIVE,2025-10-23,2026-01-12,12015,22994,10961,11755,12180
42-301-45833,Moore 6H,Van Horn,Texas Energy LLC,31.990341,-103.712016,Loving,TX,2nd Bone Spring,ACTIVE,2023-06-03,2023-07-25,10743,18332,7314,10431,10836
42-371-87761,Morgan 1V,Van Horn,Texas Energy LLC,30.536778,-103.459903,Pecos,TX,2nd Bone Spring,ACTIVE,2023-11-28,2024-02-02,12752,26526,13570,12294,12960
42-389-88024,Jenkins 10V,Ward-Estes,Texas Energy LLC,31.181472,-103.368836,Reeves,TX,Wolfcamp A,ACTIVE,2025-12-23,2026-02-20,11400,19726,8694,11184,11558
42-371-30563,University 3V,Toyah,Texas Energy LLC,31.15183,-102.790722,Pecos,TX,Wolfcamp B,ACTIVE,2025-03-16,2025-05-24,12022,26802,14707,11591,12128
42-389-47123,Mitchell 7H,Pecos Valley,Texas Energy LLC,31.40267,-103.50745,Reeves,TX,Wolfcamp B,ACTIVE,2022-06-23,2022-09-14,10390,22565,12208,10055,10531
42-495-79397,Peterson 9H,Culberson County,Texas Energy LLC,31.847456,-103.023329,Winkler,TX,2nd Bone Spring,ACTIVE,2022-03-11,2022-05-23,10172,20350,10047,9813,10373
42-495-44733,Campbell 2H,Culberson County,Texas Energy LLC,31.896728,-103.004616,Winkler,TX,Wolfcamp B,ACTIVE,2024-02-02,2024-04-25,9737,17592,7917,9366,9872
42-301-72008,Hayes 7H,Pecos Valley,Texas Energy LLC,31.87404,-103.869663,Loving,TX,Avalon Shale,ACTIVE,2023-04-10,2023-06-12,10974,23627,12255,10865,11102
42-109-53507,Parker 7H,Ward-Estes,Texas Energy LLC,31.45623,-104.387381,Culberson,TX,Delaware Mountain,SHUT-IN,2024-02-18,2024-05-02,8565,19314,11044,8316,8759
42-495-31468,Taylor 11H,Red Hills,Texas Energy LLC,31.982539,-103.40987,Winkler,TX,1st Bone Spring,ACTIVE,2023-01-14,2023-04-12,10512,18791,8028,10292,10673
42-389-76937,Sanders 4H,Fort Stockton,Texas Energy LLC,31.051726,-103.728778,Reeves,TX,3rd Bone Spring,ACTIVE,2025-05-25,2025-08-19,12437,26302,13709,11952,12545
42-495-91075,Sullivan 11H,Pecos Valley,Texas Energy LLC,31.886277,-103.306035,Winkler,TX,Wolfcamp B,ACTIVE,2022-08-17,2022-11-04,10285,21737,11355,10105,10373
42-109-88753,Harris 7H,Kermit,Texas Energy LLC,31.746706,-104.730862,Culberson,TX,Wolfcamp A,ACTIVE,2022-05-13,2022-06-27,12402,17950,5369,12281,12473
42-389-38913,Reynolds 6H,Fort Stockton,Texas Energy LLC,31.69658,-103.310524,Reeves,TX,Avalon Shale,ACTIVE,2023-03-11,2023-05-24,10365,22784,12549,10095,10465
42-389-33037,Sanders 4H,Reeves County,Texas Energy LLC,31.072039,-103.52473,Reeves,TX,Bone Spring,ACTIVE,2024-08-20,2024-11-14,12355,22085,9681,12251,12621
